cell_id,pool,H,sel,pos,exit,family,total_signals,entered,n_trades,dropped_slot_full,dropped_limitup,dropped_no_quote,dropped_cash,truncated_no_next,truncated_window,truncated_exhausted,deferred_exits,open_at_end,vol_fallback_mid,p3_atr_fallback,p4_atr_fallback,e4_lot_skip,e7_atr_missing,exits_E0,exits_tp,exits_sl,exits_horizon,exits_trail_tp,exits_scale_out,exits_breakeven_sl,exits_time_stop,exits_chandelier_sl,neg_equity_idx_days,neg_equity_cash_days,signal_days,signal_days_burst,signal_max,p5_days_diluted,p5_days_cashbound,coverage,capital_utilization,final_equity_cash,final_equity_idx,annualized_cash,annualized_idx,bench_annualized,excess_cash,excess_idx,per_cash,per_idx,sharpe_cash,sharpe_idx,maxdd_cash,maxdd_idx,cluster_t,passed,runtime_sec
ALL__H10__S0__P5__E0,ALL,10,S0,P5,E0,E0,76471,13734,13609,0,461,0,62194,82,117,8,209,125,0,0,0,0,0,13609,0,0,0,0,0,0,0,0,94,0,3395,1706,488,1706,3207,0.179597,0.368187,140012.679276,-12956.604063,-0.127253,-1.000000,0.031245,-0.158497,-1.031245,-0.430480,-2.800873,-0.474224,,-0.876846,-1.021832,-2.246227,False,1.815000
ALL__H10__S0__P5__E1_A1,ALL,10,S0,P5,E1_A1,E1,76471,19380,19326,0,461,0,56548,82,42,12,588,54,0,0,0,0,0,0,1220,3604,14502,0,0,0,0,0,0,0,3395,1706,488,1706,3244,0.253429,0.244860,94279.726850,18348.933122,-0.150823,-0.241792,0.031245,-0.182068,-0.273036,-0.743557,-1.115070,-0.488190,-0.585756,-0.913596,-0.987998,-5.409351,False,3.209000
ALL__H10__S0__P5__E1_A10,ALL,10,S0,P5,E1_A10,E1,76471,14966,14949,0,461,0,60962,82,6,11,500,17,0,0,0,0,0,0,199,2764,11986,0,0,0,0,0,0,0,3395,1706,488,1706,3238,0.195708,0.222010,50195.864552,3580.732756,-0.187083,-0.322889,0.031245,-0.218327,-0.354134,-0.983415,-1.595130,-0.685519,-0.404021,-0.951572,-0.999047,-5.561270,False,2.718000
ALL__H10__S0__P5__E1_A11,ALL,10,S0,P5,E1_A11,E1,76471,17144,17062,0,461,0,58784,82,69,13,398,82,0,0,0,0,0,0,259,1457,15346,0,0,0,0,0,486,0,3395,1706,488,1706,3193,0.224190,0.353894,158786.496087,-51908.420461,-0.119617,-1.000000,0.031245,-0.150861,-1.031245,-0.426290,-2.913991,-0.474878,,-0.874970,-1.052409,-3.147221,False,2.072000
ALL__H10__S0__P5__E1_A12,ALL,10,S0,P5,E1_A12,E1,76471,16483,16420,0,461,0,59445,82,48,15,396,63,0,0,0,0,0,0,262,785,15373,0,0,0,0,0,0,0,3395,1706,488,1706,3197,0.215546,0.354371,119019.408699,45620.765961,-0.137013,-0.192444,0.031245,-0.168257,-0.223688,-0.474806,-0.631227,-0.423861,-0.463189,-0.900685,-0.966632,-3.550013,False,2.059000
ALL__H10__S0__P5__E1_A2,ALL,10,S0,P5,E1_A2,E1,76471,23185,23096,0,461,0,52743,82,75,14,470,89,0,0,0,0,0,0,1553,1918,19625,0,0,0,0,0,0,0,3395,1706,488,1706,3175,0.303187,0.397483,253091.195742,39336.037436,-0.090739,-0.200688,0.031245,-0.121984,-0.231933,-0.306891,-0.583504,-0.274252,-0.380187,-0.795073,-0.982527,-3.043980,False,2.441000
ALL__H10__S0__P5__E1_A3,ALL,10,S0,P5,E1_A3,E1,76471,23481,23388,0,461,0,52447,82,79,14,415,93,0,0,0,0,0,0,1549,877,20962,0,0,0,0,0,0,0,3395,1706,488,1706,3195,0.307058,0.386650,223109.761909,15539.078292,-0.098642,-0.250467,0.031245,-0.129886,-0.281711,-0.335927,-0.728595,-0.301013,0.078646,-0.811191,-0.998996,-2.769361,False,2.628000
ALL__H10__S0__P5__E1_A4,ALL,10,S0,P5,E1_A4,E1,76471,16953,16899,0,461,0,58975,82,42,12,506,54,0,0,0,0,0,0,594,3177,13128,0,0,0,0,0,0,0,3395,1706,488,1706,3236,0.221692,0.234924,68698.061663,32861.895967,-0.169230,-0.210578,0.031245,-0.200475,-0.241822,-0.853360,-1.029364,-0.572651,-0.600904,-0.935844,-0.971695,-5.624736,False,2.948000
ALL__H10__S0__P5__E1_A5,ALL,10,S0,P5,E1_A5,E1,76471,19205,19122,0,461,0,56723,82,69,14,444,83,0,0,0,0,0,0,679,1753,16690,0,0,0,0,0,219,0,3395,1706,488,1706,3202,0.251141,0.357661,128157.237411,-29922.388514,-0.132582,-1.000000,0.031245,-0.163827,-1.031245,-0.458050,-2.883299,-0.581844,,-0.895591,-1.027692,-4.507329,False,2.239000
ALL__H10__S0__P5__E1_A6,ALL,10,S0,P5,E1_A6,E1,76471,18491,18411,0,461,0,57437,82,67,13,420,80,0,0,0,0,0,0,632,808,16971,0,0,0,0,0,101,0,3395,1706,488,1706,3209,0.241804,0.342134,99369.917284,-15736.676462,-0.147726,-1.000000,0.031245,-0.178971,-1.031245,-0.523101,-3.014155,-0.556939,,-0.913587,-1.018594,-4.220192,False,2.211000
ALL__H10__S0__P5__E1_A7,ALL,10,S0,P5,E1_A7,E1,76471,15282,15269,0,461,0,60646,82,2,11,510,13,0,0,0,0,0,0,335,2816,12118,0,0,0,0,0,248,0,3395,1706,488,1706,3243,0.199840,0.223191,50686.489602,-6840.682346,-0.186535,-1.000000,0.031245,-0.217780,-1.031245,-0.975757,-4.620463,-0.746887,,-0.950766,-1.010387,-4.984714,False,2.746000
ALL__H10__S0__P5__E1_A8,ALL,10,S0,P5,E1_A8,E1,76471,18207,18103,0,461,0,57721,82,91,13,420,104,0,0,0,0,0,0,398,1552,16153,0,0,0,0,0,819,0,3395,1706,488,1706,3198,0.238090,0.334906,93761.496948,-122505.289647,-0.151147,-1.000000,0.031245,-0.182392,-1.031245,-0.544606,-3.079210,-0.614372,,-0.925505,-1.102080,-4.236970,False,3.223000
ALL__H10__S0__P5__E1_A9,ALL,10,S0,P5,E1_A9,E1,76471,18419,18332,0,461,0,57509,82,77,10,383,87,0,0,0,0,0,0,423,885,17024,0,0,0,0,0,58,0,3395,1706,488,1706,3214,0.240863,0.335642,107984.761513,-630.750703,-0.142806,-1.000000,0.031245,-0.174051,-1.031245,-0.518560,-3.072450,-0.529741,,-0.906964,-1.008001,-4.454444,False,2.004000
ALL__H10__S0__P5__E2_B1,ALL,10,S0,P5,E2_B1,E2,76471,18701,18572,0,461,0,57227,82,115,14,460,129,547,0,0,0,0,0,635,1582,16355,0,0,0,0,0,608,0,3395,1706,488,1706,3194,0.244550,0.356878,159790.417549,-121708.903192,-0.119233,-1.000000,0.031245,-0.150477,-1.031245,-0.421649,-2.889631,-0.491782,,-0.867259,-1.106808,-3.512413,False,2.492000
ALL__H10__S0__P5__E2_B10,ALL,10,S0,P5,E2_B10,E2,76471,23565,23490,0,461,0,52363,82,60,15,558,75,609,0,0,0,0,0,1495,2007,19988,0,0,0,0,0,0,0,3395,1706,488,1706,3185,0.308156,0.404110,238333.178860,21224.868558,-0.094513,-0.234110,0.031245,-0.125758,-0.265355,-0.311198,-0.656641,-0.283807,-0.198932,-0.814977,-0.996709,-3.320114,False,3.365000
ALL__H10__S0__P5__E2_B11,ALL,10,S0,P5,E2_B11,E2,76471,17297,17214,0,461,0,58631,82,68,15,444,83,534,0,0,0,0,0,360,1372,15482,0,0,0,0,0,1084,0,3395,1706,488,1706,3197,0.226190,0.333800,86336.364231,-192217.396512,-0.155982,-1.000000,0.031245,-0.187226,-1.031245,-0.560893,-3.089408,-0.655394,,-0.929976,-1.166110,-3.692810,False,3.982000
ALL__H10__S0__P5__E2_B12,ALL,10,S0,P5,E2_B12,E2,76471,15795,15726,0,461,0,60133,82,57,12,394,69,511,0,0,0,0,0,220,1359,14147,0,0,0,0,0,1531,0,3395,1706,488,1706,3205,0.206549,0.300151,84164.400955,-149937.744041,-0.157469,-1.000000,0.031245,-0.188714,-1.031245,-0.628730,-3.435757,-0.687044,,-0.925743,-1.134464,-4.001863,False,3.782000
ALL__H10__S0__P5__E2_B13,ALL,10,S0,P5,E2_B13,E2,76471,16096,16073,0,461,0,59832,82,11,12,514,23,459,0,0,0,0,0,540,2903,12630,0,0,0,0,0,410,0,3395,1706,488,1706,3221,0.210485,0.238362,55990.157531,-22030.797740,-0.180912,-1.000000,0.031245,-0.212156,-1.031245,-0.890057,-4.326375,-0.823840,,-0.946211,-1.026095,-5.306421,False,3.669000
ALL__H10__S0__P5__E2_B14,ALL,10,S0,P5,E2_B14,E2,76471,19734,19659,0,461,0,56194,82,58,17,423,75,582,0,0,0,0,0,700,869,18090,0,0,0,0,0,0,0,3395,1706,488,1706,3193,0.258059,0.375497,165094.960180,61401.003663,-0.117239,-0.175664,0.031245,-0.148484,-0.206908,-0.395432,-0.551024,-0.415296,-0.485998,-0.861987,-0.959339,-3.543681,False,4.523000
ALL__H10__S0__P5__E2_B18,ALL,10,S0,P5,E2_B18,E2,76471,19215,19079,0,461,0,56713,82,120,16,430,136,546,0,0,0,0,0,654,1671,16754,0,0,0,0,0,434,0,3395,1706,488,1706,3193,0.251272,0.363984,146617.152344,-60911.060525,-0.124463,-1.000000,0.031245,-0.155708,-1.031245,-0.427788,-2.833216,-0.528733,,-0.883667,-1.054573,-4.212550,False,3.840000
ALL__H10__S0__P5__E2_B19,ALL,10,S0,P5,E2_B19,E2,76471,17180,17119,0,461,0,58748,82,45,16,450,61,541,0,0,0,0,0,237,1570,15312,0,0,0,0,0,526,0,3395,1706,488,1706,3191,0.224660,0.337458,119225.603155,-54988.884342,-0.136909,-1.000000,0.031245,-0.168154,-1.031245,-0.498296,-3.055921,-0.581413,,-0.902767,-1.049663,-4.648025,False,2.601000
ALL__H10__S0__P5__E2_B2,ALL,10,S0,P5,E2_B2,E2,76471,17901,17820,0,461,0,58027,82,63,18,492,81,539,0,0,0,0,0,602,1607,15611,0,0,0,0,0,663,0,3395,1706,488,1706,3199,0.234089,0.329764,109101.530432,-85902.840986,-0.142196,-1.000000,0.031245,-0.173440,-1.031245,-0.525952,-3.127221,-0.625451,,-0.906815,-1.075512,-4.633237,False,2.583000
ALL__H10__S0__P5__E2_B20,ALL,10,S0,P5,E2_B20,E2,76471,18853,18785,0,461,0,57075,82,55,13,529,68,557,0,0,0,0,0,665,1740,16380,0,0,0,0,0,591,0,3395,1706,488,1706,3207,0.246538,0.324343,112639.084754,-78087.161611,-0.140298,-1.000000,0.031245,-0.171543,-1.031245,-0.528894,-3.179490,-0.617352,,-0.901126,-1.072567,-5.222287,False,2.816000
ALL__H10__S0__P5__E2_B3,ALL,10,S0,P5,E2_B3,E2,76471,19180,19066,0,461,0,56748,82,100,14,459,114,546,0,0,0,0,0,631,1737,16698,0,0,0,0,0,407,0,3395,1706,488,1706,3196,0.250814,0.363660,138169.424607,-51963.155357,-0.128053,-1.000000,0.031245,-0.159298,-1.031245,-0.438040,-2.835737,-0.555217,,-0.888570,-1.045357,-4.691377,False,2.798000
ALL__H10__S0__P5__E2_B4,ALL,10,S0,P5,E2_B4,E2,76471,18701,18572,0,461,0,57227,82,115,14,460,129,547,0,0,0,0,0,635,1582,16355,0,0,0,0,0,608,0,3395,1706,488,1706,3194,0.244550,0.356878,159790.417549,-121708.903192,-0.119233,-1.000000,0.031245,-0.150477,-1.031245,-0.421649,-2.889631,-0.491782,,-0.867259,-1.106808,-3.512413,False,2.757000
ALL__H10__S0__P5__E2_B5,ALL,10,S0,P5,E2_B5,E2,76471,18701,18572,0,461,0,57227,82,115,14,460,129,547,0,0,0,0,0,635,1582,16355,0,0,0,0,0,608,0,3395,1706,488,1706,3194,0.244550,0.356878,159790.417549,-121708.903192,-0.119233,-1.000000,0.031245,-0.150477,-1.031245,-0.421649,-2.889631,-0.491782,,-0.867259,-1.106808,-3.512413,False,1.985000
ALL__H10__S0__P5__E2_B6,ALL,10,S0,P5,E2_B6,E2,76471,18529,18416,0,461,0,57399,82,96,17,463,113,543,0,0,0,0,0,614,1631,16171,0,0,0,0,0,873,0,3395,1706,488,1706,3212,0.242301,0.317609,110154.431969,-85856.318455,-0.141625,-1.000000,0.031245,-0.172870,-1.031245,-0.544284,-3.246901,-0.606246,,-0.902407,-1.079507,-4.868027,False,2.753000
ALL__H10__S0__P5__E2_B7,ALL,10,S0,P5,E2_B7,E2,76471,19820,19769,0,461,0,56108,82,35,16,481,51,574,0,0,0,0,0,685,1690,17394,0,0,0,0,0,364,0,3395,1706,488,1706,3189,0.259183,0.381991,211551.023082,-45950.523340,-0.101955,-1.000000,0.031245,-0.133200,-1.031245,-0.348699,-2.699659,-0.403073,,-0.837223,-1.054463,-3.506877,False,4.463000
ALL__H10__S0__P5__E2_B8,ALL,10,S0,P5,E2_B8,E2,76471,19846,19730,0,461,0,56082,82,101,15,513,116,581,0,0,0,0,0,663,1770,17297,0,0,0,0,0,553,0,3395,1706,488,1706,3200,0.259523,0.356319,146305.944651,-69417.576626,-0.124592,-1.000000,0.031245,-0.155837,-1.031245,-0.437352,-2.894163,-0.540637,,-0.876148,-1.063019,-4.520604,False,4.413000
ALL__H10__S0__P5__E2_B9,ALL,10,S0,P5,E2_B9,E2,76471,19969,19865,0,461,0,55959,82,92,12,449,104,565,0,0,0,0,0,989,1645,17231,0,0,0,0,0,585,0,3395,1706,488,1706,3179,0.261132,0.361031,122158.246267,-96635.463772,-0.135456,-1.000000,0.031245,-0.166701,-1.031245,-0.461736,-2.856390,-0.441701,,-0.900593,-1.085517,-4.021034,False,4.480000
ALL__H10__S0__P5__E3,ALL,10,S0,P5,E3,E3,76471,17598,17558,0,461,0,58330,82,28,12,6526,40,0,0,0,0,0,0,0,0,11545,6013,0,0,0,0,464,0,3395,1706,488,1706,3227,0.230126,0.234447,50047.836685,-26425.291659,-0.187249,-1.000000,0.031245,-0.218494,-1.031245,-0.931955,-4.398631,-0.596819,,-0.952159,-1.029863,-6.234937,False,1.940000
ALL__H10__S0__P5__E4,ALL,10,S0,P5,E4,E4,76471,20368,23063,0,461,0,55560,82,47,18,3214,65,0,0,0,1373,0,0,0,0,19014,1289,2760,0,0,0,2,0,3395,1706,488,1706,3235,0.266349,0.335649,141783.761738,13097.554440,-0.126493,-0.259284,0.031245,-0.157737,-0.290529,-0.469948,-0.865574,-0.548654,,-0.870934,-1.000990,3.509128,False,3.186000
ALL__H10__S0__P5__E5,ALL,10,S0,P5,E5,E5,76471,15819,15784,0,461,0,60109,82,22,13,4392,35,0,0,0,0,0,0,0,0,12988,0,0,2796,0,0,0,0,3395,1706,488,1706,3242,0.206863,0.231732,55688.638022,28477.580360,-0.181218,-0.218365,0.031245,-0.212462,-0.249609,-0.916846,-1.077149,-0.835615,-0.807404,-0.947266,-0.975114,-6.173006,False,1.601000
ALL__H10__S0__P5__E6,ALL,10,S0,P5,E6,E6,76471,31942,31895,0,461,0,43986,82,32,15,4596,47,0,0,0,0,0,0,0,0,9963,0,0,0,21932,0,0,0,3395,1706,488,1706,3175,0.417701,0.375223,120675.747510,7972.406577,-0.136187,-0.284309,0.031245,-0.167431,-0.315554,-0.446218,-0.840975,-0.326896,0.026957,-0.923052,-0.999628,-4.559047,False,2.772000
ALL__H10__S0__P5__E7,ALL,10,S0,P5,E7,E7,76471,16864,16818,0,461,0,59064,82,31,15,2674,46,0,0,0,0,0,0,0,0,14965,0,0,0,0,1853,64,0,3395,1706,488,1706,3191,0.220528,0.374984,151737.532272,-2170.159082,-0.122380,-1.000000,0.031245,-0.153625,-1.031245,-0.409683,-2.750099,-0.480921,,-0.880361,-1.013580,-2.699049,False,2.247000
ALL__H20__S0__P5__E0,ALL,20,S0,P5,E0,E0,76471,13533,13492,0,461,0,62395,82,17,24,241,41,0,0,0,0,0,13492,0,0,0,0,0,0,0,0,0,0,3395,1706,488,1706,3300,0.176969,0.540177,441375.275998,496076.729446,-0.055048,-0.047374,0.031245,-0.086292,-0.078618,-0.159748,-0.145541,-0.071324,-0.031025,-0.703735,-0.720418,0.576422,False,3.043000
ALL__H20__S0__P5__E1_A1,ALL,20,S0,P5,E1_A1,E1,76471,25370,25261,0,461,0,50558,82,95,14,1022,109,0,0,0,0,0,0,3631,8084,13546,0,0,0,0,0,0,0,3395,1706,488,1706,3258,0.331760,0.502315,212253.664350,72500.897564,-0.101749,-0.166125,0.031245,-0.132994,-0.197370,-0.264762,-0.392921,-0.243703,-0.365667,-0.870354,-0.963328,-2.142602,False,5.920000
ALL__H20__S0__P5__E1_A10,ALL,20,S0,P5,E1_A10,E1,76471,20669,20571,0,461,0,55259,82,81,17,923,98,0,0,0,0,0,0,949,6816,12806,0,0,0,0,0,0,0,3395,1706,488,1706,3271,0.270285,0.456317,167182.198409,142651.656281,-0.116471,-0.126124,0.031245,-0.147715,-0.157368,-0.323713,-0.344866,-0.395206,-0.375341,-0.875731,-0.917072,-2.339172,False,4.941000
ALL__H20__S0__P5__E1_A11,ALL,20,S0,P5,E1_A11,E1,76471,17379,17285,0,461,0,58549,82,74,20,683,94,0,0,0,0,0,0,790,3196,13299,0,0,0,0,0,0,0,3395,1706,488,1706,3308,0.227263,0.379191,169029.753941,103761.761854,-0.115798,-0.145170,0.031245,-0.147043,-0.176415,-0.387780,-0.465240,-0.497319,-0.535250,-0.860945,-0.927865,-1.469519,False,3.234000
ALL__H20__S0__P5__E1_A12,ALL,20,S0,P5,E1_A12,E1,76471,18719,18643,0,461,0,57209,82,55,21,573,76,0,0,0,0,0,0,989,1981,15673,0,0,0,0,0,0,0,3395,1706,488,1706,3276,0.244786,0.484146,250913.037781,119545.882825,-0.091283,-0.136749,0.031245,-0.122528,-0.167994,-0.253080,-0.346990,-0.326393,-0.422654,-0.835459,-0.938290,0.528090,False,5.401000
ALL__H20__S0__P5__E1_A2,ALL,20,S0,P5,E1_A2,E1,76471,23415,23247,0,461,0,52513,82,151,17,846,168,0,0,0,0,0,0,3539,4188,15520,0,0,0,0,0,0,0,3395,1706,488,1706,3302,0.306195,0.472405,276985.192533,203262.679930,-0.085043,-0.104437,0.031245,-0.116287,-0.135681,-0.246160,-0.287214,-0.224295,-0.228851,-0.796221,-0.878098,-1.114441,False,3.763000
ALL__H20__S0__P5__E1_A3,ALL,20,S0,P5,E1_A3,E1,76471,21414,21317,0,461,0,54514,82,81,16,662,97,0,0,0,0,0,0,3287,2327,15703,0,0,0,0,0,0,0,3395,1706,488,1706,3298,0.280028,0.474670,266985.639232,72988.936776,-0.087369,-0.165738,0.031245,-0.118613,-0.196983,-0.249886,-0.414989,-0.305649,-0.454235,-0.802846,-0.966707,-1.452332,False,3.508000
ALL__H20__S0__P5__E1_A4,ALL,20,S0,P5,E1_A4,E1,76471,23054,22927,0,461,0,52874,82,111,16,962,127,0,0,0,0,0,0,2216,7669,13042,0,0,0,0,0,0,0,3395,1706,488,1706,3261,0.301474,0.490323,204743.793178,105669.946554,-0.103986,-0.144091,0.031245,-0.135231,-0.175336,-0.275800,-0.357592,-0.281631,-0.344803,-0.867809,-0.946681,-2.351944,False,3.816000
ALL__H20__S0__P5__E1_A5,ALL,20,S0,P5,E1_A5,E1,76471,19333,19195,0,461,0,56595,82,118,20,665,138,0,0,0,0,0,0,1925,3578,13692,0,0,0,0,0,0,0,3395,1706,488,1706,3305,0.252815,0.402949,223212.131100,106202.829065,-0.098613,-0.143793,0.031245,-0.129858,-0.175038,-0.322268,-0.434391,-0.364866,-0.431712,-0.822965,-0.935087,-0.886233,False,3.492000
ALL__H20__S0__P5__E1_A6,ALL,20,S0,P5,E1_A6,E1,76471,19758,19623,0,461,0,56170,82,112,23,652,135,0,0,0,0,0,0,2049,2152,15422,0,0,0,0,0,6,0,3395,1706,488,1706,3290,0.258372,0.443050,238924.274470,23119.609803,-0.094358,-0.229563,0.031245,-0.125603,-0.260808,-0.283495,-0.588664,-0.345355,,-0.822754,-1.003413,-0.925706,False,3.707000
ALL__H20__S0__P5__E1_A7,ALL,20,S0,P5,E1_A7,E1,76471,22113,21976,0,461,0,53815,82,121,16,964,137,0,0,0,0,0,0,1501,7304,13171,0,0,0,0,0,0,0,3395,1706,488,1706,3265,0.289168,0.479738,184443.670466,90542.029576,-0.110440,-0.153198,0.031245,-0.141685,-0.184442,-0.295338,-0.384465,-0.303237,-0.380787,-0.879971,-0.951376,-1.909068,False,3.666000
ALL__H20__S0__P5__E1_A8,ALL,20,S0,P5,E1_A8,E1,76471,19155,19019,0,461,0,56773,82,117,19,709,136,0,0,0,0,0,0,1378,3591,14050,0,0,0,0,0,0,0,3395,1706,488,1706,3297,0.250487,0.430603,200860.951215,35045.964290,-0.105173,-0.207053,0.031245,-0.136418,-0.238298,-0.316807,-0.553405,-0.400183,-0.495460,-0.857408,-0.990115,-0.711292,False,5.330000
ALL__H20__S0__P5__E1_A9,ALL,20,S0,P5,E1_A9,E1,76471,20724,20566,0,461,0,55204,82,139,19,678,158,0,0,0,0,0,0,1560,2234,16772,0,0,0,0,0,0,0,3395,1706,488,1706,3275,0.271005,0.529161,297564.791604,75652.214633,-0.080492,-0.163666,0.031245,-0.111736,-0.194910,-0.211157,-0.368338,-0.259496,-0.436763,-0.805895,-0.969795,-0.136935,False,5.993000
ALL__H20__S0__P5__E2_B1,ALL,20,S0,P5,E2_B1,E2,76471,19457,19309,0,461,0,56471,82,130,18,673,148,983,0,0,0,0,0,1862,3553,13894,0,0,0,0,0,0,0,3395,1706,488,1706,3296,0.254436,0.411983,228937.068914,99239.023145,-0.097031,-0.147804,0.031245,-0.128276,-0.179048,-0.311362,-0.434601,-0.340737,-0.422274,-0.818912,-0.940648,-1.118393,False,4.348000
ALL__H20__S0__P5__E2_B10,ALL,20,S0,P5,E2_B10,E2,76471,23553,23451,0,461,0,52375,82,85,17,864,102,1112,0,0,0,0,0,3531,4169,15751,0,0,0,0,0,0,0,3395,1706,488,1706,3293,0.307999,0.476791,298555.525859,221762.213505,-0.080280,-0.099020,0.031245,-0.111525,-0.130264,-0.233907,-0.273210,-0.213297,-0.218908,-0.779669,-0.868648,-1.163618,False,8.239000
ALL__H20__S0__P5__E2_B11,ALL,20,S0,P5,E2_B11,E2,76471,17049,16959,0,461,0,58879,82,73,17,645,90,942,0,0,0,0,0,1100,3143,12716,0,0,0,0,0,108,0,3395,1706,488,1706,3313,0.222947,0.361565,131290.000055,-10696.349728,-0.131131,-1.000000,0.031245,-0.162375,-1.031245,-0.449089,-2.852167,-0.557613,,-0.891586,-1.016048,-1.458535,False,4.162000
ALL__H20__S0__P5__E2_B12,ALL,20,S0,P5,E2_B12,E2,76471,18267,18163,0,461,0,57661,82,87,17,633,104,937,0,0,0,0,0,834,3326,14003,0,0,0,0,0,0,0,3395,1706,488,1706,3300,0.238875,0.414423,205619.971639,109565.602346,-0.103721,-0.141943,0.031245,-0.134966,-0.173188,-0.325672,-0.417901,-0.405381,-0.473238,-0.845213,-0.930960,-0.962484,False,4.960000
ALL__H20__S0__P5__E2_B13,ALL,20,S0,P5,E2_B13,E2,76471,23296,23168,0,461,0,52632,82,112,16,964,128,959,0,0,0,0,0,2243,7659,13266,0,0,0,0,0,0,0,3395,1706,488,1706,3252,0.304638,0.507356,233004.194364,109368.951311,-0.095930,-0.142050,0.031245,-0.127174,-0.173295,-0.250661,-0.341565,-0.236314,-0.312777,-0.856071,-0.945295,-1.681016,False,7.616000
ALL__H20__S0__P5__E2_B14,ALL,20,S0,P5,E2_B14,E2,76471,19841,19736,0,461,0,56087,82,85,20,636,105,969,0,0,0,0,0,2004,2171,15561,0,0,0,0,0,0,0,3395,1706,488,1706,3295,0.259458,0.441089,253416.420020,62765.696895,-0.090658,-0.174408,0.031245,-0.121903,-0.205653,-0.276368,-0.466238,-0.326753,-0.443019,-0.809650,-0.974398,-1.214528,False,3.746000
ALL__H20__S0__P5__E2_B18,ALL,20,S0,P5,E2_B18,E2,76471,19461,19306,0,461,0,56467,82,137,18,694,155,980,0,0,0,0,0,1896,3561,13849,0,0,0,0,0,0,0,3395,1706,488,1706,3301,0.254489,0.414223,222680.981530,76303.032555,-0.098762,-0.163169,0.031245,-0.130006,-0.194414,-0.313856,-0.469346,-0.360740,-0.474406,-0.827852,-0.958447,-0.890526,False,3.645000
ALL__H20__S0__P5__E2_B19,ALL,20,S0,P5,E2_B19,E2,76471,17581,17491,0,461,0,58347,82,72,18,640,90,916,0,0,0,0,0,795,3278,13418,0,0,0,0,0,0,0,3395,1706,488,1706,3297,0.229904,0.393425,174389.710004,82193.770669,-0.113885,-0.158850,0.031245,-0.145130,-0.190095,-0.368888,-0.483178,-0.477993,-0.570758,-0.868825,-0.951755,-1.727144,False,6.280000
ALL__H20__S0__P5__E2_B2,ALL,20,S0,P5,E2_B2,E2,76471,19088,18978,0,461,0,56840,82,93,17,686,110,984,0,0,0,0,0,1787,3569,13622,0,0,0,0,0,0,0,3395,1706,488,1706,3302,0.249611,0.398329,195514.078095,74780.770437,-0.106843,-0.164336,0.031245,-0.138088,-0.195581,-0.346667,-0.491003,-0.400624,-0.493136,-0.847211,-0.957396,-1.788068,False,6.922000
ALL__H20__S0__P5__E2_B20,ALL,20,S0,P5,E2_B20,E2,76471,19411,19268,0,461,0,56517,82,124,19,680,143,968,0,0,0,0,0,1917,3546,13805,0,0,0,0,0,0,0,3395,1706,488,1706,3305,0.253835,0.401877,218065.843658,79902.142681,-0.100068,-0.160495,0.031245,-0.131312,-0.191740,-0.326747,-0.477110,-0.365364,-0.457577,-0.822393,-0.953136,-0.889535,False,4.666000
ALL__H20__S0__P5__E2_B3,ALL,20,S0,P5,E2_B3,E2,76471,19616,19486,0,461,0,56312,82,110,20,716,130,971,0,0,0,0,0,1887,3641,13958,0,0,0,0,0,0,0,3395,1706,488,1706,3302,0.256516,0.410774,217700.611300,87374.984335,-0.100172,-0.155283,0.031245,-0.131417,-0.186527,-0.319924,-0.454087,-0.358010,-0.447778,-0.832820,-0.951962,-1.318003,False,4.729000
ALL__H20__S0__P5__E2_B4,ALL,20,S0,P5,E2_B4,E2,76471,19457,19309,0,461,0,56471,82,130,18,673,148,983,0,0,0,0,0,1862,3553,13894,0,0,0,0,0,0,0,3395,1706,488,1706,3296,0.254436,0.411983,228937.068914,99239.023145,-0.097031,-0.147804,0.031245,-0.128276,-0.179048,-0.311362,-0.434601,-0.340737,-0.422274,-0.818912,-0.940648,-1.118393,False,7.109000
ALL__H20__S0__P5__E2_B5,ALL,20,S0,P5,E2_B5,E2,76471,19457,19309,0,461,0,56471,82,130,18,673,148,983,0,0,0,0,0,1862,3553,13894,0,0,0,0,0,0,0,3395,1706,488,1706,3296,0.254436,0.411983,228937.068914,99239.023145,-0.097031,-0.147804,0.031245,-0.128276,-0.179048,-0.311362,-0.434601,-0.340737,-0.422274,-0.818912,-0.940648,-1.118393,False,7.185000
ALL__H20__S0__P5__E2_B6,ALL,20,S0,P5,E2_B6,E2,76471,19334,19220,0,461,0,56594,82,95,19,704,114,1000,0,0,0,0,0,1887,3533,13800,0,0,0,0,0,0,0,3395,1706,488,1706,3300,0.252828,0.406377,208153.368408,79110.276638,-0.102961,-0.161074,0.031245,-0.134206,-0.192318,-0.330249,-0.473250,-0.371696,-0.463631,-0.837351,-0.955838,-1.054191,False,7.499000
ALL__H20__S0__P5__E2_B7,ALL,20,S0,P5,E2_B7,E2,76471,19108,18978,0,461,0,56820,82,112,18,664,130,986,0,0,0,0,0,1846,3529,13603,0,0,0,0,0,0,0,3395,1706,488,1706,3296,0.249873,0.406646,228827.436078,87676.004899,-0.097061,-0.155081,0.031245,-0.128306,-0.186326,-0.315522,-0.458202,-0.345992,-0.427601,-0.823501,-0.952309,-1.177758,False,4.645000
ALL__H20__S0__P5__E2_B8,ALL,20,S0,P5,E2_B8,E2,76471,19452,19306,0,461,0,56476,82,129,17,712,146,1013,0,0,0,0,0,1855,3556,13895,0,0,0,0,0,0,0,3395,1706,488,1706,3295,0.254371,0.406585,203436.525509,93430.384036,-0.104384,-0.151355,0.031245,-0.135628,-0.182599,-0.333579,-0.449106,-0.392418,-0.456407,-0.844965,-0.945509,-1.366655,False,4.650000
ALL__H20__S0__P5__E2_B9,ALL,20,S0,P5,E2_B9,E2,76471,20609,20495,0,461,0,55319,82,100,14,693,114,1011,0,0,0,0,0,2624,3768,14103,0,0,0,0,0,0,0,3395,1706,488,1706,3302,0.269501,0.405917,211717.637255,106179.815491,-0.101906,-0.143806,0.031245,-0.133151,-0.175051,-0.328025,-0.431247,-0.339131,-0.393215,-0.826286,-0.933585,-2.575900,False,4.790000
ALL__H20__S0__P5__E3,ALL,20,S0,P5,E3,E3,76471,18686,18628,0,461,0,57242,82,42,16,7448,58,0,0,0,0,0,0,0,0,6167,12461,0,0,0,0,0,0,3395,1706,488,1706,3282,0.244354,0.298428,80346.553995,16806.223877,-0.160173,-0.246388,0.031245,-0.191417,-0.277632,-0.641417,-0.930315,-0.758360,-0.885724,-0.925367,-0.990355,-5.550259,False,1.725000
ALL__H20__S0__P5__E4,ALL,20,S0,P5,E4,E4,76471,24968,30040,0,461,0,50960,82,92,29,4390,121,0,0,0,3514,0,0,0,0,19949,4898,5193,0,0,0,0,0,3395,1706,488,1706,3295,0.326503,0.537543,359919.418291,330695.350195,-0.068301,-0.073747,0.031245,-0.099545,-0.104992,-0.185186,-0.195318,-0.206941,-0.189420,-0.723373,-0.790097,6.391966,False,4.739000
ALL__H20__S0__P5__E5,ALL,20,S0,P5,E5,E5,76471,23622,23495,0,461,0,52306,82,107,20,7620,127,0,0,0,0,0,0,0,0,14890,0,0,8605,0,0,0,0,3395,1706,488,1706,3277,0.308901,0.498751,266851.369192,183162.991307,-0.087401,-0.110869,0.031245,-0.118645,-0.142114,-0.237885,-0.284939,-0.287525,-0.326177,-0.799088,-0.883068,-1.364806,False,4.050000
ALL__H20__S0__P5__E6,ALL,20,S0,P5,E6,E6,76471,22774,22648,0,461,0,53154,82,115,11,4168,126,0,0,0,0,0,0,0,0,7008,0,0,0,15640,0,258,0,3395,1706,488,1706,3162,0.297812,0.574262,191915.271701,-77644.476350,-0.107991,-1.000000,0.031245,-0.139236,-1.031245,-0.242460,-1.795772,-0.267325,,-0.897812,-1.051191,-1.785315,False,3.073000
ALL__H20__S0__P5__E7,ALL,20,S0,P5,E7,E7,76471,26097,25948,0,461,0,49831,82,122,27,7932,149,0,0,0,0,0,0,0,0,15995,0,0,0,0,9953,0,0,3395,1706,488,1706,3241,0.341267,0.753397,401712.914741,426549.597691,-0.061188,-0.057280,0.031245,-0.092432,-0.088525,-0.122687,-0.117501,-0.095946,-0.064629,-0.801958,-0.793439,-1.171154,False,6.906000
ALL__H25__S0__P5__E0,ALL,25,S0,P5,E0,E0,76471,14555,14494,0,461,0,61373,82,37,24,272,61,0,0,0,0,0,14494,0,0,0,0,0,0,0,0,0,0,3395,1706,488,1706,3287,0.190334,0.646142,484194.879855,408632.976129,-0.048971,-0.060077,0.031245,-0.080216,-0.091321,-0.124146,-0.141334,-0.058186,-0.087344,-0.767176,-0.812475,1.872237,False,3.521000
ALL__H25__S0__P5__E1_A1,ALL,25,S0,P5,E1_A1,E1,76471,25743,25479,0,461,0,50185,82,250,14,1134,264,0,0,0,0,0,0,4468,9401,11610,0,0,0,0,0,0,0,3395,1706,488,1706,3261,0.336637,0.584743,363784.924195,159241.024816,-0.067611,-0.119443,0.031245,-0.098856,-0.150687,-0.169059,-0.257698,-0.259237,-0.378391,-0.751659,-0.918504,-1.779083,False,4.677000
ALL__H25__S0__P5__E1_A10,ALL,25,S0,P5,E1_A10,E1,76471,19523,19366,0,461,0,56405,82,141,16,1033,157,0,0,0,0,0,0,1114,7372,10880,0,0,0,0,0,106,0,3395,1706,488,1706,3294,0.255299,0.442918,170360.412004,-31996.867545,-0.115318,-1.000000,0.031245,-0.146563,-1.031245,-0.330903,-2.328296,-0.477233,,-0.873276,-1.026771,-2.701091,False,3.178000
ALL__H25__S0__P5__E1_A11,ALL,25,S0,P5,E1_A11,E1,76471,18538,18329,0,461,0,57390,82,190,19,838,209,0,0,0,0,0,0,1076,4498,12755,0,0,0,0,0,0,0,3395,1706,488,1706,3299,0.242419,0.484692,278463.675754,25062.813816,-0.084705,-0.225246,0.031245,-0.115950,-0.256491,-0.239224,-0.529183,-0.303387,-0.373456,-0.804601,-0.994349,-2.923572,False,5.104000
ALL__H25__S0__P5__E1_A12,ALL,25,S0,P5,E1_A12,E1,76471,17232,17054,0,461,0,58696,82,156,22,701,178,0,0,0,0,0,0,1080,2512,13462,0,0,0,0,0,0,0,3395,1706,488,1706,3324,0.225340,0.462775,273476.452451,101514.734019,-0.085850,-0.146465,0.031245,-0.117094,-0.177710,-0.253026,-0.384008,-0.249094,-0.398285,-0.780551,-0.933173,-1.647119,False,5.519000
ALL__H25__S0__P5__E1_A2,ALL,25,S0,P5,E1_A2,E1,76471,25826,25529,0,461,0,50102,82,280,17,1002,297,0,0,0,0,0,0,4677,5798,15054,0,0,0,0,0,0,0,3395,1706,488,1706,3259,0.337723,0.662353,558362.732656,385272.223419,-0.039541,-0.063900,0.031245,-0.070786,-0.095144,-0.106870,-0.143646,-0.087734,-0.133618,-0.690260,-0.830750,-0.929096,False,5.065000
ALL__H25__S0__P5__E1_A3,ALL,25,S0,P5,E1_A3,E1,76471,27660,27345,0,461,0,48268,82,292,23,931,315,0,0,0,0,0,0,5154,3780,18411,0,0,0,0,0,0,0,3395,1706,488,1706,3241,0.361706,0.803398,704932.062001,390426.281400,-0.023916,-0.063038,0.031245,-0.055161,-0.094283,-0.068659,-0.117355,-0.002786,-0.108861,-0.650521,-0.822411,-0.284253,False,8.552000
ALL__H25__S0__P5__E1_A4,ALL,25,S0,P5,E1_A4,E1,76471,22621,22413,0,461,0,53307,82,192,16,1057,208,0,0,0,0,0,0,2740,8373,11300,0,0,0,0,0,0,0,3395,1706,488,1706,3275,0.295811,0.506830,268587.587839,57617.323129,-0.086991,-0.179285,0.031245,-0.118235,-0.210530,-0.233284,-0.415386,-0.340567,-0.513633,-0.807817,-0.973607,-1.686460,False,4.196000
ALL__H25__S0__P5__E1_A5,ALL,25,S0,P5,E1_A5,E1,76471,22970,22722,0,461,0,52958,82,227,21,913,248,0,0,0,0,0,0,2900,5203,14619,0,0,0,0,0,0,0,3395,1706,488,1706,3281,0.300375,0.591306,461093.900297,230139.166913,-0.052184,-0.096704,0.031245,-0.083429,-0.127948,-0.141093,-0.216383,-0.141361,-0.241337,-0.726524,-0.882606,-1.097770,False,4.514000
ALL__H25__S0__P5__E1_A6,ALL,25,S0,P5,E1_A6,E1,76471,19857,19660,0,461,0,56071,82,173,24,764,197,0,0,0,0,0,0,2482,2826,14352,0,0,0,0,0,152,0,3395,1706,488,1706,3298,0.259667,0.515750,251199.099465,-47153.150217,-0.091212,-1.000000,0.031245,-0.122456,-1.031245,-0.237433,-1.999505,-0.336688,,-0.824375,-1.046956,-1.244786,False,6.334000
ALL__H25__S0__P5__E1_A7,ALL,25,S0,P5,E1_A7,E1,76471,19818,19679,0,461,0,56110,82,125,14,1048,139,0,0,0,0,0,0,1645,7466,10568,0,0,0,0,0,173,0,3395,1706,488,1706,3299,0.259157,0.427398,185720.257956,-33310.440405,-0.110015,-1.000000,0.031245,-0.141260,-1.031245,-0.330511,-2.412846,-0.460345,,-0.852862,-1.030886,-2.379937,False,3.751000
ALL__H25__S0__P5__E1_A8,ALL,25,S0,P5,E1_A8,E1,76471,19408,19190,0,461,0,56520,82,199,19,853,218,0,0,0,0,0,0,1597,4713,12880,0,0,0,0,0,0,0,3395,1706,488,1706,3298,0.253796,0.495293,312362.120235,21351.070787,-0.077397,-0.233796,0.031245,-0.108642,-0.265040,-0.219348,-0.535119,-0.227732,-0.170409,-0.778891,-0.996444,-2.989627,False,6.068000
ALL__H25__S0__P5__E1_A9,ALL,25,S0,P5,E1_A9,E1,76471,18116,17901,0,461,0,57812,82,194,21,666,215,0,0,0,0,0,0,1567,2615,13719,0,0,0,0,0,0,0,3395,1706,488,1706,3307,0.236900,0.469162,260950.188358,39013.944651,-0.088812,-0.201143,0.031245,-0.120057,-0.232387,-0.255897,-0.495325,-0.253309,-0.428568,-0.795057,-0.979313,-1.735184,False,4.029000
ALL__H25__S0__P5__E2_B1,ALL,25,S0,P5,E2_B1,E2,76471,21734,21513,0,461,0,54194,82,200,21,915,221,1251,0,0,0,0,0,2554,4964,13995,0,0,0,0,0,0,0,3395,1706,488,1706,3277,0.284212,0.573799,370097.897844,129841.317252,-0.066500,-0.131798,0.031245,-0.097745,-0.163042,-0.170347,-0.284145,-0.203652,-0.350904,-0.752519,-0.935770,-1.742241,False,5.473000
ALL__H25__S0__P5__E2_B10,ALL,25,S0,P5,E2_B10,E2,76471,24952,24666,0,461,0,50976,82,268,18,969,286,1273,0,0,0,0,0,4459,5531,14676,0,0,0,0,0,0,0,3395,1706,488,1706,3265,0.326294,0.636162,549838.970199,366402.245098,-0.040563,-0.067149,0.031245,-0.071808,-0.098393,-0.112877,-0.154667,-0.098029,-0.152378,-0.712798,-0.850989,-0.887062,False,5.023000
ALL__H25__S0__P5__E2_B11,ALL,25,S0,P5,E2_B11,E2,76471,19769,19543,0,461,0,56159,82,207,19,874,226,1219,0,0,0,0,0,1599,4734,13210,0,0,0,0,0,14,0,3395,1706,488,1706,3296,0.258516,0.498684,294742.478960,8640.370843,-0.081098,-0.280312,0.031245,-0.112343,-0.311556,-0.225278,-0.624756,-0.240174,,-0.792736,-1.006496,-2.968084,False,4.602000
ALL__H25__S0__P5__E2_B12,ALL,25,S0,P5,E2_B12,E2,76471,18553,18352,0,461,0,57375,82,181,20,864,201,1168,0,0,0,0,0,1029,4516,12807,0,0,0,0,0,27,0,3395,1706,488,1706,3296,0.242615,0.486211,265677.893352,287.614267,-0.087679,-0.431356,0.031245,-0.118924,-0.462600,-0.244592,-0.951438,-0.326074,,-0.817471,-1.008179,-2.890865,False,3.686000
ALL__H25__S0__P5__E2_B13,ALL,25,S0,P5,E2_B13,E2,76471,21732,21541,0,461,0,54196,82,176,15,1055,191,1084,0,0,0,0,0,2500,8057,10984,0,0,0,0,0,0,0,3395,1706,488,1706,3282,0.284186,0.482165,239936.456001,69629.051065,-0.094093,-0.168456,0.031245,-0.125338,-0.199700,-0.259948,-0.414174,-0.374199,-0.516591,-0.818430,-0.962965,-2.273098,False,3.976000
ALL__H25__S0__P5__E2_B14,ALL,25,S0,P5,E2_B14,E2,76471,20675,20463,0,461,0,55253,82,188,24,713,212,1193,0,0,0,0,0,2581,2850,15032,0,0,0,0,0,0,0,3395,1706,488,1706,3301,0.270364,0.531985,367185.259220,99135.268868,-0.067011,-0.147866,0.031245,-0.098255,-0.179110,-0.184696,-0.336683,-0.216503,-0.387840,-0.715573,-0.940819,-1.043990,False,4.448000
ALL__H25__S0__P5__E2_B18,ALL,25,S0,P5,E2_B18,E2,76471,21871,21659,0,461,0,54057,82,192,20,894,212,1264,0,0,0,0,0,2588,5030,14041,0,0,0,0,0,0,0,3395,1706,488,1706,3268,0.286004,0.586321,361881.246942,108367.953379,-0.067950,-0.142596,0.031245,-0.099195,-0.173841,-0.169181,-0.296494,-0.215292,-0.384500,-0.768691,-0.950143,-1.948597,False,4.862000
ALL__H25__S0__P5__E2_B19,ALL,25,S0,P5,E2_B19,E2,76471,18249,18044,0,461,0,57679,82,186,19,840,205,1168,0,0,0,0,0,1026,4542,12476,0,0,0,0,0,0,0,3395,1706,488,1706,3297,0.238639,0.485006,279490.121951,23314.353571,-0.084472,-0.229116,0.031245,-0.115717,-0.260360,-0.238589,-0.536819,-0.306668,-0.394171,-0.809700,-0.993816,-3.366747,False,4.972000
ALL__H25__S0__P5__E2_B2,ALL,25,S0,P5,E2_B2,E2,76471,21205,20995,0,461,0,54723,82,191,19,861,210,1228,0,0,0,0,0,2515,4788,13692,0,0,0,0,0,0,0,3395,1706,488,1706,3277,0.277295,0.553944,313202.734607,63906.777620,-0.077225,-0.173378,0.031245,-0.108470,-0.204622,-0.195814,-0.369392,-0.256694,-0.441477,-0.788514,-0.974761,-1.485950,False,6.492000
ALL__H25__S0__P5__E2_B20,ALL,25,S0,P5,E2_B20,E2,76471,21980,21747,0,461,0,53948,82,213,20,865,233,1225,0,0,0,0,0,2734,4961,14052,0,0,0,0,0,0,0,3395,1706,488,1706,3278,0.287429,0.566285,425751.146307,141780.240970,-0.057403,-0.126494,0.031245,-0.088647,-0.157739,-0.156542,-0.278550,-0.161186,-0.303452,-0.730143,-0.924734,-0.952177,False,5.504000
ALL__H25__S0__P5__E2_B3,ALL,25,S0,P5,E2_B3,E2,76471,22098,21883,0,461,0,53830,82,194,21,890,215,1256,0,0,0,0,0,2661,5068,14154,0,0,0,0,0,0,0,3395,1706,488,1706,3271,0.288972,0.593039,399685.144006,147873.134690,-0.061517,-0.123946,0.031245,-0.092761,-0.155191,-0.156416,-0.261687,-0.182007,-0.327277,-0.741761,-0.926685,-1.655394,False,7.619000
ALL__H25__S0__P5__E2_B4,ALL,25,S0,P5,E2_B4,E2,76471,21734,21513,0,461,0,54194,82,200,21,915,221,1251,0,0,0,0,0,2554,4964,13995,0,0,0,0,0,0,0,3395,1706,488,1706,3277,0.284212,0.573799,370097.897844,129841.317252,-0.066500,-0.131798,0.031245,-0.097745,-0.163042,-0.170347,-0.284145,-0.203652,-0.350904,-0.752519,-0.935770,-1.742241,False,6.334000
ALL__H25__S0__P5__E2_B5,ALL,25,S0,P5,E2_B5,E2,76471,21734,21513,0,461,0,54194,82,200,21,915,221,1251,0,0,0,0,0,2554,4964,13995,0,0,0,0,0,0,0,3395,1706,488,1706,3277,0.284212,0.573799,370097.897844,129841.317252,-0.066500,-0.131798,0.031245,-0.097745,-0.163042,-0.170347,-0.284145,-0.203652,-0.350904,-0.752519,-0.935770,-1.742241,False,4.939000
ALL__H25__S0__P5__E2_B6,ALL,25,S0,P5,E2_B6,E2,76471,22698,22466,0,461,0,53230,82,211,21,910,232,1229,0,0,0,0,0,2812,5188,14466,0,0,0,0,0,0,0,3395,1706,488,1706,3272,0.296818,0.588391,467717.171407,211389.603717,-0.051248,-0.102003,0.031245,-0.082493,-0.133247,-0.140200,-0.226460,-0.132191,-0.242465,-0.706929,-0.888446,-1.273007,False,5.847000
ALL__H25__S0__P5__E2_B7,ALL,25,S0,P5,E2_B7,E2,76471,21522,21299,0,461,0,54406,82,202,21,902,223,1256,0,0,0,0,0,2552,4856,13891,0,0,0,0,0,0,0,3395,1706,488,1706,3273,0.281440,0.561470,322031.200592,55794.868391,-0.075448,-0.181110,0.031245,-0.106692,-0.212354,-0.190023,-0.378211,-0.250490,-0.447618,-0.787753,-0.978131,-1.431819,False,6.519000
ALL__H25__S0__P5__E2_B8,ALL,25,S0,P5,E2_B8,E2,76471,21558,21336,0,461,0,54370,82,201,21,925,222,1213,0,0,0,0,0,2581,4972,13783,0,0,0,0,0,0,0,3395,1706,488,1706,3270,0.281911,0.577128,408846.429851,162771.584233,-0.060043,-0.118105,0.031245,-0.091287,-0.149349,-0.158176,-0.258780,-0.171656,-0.304611,-0.720394,-0.913940,-1.643466,False,5.864000
ALL__H25__S0__P5__E2_B9,ALL,25,S0,P5,E2_B9,E2,76471,23406,23132,0,461,0,52522,82,255,19,909,274,1251,0,0,0,0,0,3776,5291,14065,0,0,0,0,0,0,0,3395,1706,488,1706,3273,0.306077,0.609054,464551.178230,226584.274806,-0.051694,-0.097677,0.031245,-0.082939,-0.128921,-0.136176,-0.211675,-0.143510,-0.250014,-0.721174,-0.887855,-1.339502,False,6.812000
ALL__H25__S0__P5__E3,ALL,25,S0,P5,E3,E3,76471,18153,18084,0,461,0,57775,82,52,17,7799,69,0,0,0,0,0,0,0,0,4362,13722,0,0,0,0,109,0,3395,1706,488,1706,3301,0.237384,0.283279,78911.058205,-16853.180622,-0.161220,-1.000000,0.031245,-0.192465,-1.031245,-0.679416,-3.640380,-0.796462,,-0.924197,-1.020401,-5.936227,False,3.884000
ALL__H25__S0__P5__E4,ALL,25,S0,P5,E4,E4,76471,22425,27293,0,461,0,53503,82,139,36,4674,175,0,0,0,3845,0,0,0,0,16396,5854,5043,0,0,0,0,0,3395,1706,488,1706,3321,0.293248,0.502749,336886.578077,285257.907434,-0.072557,-0.083177,0.031245,-0.103801,-0.114421,-0.206467,-0.227591,-0.194017,-0.202323,-0.718575,-0.794865,5.164949,False,4.572000
ALL__H25__S0__P5__E5,ALL,25,S0,P5,E5,E5,76471,19198,19073,0,461,0,56730,82,105,20,7811,125,0,0,0,0,0,0,0,0,10277,0,0,8796,0,0,0,0,3395,1706,488,1706,3312,0.251049,0.412899,182087.680694,19929.731707,-0.111231,-0.237441,0.031245,-0.142476,-0.268686,-0.345063,-0.650731,-0.468190,-0.650821,-0.853328,-0.988051,-3.880873,False,3.547000
ALL__H25__S0__P5__E6,ALL,25,S0,P5,E6,E6,76471,25310,25185,0,461,0,50618,82,114,11,4775,125,0,0,0,0,0,0,0,0,7982,0,0,0,17203,0,0,0,3395,1706,488,1706,3187,0.330975,0.659931,325083.816798,48991.860017,-0.074844,-0.188448,0.031245,-0.106088,-0.219693,-0.160757,-0.332903,-0.193653,-0.447000,-0.841208,-0.981798,-0.950511,False,2.864000
ALL__H25__S0__P5__E7,ALL,25,S0,P5,E7,E7,76471,23061,22863,0,461,0,52867,82,171,27,7578,198,0,0,0,0,0,0,0,0,11389,0,0,0,0,11474,0,0,3395,1706,488,1706,3284,0.301565,0.622561,332292.428730,137448.029469,-0.073438,-0.128369,0.031245,-0.104683,-0.159614,-0.168148,-0.256382,-0.250347,-0.402188,-0.822412,-0.934033,-3.630295,False,4.336000
v6-1__H10__S0__P5__E0,v6-1,10,S0,P5,E0,E0,3405,2290,2281,0,12,0,1103,0,1,8,38,9,0,0,0,0,0,2281,0,0,0,0,0,0,0,0,0,0,1101,62,40,62,320,0.672540,0.499978,1655680.192824,1936292.984664,0.035523,0.046808,0.031245,0.004279,0.015564,0.008558,0.031129,0.305114,0.312811,-0.282059,-0.507481,2.785767,False,0.319000
v6-1__H10__S0__P5__E1_A1,v6-1,10,S0,P5,E1_A1,E1,3405,2328,2323,0,12,0,1065,0,1,4,88,5,0,0,0,0,0,0,251,546,1526,0,0,0,0,0,0,0,1101,62,40,62,312,0.683700,0.388354,1167396.502224,1629432.032946,0.010773,0.034378,0.031245,-0.020472,0.003134,-0.052714,0.008070,0.146510,0.262839,-0.338526,-0.574324,2.401045,False,0.212000
v6-1__H10__S0__P5__E1_A10,v6-1,10,S0,P5,E1_A10,E1,3405,2267,2261,0,12,0,1126,0,1,5,90,6,0,0,0,0,0,0,58,523,1680,0,0,0,0,0,0,0,1101,62,40,62,321,0.665786,0.418581,1170668.382049,1617002.013800,0.010969,0.033830,0.031245,-0.020276,0.002586,-0.048439,0.006177,0.147850,0.260666,-0.332456,-0.577524,2.681569,False,0.210000
v6-1__H10__S0__P5__E1_A11,v6-1,10,S0,P5,E1_A11,E1,3405,2234,2226,0,12,0,1159,0,1,7,88,8,0,0,0,0,0,0,50,281,1895,0,0,0,0,0,0,0,1101,62,40,62,342,0.656094,0.434006,1141808.204640,1520627.576068,0.009223,0.029441,0.031245,-0.022021,-0.001803,-0.050740,-0.004155,0.136035,0.241893,-0.406872,-0.560269,2.329210,False,0.140000
v6-1__H10__S0__P5__E1_A12,v6-1,10,S0,P5,E1_A12,E1,3405,2377,2368,0,12,0,1016,0,1,8,78,9,0,0,0,0,0,0,54,154,2160,0,0,0,0,0,0,0,1101,62,40,62,314,0.698091,0.495628,1556230.491070,1872910.160041,0.031092,0.044399,0.031245,-0.000153,0.013155,-0.000308,0.026542,0.282014,0.304099,-0.299856,-0.508947,3.265118,False,0.336000
v6-1__H10__S0__P5__E1_A2,v6-1,10,S0,P5,E1_A2,E1,3405,2290,2284,0,12,0,1103,0,1,5,79,6,0,0,0,0,0,0,250,293,1741,0,0,0,0,0,0,0,1101,62,40,62,340,0.672540,0.399218,1107359.407666,1508906.638115,0.007085,0.028890,0.031245,-0.024160,-0.002355,-0.060517,-0.005898,0.121595,0.239479,-0.398842,-0.566509,2.262651,False,0.218000
v6-1__H10__S0__P5__E1_A3,v6-1,10,S0,P5,E1_A3,E1,3405,2322,2315,0,12,0,1071,0,1,6,70,7,0,0,0,0,0,0,269,156,1890,0,0,0,0,0,0,0,1101,62,40,62,314,0.681938,0.438658,1476512.393438,1789109.719576,0.027345,0.041095,0.031245,-0.003899,0.009850,-0.008889,0.022455,0.256097,0.289638,-0.318839,-0.527850,2.754736,False,0.321000
v6-1__H10__S0__P5__E1_A4,v6-1,10,S0,P5,E1_A4,E1,3405,2299,2293,0,12,0,1094,0,1,5,90,6,0,0,0,0,0,0,140,537,1616,0,0,0,0,0,0,0,1101,62,40,62,310,0.675184,0.399921,1205891.153359,1695809.413113,0.013046,0.037242,0.031245,-0.018199,0.005997,-0.045506,0.014996,0.162334,0.275108,-0.339466,-0.558677,2.550363,False,0.211000
v6-1__H10__S0__P5__E1_A5,v6-1,10,S0,P5,E1_A5,E1,3405,2230,2223,0,12,0,1163,0,1,6,86,7,0,0,0,0,0,0,129,287,1807,0,0,0,0,0,0,0,1101,62,40,62,333,0.654919,0.413171,1133687.410977,1548592.719427,0.008725,0.030741,0.031245,-0.022520,-0.000504,-0.054505,-0.001219,0.132597,0.247298,-0.411399,-0.543039,2.073918,False,0.311000
v6-1__H10__S0__P5__E1_A6,v6-1,10,S0,P5,E1_A6,E1,3405,2346,2338,0,12,0,1047,0,1,7,72,8,0,0,0,0,0,0,145,153,2040,0,0,0,0,0,0,0,1101,62,40,62,309,0.688987,0.468538,1553514.890723,1904871.939363,0.030967,0.045623,0.031245,-0.000277,0.014379,-0.000592,0.030689,0.281854,0.308849,-0.310285,-0.491284,3.199070,False,0.326000
v6-1__H10__S0__P5__E1_A7,v6-1,10,S0,P5,E1_A7,E1,3405,2292,2286,0,12,0,1101,0,1,5,91,6,0,0,0,0,0,0,84,547,1655,0,0,0,0,0,0,0,1101,62,40,62,304,0.673128,0.406095,1338365.373243,1827065.731954,0.020382,0.042609,0.031245,-0.010862,0.011364,-0.026748,0.027985,0.212103,0.297378,-0.297142,-0.562521,2.464225,False,0.211000
v6-1__H10__S0__P5__E1_A8,v6-1,10,S0,P5,E1_A8,E1,3405,2280,2273,0,12,0,1113,0,1,6,85,7,0,0,0,0,0,0,79,285,1909,0,0,0,0,0,0,0,1101,62,40,62,322,0.669604,0.420824,1304205.991991,1737929.744401,0.018557,0.039005,0.031245,-0.012687,0.007760,-0.030148,0.018441,0.199033,0.281764,-0.377169,-0.547104,2.470171,False,0.315000
v6-1__H10__S0__P5__E1_A9,v6-1,10,S0,P5,E1_A9,E1,3405,2379,2371,0,12,0,1014,0,1,7,77,8,0,0,0,0,0,0,89,158,2124,0,0,0,0,0,0,0,1101,62,40,62,303,0.698678,0.482436,1672127.379473,2027447.472247,0.036232,0.050148,0.031245,0.004988,0.018903,0.010339,0.039183,0.315496,0.327275,-0.284281,-0.491618,3.177900,False,0.336000
v6-1__H10__S0__P5__E2_B1,v6-1,10,S0,P5,E2_B1,E2,3405,2302,2296,0,12,0,1091,0,1,5,80,6,46,0,0,0,0,0,121,275,1900,0,0,0,0,0,0,0,1101,62,40,62,324,0.676065,0.421138,1309088.083348,1717612.639018,0.018821,0.038159,0.031245,-0.012424,0.006915,-0.029500,0.016420,0.200691,0.278139,-0.384429,-0.537716,2.591343,False,0.415000
v6-1__H10__S0__P5__E2_B10,v6-1,10,S0,P5,E2_B10,E2,3405,2316,2310,0,12,0,1077,0,1,5,78,6,43,0,0,0,0,0,246,280,1784,0,0,0,0,0,0,0,1101,62,40,62,317,0.680176,0.416535,1366427.274975,1774077.896047,0.021849,0.040487,0.031245,-0.009395,0.009242,-0.022556,0.022188,0.221117,0.287678,-0.351297,-0.549211,2.779205,False,0.278000
v6-1__H10__S0__P5__E2_B11,v6-1,10,S0,P5,E2_B11,E2,3405,2282,2275,0,12,0,1111,0,1,6,87,7,48,0,0,0,0,0,71,273,1931,0,0,0,0,0,0,0,1101,62,40,62,309,0.670191,0.432277,1551667.846999,1958222.657048,0.030882,0.047625,0.031245,-0.000362,0.016380,-0.000838,0.037893,0.280665,0.316893,-0.311696,-0.535881,2.822321,False,0.272000
v6-1__H10__S0__P5__E2_B12,v6-1,10,S0,P5,E2_B12,E2,3405,2219,2212,0,12,0,1174,0,1,6,80,7,48,0,0,0,0,0,40,262,1910,0,0,0,0,0,0,0,1101,62,40,62,326,0.651689,0.442387,1288257.430208,1630136.044628,0.017690,0.034409,0.031245,-0.013554,0.003165,-0.030639,0.007154,0.193369,0.262706,-0.374222,-0.551774,2.641727,False,0.269000
v6-1__H10__S0__P5__E2_B13,v6-1,10,S0,P5,E2_B13,E2,3405,2315,2309,0,12,0,1078,0,1,5,93,6,45,0,0,0,0,0,132,531,1646,0,0,0,0,0,0,0,1101,62,40,62,310,0.679883,0.402955,1254178.920551,1768168.424798,0.015803,0.040246,0.031245,-0.015442,0.009002,-0.038321,0.022340,0.181105,0.287664,-0.342939,-0.550203,2.595064,False,0.273000
v6-1__H10__S0__P5__E2_B14,v6-1,10,S0,P5,E2_B14,E2,3405,2332,2324,0,12,0,1061,0,1,7,73,8,49,0,0,0,0,0,129,146,2049,0,0,0,0,0,0,0,1101,62,40,62,310,0.684875,0.466558,1596837.442367,1946741.369622,0.032932,0.047199,0.031245,0.001688,0.015954,0.003618,0.034195,0.292817,0.314903,-0.304241,-0.497689,3.235282,False,0.287000
v6-1__H10__S0__P5__E2_B18,v6-1,10,S0,P5,E2_B18,E2,3405,2299,2292,0,12,0,1094,0,1,6,83,7,45,0,0,0,0,0,122,279,1891,0,0,0,0,0,0,0,1101,62,40,62,324,0.675184,0.420025,1276108.105369,1681301.835201,0.017023,0.036625,0.031245,-0.014222,0.005380,-0.033859,0.012810,0.188812,0.271769,-0.395065,-0.535255,2.653570,False,0.200000
v6-1__H10__S0__P5__E2_B19,v6-1,10,S0,P5,E2_B19,E2,3405,2243,2235,0,12,0,1150,0,1,7,86,8,49,0,0,0,0,0,45,266,1924,0,0,0,0,0,0,0,1101,62,40,62,326,0.658737,0.441312,1274237.458354,1644722.333088,0.016919,0.035047,0.031245,-0.014325,0.003803,-0.032460,0.008617,0.188227,0.265429,-0.382425,-0.548097,2.687955,False,0.289000
v6-1__H10__S0__P5__E2_B2,v6-1,10,S0,P5,E2_B2,E2,3405,2293,2287,0,12,0,1100,0,1,5,80,6,44,0,0,0,0,0,119,277,1891,0,0,0,0,0,0,0,1101,62,40,62,324,0.673421,0.421879,1356954.007841,1756599.441840,0.021357,0.039774,0.031245,-0.009888,0.008529,-0.023437,0.020217,0.217755,0.284803,-0.364989,-0.536153,2.641524,False,0.415000
v6-1__H10__S0__P5__E2_B20,v6-1,10,S0,P5,E2_B20,E2,3405,2300,2293,0,12,0,1093,0,1,6,84,7,45,0,0,0,0,0,125,278,1890,0,0,0,0,0,0,0,1101,62,40,62,325,0.675477,0.419968,1301888.492168,1705449.147591,0.018432,0.037649,0.031245,-0.012813,0.006404,-0.030508,0.015249,0.198262,0.276077,-0.363540,-0.537942,2.582247,False,0.294000
v6-1__H10__S0__P5__E2_B3,v6-1,10,S0,P5,E2_B3,E2,3405,2299,2292,0,12,0,1094,0,1,6,84,7,45,0,0,0,0,0,122,282,1888,0,0,0,0,0,0,0,1101,62,40,62,326,0.675184,0.419649,1256046.453785,1657291.103569,0.015908,0.035593,0.031245,-0.015337,0.004349,-0.036547,0.010362,0.181336,0.267498,-0.399779,-0.535883,2.439772,False,0.416000
v6-1__H10__S0__P5__E2_B4,v6-1,10,S0,P5,E2_B4,E2,3405,2302,2296,0,12,0,1091,0,1,5,80,6,46,0,0,0,0,0,121,275,1900,0,0,0,0,0,0,0,1101,62,40,62,324,0.676065,0.421138,1309088.083348,1717612.639018,0.018821,0.038159,0.031245,-0.012424,0.006915,-0.029500,0.016420,0.200691,0.278139,-0.384429,-0.537716,2.591343,False,0.279000
v6-1__H10__S0__P5__E2_B5,v6-1,10,S0,P5,E2_B5,E2,3405,2302,2296,0,12,0,1091,0,1,5,80,6,46,0,0,0,0,0,121,275,1900,0,0,0,0,0,0,0,1101,62,40,62,324,0.676065,0.421138,1309088.083348,1717612.639018,0.018821,0.038159,0.031245,-0.012424,0.006915,-0.029500,0.016420,0.200691,0.278139,-0.384429,-0.537716,2.591343,False,0.278000
v6-1__H10__S0__P5__E2_B6,v6-1,10,S0,P5,E2_B6,E2,3405,2294,2287,0,12,0,1099,0,1,6,83,7,46,0,0,0,0,0,124,278,1885,0,0,0,0,0,0,0,1101,62,40,62,329,0.673715,0.418622,1243071.558758,1649948.095073,0.015178,0.035275,0.031245,-0.016067,0.004030,-0.038380,0.009627,0.176341,0.266224,-0.387836,-0.539294,2.477729,False,0.415000
v6-1__H10__S0__P5__E2_B7,v6-1,10,S0,P5,E2_B7,E2,3405,2297,2290,0,12,0,1096,0,1,6,81,7,46,0,0,0,0,0,115,277,1898,0,0,0,0,0,0,0,1101,62,40,62,326,0.674596,0.419876,1287004.063858,1689885.069215,0.017622,0.036990,0.031245,-0.013623,0.005746,-0.032445,0.013685,0.192584,0.273242,-0.390256,-0.536842,2.620397,False,0.415000
v6-1__H10__S0__P5__E2_B8,v6-1,10,S0,P5,E2_B8,E2,3405,2320,2313,0,12,0,1073,0,1,6,85,7,45,0,0,0,0,0,123,261,1929,0,0,0,0,0,0,0,1101,62,40,62,330,0.681351,0.424060,1286506.698225,1680108.205466,0.017594,0.036574,0.031245,-0.013650,0.005329,-0.032189,0.012567,0.192343,0.271540,-0.387479,-0.543604,2.756137,False,0.284000
v6-1__H10__S0__P5__E2_B9,v6-1,10,S0,P5,E2_B9,E2,3405,2310,2304,0,12,0,1083,0,1,5,78,6,45,0,0,0,0,0,194,279,1831,0,0,0,0,0,0,0,1101,62,40,62,323,0.678414,0.417914,1362620.751054,1780328.177015,0.021652,0.040740,0.031245,-0.009593,0.009496,-0.022954,0.022721,0.219443,0.288757,-0.372357,-0.545959,2.645857,False,0.276000
v6-1__H10__S0__P5__E3,v6-1,10,S0,P5,E3,E3,3405,2198,2192,0,12,0,1195,0,1,5,2074,6,0,0,0,0,0,0,0,0,1206,986,0,0,0,0,0,0,1101,62,40,62,374,0.645521,0.384069,937224.706991,1468040.687518,-0.004478,0.026936,0.031245,-0.035723,-0.004308,-0.093012,-0.011218,0.039010,0.231276,-0.361195,-0.586972,2.010446,False,0.232000
v6-1__H10__S0__P5__E4,v6-1,10,S0,P5,E4,E4,3405,2492,3196,0,12,0,901,0,1,8,2363,9,0,0,0,81,0,0,0,0,2292,191,713,0,0,0,0,0,1101,62,40,62,363,0.731865,0.417879,1130905.039012,1424387.901449,0.008553,0.024792,0.031245,-0.022692,-0.006452,-0.054302,-0.015441,0.132183,0.222423,-0.393333,-0.508615,8.381842,False,0.238000
v6-1__H10__S0__P5__E5,v6-1,10,S0,P5,E5,E5,3405,2296,2288,0,12,0,1097,0,1,7,2551,8,0,0,0,0,0,0,0,0,1743,0,0,545,0,0,0,0,1101,62,40,62,344,0.674302,0.440323,1173557.902487,1594101.643624,0.011141,0.032810,0.031245,-0.020103,0.001565,-0.045656,0.003555,0.149080,0.256395,-0.303771,-0.560966,2.531816,False,0.211000
v6-1__H10__S0__P5__E6,v6-1,10,S0,P5,E6,E6,3405,2537,2529,0,12,0,856,0,1,7,2084,8,0,0,0,0,0,0,0,0,1073,0,0,0,1456,0,0,0,1101,62,40,62,255,0.745081,0.395605,1613692.150213,2282501.367233,0.033684,0.058798,0.031245,0.002439,0.027553,0.006165,0.069649,0.313087,0.367647,-0.244704,-0.501490,3.809139,False,0.197000
v6-1__H10__S0__P5__E7,v6-1,10,S0,P5,E7,E7,3405,2274,2265,0,12,0,1119,0,1,8,1520,9,0,0,0,0,0,0,0,0,2098,0,0,0,0,167,0,0,1101,62,40,62,315,0.667841,0.487460,1591224.111452,1945356.128470,0.032681,0.047147,0.031245,0.001436,0.015902,0.002946,0.032623,0.288745,0.314803,-0.275584,-0.507423,2.697234,False,0.187000
v6-1__H20__S0__P5__E0,v6-1,20,S0,P5,E0,E0,3405,1633,1619,0,12,0,1760,0,1,13,74,14,0,0,0,0,0,1619,0,0,0,0,0,0,0,0,0,0,1101,62,40,62,542,0.479589,0.700323,1284534.903349,1913493.293494,0.017486,0.045950,0.031245,-0.013758,0.014706,-0.019646,0.020999,0.186742,0.309966,-0.466121,-0.600993,3.249945,False,0.229000
v6-1__H20__S0__P5__E1_A1,v6-1,20,S0,P5,E1_A1,E1,3405,2133,2124,0,12,0,1260,0,5,4,107,9,0,0,0,0,0,0,471,770,883,0,0,0,0,0,0,0,1101,62,40,62,378,0.626432,0.547956,1337767.853029,2011559.696179,0.020351,0.049576,0.031245,-0.010894,0.018331,-0.019881,0.033454,0.205986,0.325315,-0.343545,-0.615780,3.567248,False,0.395000
v6-1__H20__S0__P5__E1_A10,v6-1,20,S0,P5,E1_A10,E1,3405,1916,1905,0,12,0,1477,0,5,6,117,11,0,0,0,0,0,0,142,695,1068,0,0,0,0,0,0,0,1101,62,40,62,450,0.562702,0.557937,1159038.763643,1955231.458506,0.010270,0.047514,0.031245,-0.020974,0.016270,-0.037593,0.029160,0.145586,0.317331,-0.448600,-0.610369,3.565095,False,0.334000
v6-1__H20__S0__P5__E1_A11,v6-1,20,S0,P5,E1_A11,E1,3405,1724,1714,0,12,0,1669,0,4,6,117,10,0,0,0,0,0,0,123,437,1154,0,0,0,0,0,0,0,1101,62,40,62,521,0.506314,0.534514,817841.306131,1459314.091175,-0.013825,0.026512,0.031245,-0.045069,-0.004732,-0.084319,-0.008853,0.014118,0.229582,-0.605888,-0.640962,2.405403,False,0.222000
v6-1__H20__S0__P5__E1_A12,v6-1,20,S0,P5,E1_A12,E1,3405,1837,1825,0,12,0,1556,0,3,9,128,12,0,0,0,0,0,0,137,274,1414,0,0,0,0,0,0,0,1101,62,40,62,507,0.539501,0.630702,1076095.896032,1701995.790992,0.005090,0.037503,0.031245,-0.026154,0.006259,-0.041469,0.009923,0.118206,0.274956,-0.508046,-0.598285,3.445629,False,0.405000
v6-1__H20__S0__P5__E1_A2,v6-1,20,S0,P5,E1_A2,E1,3405,2036,2026,0,12,0,1357,0,6,4,99,10,0,0,0,0,0,0,461,511,1054,0,0,0,0,0,0,0,1101,62,40,62,391,0.597944,0.589493,1471788.945515,1960982.212635,0.027117,0.047727,0.031245,-0.004127,0.016483,-0.007001,0.027961,0.244248,0.315236,-0.353166,-0.637021,2.743380,False,0.238000
v6-1__H20__S0__P5__E1_A3,v6-1,20,S0,P5,E1_A3,E1,3405,2114,2100,0,12,0,1279,0,6,8,113,14,0,0,0,0,0,0,508,317,1275,0,0,0,0,0,0,0,1101,62,40,62,357,0.620852,0.718199,2017570.446267,2611016.304751,0.049793,0.068701,0.031245,0.018548,0.037456,0.025826,0.052153,0.380785,0.400219,-0.295819,-0.569376,3.699686,False,0.233000
v6-1__H20__S0__P5__E1_A4,v6-1,20,S0,P5,E1_A4,E1,3405,1999,1989,0,12,0,1394,0,5,5,113,10,0,0,0,0,0,0,296,749,944,0,0,0,0,0,0,0,1101,62,40,62,424,0.587078,0.534983,1235365.610052,1962333.480420,0.014741,0.047777,0.031245,-0.016504,0.016533,-0.030849,0.030903,0.171346,0.318200,-0.444053,-0.604191,3.111099,False,0.335000
v6-1__H20__S0__P5__E1_A5,v6-1,20,S0,P5,E1_A5,E1,3405,1895,1884,0,12,0,1498,0,6,5,103,11,0,0,0,0,0,0,297,496,1091,0,0,0,0,0,0,0,1101,62,40,62,449,0.556535,0.568665,1261905.239757,1842845.808172,0.016235,0.043230,0.031245,-0.015010,0.011985,-0.026394,0.021076,0.179840,0.297611,-0.437586,-0.626549,2.583395,False,0.167000
v6-1__H20__S0__P5__E1_A6,v6-1,20,S0,P5,E1_A6,E1,3405,2038,2023,0,12,0,1355,0,6,9,115,15,0,0,0,0,0,0,350,305,1368,0,0,0,0,0,0,0,1101,62,40,62,392,0.598532,0.710841,1899942.180097,2593057.610015,0.045436,0.068190,0.031245,0.014191,0.036946,0.019964,0.051974,0.348839,0.398623,-0.299125,-0.563747,4.110749,False,0.436000
v6-1__H20__S0__P5__E1_A7,v6-1,20,S0,P5,E1_A7,E1,3405,1916,1906,0,12,0,1477,0,5,5,111,10,0,0,0,0,0,0,196,709,1001,0,0,0,0,0,0,0,1101,62,40,62,455,0.562702,0.528710,1123587.744683,1862286.495906,0.008100,0.043988,0.031245,-0.023145,0.012744,-0.043776,0.024103,0.133311,0.302401,-0.490682,-0.629719,3.232760,False,0.222000
v6-1__H20__S0__P5__E1_A8,v6-1,20,S0,P5,E1_A8,E1,3405,1799,1789,0,12,0,1594,0,4,6,105,10,0,0,0,0,0,0,195,459,1135,0,0,0,0,0,0,0,1101,62,40,62,494,0.528341,0.549664,977447.498892,1571190.960625,-0.001578,0.031775,0.031245,-0.032822,0.000531,-0.059714,0.000965,0.080585,0.251245,-0.551279,-0.628271,2.779907,False,0.213000
v6-1__H20__S0__P5__E1_A9,v6-1,20,S0,P5,E1_A9,E1,3405,1955,1944,0,12,0,1438,0,2,9,121,11,0,0,0,0,0,0,222,298,1424,0,0,0,0,0,0,0,1101,62,40,62,450,0.574156,0.703028,1592988.172149,2236805.841039,0.032760,0.057317,0.031245,0.001515,0.026072,0.002155,0.037085,0.274441,0.355746,-0.347945,-0.574024,3.672121,False,0.368000
v6-1__H20__S0__P5__E2_B1,v6-1,20,S0,P5,E2_B1,E2,3405,1873,1861,0,12,0,1520,0,6,6,106,12,81,0,0,0,0,0,265,477,1119,0,0,0,0,0,0,0,1101,62,40,62,456,0.550073,0.568294,1263015.961416,1859091.153356,0.016297,0.043864,0.031245,-0.014948,0.012619,-0.026303,0.022206,0.180093,0.300035,-0.455675,-0.620255,2.602089,False,0.477000
v6-1__H20__S0__P5__E2_B10,v6-1,20,S0,P5,E2_B10,E2,3405,2081,2070,0,12,0,1312,0,6,5,103,11,79,0,0,0,0,0,452,505,1113,0,0,0,0,0,0,0,1101,62,40,62,359,0.611160,0.634986,1793937.220157,2337241.853237,0.041289,0.060537,0.031245,0.010044,0.029292,0.015818,0.046130,0.328069,0.365592,-0.320723,-0.611633,3.079520,False,0.331000
v6-1__H20__S0__P5__E2_B11,v6-1,20,S0,P5,E2_B11,E2,3405,1870,1858,0,12,0,1523,0,6,6,107,12,84,0,0,0,0,0,193,461,1204,0,0,0,0,0,0,0,1101,62,40,62,481,0.549192,0.575569,1210111.354267,1810336.541688,0.013291,0.041945,0.031245,-0.017954,0.010701,-0.031193,0.018591,0.163503,0.292418,-0.469746,-0.623558,3.147139,False,0.309000
v6-1__H20__S0__P5__E2_B12,v6-1,20,S0,P5,E2_B12,E2,3405,1806,1795,0,12,0,1587,0,4,7,112,11,87,0,0,0,0,0,130,440,1225,0,0,0,0,0,0,0,1101,62,40,62,502,0.530396,0.557947,992755.191562,1623948.497862,-0.000503,0.034137,0.031245,-0.031748,0.002892,-0.056901,0.005184,0.088992,0.260758,-0.537893,-0.619919,3.005150,False,0.177000
v6-1__H20__S0__P5__E2_B13,v6-1,20,S0,P5,E2_B13,E2,3405,1941,1931,0,12,0,1452,0,5,5,113,10,73,0,0,0,0,0,269,721,941,0,0,0,0,0,0,0,1101,62,40,62,448,0.570044,0.527645,1146830.781390,1911322.965955,0.009530,0.045868,0.031245,-0.021715,0.014624,-0.041154,0.027715,0.141076,0.310284,-0.493293,-0.602884,2.944418,False,0.296000
v6-1__H20__S0__P5__E2_B14,v6-1,20,S0,P5,E2_B14,E2,3405,1961,1946,0,12,0,1432,0,6,9,117,15,91,0,0,0,0,0,293,284,1369,0,0,0,0,0,0,0,1101,62,40,62,430,0.575918,0.680940,1625002.222573,2247801.416017,0.034183,0.057676,0.031245,0.002939,0.026431,0.004316,0.038816,0.281621,0.356714,-0.352022,-0.571706,3.707911,False,0.196000
v6-1__H20__S0__P5__E2_B18,v6-1,20,S0,P5,E2_B18,E2,3405,1903,1891,0,12,0,1490,0,6,6,104,12,83,0,0,0,0,0,277,486,1128,0,0,0,0,0,0,0,1101,62,40,62,438,0.558884,0.585221,1313175.489662,1901557.066305,0.019041,0.045497,0.031245,-0.012204,0.014253,-0.020853,0.024355,0.195761,0.306465,-0.410424,-0.620954,2.779295,False,0.581000
v6-1__H20__S0__P5__E2_B19,v6-1,20,S0,P5,E2_B19,E2,3405,1813,1802,0,12,0,1580,0,4,7,113,11,90,0,0,0,0,0,121,447,1234,0,0,0,0,0,0,0,1101,62,40,62,470,0.532452,0.578835,1173881.754027,1831699.193288,0.011161,0.042792,0.031245,-0.020084,0.011547,-0.034697,0.019949,0.152194,0.295575,-0.461340,-0.615252,2.742975,False,0.308000
v6-1__H20__S0__P5__E2_B2,v6-1,20,S0,P5,E2_B2,E2,3405,1887,1875,0,12,0,1506,0,6,6,106,12,83,0,0,0,0,0,267,481,1127,0,0,0,0,0,0,0,1101,62,40,62,456,0.554185,0.576107,1263915.398413,1793240.533145,0.016347,0.041261,0.031245,-0.014898,0.010016,-0.025859,0.017386,0.180397,0.289315,-0.450411,-0.620811,2.665833,False,0.317000
v6-1__H20__S0__P5__E2_B20,v6-1,20,S0,P5,E2_B20,E2,3405,1936,1924,0,12,0,1457,0,6,6,106,12,81,0,0,0,0,0,288,493,1143,0,0,0,0,0,0,0,1101,62,40,62,426,0.568576,0.600724,1485564.579105,2028220.868878,0.027780,0.050175,0.031245,-0.003464,0.018931,-0.005767,0.031513,0.245520,0.324982,-0.360934,-0.614409,2.666218,False,0.181000
v6-1__H20__S0__P5__E2_B3,v6-1,20,S0,P5,E2_B3,E2,3405,1898,1887,0,12,0,1495,0,6,5,103,11,81,0,0,0,0,0,279,489,1119,0,0,0,0,0,0,0,1101,62,40,62,436,0.557416,0.585590,1305475.779690,1894124.005108,0.018626,0.045214,0.031245,-0.012619,0.013969,-0.021548,0.023855,0.193454,0.305397,-0.409954,-0.620743,2.627192,False,0.473000
v6-1__H20__S0__P5__E2_B4,v6-1,20,S0,P5,E2_B4,E2,3405,1873,1861,0,12,0,1520,0,6,6,106,12,81,0,0,0,0,0,265,477,1119,0,0,0,0,0,0,0,1101,62,40,62,456,0.550073,0.568294,1263015.961416,1859091.153356,0.016297,0.043864,0.031245,-0.014948,0.012619,-0.026303,0.022206,0.180093,0.300035,-0.455675,-0.620255,2.602089,False,0.430000
v6-1__H20__S0__P5__E2_B5,v6-1,20,S0,P5,E2_B5,E2,3405,1873,1861,0,12,0,1520,0,6,6,106,12,81,0,0,0,0,0,265,477,1119,0,0,0,0,0,0,0,1101,62,40,62,456,0.550073,0.568294,1263015.961416,1859091.153356,0.016297,0.043864,0.031245,-0.014948,0.012619,-0.026303,0.022206,0.180093,0.300035,-0.455675,-0.620255,2.602089,False,0.615000
v6-1__H20__S0__P5__E2_B6,v6-1,20,S0,P5,E2_B6,E2,3405,1905,1893,0,12,0,1488,0,6,6,102,12,81,0,0,0,0,0,284,482,1127,0,0,0,0,0,0,0,1101,62,40,62,440,0.559471,0.583309,1336820.570589,1902007.061291,0.020301,0.045515,0.031245,-0.010944,0.014270,-0.018762,0.024464,0.202764,0.306638,-0.407522,-0.616119,2.718291,False,0.471000
v6-1__H20__S0__P5__E2_B7,v6-1,20,S0,P5,E2_B7,E2,3405,1885,1873,0,12,0,1508,0,6,6,104,12,81,0,0,0,0,0,261,474,1138,0,0,0,0,0,0,0,1101,62,40,62,475,0.553598,0.550597,1154683.907774,1733708.290843,0.010007,0.038830,0.031245,-0.021238,0.007585,-0.038572,0.013777,0.145347,0.279549,-0.507191,-0.621220,2.732087,False,0.492000
v6-1__H20__S0__P5__E2_B8,v6-1,20,S0,P5,E2_B8,E2,3405,1937,1926,0,12,0,1456,0,6,5,110,11,84,0,0,0,0,0,275,455,1196,0,0,0,0,0,0,0,1101,62,40,62,451,0.568869,0.584831,1317171.115729,1892848.447125,0.019255,0.045165,0.031245,-0.011989,0.013921,-0.020501,0.023803,0.196589,0.305145,-0.442562,-0.618615,2.637502,False,0.333000
v6-1__H20__S0__P5__E2_B9,v6-1,20,S0,P5,E2_B9,E2,3405,1969,1958,0,12,0,1424,0,6,5,102,11,79,0,0,0,0,0,356,489,1113,0,0,0,0,0,0,0,1101,62,40,62,409,0.578267,0.600756,1541508.553339,2069298.684720,0.030414,0.051634,0.031245,-0.000831,0.020390,-0.001383,0.033940,0.260669,0.330423,-0.340464,-0.619044,2.735385,False,0.550000
v6-1__H20__S0__P5__E3,v6-1,20,S0,P5,E3,E3,3405,1802,1793,0,12,0,1591,0,2,7,3424,9,0,0,0,0,0,0,0,0,357,1436,0,0,0,0,0,0,1101,62,40,62,476,0.529222,0.505850,990514.559752,1475635.693395,-0.000660,0.027303,0.031245,-0.031904,-0.003942,-0.063070,-0.007792,0.074161,0.232981,-0.413499,-0.653284,1.667437,False,0.192000
v6-1__H20__S0__P5__E4,v6-1,20,S0,P5,E4,E4,3405,2369,3447,0,12,0,1024,0,4,13,2386,17,0,0,0,117,0,0,0,0,1626,726,1095,0,0,0,0,0,1101,62,40,62,391,0.695742,0.759829,2092120.379636,2496852.245907,0.052433,0.065398,0.031245,0.021188,0.034153,0.027886,0.044949,0.401299,0.389340,-0.294904,-0.553349,11.491032,False,0.313000
v6-1__H20__S0__P5__E5,v6-1,20,S0,P5,E5,E5,3405,1723,1712,0,12,0,1670,0,2,9,3791,11,0,0,0,0,0,0,0,0,928,0,0,784,0,0,0,0,1101,62,40,62,592,0.506021,0.526093,648858.836487,1161143.430018,-0.029501,0.010397,0.031245,-0.060746,-0.020847,-0.115466,-0.039627,-0.100799,0.158840,-0.615411,-0.641845,1.955548,False,0.218000
v6-1__H20__S0__P5__E6,v6-1,20,S0,P5,E6,E6,3405,2279,2269,0,12,0,1114,0,1,9,2116,10,0,0,0,0,0,0,0,0,969,0,0,0,1300,0,0,0,1101,62,40,62,313,0.669310,0.584775,1575246.857859,2395412.277626,0.031959,0.062343,0.031245,0.000715,0.031099,0.001222,0.053180,0.278429,0.381258,-0.344162,-0.547858,3.581563,False,0.227000
v6-1__H20__S0__P5__E7,v6-1,20,S0,P5,E7,E7,3405,1634,1621,0,12,0,1759,0,2,11,2750,13,0,0,0,0,0,0,0,0,1148,0,0,0,0,473,0,0,1101,62,40,62,527,0.479883,0.687405,1142126.555528,1729800.797658,0.009243,0.038668,0.031245,-0.022002,0.007423,-0.032007,0.010799,0.139438,0.281567,-0.408531,-0.589013,2.220526,False,0.380000
v6-1__H25__S0__P5__E0,v6-1,25,S0,P5,E0,E0,3405,1873,1821,0,12,0,1520,0,38,14,89,52,0,0,0,0,0,1821,0,0,0,0,0,0,0,0,0,0,1101,62,40,62,439,0.550073,1.064261,2864765.602315,3228139.251608,0.075585,0.084514,0.031245,0.044340,0.053269,0.041663,0.050053,0.477749,0.453547,-0.314870,-0.533635,3.626223,False,0.376000
v6-1__H25__S0__P5__E1_A1,v6-1,25,S0,P5,E1_A1,E1,3405,2093,2057,0,12,0,1300,0,32,4,117,36,0,0,0,0,0,0,560,843,654,0,0,0,0,0,0,0,1101,62,40,62,396,0.614684,0.595496,1498008.776107,2109609.355996,0.028374,0.053040,0.031245,-0.002871,0.021795,-0.004821,0.036600,0.250889,0.337709,-0.364433,-0.641479,3.188509,False,0.243000
v6-1__H25__S0__P5__E1_A10,v6-1,25,S0,P5,E1_A10,E1,3405,1908,1885,0,12,0,1485,0,17,6,134,23,0,0,0,0,0,0,188,810,887,0,0,0,0,0,0,0,1101,62,40,62,454,0.560352,0.644556,1480859.101288,2193006.679781,0.027554,0.055870,0.031245,-0.003690,0.024625,-0.005725,0.038205,0.241763,0.349670,-0.453356,-0.635963,2.757812,False,0.367000
v6-1__H25__S0__P5__E1_A11,v6-1,25,S0,P5,E1_A11,E1,3405,2009,1973,0,12,0,1384,0,29,7,117,36,0,0,0,0,0,0,230,570,1173,0,0,0,0,0,0,0,1101,62,40,62,469,0.590015,0.712378,1693807.845854,2272598.531079,0.037157,0.058479,0.031245,0.005912,0.027235,0.008299,0.038231,0.290929,0.356890,-0.418856,-0.630608,3.706632,False,0.354000
v6-1__H25__S0__P5__E1_A12,v6-1,25,S0,P5,E1_A12,E1,3405,1978,1937,0,12,0,1415,0,32,9,116,41,0,0,0,0,0,0,242,345,1350,0,0,0,0,0,0,0,1101,62,40,62,431,0.580910,0.837429,2030472.936434,2574095.013077,0.050256,0.067647,0.031245,0.019012,0.036403,0.022702,0.043470,0.360022,0.392422,-0.348996,-0.588631,4.709624,False,0.290000
v6-1__H25__S0__P5__E1_A2,v6-1,25,S0,P5,E1_A2,E1,3405,2134,2089,0,12,0,1259,0,40,5,104,45,0,0,0,0,0,0,619,590,880,0,0,0,0,0,0,0,1101,62,40,62,410,0.626725,0.664852,1683078.089165,2188342.429173,0.036701,0.055714,0.031245,0.005456,0.024470,0.008207,0.036805,0.295533,0.345532,-0.367450,-0.658471,3.647360,False,0.233000
v6-1__H25__S0__P5__E1_A3,v6-1,25,S0,P5,E1_A3,E1,3405,2221,2174,0,12,0,1172,0,40,7,112,47,0,0,0,0,0,0,676,390,1108,0,0,0,0,0,0,0,1101,62,40,62,365,0.652276,0.811259,2262720.037274,2759508.998120,0.058160,0.072801,0.031245,0.026916,0.041556,0.033177,0.051225,0.419716,0.412044,-0.316547,-0.588478,4.563862,False,0.288000
v6-1__H25__S0__P5__E1_A4,v6-1,25,S0,P5,E1_A4,E1,3405,2054,2017,0,12,0,1339,0,32,5,122,37,0,0,0,0,0,0,389,860,768,0,0,0,0,0,0,0,1101,62,40,62,416,0.603231,0.617230,1539920.883906,2214587.337656,0.030340,0.056586,0.031245,-0.000904,0.025342,-0.001465,0.041057,0.260005,0.352290,-0.376758,-0.616288,2.963423,False,0.368000
v6-1__H25__S0__P5__E1_A5,v6-1,25,S0,P5,E1_A5,E1,3405,2127,2073,0,12,0,1266,0,48,6,110,54,0,0,0,0,0,0,455,594,1024,0,0,0,0,0,0,0,1101,62,40,62,426,0.624670,0.690093,1763357.915956,2290506.732934,0.040050,0.059055,0.031245,0.008806,0.027810,0.012760,0.040299,0.310503,0.358720,-0.367560,-0.627412,3.750560,False,0.280000
v6-1__H25__S0__P5__E1_A6,v6-1,25,S0,P5,E1_A6,E1,3405,2166,2111,0,12,0,1227,0,47,8,117,55,0,0,0,0,0,0,483,398,1230,0,0,0,0,0,0,0,1101,62,40,62,379,0.636123,0.840627,2332312.846210,2865166.190129,0.060382,0.075595,0.031245,0.029137,0.044351,0.034661,0.052759,0.423767,0.422740,-0.299167,-0.558917,4.189653,False,0.296000
v6-1__H25__S0__P5__E1_A7,v6-1,25,S0,P5,E1_A7,E1,3405,1974,1946,0,12,0,1419,0,23,5,123,28,0,0,0,0,0,0,266,848,832,0,0,0,0,0,0,0,1101,62,40,62,435,0.579736,0.623745,1610131.987968,2309620.778695,0.033525,0.059664,0.031245,0.002281,0.028420,0.003657,0.045563,0.274211,0.364052,-0.463415,-0.646760,2.568184,False,0.246000
v6-1__H25__S0__P5__E1_A8,v6-1,25,S0,P5,E1_A8,E1,3405,2068,2034,0,12,0,1325,0,28,6,114,34,0,0,0,0,0,0,328,588,1118,0,0,0,0,0,0,0,1101,62,40,62,449,0.607342,0.704470,1819977.523775,2381431.218526,0.042328,0.061913,0.031245,0.011084,0.030668,0.015734,0.043534,0.319366,0.369785,-0.394863,-0.626849,3.618256,False,0.279000
v6-1__H25__S0__P5__E1_A9,v6-1,25,S0,P5,E1_A9,E1,3405,2015,1973,0,12,0,1378,0,33,9,112,42,0,0,0,0,0,0,326,374,1273,0,0,0,0,0,0,0,1101,62,40,62,400,0.591777,0.850994,2334994.114810,2839664.933923,0.060466,0.074930,0.031245,0.029221,0.043685,0.034338,0.051334,0.415766,0.419109,-0.333109,-0.573373,4.074113,False,0.443000
v6-1__H25__S0__P5__E2_B1,v6-1,25,S0,P5,E2_B1,E2,3405,2108,2056,0,12,0,1285,0,46,6,106,52,94,0,0,0,0,0,423,581,1052,0,0,0,0,0,0,0,1101,62,40,62,433,0.619090,0.701717,1878753.925646,2437939.684788,0.044625,0.063638,0.031245,0.013380,0.032394,0.019068,0.046163,0.332802,0.376061,-0.348920,-0.613039,3.825708,False,0.596000
v6-1__H25__S0__P5__E2_B10,v6-1,25,S0,P5,E2_B10,E2,3405,2175,2129,0,12,0,1218,0,42,4,108,46,91,0,0,0,0,0,595,584,950,0,0,0,0,0,0,0,1101,62,40,62,358,0.638767,0.729841,2108643.959142,2623758.657826,0.053006,0.069061,0.031245,0.021762,0.037816,0.029817,0.051814,0.388976,0.396660,-0.324051,-0.614684,3.725164,False,0.596000
v6-1__H25__S0__P5__E2_B11,v6-1,25,S0,P5,E2_B11,E2,3405,2046,2013,0,12,0,1347,0,28,5,113,33,101,0,0,0,0,0,281,580,1152,0,0,0,0,0,0,0,1101,62,40,62,436,0.600881,0.722736,2063324.755591,2642063.522316,0.051424,0.069576,0.031245,0.020179,0.038331,0.027920,0.053036,0.364860,0.398239,-0.365139,-0.614090,3.436058,False,0.557000
v6-1__H25__S0__P5__E2_B12,v6-1,25,S0,P5,E2_B12,E2,3405,2037,2002,0,12,0,1356,0,29,6,116,35,106,0,0,0,0,0,208,571,1223,0,0,0,0,0,0,0,1101,62,40,62,458,0.598238,0.731987,1838981.869260,2427591.657135,0.043078,0.063325,0.031245,0.011834,0.032080,0.016167,0.043826,0.320740,0.375035,-0.388997,-0.618063,3.724450,False,0.428000
v6-1__H25__S0__P5__E2_B13,v6-1,25,S0,P5,E2_B13,E2,3405,1968,1941,0,12,0,1425,0,23,4,126,27,79,0,0,0,0,0,339,844,758,0,0,0,0,0,0,0,1101,62,40,62,430,0.577974,0.609046,1451390.265131,2144064.514576,0.026125,0.054221,0.031245,-0.005119,0.022977,-0.008405,0.037726,0.234893,0.342645,-0.388306,-0.615596,2.559403,False,0.337000
v6-1__H25__S0__P5__E2_B14,v6-1,25,S0,P5,E2_B14,E2,3405,2059,2006,0,12,0,1334,0,45,8,115,53,105,0,0,0,0,0,419,369,1218,0,0,0,0,0,0,0,1101,62,40,62,398,0.604699,0.829771,2335468.227982,2879690.566749,0.060481,0.075972,0.031245,0.029236,0.044727,0.035234,0.053903,0.418841,0.423574,-0.316613,-0.575563,3.966929,False,0.412000
v6-1__H25__S0__P5__E2_B18,v6-1,25,S0,P5,E2_B18,E2,3405,2122,2065,0,12,0,1271,0,51,6,105,57,97,0,0,0,0,0,425,601,1039,0,0,0,0,0,0,0,1101,62,40,62,404,0.623201,0.725064,2096306.202310,2675483.124695,0.052579,0.070507,0.031245,0.021334,0.039262,0.029424,0.054150,0.376677,0.401944,-0.324809,-0.606390,3.623662,False,0.395000
v6-1__H25__S0__P5__E2_B19,v6-1,25,S0,P5,E2_B19,E2,3405,2048,2013,0,12,0,1345,0,29,6,116,35,106,0,0,0,0,0,208,588,1217,0,0,0,0,0,0,0,1101,62,40,62,449,0.601468,0.745396,1945138.067931,2561271.849309,0.047139,0.067278,0.031245,0.015894,0.036034,0.021323,0.048342,0.341769,0.389843,-0.377385,-0.613107,3.479525,False,0.403000
v6-1__H25__S0__P5__E2_B2,v6-1,25,S0,P5,E2_B2,E2,3405,2097,2046,0,12,0,1296,0,46,5,107,51,93,0,0,0,0,0,407,587,1052,0,0,0,0,0,0,0,1101,62,40,62,421,0.615859,0.719660,1997115.305237,2521395.200974,0.049052,0.066120,0.031245,0.017808,0.034875,0.024745,0.048460,0.357443,0.384827,-0.318795,-0.604050,3.552098,False,0.393000
v6-1__H25__S0__P5__E2_B20,v6-1,25,S0,P5,E2_B20,E2,3405,2142,2088,0,12,0,1251,0,48,6,108,54,95,0,0,0,0,0,438,595,1055,0,0,0,0,0,0,0,1101,62,40,62,399,0.629075,0.737076,2091908.900088,2591834.680748,0.052426,0.068155,0.031245,0.021181,0.036911,0.028737,0.050077,0.378190,0.392876,-0.319126,-0.601161,3.681047,False,0.401000
v6-1__H25__S0__P5__E2_B3,v6-1,25,S0,P5,E2_B3,E2,3405,2128,2073,0,12,0,1265,0,50,5,107,55,97,0,0,0,0,0,435,597,1041,0,0,0,0,0,0,0,1101,62,40,62,405,0.624963,0.721434,2007946.813733,2564204.549785,0.049445,0.067363,0.031245,0.018201,0.036118,0.025228,0.050065,0.360560,0.390095,-0.328882,-0.608944,3.706094,False,0.505000
v6-1__H25__S0__P5__E2_B4,v6-1,25,S0,P5,E2_B4,E2,3405,2108,2056,0,12,0,1285,0,46,6,106,52,94,0,0,0,0,0,423,581,1052,0,0,0,0,0,0,0,1101,62,40,62,433,0.619090,0.701717,1878753.925646,2437939.684788,0.044625,0.063638,0.031245,0.013380,0.032394,0.019068,0.046163,0.332802,0.376061,-0.348920,-0.613039,3.825708,False,0.283000
v6-1__H25__S0__P5__E2_B5,v6-1,25,S0,P5,E2_B5,E2,3405,2108,2056,0,12,0,1285,0,46,6,106,52,94,0,0,0,0,0,423,581,1052,0,0,0,0,0,0,0,1101,62,40,62,433,0.619090,0.701717,1878753.925646,2437939.684788,0.044625,0.063638,0.031245,0.013380,0.032394,0.019068,0.046163,0.332802,0.376061,-0.348920,-0.613039,3.825708,False,0.392000
v6-1__H25__S0__P5__E2_B6,v6-1,25,S0,P5,E2_B6,E2,3405,2128,2077,0,12,0,1265,0,45,6,111,51,94,0,0,0,0,0,435,590,1052,0,0,0,0,0,0,0,1101,62,40,62,407,0.624963,0.724476,2017348.359404,2560041.324059,0.049785,0.067243,0.031245,0.018540,0.035998,0.025591,0.049689,0.362459,0.389994,-0.323686,-0.604002,3.635836,False,0.372000
v6-1__H25__S0__P5__E2_B7,v6-1,25,S0,P5,E2_B7,E2,3405,2066,2014,0,12,0,1327,0,46,6,104,52,92,0,0,0,0,0,390,571,1053,0,0,0,0,0,0,0,1101,62,40,62,437,0.606755,0.691433,1859512.762011,2404398.587002,0.043880,0.062618,0.031245,0.012636,0.031374,0.018275,0.045375,0.327320,0.371603,-0.361209,-0.619551,3.707408,False,0.310000
v6-1__H25__S0__P5__E2_B8,v6-1,25,S0,P5,E2_B8,E2,3405,2070,2018,0,12,0,1323,0,46,6,106,52,92,0,0,0,0,0,408,536,1074,0,0,0,0,0,0,0,1101,62,40,62,430,0.607930,0.708447,1828398.721744,2360433.774059,0.042662,0.061262,0.031245,0.011417,0.030017,0.016116,0.042370,0.322401,0.366743,-0.360536,-0.621817,3.668166,False,0.397000
v6-1__H25__S0__P5__E2_B9,v6-1,25,S0,P5,E2_B9,E2,3405,2166,2122,0,12,0,1227,0,40,4,108,44,92,0,0,0,0,0,509,594,1019,0,0,0,0,0,0,0,1101,62,40,62,389,0.636123,0.730739,2190149.505112,2753986.108383,0.055775,0.072652,0.031245,0.024530,0.041408,0.033569,0.056665,0.398464,0.410133,-0.312750,-0.610569,3.738226,False,0.605000
v6-1__H25__S0__P5__E3,v6-1,25,S0,P5,E3,E3,3405,1765,1747,0,12,0,1628,0,11,7,3414,18,0,0,0,0,0,0,0,0,220,1527,0,0,0,0,0,0,1101,62,40,62,488,0.518355,0.505416,984574.312776,1417120.863243,-0.001076,0.024429,0.031245,-0.032320,-0.006815,-0.063948,-0.013484,0.074286,0.220580,-0.443533,-0.667031,1.169579,False,0.196000
v6-1__H25__S0__P5__E4,v6-1,25,S0,P5,E4,E4,3405,2397,3587,0,12,0,996,0,18,14,2403,32,0,0,0,111,0,0,0,0,1412,953,1222,0,0,0,0,0,1101,62,40,62,403,0.703965,0.862796,2458913.602387,2751722.644467,0.064269,0.072591,0.031245,0.033025,0.041347,0.038276,0.047922,0.461141,0.414157,-0.305447,-0.570091,13.177262,False,0.550000
v6-1__H25__S0__P5__E5,v6-1,25,S0,P5,E5,E5,3405,1860,1824,0,12,0,1533,0,27,9,3776,36,0,0,0,0,0,0,0,0,838,0,0,986,0,0,0,0,1101,62,40,62,541,0.546256,0.654227,1233857.180069,1683461.865085,0.014655,0.036717,0.031245,-0.016590,0.005472,-0.025358,0.008365,0.171002,0.272200,-0.416377,-0.624326,2.074233,False,0.376000
v6-1__H25__S0__P5__E6,v6-1,25,S0,P5,E6,E6,3405,2509,2465,0,12,0,884,0,35,9,2114,44,0,0,0,0,0,0,0,0,1004,0,0,0,1461,0,0,0,1101,62,40,62,263,0.736858,0.737340,2660190.273838,3333818.901332,0.070082,0.086935,0.031245,0.038837,0.055691,0.052672,0.075529,0.495746,0.473571,-0.271301,-0.529259,3.481545,False,0.380000
v6-1__H25__S0__P5__E7,v6-1,25,S0,P5,E7,E7,3405,1727,1682,0,12,0,1666,0,34,11,2734,45,0,0,0,0,0,0,0,0,984,0,0,0,0,698,0,0,1101,62,40,62,505,0.507195,0.813444,1643327.219464,2179492.091381,0.034987,0.055418,0.031245,0.003742,0.024174,0.004600,0.029718,0.280835,0.348017,-0.352421,-0.578084,2.787737,False,0.456000
v6-2__H10__S0__P5__E0,v6-2,10,S0,P5,E0,E0,1107,852,843,0,5,0,250,0,1,8,22,9,0,0,0,0,0,843,0,0,0,0,0,0,0,0,0,0,540,9,20,9,83,0.769648,0.343645,1907624.009488,2427103.003823,0.045728,0.063310,0.031245,0.014483,0.032066,0.042147,0.093310,0.469326,0.394605,-0.181378,-0.479925,3.451479,False,0.089000
v6-2__H10__S0__P5__E1_A1,v6-2,10,S0,P5,E1_A1,E1,1107,854,849,0,5,0,248,0,1,4,50,5,0,0,0,0,0,0,116,222,511,0,0,0,0,0,0,0,540,9,20,9,80,0.771454,0.251755,1604554.043384,2161760.249046,0.033277,0.054822,0.031245,0.002033,0.023577,0.008074,0.093650,0.378849,0.358981,-0.198979,-0.530311,2.395950,False,0.074000
v6-2__H10__S0__P5__E1_A10,v6-2,10,S0,P5,E1_A10,E1,1107,835,828,0,5,0,267,0,1,6,56,7,0,0,0,0,0,0,18,216,594,0,0,0,0,0,0,0,540,9,20,9,83,0.754291,0.288844,1473114.506025,2067408.165836,0.027181,0.051568,0.031245,-0.004063,0.020323,-0.014067,0.070360,0.316798,0.345297,-0.235299,-0.507485,2.158289,False,0.103000
v6-2__H10__S0__P5__E1_A11,v6-2,10,S0,P5,E1_A11,E1,1107,835,827,0,5,0,267,0,1,7,49,8,0,0,0,0,0,0,20,126,681,0,0,0,0,0,0,0,540,9,20,9,88,0.754291,0.312225,1525679.137027,2040213.191642,0.029678,0.050604,0.031245,-0.001567,0.019360,-0.005018,0.062005,0.339473,0.340484,-0.260485,-0.521355,2.239696,False,0.062000
v6-2__H10__S0__P5__E1_A12,v6-2,10,S0,P5,E1_A12,E1,1107,856,847,0,5,0,246,0,1,8,43,9,0,0,0,0,0,0,21,66,760,0,0,0,0,0,0,0,540,9,20,9,79,0.773261,0.336338,1847298.437812,2360113.894719,0.043404,0.061252,0.031245,0.012160,0.030007,0.036153,0.089218,0.469686,0.387798,-0.208311,-0.490033,2.990895,False,0.075000
v6-2__H10__S0__P5__E1_A2,v6-2,10,S0,P5,E1_A2,E1,1107,831,825,0,5,0,271,0,1,5,43,6,0,0,0,0,0,0,112,128,585,0,0,0,0,0,0,0,540,9,20,9,84,0.750678,0.277008,1663000.401015,2149965.873348,0.035840,0.054422,0.031245,0.004595,0.023178,0.016588,0.083671,0.401793,0.356761,-0.226279,-0.542115,2.095309,False,0.064000
v6-2__H10__S0__P5__E1_A3,v6-2,10,S0,P5,E1_A3,E1,1107,907,900,0,5,0,195,0,1,6,38,7,0,0,0,0,0,0,143,68,689,0,0,0,0,0,0,0,540,9,20,9,68,0.819332,0.303547,1987399.598878,2467716.273113,0.048698,0.064532,0.031245,0.017454,0.033288,0.057499,0.109663,0.528117,0.401571,-0.185927,-0.516876,3.704402,False,0.078000
v6-2__H10__S0__P5__E1_A4,v6-2,10,S0,P5,E1_A4,E1,1107,863,857,0,5,0,239,0,1,5,54,6,0,0,0,0,0,0,60,229,568,0,0,0,0,0,0,0,540,9,20,9,77,0.779584,0.260014,1641488.249725,2216510.925959,0.034906,0.056650,0.031245,0.003662,0.025405,0.014083,0.097707,0.394933,0.366731,-0.212825,-0.508568,2.211668,False,0.108000
v6-2__H10__S0__P5__E1_A5,v6-2,10,S0,P5,E1_A5,E1,1107,844,837,0,5,0,258,0,1,6,46,7,0,0,0,0,0,0,63,128,646,0,0,0,0,0,0,0,540,9,20,9,79,0.762421,0.284453,1718982.820615,2223829.094013,0.038217,0.056891,0.031245,0.006972,0.025646,0.024511,0.090160,0.425125,0.367348,-0.229702,-0.523736,2.376027,False,0.075000
v6-2__H10__S0__P5__E1_A6,v6-2,10,S0,P5,E1_A6,E1,1107,872,864,0,5,0,230,0,1,7,39,8,0,0,0,0,0,0,67,67,730,0,0,0,0,0,0,0,540,9,20,9,66,0.787715,0.307895,2008482.077272,2493933.272306,0.049465,0.065312,0.031245,0.018220,0.034067,0.059176,0.110645,0.535474,0.404533,-0.198719,-0.495375,3.202407,False,0.047000
v6-2__H10__S0__P5__E1_A7,v6-2,10,S0,P5,E1_A7,E1,1107,842,836,0,5,0,260,0,1,5,56,6,0,0,0,0,0,0,31,220,585,0,0,0,0,0,0,0,540,9,20,9,80,0.760614,0.261762,1547670.782159,2172891.329285,0.030698,0.055197,0.031245,-0.000546,0.023952,-0.002086,0.091503,0.350393,0.360530,-0.221003,-0.502546,2.014556,False,0.101000
v6-2__H10__S0__P5__E1_A8,v6-2,10,S0,P5,E1_A8,E1,1107,841,834,0,5,0,261,0,1,6,50,7,0,0,0,0,0,0,33,129,672,0,0,0,0,0,0,0,540,9,20,9,84,0.759711,0.285440,1578384.816799,2123660.684841,0.032102,0.053524,0.031245,0.000857,0.022279,0.003002,0.078052,0.361962,0.352594,-0.250375,-0.518703,2.070846,False,0.074000
v6-2__H10__S0__P5__E1_A9,v6-2,10,S0,P5,E1_A9,E1,1107,870,862,0,5,0,232,0,1,7,42,8,0,0,0,0,0,0,37,67,758,0,0,0,0,0,0,0,540,9,20,9,68,0.785908,0.309851,1914706.851736,2456177.233910,0.045996,0.064187,0.031245,0.014752,0.032943,0.047609,0.106317,0.494430,0.399671,-0.204256,-0.489480,3.128563,False,0.076000
v6-2__H10__S0__P5__E2_B1,v6-2,10,S0,P5,E2_B1,E2,1107,844,837,0,5,0,258,0,1,6,46,7,22,0,0,0,0,0,53,123,661,0,0,0,0,0,0,0,540,9,20,9,78,0.762421,0.286248,1774527.623967,2299631.649936,0.040505,0.059346,0.031245,0.009261,0.028102,0.032351,0.098172,0.443867,0.378156,-0.219546,-0.513998,2.416787,False,0.093000
v6-2__H10__S0__P5__E2_B10,v6-2,10,S0,P5,E2_B10,E2,1107,867,861,0,5,0,235,0,1,5,42,6,22,0,0,0,0,0,112,123,626,0,0,0,0,0,0,0,540,9,20,9,73,0.783198,0.287257,1896162.553296,2425614.152184,0.045292,0.063265,0.031245,0.014047,0.032020,0.048901,0.111470,0.494315,0.395917,-0.196137,-0.521953,2.784962,False,0.096000
v6-2__H10__S0__P5__E2_B11,v6-2,10,S0,P5,E2_B11,E2,1107,845,838,0,5,0,257,0,1,6,49,7,24,0,0,0,0,0,25,123,690,0,0,0,0,0,0,0,540,9,20,9,86,0.763324,0.287352,1648496.761216,2195835.295391,0.035212,0.055964,0.031245,0.003967,0.024720,0.013806,0.086026,0.389649,0.363190,-0.238412,-0.506939,2.106584,False,0.088000
v6-2__H10__S0__P5__E2_B12,v6-2,10,S0,P5,E2_B12,E2,1107,832,824,0,5,0,270,0,1,7,49,8,25,0,0,0,0,0,15,119,690,0,0,0,0,0,0,0,540,9,20,9,87,0.751581,0.313859,1560849.353782,2068466.690848,0.031304,0.051605,0.031245,0.000059,0.020360,0.000188,0.064871,0.352727,0.344630,-0.256000,-0.509487,2.276210,False,0.056000
v6-2__H10__S0__P5__E2_B13,v6-2,10,S0,P5,E2_B13,E2,1107,839,833,0,5,0,263,0,1,5,52,6,22,0,0,0,0,0,49,215,569,0,0,0,0,0,0,0,540,9,20,9,82,0.757904,0.258872,1590689.263696,2183425.885614,0.032657,0.055550,0.031245,0.001412,0.024305,0.005455,0.093890,0.370483,0.361919,-0.213896,-0.509121,2.201778,False,0.092000
v6-2__H10__S0__P5__E2_B14,v6-2,10,S0,P5,E2_B14,E2,1107,863,855,0,5,0,239,0,1,7,40,8,24,0,0,0,0,0,57,66,732,0,0,0,0,0,0,0,540,9,20,9,71,0.779584,0.307552,1968833.635244,2455214.619654,0.048017,0.064158,0.031245,0.016772,0.032914,0.054535,0.107018,0.514506,0.399261,-0.197504,-0.495209,3.070952,False,0.097000
v6-2__H10__S0__P5__E2_B18,v6-2,10,S0,P5,E2_B18,E2,1107,858,851,0,5,0,244,0,1,6,46,7,22,0,0,0,0,0,57,124,670,0,0,0,0,0,0,0,540,9,20,9,76,0.775068,0.286867,1813154.506396,2333896.274774,0.042057,0.060431,0.031245,0.010813,0.029187,0.037693,0.101743,0.460227,0.382879,-0.217993,-0.512544,2.441349,False,0.097000
v6-2__H10__S0__P5__E2_B19,v6-2,10,S0,P5,E2_B19,E2,1107,840,832,0,5,0,262,0,1,7,49,8,25,0,0,0,0,0,18,119,695,0,0,0,0,0,0,0,540,9,20,9,85,0.758808,0.314631,1614798.505509,2144613.331986,0.033733,0.054240,0.031245,0.002488,0.022996,0.007908,0.073088,0.377551,0.356545,-0.242814,-0.509487,2.421355,False,0.148000
v6-2__H10__S0__P5__E2_B2,v6-2,10,S0,P5,E2_B2,E2,1107,845,838,0,5,0,257,0,1,6,46,7,22,0,0,0,0,0,54,123,661,0,0,0,0,0,0,0,540,9,20,9,77,0.763324,0.287108,1798212.537748,2317304.042518,0.041461,0.059908,0.031245,0.010216,0.028663,0.035583,0.099834,0.454227,0.380642,-0.216292,-0.513073,2.347743,False,0.084000
v6-2__H10__S0__P5__E2_B20,v6-2,10,S0,P5,E2_B20,E2,1107,854,847,0,5,0,248,0,1,6,46,7,22,0,0,0,0,0,59,124,664,0,0,0,0,0,0,0,540,9,20,9,77,0.771454,0.286968,1800498.635880,2321067.887944,0.041552,0.060027,0.031245,0.010308,0.028782,0.035919,0.100298,0.455271,0.381061,-0.216999,-0.513084,2.390694,False,0.089000
v6-2__H10__S0__P5__E2_B3,v6-2,10,S0,P5,E2_B3,E2,1107,853,846,0,5,0,249,0,1,6,46,7,22,0,0,0,0,0,59,125,662,0,0,0,0,0,0,0,540,9,20,9,73,0.770551,0.287222,1825732.745333,2348583.527795,0.042556,0.060892,0.031245,0.011312,0.029647,0.039383,0.103221,0.466544,0.385022,-0.217113,-0.513182,2.403241,False,0.096000
v6-2__H10__S0__P5__E2_B4,v6-2,10,S0,P5,E2_B4,E2,1107,844,837,0,5,0,258,0,1,6,46,7,22,0,0,0,0,0,53,123,661,0,0,0,0,0,0,0,540,9,20,9,78,0.762421,0.286248,1774527.623967,2299631.649936,0.040505,0.059346,0.031245,0.009261,0.028102,0.032351,0.098172,0.443867,0.378156,-0.219546,-0.513998,2.416787,False,0.082000
v6-2__H10__S0__P5__E2_B5,v6-2,10,S0,P5,E2_B5,E2,1107,844,837,0,5,0,258,0,1,6,46,7,22,0,0,0,0,0,53,123,661,0,0,0,0,0,0,0,540,9,20,9,78,0.762421,0.286248,1774527.623967,2299631.649936,0.040505,0.059346,0.031245,0.009261,0.028102,0.032351,0.098172,0.443867,0.378156,-0.219546,-0.513998,2.416787,False,0.136000
v6-2__H10__S0__P5__E2_B6,v6-2,10,S0,P5,E2_B6,E2,1107,843,836,0,5,0,259,0,1,6,47,7,21,0,0,0,0,0,58,124,654,0,0,0,0,0,0,0,540,9,20,9,76,0.761518,0.286757,1780708.896602,2306463.888722,0.040756,0.059564,0.031245,0.009511,0.028319,0.033168,0.098757,0.446244,0.379028,-0.219002,-0.514022,2.371228,False,0.092000
v6-2__H10__S0__P5__E2_B7,v6-2,10,S0,P5,E2_B7,E2,1107,835,828,0,5,0,267,0,1,6,46,7,21,0,0,0,0,0,46,122,660,0,0,0,0,0,0,0,540,9,20,9,82,0.754291,0.285526,1721697.845772,2235378.755751,0.038330,0.057270,0.031245,0.007086,0.026025,0.024816,0.091149,0.421088,0.368797,-0.226179,-0.513400,2.275868,False,0.144000
v6-2__H10__S0__P5__E2_B8,v6-2,10,S0,P5,E2_B8,E2,1107,841,834,0,5,0,261,0,1,6,46,7,22,0,0,0,0,0,53,116,665,0,0,0,0,0,0,0,540,9,20,9,80,0.759711,0.291325,1714719.407288,2221217.805596,0.038038,0.056805,0.031245,0.006794,0.025560,0.023320,0.087738,0.418959,0.366972,-0.227588,-0.513998,2.351320,False,0.082000
v6-2__H10__S0__P5__E2_B9,v6-2,10,S0,P5,E2_B9,E2,1107,848,842,0,5,0,254,0,1,5,44,6,21,0,0,0,0,0,78,124,640,0,0,0,0,0,0,0,540,9,20,9,76,0.766034,0.288248,1836374.046139,2348760.037401,0.042976,0.060898,0.031245,0.011731,0.029653,0.040699,0.102873,0.466223,0.385156,-0.201955,-0.520369,2.334012,False,0.138000
v6-2__H10__S0__P5__E3,v6-2,10,S0,P5,E3,E3,1107,827,820,0,5,0,275,0,1,6,3398,7,0,0,0,0,0,0,0,0,428,392,0,0,0,0,0,0,540,9,20,9,90,0.747064,0.277656,1349057.508292,2015397.469566,0.020944,0.049714,0.031245,-0.010300,0.018470,-0.037097,0.066520,0.259064,0.338251,-0.200189,-0.512691,1.556572,False,0.070000
v6-2__H10__S0__P5__E4,v6-2,10,S0,P5,E4,E4,1107,907,1219,0,5,0,195,0,1,8,2343,9,0,0,0,21,0,0,0,0,816,82,321,0,0,0,0,0,540,9,20,9,81,0.819332,0.296576,1601720.252798,2086391.156263,0.033151,0.052233,0.031245,0.001906,0.020989,0.006427,0.070770,0.365672,0.347042,-0.201756,-0.507701,8.137948,False,0.093000
v6-2__H10__S0__P5__E5,v6-2,10,S0,P5,E5,E5,1107,859,851,0,5,0,243,0,1,7,2528,8,0,0,0,0,0,0,0,0,620,0,0,231,0,0,0,0,540,9,20,9,83,0.775971,0.308543,1568814.415400,2164337.255487,0.031667,0.054909,0.031245,0.000423,0.023664,0.001369,0.076696,0.363131,0.360777,-0.202550,-0.501766,2.817280,False,0.082000
v6-2__H10__S0__P5__E6,v6-2,10,S0,P5,E6,E6,1107,973,965,0,5,0,129,0,1,7,2071,8,0,0,0,0,0,0,0,0,430,0,0,0,535,0,0,0,540,9,20,9,70,0.878952,0.298145,1951258.770648,2628099.701286,0.047367,0.069183,0.031245,0.016122,0.037939,0.054075,0.127249,0.539989,0.427261,-0.178258,-0.482307,3.722592,False,0.071000
v6-2__H10__S0__P5__E7,v6-2,10,S0,P5,E7,E7,1107,854,845,0,5,0,248,0,1,8,1496,9,0,0,0,0,0,0,0,0,798,0,0,0,0,47,0,0,540,9,20,9,73,0.771454,0.341088,1968547.228170,2556276.137396,0.048006,0.067134,0.031245,0.016762,0.035890,0.049142,0.105221,0.498353,0.412458,-0.180060,-0.485588,3.506483,False,0.093000
v6-2__H20__S0__P5__E0,v6-2,20,S0,P5,E0,E0,1107,654,639,0,5,0,448,0,2,13,45,15,0,0,0,0,0,639,0,0,0,0,0,0,0,0,0,0,540,9,20,9,196,0.590786,0.524551,1259361.307558,1696088.856141,0.016093,0.037253,0.031245,-0.015151,0.006009,-0.028885,0.011455,0.182609,0.276976,-0.262211,-0.518351,1.976850,False,0.138000
v6-2__H20__S0__P5__E1_A1,v6-2,20,S0,P5,E1_A1,E1,1107,765,757,0,5,0,337,0,4,4,61,8,0,0,0,0,0,0,193,311,253,0,0,0,0,0,0,0,540,9,20,9,127,0.691057,0.285873,1284162.238276,1868341.042264,0.017466,0.044223,0.031245,-0.013779,0.012978,-0.048199,0.045398,0.203407,0.308220,-0.266388,-0.577888,2.001271,False,0.086000
v6-2__H20__S0__P5__E1_A10,v6-2,20,S0,P5,E1_A10,E1,1107,698,691,0,5,0,404,0,1,6,71,7,0,0,0,0,0,0,50,296,345,0,0,0,0,0,0,0,540,9,20,9,166,0.630533,0.348116,999044.820730,1715256.446533,-0.000066,0.038061,0.031245,-0.031311,0.006816,-0.089943,0.019580,0.066375,0.281808,-0.298984,-0.584842,1.191552,False,0.084000
v6-2__H20__S0__P5__E1_A11,v6-2,20,S0,P5,E1_A11,E1,1107,660,651,0,5,0,442,0,2,7,58,9,0,0,0,0,0,0,47,188,416,0,0,0,0,0,0,0,540,9,20,9,205,0.596206,0.310961,774180.457981,1272585.637810,-0.017564,0.016828,0.031245,-0.048808,-0.014416,-0.156959,-0.046361,-0.048553,0.187029,-0.397036,-0.618395,1.268035,False,0.085000
v6-2__H20__S0__P5__E1_A12,v6-2,20,S0,P5,E1_A12,E1,1107,679,667,0,5,0,423,0,2,10,76,12,0,0,0,0,0,0,53,121,493,0,0,0,0,0,0,0,540,9,20,9,183,0.613369,0.422132,999258.133630,1399570.434716,-0.000051,0.023546,0.031245,-0.031296,-0.007699,-0.074138,-0.018237,0.069138,0.216563,-0.312116,-0.554394,1.819288,False,0.091000
v6-2__H20__S0__P5__E1_A2,v6-2,20,S0,P5,E1_A2,E1,1107,728,718,0,5,0,374,0,5,5,53,10,0,0,0,0,0,0,187,203,328,0,0,0,0,0,0,0,540,9,20,9,164,0.657633,0.302141,1033910.075379,1419434.995448,0.002311,0.024545,0.031245,-0.028933,-0.006699,-0.095761,-0.022173,0.083877,0.221044,-0.322070,-0.642147,1.574795,False,0.089000
v6-2__H20__S0__P5__E1_A3,v6-2,20,S0,P5,E1_A3,E1,1107,790,779,0,5,0,312,0,4,7,74,11,0,0,0,0,0,0,231,130,418,0,0,0,0,0,0,0,540,9,20,9,138,0.713640,0.380262,1407225.089943,1746016.027727,0.023932,0.039339,0.031245,-0.007312,0.008094,-0.019229,0.021286,0.249978,0.286105,-0.286246,-0.544872,3.079553,False,0.143000
v6-2__H20__S0__P5__E1_A4,v6-2,20,S0,P5,E1_A4,E1,1107,750,741,0,5,0,352,0,4,5,66,9,0,0,0,0,0,0,137,312,292,0,0,0,0,0,0,0,540,9,20,9,132,0.677507,0.300260,1289726.485007,1937308.563727,0.017770,0.046846,0.031245,-0.013474,0.015602,-0.044875,0.051961,0.203242,0.319186,-0.272996,-0.554558,2.040176,False,0.111000
v6-2__H20__S0__P5__E1_A5,v6-2,20,S0,P5,E1_A5,E1,1107,709,698,0,5,0,393,0,5,6,58,11,0,0,0,0,0,0,133,205,360,0,0,0,0,0,0,0,540,9,20,9,167,0.640470,0.314259,1051572.780293,1513108.791968,0.003487,0.029088,0.031245,-0.027757,-0.002156,-0.088326,-0.006862,0.093711,0.240876,-0.330289,-0.618056,1.582469,False,0.087000
v6-2__H20__S0__P5__E1_A6,v6-2,20,S0,P5,E1_A6,E1,1107,765,751,0,5,0,337,0,5,9,75,14,0,0,0,0,0,0,155,134,462,0,0,0,0,0,0,0,540,9,20,9,134,0.691057,0.399750,1500344.966926,1940729.594704,0.028485,0.046974,0.031245,-0.002760,0.015730,-0.006904,0.039349,0.282151,0.318932,-0.271125,-0.496015,2.916312,False,0.097000
v6-2__H20__S0__P5__E1_A7,v6-2,20,S0,P5,E1_A7,E1,1107,721,715,0,5,0,381,0,1,5,70,6,0,0,0,0,0,0,75,311,329,0,0,0,0,0,0,0,540,9,20,9,148,0.651310,0.296638,974420.789818,1665383.680301,-0.001792,0.035942,0.031245,-0.033037,0.004698,-0.111371,0.015837,0.053620,0.271482,-0.332836,-0.586380,1.014066,False,0.118000
v6-2__H20__S0__P5__E1_A8,v6-2,20,S0,P5,E1_A8,E1,1107,693,683,0,5,0,409,0,4,6,61,10,0,0,0,0,0,0,81,202,400,0,0,0,0,0,0,0,540,9,20,9,182,0.626016,0.293812,935542.054062,1461404.129818,-0.004602,0.026614,0.031245,-0.035847,-0.004631,-0.122006,-0.015760,0.040340,0.230009,-0.350021,-0.624269,1.384706,False,0.130000
v6-2__H20__S0__P5__E1_A9,v6-2,20,S0,P5,E1_A9,E1,1107,741,729,0,5,0,361,0,3,9,77,12,0,0,0,0,0,0,92,134,503,0,0,0,0,0,0,0,540,9,20,9,152,0.669377,0.398498,1311005.992855,1769169.164798,0.018924,0.040287,0.031245,-0.012320,0.009043,-0.030917,0.022692,0.206574,0.289855,-0.288534,-0.518319,2.339811,False,0.097000
v6-2__H20__S0__P5__E2_B1,v6-2,20,S0,P5,E2_B1,E2,1107,702,691,0,5,0,400,0,5,6,58,11,36,0,0,0,0,0,116,198,377,0,0,0,0,0,0,0,540,9,20,9,175,0.634146,0.315953,1018624.991884,1509534.748309,0.001278,0.028920,0.031245,-0.029966,-0.002325,-0.094844,-0.007358,0.079098,0.240108,-0.334729,-0.606656,1.454862,False,0.109000
v6-2__H20__S0__P5__E2_B10,v6-2,20,S0,P5,E2_B10,E2,1107,747,737,0,5,0,355,0,5,5,54,10,35,0,0,0,0,0,183,198,356,0,0,0,0,0,0,0,540,9,20,9,146,0.674797,0.319869,1254411.933439,1662679.398975,0.015816,0.035826,0.031245,-0.015428,0.004581,-0.048234,0.014322,0.185791,0.270140,-0.289010,-0.595791,1.921981,False,0.120000
v6-2__H20__S0__P5__E2_B11,v6-2,20,S0,P5,E2_B11,E2,1107,673,665,0,5,0,429,0,2,6,59,8,40,0,0,0,0,0,67,191,407,0,0,0,0,0,0,0,540,9,20,9,188,0.607949,0.308032,846556.619859,1321234.845831,-0.011466,0.019473,0.031245,-0.042711,-0.011772,-0.138656,-0.038217,-0.006415,0.198922,-0.384917,-0.612112,1.192965,False,0.175000
v6-2__H20__S0__P5__E2_B12,v6-2,20,S0,P5,E2_B12,E2,1107,688,679,0,5,0,414,0,2,7,59,9,41,0,0,0,0,0,48,189,442,0,0,0,0,0,0,0,540,9,20,9,195,0.621500,0.320137,811564.426229,1312017.216216,-0.014351,0.018979,0.031245,-0.045595,-0.012266,-0.142424,-0.038315,-0.025196,0.196594,-0.396588,-0.608234,1.435698,False,0.119000
v6-2__H20__S0__P5__E2_B13,v6-2,20,S0,P5,E2_B13,E2,1107,729,720,0,5,0,373,0,4,5,67,9,33,0,0,0,0,0,116,306,298,0,0,0,0,0,0,0,540,9,20,9,142,0.658537,0.297242,1152241.762856,1837175.112206,0.009859,0.043007,0.031245,-0.021386,0.011763,-0.071947,0.039573,0.140761,0.302438,-0.276823,-0.562251,1.641937,False,0.113000
v6-2__H20__S0__P5__E2_B14,v6-2,20,S0,P5,E2_B14,E2,1107,732,718,0,5,0,370,0,5,9,75,14,42,0,0,0,0,0,126,130,462,0,0,0,0,0,0,0,540,9,20,9,155,0.661247,0.390071,1313670.750518,1738107.797887,0.019067,0.039012,0.031245,-0.012177,0.007768,-0.031218,0.019914,0.207960,0.284359,-0.286647,-0.527386,2.228320,False,0.129000
v6-2__H20__S0__P5__E2_B18,v6-2,20,S0,P5,E2_B18,E2,1107,717,706,0,5,0,385,0,5,6,56,11,38,0,0,0,0,0,126,202,378,0,0,0,0,0,0,0,540,9,20,9,157,0.647696,0.322893,1156256.793618,1638357.832504,0.010102,0.034770,0.031245,-0.021142,0.003525,-0.065478,0.010917,0.142173,0.265474,-0.309204,-0.587620,1.750489,False,0.179000
v6-2__H20__S0__P5__E2_B19,v6-2,20,S0,P5,E2_B19,E2,1107,692,683,0,5,0,410,0,2,7,60,9,41,0,0,0,0,0,52,190,441,0,0,0,0,0,0,0,540,9,20,9,191,0.625113,0.323403,882531.413474,1407443.690790,-0.008614,0.023944,0.031245,-0.039858,-0.007301,-0.123247,-0.022576,0.013687,0.218358,-0.364514,-0.606298,1.656356,False,0.081000
v6-2__H20__S0__P5__E2_B2,v6-2,20,S0,P5,E2_B2,E2,1107,718,707,0,5,0,384,0,5,6,56,11,36,0,0,0,0,0,121,200,386,0,0,0,0,0,0,0,540,9,20,9,168,0.648600,0.321553,1090530.752067,1562065.244316,0.006018,0.031359,0.031245,-0.025227,0.000115,-0.078453,0.000357,0.112435,0.250661,-0.313480,-0.592769,1.659462,False,0.121000
v6-2__H20__S0__P5__E2_B20,v6-2,20,S0,P5,E2_B20,E2,1107,727,716,0,5,0,375,0,5,6,56,11,36,0,0,0,0,0,130,198,388,0,0,0,0,0,0,0,540,9,20,9,154,0.656730,0.326839,1207484.534380,1669679.843959,0.013138,0.036127,0.031245,-0.018106,0.004883,-0.055398,0.014939,0.164674,0.271284,-0.297336,-0.578192,1.907044,False,0.153000
v6-2__H20__S0__P5__E2_B3,v6-2,20,S0,P5,E2_B3,E2,1107,712,701,0,5,0,390,0,5,6,56,11,38,0,0,0,0,0,125,200,376,0,0,0,0,0,0,0,540,9,20,9,161,0.643180,0.322110,1122759.452963,1599690.702411,0.008048,0.033060,0.031245,-0.023196,0.001816,-0.072013,0.005636,0.127125,0.258098,-0.309640,-0.589505,1.695633,False,0.179000
v6-2__H20__S0__P5__E2_B4,v6-2,20,S0,P5,E2_B4,E2,1107,702,691,0,5,0,400,0,5,6,58,11,36,0,0,0,0,0,116,198,377,0,0,0,0,0,0,0,540,9,20,9,175,0.634146,0.315953,1018624.991884,1509534.748309,0.001278,0.028920,0.031245,-0.029966,-0.002325,-0.094844,-0.007358,0.079098,0.240108,-0.334729,-0.606656,1.454862,False,0.074000
v6-2__H20__S0__P5__E2_B5,v6-2,20,S0,P5,E2_B5,E2,1107,702,691,0,5,0,400,0,5,6,58,11,36,0,0,0,0,0,116,198,377,0,0,0,0,0,0,0,540,9,20,9,175,0.634146,0.315953,1018624.991884,1509534.748309,0.001278,0.028920,0.031245,-0.029966,-0.002325,-0.094844,-0.007358,0.079098,0.240108,-0.334729,-0.606656,1.454862,False,0.119000
v6-2__H20__S0__P5__E2_B6,v6-2,20,S0,P5,E2_B6,E2,1107,714,703,0,5,0,388,0,5,6,58,11,36,0,0,0,0,0,127,200,376,0,0,0,0,0,0,0,540,9,20,9,164,0.644986,0.321400,1102799.910638,1592636.870551,0.006797,0.032744,0.031245,-0.024447,0.001500,-0.076065,0.004666,0.118048,0.256776,-0.317587,-0.591191,1.637292,False,0.120000
v6-2__H20__S0__P5__E2_B7,v6-2,20,S0,P5,E2_B7,E2,1107,704,693,0,5,0,398,0,5,6,58,11,36,0,0,0,0,0,113,199,381,0,0,0,0,0,0,0,540,9,20,9,174,0.635953,0.316509,1023259.970787,1517226.807585,0.001593,0.029282,0.031245,-0.029651,-0.001963,-0.093683,-0.006201,0.081451,0.241674,-0.334740,-0.605455,1.361485,False,0.118000
v6-2__H20__S0__P5__E2_B8,v6-2,20,S0,P5,E2_B8,E2,1107,716,705,0,5,0,386,0,5,6,58,11,36,0,0,0,0,0,117,183,405,0,0,0,0,0,0,0,540,9,20,9,180,0.646793,0.313413,958615.679313,1421545.946607,-0.002922,0.024650,0.031245,-0.034166,-0.006594,-0.109014,-0.021039,0.049995,0.221473,-0.357449,-0.610280,1.492845,False,0.183000
v6-2__H20__S0__P5__E2_B9,v6-2,20,S0,P5,E2_B9,E2,1107,712,702,0,5,0,390,0,5,5,55,10,35,0,0,0,0,0,141,196,365,0,0,0,0,0,0,0,540,9,20,9,171,0.643180,0.309337,1011542.519671,1461629.091170,0.000795,0.026625,0.031245,-0.030450,-0.004620,-0.098435,-0.014934,0.075567,0.230101,-0.326588,-0.603051,1.374589,False,0.174000
v6-2__H20__S0__P5__E3,v6-2,20,S0,P5,E3,E3,1107,769,761,0,5,0,333,0,1,7,3403,8,0,0,0,0,0,0,0,0,138,623,0,0,0,0,0,0,540,9,20,9,129,0.694670,0.382212,1245373.025133,2036002.934535,0.015308,0.050454,0.031245,-0.015937,0.019209,-0.041696,0.050258,0.189198,0.340917,-0.218231,-0.561972,1.353317,False,0.086000
v6-2__H20__S0__P5__E4,v6-2,20,S0,P5,E4,E4,1107,774,1148,0,5,0,328,0,3,13,2361,16,0,0,0,21,0,0,0,0,497,261,390,0,0,0,0,0,540,9,20,9,157,0.699187,0.474471,1310207.412710,1561109.979200,0.018881,0.031316,0.031245,-0.012363,0.000071,-0.026057,0.000150,0.212363,0.251655,-0.256408,-0.523655,9.351572,False,0.167000
v6-2__H20__S0__P5__E5,v6-2,20,S0,P5,E5,E5,1107,741,731,0,5,0,361,0,2,8,3387,10,0,0,0,0,0,0,0,0,366,0,0,365,0,0,0,0,540,9,20,9,162,0.669377,0.432232,1174685.636405,1745607.822621,0.011209,0.039322,0.031245,-0.020036,0.008078,-0.046355,0.018688,0.151271,0.288417,-0.210448,-0.543211,1.802451,False,0.095000
v6-2__H20__S0__P5__E6,v6-2,20,S0,P5,E6,E6,1107,888,878,0,5,0,214,0,1,9,2094,10,0,0,0,0,0,0,0,0,378,0,0,0,500,0,0,0,540,9,20,9,92,0.802168,0.401511,1649468.209035,2414465.330381,0.035254,0.062926,0.031245,0.004009,0.031681,0.009986,0.078905,0.354344,0.394749,-0.228004,-0.498735,2.661078,False,0.095000
v6-2__H20__S0__P5__E7,v6-2,20,S0,P5,E7,E7,1107,623,611,0,5,0,479,0,2,10,2360,12,0,0,0,0,0,0,0,0,451,0,0,0,0,160,0,0,540,9,20,9,177,0.562782,0.502450,1241881.552292,1759140.249699,0.015110,0.039878,0.031245,-0.016134,0.008633,-0.032111,0.017182,0.178709,0.289991,-0.260820,-0.506511,1.265976,False,0.158000
v6-2__H25__S0__P5__E0,v6-2,25,S0,P5,E0,E0,1107,650,635,0,5,0,452,0,1,14,40,15,0,0,0,0,0,635,0,0,0,0,0,0,0,0,0,0,540,9,20,9,203,0.587173,0.596930,1366639.842013,1630775.020908,0.021860,0.034437,0.031245,-0.009384,0.003193,-0.015721,0.005349,0.216738,0.263724,-0.292859,-0.513708,3.079582,False,0.167000
v6-2__H25__S0__P5__E1_A1,v6-2,25,S0,P5,E1_A1,E1,1107,807,785,0,5,0,295,0,18,4,63,22,0,0,0,0,0,0,240,344,201,0,0,0,0,0,0,0,540,9,20,9,118,0.728997,0.322340,1587048.552319,2179422.871122,0.032493,0.055416,0.031245,0.001248,0.024171,0.003872,0.074987,0.323180,0.356217,-0.224947,-0.574408,2.619065,False,0.141000
v6-2__H25__S0__P5__E1_A10,v6-2,25,S0,P5,E1_A10,E1,1107,756,749,0,5,0,346,0,1,6,69,7,0,0,0,0,0,0,86,336,327,0,0,0,0,0,0,0,540,9,20,9,139,0.682927,0.406204,1339107.963623,2008250.194282,0.020421,0.049456,0.031245,-0.010823,0.018212,-0.026645,0.044834,0.217694,0.330653,-0.252338,-0.547623,2.551759,False,0.097000
v6-2__H25__S0__P5__E1_A11,v6-2,25,S0,P5,E1_A11,E1,1107,689,679,0,5,0,413,0,3,7,61,10,0,0,0,0,0,0,82,219,378,0,0,0,0,0,0,0,540,9,20,9,179,0.622403,0.405574,1199521.789511,1743237.198063,0.012674,0.039224,0.031245,-0.018570,0.007980,-0.045788,0.019675,0.159490,0.284777,-0.262429,-0.577043,2.232375,False,0.096000
v6-2__H25__S0__P5__E1_A12,v6-2,25,S0,P5,E1_A12,E1,1107,700,687,0,5,0,402,0,3,10,76,13,0,0,0,0,0,0,87,148,452,0,0,0,0,0,0,0,540,9,20,9,166,0.632340,0.486500,1461138.028241,1938145.157846,0.026601,0.046878,0.031245,-0.004643,0.015633,-0.009545,0.032134,0.254310,0.317823,-0.265180,-0.512780,2.659421,False,0.120000
v6-2__H25__S0__P5__E1_A2,v6-2,25,S0,P5,E1_A2,E1,1107,742,725,0,5,0,360,0,12,5,57,17,0,0,0,0,0,0,212,237,276,0,0,0,0,0,0,0,540,9,20,9,150,0.670280,0.346755,1265317.796969,1707570.433627,0.016425,0.037738,0.031245,-0.014819,0.006494,-0.042738,0.018727,0.189901,0.278434,-0.272484,-0.622361,1.570569,False,0.089000
v6-2__H25__S0__P5__E1_A3,v6-2,25,S0,P5,E1_A3,E1,1107,763,743,0,5,0,339,0,12,8,74,20,0,0,0,0,0,0,242,156,345,0,0,0,0,0,0,0,540,9,20,9,138,0.689250,0.426893,1654083.845381,2048435.385514,0.035454,0.050897,0.031245,0.004210,0.019652,0.009861,0.046035,0.330107,0.334778,-0.260723,-0.559325,3.159044,False,0.150000
v6-2__H25__S0__P5__E1_A4,v6-2,25,S0,P5,E1_A4,E1,1107,816,801,0,5,0,286,0,10,5,65,15,0,0,0,0,0,0,186,349,266,0,0,0,0,0,0,0,540,9,20,9,114,0.737127,0.347275,1775729.018875,2444935.827548,0.040554,0.063849,0.031245,0.009309,0.032605,0.026807,0.093887,0.380882,0.391396,-0.214986,-0.530157,3.104356,False,0.148000
v6-2__H25__S0__P5__E1_A5,v6-2,25,S0,P5,E1_A5,E1,1107,754,740,0,5,0,348,0,8,6,58,14,0,0,0,0,0,0,172,236,332,0,0,0,0,0,0,0,540,9,20,9,147,0.681120,0.371582,1482068.951378,1985319.627751,0.027612,0.048622,0.031245,-0.003632,0.017378,-0.009775,0.046767,0.269144,0.324364,-0.257189,-0.588403,2.434388,False,0.099000
v6-2__H25__S0__P5__E1_A6,v6-2,25,S0,P5,E1_A6,E1,1107,770,753,0,5,0,332,0,8,9,75,17,0,0,0,0,0,0,188,159,406,0,0,0,0,0,0,0,540,9,20,9,128,0.695574,0.453576,1862829.083473,2296695.716562,0.044009,0.059252,0.031245,0.012765,0.028008,0.028142,0.061749,0.386839,0.369218,-0.247999,-0.506665,3.275243,False,0.106000
v6-2__H25__S0__P5__E1_A7,v6-2,25,S0,P5,E1_A7,E1,1107,791,779,0,5,0,311,0,7,5,69,12,0,0,0,0,0,0,122,349,308,0,0,0,0,0,0,0,540,9,20,9,128,0.714544,0.355282,1476825.498327,2138572.761551,0.027360,0.054034,0.031245,-0.003884,0.022790,-0.010933,0.064145,0.271146,0.349126,-0.251286,-0.543246,2.328144,False,0.082000
v6-2__H25__S0__P5__E1_A8,v6-2,25,S0,P5,E1_A8,E1,1107,709,698,0,5,0,393,0,5,6,61,11,0,0,0,0,0,0,116,228,354,0,0,0,0,0,0,0,540,9,20,9,166,0.640470,0.370088,1236123.294178,1727183.847634,0.014784,0.038559,0.031245,-0.016461,0.007314,-0.044478,0.019764,0.173955,0.281145,-0.272486,-0.584649,2.056051,False,0.097000
v6-2__H25__S0__P5__E1_A9,v6-2,25,S0,P5,E1_A9,E1,1107,740,726,0,5,0,362,0,5,9,75,14,0,0,0,0,0,0,127,156,443,0,0,0,0,0,0,0,540,9,20,9,148,0.668473,0.456260,1617057.163312,2052959.250445,0.033833,0.051057,0.031245,0.002588,0.019813,0.005672,0.043424,0.306214,0.334209,-0.267159,-0.502093,2.664036,False,0.148000
v6-2__H25__S0__P5__E2_B1,v6-2,25,S0,P5,E2_B1,E2,1107,752,740,0,5,0,350,0,6,6,61,12,42,0,0,0,0,0,156,237,347,0,0,0,0,0,0,0,540,9,20,9,155,0.679313,0.374955,1427231.708267,1955431.364342,0.024934,0.047522,0.031245,-0.006311,0.016277,-0.016831,0.043410,0.246260,0.319289,-0.263474,-0.579420,2.297134,False,0.112000
v6-2__H25__S0__P5__E2_B10,v6-2,25,S0,P5,E2_B10,E2,1107,788,764,0,5,0,314,0,19,5,56,24,40,0,0,0,0,0,218,236,310,0,0,0,0,0,0,0,540,9,20,9,136,0.711834,0.369658,1628097.943706,2084056.472096,0.034320,0.052152,0.031245,0.003075,0.020907,0.008319,0.056558,0.322701,0.339321,-0.261577,-0.593174,2.492369,False,0.138000
v6-2__H25__S0__P5__E2_B11,v6-2,25,S0,P5,E2_B11,E2,1107,715,703,0,5,0,387,0,6,6,61,12,48,0,0,0,0,0,98,228,377,0,0,0,0,0,0,0,540,9,20,9,169,0.645890,0.364539,1172076.149334,1681001.927320,0.011053,0.036612,0.031245,-0.020192,0.005368,-0.055390,0.014724,0.148253,0.272282,-0.337747,-0.568133,1.812785,False,0.200000
v6-2__H25__S0__P5__E2_B12,v6-2,25,S0,P5,E2_B12,E2,1107,691,681,0,5,0,411,0,3,7,60,10,47,0,0,0,0,0,64,220,397,0,0,0,0,0,0,0,540,9,20,9,183,0.624210,0.408397,1112098.502010,1619913.272237,0.007383,0.033959,0.031245,-0.023862,0.002714,-0.058428,0.006646,0.123895,0.261875,-0.321184,-0.564243,1.795837,False,0.207000
v6-2__H25__S0__P5__E2_B13,v6-2,25,S0,P5,E2_B13,E2,1107,802,786,0,5,0,300,0,11,5,67,16,42,0,0,0,0,0,167,348,271,0,0,0,0,0,0,0,540,9,20,9,120,0.724481,0.347856,1707134.587719,2369400.366613,0.037720,0.061540,0.031245,0.006475,0.030296,0.018615,0.087093,0.350778,0.381038,-0.228082,-0.536007,2.958596,False,0.202000
v6-2__H25__S0__P5__E2_B14,v6-2,25,S0,P5,E2_B14,E2,1107,747,731,0,5,0,355,0,7,9,74,16,49,0,0,0,0,0,165,151,415,0,0,0,0,0,0,0,540,9,20,9,141,0.674797,0.450342,1754041.979762,2201808.390250,0.039669,0.056163,0.031245,0.008424,0.024918,0.018707,0.055332,0.350455,0.356068,-0.253350,-0.512600,2.978540,False,0.137000
v6-2__H25__S0__P5__E2_B18,v6-2,25,S0,P5,E2_B18,E2,1107,768,754,0,5,0,334,0,8,6,59,14,46,0,0,0,0,0,159,241,354,0,0,0,0,0,0,0,540,9,20,9,142,0.693767,0.384709,1675232.336671,2206686.439856,0.036365,0.056325,0.031245,0.005121,0.025080,0.013311,0.065193,0.329887,0.356117,-0.238812,-0.555584,2.408534,False,0.137000
v6-2__H25__S0__P5__E2_B19,v6-2,25,S0,P5,E2_B19,E2,1107,699,689,0,5,0,403,0,3,7,60,10,48,0,0,0,0,0,70,221,398,0,0,0,0,0,0,0,540,9,20,9,171,0.631436,0.424616,1265206.863774,1807649.127518,0.016419,0.041838,0.031245,-0.014826,0.010593,-0.034915,0.024948,0.184907,0.295895,-0.254786,-0.556335,2.066940,False,0.211000
v6-2__H25__S0__P5__E2_B2,v6-2,25,S0,P5,E2_B2,E2,1107,754,740,0,5,0,348,0,8,6,58,14,44,0,0,0,0,0,159,234,347,0,0,0,0,0,0,0,540,9,20,9,152,0.681120,0.379694,1524946.170755,2024671.371087,0.029643,0.050048,0.031245,-0.001601,0.018803,-0.004217,0.049523,0.280536,0.329634,-0.250005,-0.570229,2.443366,False,0.112000
v6-2__H25__S0__P5__E2_B20,v6-2,25,S0,P5,E2_B20,E2,1107,772,758,0,5,0,330,0,8,6,60,14,44,0,0,0,0,0,173,239,346,0,0,0,0,0,0,0,540,9,20,9,141,0.697380,0.384973,1666076.991642,2167054.374909,0.035972,0.055000,0.031245,0.004728,0.023756,0.012281,0.061707,0.329058,0.350651,-0.241167,-0.562241,2.631018,False,0.145000
v6-2__H25__S0__P5__E2_B3,v6-2,25,S0,P5,E2_B3,E2,1107,767,753,0,5,0,335,0,8,6,59,14,46,0,0,0,0,0,164,240,349,0,0,0,0,0,0,0,540,9,20,9,143,0.692864,0.383759,1669532.169864,2188752.449286,0.036121,0.055728,0.031245,0.004876,0.024484,0.012707,0.063799,0.328590,0.353739,-0.239016,-0.557877,2.518666,False,0.142000
v6-2__H25__S0__P5__E2_B4,v6-2,25,S0,P5,E2_B4,E2,1107,752,740,0,5,0,350,0,6,6,61,12,42,0,0,0,0,0,156,237,347,0,0,0,0,0,0,0,540,9,20,9,155,0.679313,0.374955,1427231.708267,1955431.364342,0.024934,0.047522,0.031245,-0.006311,0.016277,-0.016831,0.043410,0.246260,0.319289,-0.263474,-0.579420,2.297134,False,0.166000
v6-2__H25__S0__P5__E2_B5,v6-2,25,S0,P5,E2_B5,E2,1107,752,740,0,5,0,350,0,6,6,61,12,42,0,0,0,0,0,156,237,347,0,0,0,0,0,0,0,540,9,20,9,155,0.679313,0.374955,1427231.708267,1955431.364342,0.024934,0.047522,0.031245,-0.006311,0.016277,-0.016831,0.043410,0.246260,0.319289,-0.263474,-0.579420,2.297134,False,0.191000
v6-2__H25__S0__P5__E2_B6,v6-2,25,S0,P5,E2_B6,E2,1107,768,754,0,5,0,334,0,8,6,60,14,44,0,0,0,0,0,172,239,343,0,0,0,0,0,0,0,540,9,20,9,146,0.693767,0.380746,1593352.446082,2130879.017086,0.032776,0.053771,0.031245,0.001532,0.022527,0.004023,0.059165,0.304556,0.345886,-0.254562,-0.570420,2.550399,False,0.141000
v6-2__H25__S0__P5__E2_B7,v6-2,25,S0,P5,E2_B7,E2,1107,746,734,0,5,0,356,0,6,6,60,12,42,0,0,0,0,0,144,236,354,0,0,0,0,0,0,0,540,9,20,9,152,0.673893,0.377020,1418428.022188,1951283.353273,0.024495,0.047368,0.031245,-0.006750,0.016123,-0.017903,0.042764,0.242884,0.318567,-0.259959,-0.573233,2.068048,False,0.139000
v6-2__H25__S0__P5__E2_B8,v6-2,25,S0,P5,E2_B8,E2,1107,737,725,0,5,0,365,0,6,6,59,12,42,0,0,0,0,0,148,216,361,0,0,0,0,0,0,0,540,9,20,9,156,0.665763,0.375821,1399625.025691,1919061.176641,0.023549,0.046161,0.031245,-0.007696,0.014916,-0.020477,0.039690,0.235912,0.313364,-0.280444,-0.586625,2.009485,False,0.137000
v6-2__H25__S0__P5__E2_B9,v6-2,25,S0,P5,E2_B9,E2,1107,740,726,0,5,0,362,0,9,5,58,14,38,0,0,0,0,0,171,234,321,0,0,0,0,0,0,0,540,9,20,9,159,0.668473,0.360467,1291979.492474,1781528.024804,0.017893,0.040789,0.031245,-0.013351,0.009544,-0.037038,0.026477,0.196853,0.290860,-0.276283,-0.590825,1.766931,False,0.131000
v6-2__H25__S0__P5__E3,v6-2,25,S0,P5,E3,E3,1107,768,759,0,5,0,334,0,2,7,3400,9,0,0,0,0,0,0,0,0,75,684,0,0,0,0,0,0,540,9,20,9,131,0.693767,0.395141,1215123.600257,1922882.977992,0.013581,0.046305,0.031245,-0.017664,0.015060,-0.044703,0.038114,0.174287,0.321778,-0.202260,-0.551216,1.154705,False,0.093000
v6-2__H25__S0__P5__E4,v6-2,25,S0,P5,E4,E4,1107,739,1122,0,5,0,363,0,4,14,2376,18,0,0,0,24,0,0,0,0,388,333,401,0,0,0,0,0,540,9,20,9,191,0.667570,0.487302,1158511.930671,1320573.030775,0.010238,0.019437,0.031245,-0.021006,-0.011807,-0.043107,-0.024230,0.143534,0.198091,-0.339028,-0.580010,9.769829,False,0.181000
v6-2__H25__S0__P5__E5,v6-2,25,S0,P5,E5,E5,1107,777,760,0,5,0,325,0,9,8,3382,17,0,0,0,0,0,0,0,0,318,0,0,442,0,0,0,0,540,9,20,9,153,0.701897,0.483766,1269804.284708,1760110.653923,0.016674,0.039918,0.031245,-0.014570,0.008673,-0.030119,0.017928,0.190519,0.289666,-0.265134,-0.512125,1.683289,False,0.161000
v6-2__H25__S0__P5__E6,v6-2,25,S0,P5,E6,E6,1107,971,951,0,5,0,131,0,11,9,2081,20,0,0,0,0,0,0,0,0,408,0,0,0,543,0,0,0,540,9,20,9,84,0.877145,0.461976,2003945.608238,2815337.134859,0.049300,0.074290,0.031245,0.018056,0.043045,0.039084,0.093176,0.458216,0.441296,-0.189072,-0.469588,3.177018,False,0.162000
v6-2__H25__S0__P5__E7,v6-2,25,S0,P5,E7,E7,1107,624,613,0,5,0,478,0,1,10,2352,11,0,0,0,0,0,0,0,0,371,0,0,0,0,242,0,0,540,9,20,9,179,0.563686,0.545916,1328038.058011,1785263.229158,0.019835,0.040940,0.031245,-0.011409,0.009695,-0.020900,0.017759,0.207881,0.292927,-0.261480,-0.489869,1.422539,False,0.177000
v6-3__H10__S0__P5__E0,v6-3,10,S0,P5,E0,E0,421,333,324,0,4,0,84,0,1,8,11,9,0,0,0,0,0,324,0,0,0,0,0,0,0,0,0,0,246,4,16,4,30,0.790974,0.232462,1530005.885709,2080757.359069,0.029880,0.052036,0.031245,-0.001365,0.020792,-0.005872,0.089441,0.408818,0.353749,-0.159220,-0.502117,3.060708,False,0.037000
v6-3__H10__S0__P5__E1_A1,v6-3,10,S0,P5,E1_A1,E1,421,334,329,0,4,0,83,0,1,4,28,5,0,0,0,0,0,0,45,93,191,0,0,0,0,0,0,0,246,4,16,4,32,0.793349,0.163033,1218873.370997,1724578.235311,0.013797,0.038450,0.031245,-0.017448,0.007206,-0.107019,0.044198,0.227958,0.289621,-0.169098,-0.543571,1.331132,False,0.033000
v6-3__H10__S0__P5__E1_A10,v6-3,10,S0,P5,E1_A10,E1,421,328,321,0,4,0,89,0,1,6,32,7,0,0,0,0,0,0,6,91,224,0,0,0,0,0,0,0,246,4,16,4,32,0.779097,0.193230,1153355.267383,1677059.755815,0.009926,0.036444,0.031245,-0.021318,0.005199,-0.110325,0.026906,0.171535,0.280256,-0.188519,-0.533492,1.227610,False,0.036000
v6-3__H10__S0__P5__E1_A11,v6-3,10,S0,P5,E1_A11,E1,421,337,329,0,4,0,80,0,1,7,26,8,0,0,0,0,0,0,6,59,264,0,0,0,0,0,0,0,246,4,16,4,34,0.800475,0.210366,1226822.323413,1718107.477424,0.014253,0.038180,0.031245,-0.016991,0.006936,-0.080770,0.032969,0.230570,0.288778,-0.193050,-0.535941,1.621060,False,0.037000
v6-3__H10__S0__P5__E1_A12,v6-3,10,S0,P5,E1_A12,E1,421,342,333,0,4,0,75,0,1,8,23,9,0,0,0,0,0,0,8,27,298,0,0,0,0,0,0,0,246,4,16,4,29,0.812352,0.227644,1383461.998758,1878015.486934,0.022726,0.044596,0.031245,-0.008519,0.013352,-0.037421,0.058651,0.335717,0.319336,-0.186705,-0.505097,2.479461,False,0.037000
v6-3__H10__S0__P5__E1_A2,v6-3,10,S0,P5,E1_A2,E1,421,335,329,0,4,0,82,0,1,5,24,6,0,0,0,0,0,0,47,63,219,0,0,0,0,0,0,0,246,4,16,4,31,0.795724,0.181122,1270183.437956,1740069.903895,0.016695,0.039093,0.031245,-0.014549,0.007849,-0.080329,0.043335,0.267137,0.292871,-0.164759,-0.548088,1.371462,False,0.036000
v6-3__H10__S0__P5__E1_A3,v6-3,10,S0,P5,E1_A3,E1,421,345,338,0,4,0,72,0,1,6,22,7,0,0,0,0,0,0,58,28,252,0,0,0,0,0,0,0,246,4,16,4,29,0.819477,0.197732,1443036.740524,1919359.757070,0.025715,0.046172,0.031245,-0.005529,0.014928,-0.027963,0.075494,0.386643,0.326673,-0.150032,-0.515088,2.640162,False,0.033000
v6-3__H10__S0__P5__E1_A4,v6-3,10,S0,P5,E1_A4,E1,421,337,331,0,4,0,80,0,1,5,31,6,0,0,0,0,0,0,30,95,206,0,0,0,0,0,0,0,246,4,16,4,31,0.800475,0.167507,1272724.355868,1811584.804686,0.016836,0.041995,0.031245,-0.014409,0.010750,-0.086018,0.064179,0.271707,0.306447,-0.169166,-0.522491,1.581821,False,0.035000
v6-3__H10__S0__P5__E1_A5,v6-3,10,S0,P5,E1_A5,E1,421,335,328,0,4,0,82,0,1,6,25,7,0,0,0,0,0,0,29,62,237,0,0,0,0,0,0,0,246,4,16,4,32,0.795724,0.185484,1335925.712773,1838394.149927,0.020253,0.043055,0.031245,-0.010991,0.011811,-0.059257,0.063675,0.318023,0.311703,-0.174281,-0.528150,1.579949,False,0.033000
v6-3__H10__S0__P5__E1_A6,v6-3,10,S0,P5,E1_A6,E1,421,345,337,0,4,0,72,0,1,7,22,8,0,0,0,0,0,0,35,27,275,0,0,0,0,0,0,0,246,4,16,4,28,0.819477,0.202575,1512270.871805,2024151.821202,0.029049,0.050029,0.031245,-0.002196,0.018785,-0.010840,0.092730,0.430577,0.344645,-0.167917,-0.493816,2.899898,False,0.051000
v6-3__H10__S0__P5__E1_A7,v6-3,10,S0,P5,E1_A7,E1,421,327,321,0,4,0,90,0,1,5,31,6,0,0,0,0,0,0,13,95,213,0,0,0,0,0,0,0,246,4,16,4,31,0.776722,0.169067,1201890.002862,1741261.343142,0.012813,0.039143,0.031245,-0.018432,0.007898,-0.109021,0.046716,0.212021,0.292622,-0.178270,-0.526535,1.060705,False,0.032000
v6-3__H10__S0__P5__E1_A8,v6-3,10,S0,P5,E1_A8,E1,421,334,327,0,4,0,83,0,1,6,25,7,0,0,0,0,0,0,13,62,252,0,0,0,0,0,0,0,246,4,16,4,32,0.793349,0.187083,1261604.464417,1763569.526136,0.016218,0.040059,0.031245,-0.015026,0.008814,-0.080319,0.047115,0.258592,0.297219,-0.183257,-0.532041,1.375730,False,0.049000
v6-3__H10__S0__P5__E1_A9,v6-3,10,S0,P5,E1_A9,E1,421,339,331,0,4,0,78,0,1,7,22,8,0,0,0,0,0,0,15,27,289,0,0,0,0,0,0,0,246,4,16,4,29,0.805226,0.204176,1424720.059560,1941812.692282,0.024809,0.047015,0.031245,-0.006436,0.015770,-0.031521,0.077238,0.365202,0.330130,-0.177255,-0.497731,2.509254,False,0.035000
v6-3__H10__S0__P5__E2_B1,v6-3,10,S0,P5,E2_B1,E2,421,337,330,0,4,0,80,0,1,6,25,7,8,0,0,0,0,0,24,60,246,0,0,0,0,0,0,0,246,4,16,4,32,0.800475,0.186893,1351489.078705,1863082.357560,0.021072,0.044019,0.031245,-0.010173,0.012774,-0.054431,0.068351,0.323497,0.316031,-0.173101,-0.520607,1.818939,False,0.042000
v6-3__H10__S0__P5__E2_B10,v6-3,10,S0,P5,E2_B10,E2,421,335,329,0,4,0,82,0,1,5,23,6,7,0,0,0,0,0,44,59,226,0,0,0,0,0,0,0,246,4,16,4,32,0.795724,0.182861,1370281.693334,1862866.726572,0.022048,0.044011,0.031245,-0.009196,0.012766,-0.050290,0.069813,0.337869,0.316124,-0.158247,-0.522110,1.710755,False,0.043000
v6-3__H10__S0__P5__E2_B11,v6-3,10,S0,P5,E2_B11,E2,421,333,326,0,4,0,84,0,1,6,25,7,7,0,0,0,0,0,10,59,257,0,0,0,0,0,0,0,246,4,16,4,32,0.790974,0.187823,1280975.308715,1783008.325206,0.017291,0.040849,0.031245,-0.013954,0.009604,-0.074292,0.051133,0.270494,0.300800,-0.180828,-0.525421,1.566956,False,0.062000
v6-3__H10__S0__P5__E2_B12,v6-3,10,S0,P5,E2_B12,E2,421,336,328,0,4,0,81,0,1,7,26,8,8,0,0,0,0,0,6,57,265,0,0,0,0,0,0,0,246,4,16,4,32,0.798100,0.211107,1260656.301381,1753940.918929,0.016165,0.039665,0.031245,-0.015079,0.008420,-0.071429,0.039886,0.254749,0.295787,-0.189315,-0.524679,1.727838,False,0.042000
v6-3__H10__S0__P5__E2_B13,v6-3,10,S0,P5,E2_B13,E2,421,331,325,0,4,0,86,0,1,5,30,6,8,0,0,0,0,0,22,92,211,0,0,0,0,0,0,0,246,4,16,4,32,0.786223,0.168306,1253143.227919,1796126.383987,0.015745,0.041377,0.031245,-0.015500,0.010132,-0.092092,0.060202,0.252422,0.303379,-0.172890,-0.527697,1.435859,False,0.042000
v6-3__H10__S0__P5__E2_B14,v6-3,10,S0,P5,E2_B14,E2,421,345,337,0,4,0,72,0,1,7,23,8,10,0,0,0,0,0,27,27,283,0,0,0,0,0,0,0,246,4,16,4,29,0.819477,0.203347,1468781.750287,1982962.701512,0.026972,0.048536,0.031245,-0.004273,0.017291,-0.021011,0.085034,0.395750,0.337439,-0.172758,-0.498625,2.797719,False,0.046000
v6-3__H10__S0__P5__E2_B18,v6-3,10,S0,P5,E2_B18,E2,421,337,330,0,4,0,80,0,1,6,26,7,9,0,0,0,0,0,24,60,246,0,0,0,0,0,0,0,246,4,16,4,32,0.800475,0.186569,1369571.466341,1881258.093164,0.022012,0.044721,0.031245,-0.009233,0.013476,-0.049487,0.072232,0.337990,0.319409,-0.171188,-0.519990,1.742552,False,0.062000
v6-3__H10__S0__P5__E2_B19,v6-3,10,S0,P5,E2_B19,E2,421,337,329,0,4,0,80,0,1,7,26,8,9,0,0,0,0,0,7,57,265,0,0,0,0,0,0,0,246,4,16,4,32,0.800475,0.211113,1274817.850426,1772553.167416,0.016952,0.040425,0.031245,-0.014293,0.009180,-0.067703,0.043485,0.265591,0.299418,-0.187296,-0.523791,1.775477,False,0.044000
v6-3__H10__S0__P5__E2_B2,v6-3,10,S0,P5,E2_B2,E2,421,340,333,0,4,0,77,0,1,6,26,7,9,0,0,0,0,0,25,60,248,0,0,0,0,0,0,0,246,4,16,4,32,0.807601,0.186801,1364388.077347,1871822.962467,0.021743,0.044357,0.031245,-0.009501,0.013113,-0.050862,0.070197,0.333961,0.317672,-0.171698,-0.519505,1.836472,False,0.042000
v6-3__H10__S0__P5__E2_B20,v6-3,10,S0,P5,E2_B20,E2,421,339,332,0,4,0,78,0,1,6,26,7,9,0,0,0,0,0,29,60,243,0,0,0,0,0,0,0,246,4,16,4,32,0.805226,0.186665,1388430.878569,1903073.636050,0.022980,0.045555,0.031245,-0.008265,0.014311,-0.044276,0.076664,0.352272,0.323388,-0.168739,-0.514826,1.830658,False,0.040000
v6-3__H10__S0__P5__E2_B3,v6-3,10,S0,P5,E2_B3,E2,421,337,330,0,4,0,80,0,1,6,26,7,9,0,0,0,0,0,26,60,244,0,0,0,0,0,0,0,246,4,16,4,32,0.800475,0.186569,1368933.716089,1880619.759311,0.021979,0.044696,0.031245,-0.009266,0.013452,-0.049664,0.072101,0.337548,0.319292,-0.171188,-0.519990,1.735078,False,0.044000
v6-3__H10__S0__P5__E2_B4,v6-3,10,S0,P5,E2_B4,E2,421,337,330,0,4,0,80,0,1,6,25,7,8,0,0,0,0,0,24,60,246,0,0,0,0,0,0,0,246,4,16,4,32,0.800475,0.186893,1351489.078705,1863082.357560,0.021072,0.044019,0.031245,-0.010173,0.012774,-0.054431,0.068351,0.323497,0.316031,-0.173101,-0.520607,1.818939,False,0.041000
v6-3__H10__S0__P5__E2_B5,v6-3,10,S0,P5,E2_B5,E2,421,337,330,0,4,0,80,0,1,6,25,7,8,0,0,0,0,0,24,60,246,0,0,0,0,0,0,0,246,4,16,4,32,0.800475,0.186893,1351489.078705,1863082.357560,0.021072,0.044019,0.031245,-0.010173,0.012774,-0.054431,0.068351,0.323497,0.316031,-0.173101,-0.520607,1.818939,False,0.044000
v6-3__H10__S0__P5__E2_B6,v6-3,10,S0,P5,E2_B6,E2,421,339,332,0,4,0,78,0,1,6,25,7,8,0,0,0,0,0,28,60,244,0,0,0,0,0,0,0,246,4,16,4,32,0.805226,0.186760,1374779.746551,1893176.659937,0.022280,0.045178,0.031245,-0.008964,0.013933,-0.047999,0.074605,0.341146,0.321557,-0.170200,-0.516183,1.894292,False,0.044000
v6-3__H10__S0__P5__E2_B7,v6-3,10,S0,P5,E2_B7,E2,421,337,330,0,4,0,80,0,1,6,25,7,8,0,0,0,0,0,22,60,248,0,0,0,0,0,0,0,246,4,16,4,32,0.800475,0.186893,1352126.828957,1863720.691414,0.021105,0.044044,0.031245,-0.010139,0.012799,-0.054253,0.068484,0.323942,0.316148,-0.173101,-0.520607,1.826150,False,0.046000
v6-3__H10__S0__P5__E2_B8,v6-3,10,S0,P5,E2_B8,E2,421,338,331,0,4,0,79,0,1,6,25,7,8,0,0,0,0,0,24,58,249,0,0,0,0,0,0,0,246,4,16,4,32,0.802850,0.186790,1341488.558003,1852421.645627,0.020547,0.043604,0.031245,-0.010698,0.012360,-0.057271,0.066169,0.316203,0.314052,-0.173909,-0.522241,1.867906,False,0.060000
v6-3__H10__S0__P5__E2_B9,v6-3,10,S0,P5,E2_B9,E2,421,335,329,0,4,0,82,0,1,5,23,6,7,0,0,0,0,0,35,59,235,0,0,0,0,0,0,0,246,4,16,4,32,0.795724,0.183610,1377357.276173,1864948.369389,0.022413,0.044091,0.031245,-0.008832,0.012847,-0.048100,0.069968,0.341096,0.316385,-0.158105,-0.524370,1.758433,False,0.029000
v6-3__H10__S0__P5__E3,v6-3,10,S0,P5,E3,E3,421,326,319,0,4,0,91,0,1,6,3346,7,0,0,0,0,0,0,0,0,155,164,0,0,0,0,0,0,246,4,16,4,32,0.774347,0.188464,1193815.233537,1809575.775620,0.012340,0.041915,0.031245,-0.018904,0.010670,-0.100308,0.056617,0.207833,0.307443,-0.174124,-0.532374,1.217252,False,0.043000
v6-3__H10__S0__P5__E4,v6-3,10,S0,P5,E4,E4,421,347,473,0,4,0,70,0,1,8,2330,9,0,0,0,8,0,0,0,0,303,35,135,0,0,0,0,0,246,4,16,4,34,0.824228,0.196224,1329407.190145,1866769.422058,0.019908,0.044162,0.031245,-0.011337,0.012917,-0.057774,0.065829,0.303209,0.317454,-0.151746,-0.513756,6.176194,False,0.041000
v6-3__H10__S0__P5__E5,v6-3,10,S0,P5,E5,E5,421,328,320,0,4,0,89,0,1,7,2486,8,0,0,0,0,0,0,0,0,220,0,0,100,0,0,0,0,246,4,16,4,33,0.779097,0.208376,1269801.591257,1815320.827178,0.016674,0.042144,0.031245,-0.014571,0.010899,-0.069924,0.052305,0.261976,0.308195,-0.157419,-0.521604,1.560358,False,0.044000
v6-3__H10__S0__P5__E6,v6-3,10,S0,P5,E6,E6,421,369,361,0,4,0,48,0,1,7,1991,8,0,0,0,0,0,0,0,0,170,0,0,0,191,0,0,0,246,4,16,4,24,0.876485,0.208122,1590887.160530,2119506.637952,0.032665,0.053381,0.031245,0.001421,0.022136,0.006827,0.106363,0.478198,0.362326,-0.159471,-0.499753,2.717281,False,0.032000
v6-3__H10__S0__P5__E7,v6-3,10,S0,P5,E7,E7,421,332,323,0,4,0,85,0,1,8,1454,9,0,0,0,0,0,0,0,0,310,0,0,0,0,13,0,0,246,4,16,4,30,0.788599,0.230819,1515477.490694,2085921.873200,0.029200,0.052217,0.031245,-0.002045,0.020972,-0.008860,0.090860,0.404373,0.354966,-0.159240,-0.506164,3.040324,False,0.045000
v6-3__H20__S0__P5__E0,v6-3,20,S0,P5,E0,E0,421,282,268,0,4,0,135,0,3,11,16,14,0,0,0,0,0,268,0,0,0,0,0,0,0,0,0,0,246,4,16,4,40,0.669834,0.404951,1996373.109901,2711600.025048,0.049025,0.071501,0.031245,0.017781,0.040256,0.043908,0.099411,0.511190,0.438944,-0.194597,-0.511383,3.165636,False,0.063000
v6-3__H20__S0__P5__E1_A1,v6-3,20,S0,P5,E1_A1,E1,421,326,319,0,4,0,91,0,3,4,35,7,0,0,0,0,0,0,93,128,98,0,0,0,0,0,0,0,246,4,16,4,34,0.774347,0.197929,1520710.868370,2053915.486288,0.029445,0.051091,0.031245,-0.001799,0.019846,-0.009091,0.100271,0.387756,0.346592,-0.189529,-0.562800,1.860692,False,0.041000
v6-3__H20__S0__P5__E1_A10,v6-3,20,S0,P5,E1_A10,E1,421,319,310,0,4,0,98,0,3,6,45,9,0,0,0,0,0,0,40,133,137,0,0,0,0,0,0,0,246,4,16,4,37,0.757720,0.237147,1558278.658200,2190760.996535,0.031186,0.055795,0.031245,-0.000059,0.024551,-0.000247,0.103525,0.384031,0.367809,-0.215680,-0.575639,1.844674,False,0.064000
v6-3__H20__S0__P5__E1_A11,v6-3,20,S0,P5,E1_A11,E1,421,325,315,0,4,0,92,0,3,7,36,10,0,0,0,0,0,0,41,98,176,0,0,0,0,0,0,0,246,4,16,4,38,0.771971,0.260329,1558238.585912,2111492.574820,0.031184,0.053105,0.031245,-0.000060,0.021860,-0.000232,0.083972,0.374173,0.354990,-0.208944,-0.601325,2.053793,False,0.064000
v6-3__H20__S0__P5__E1_A12,v6-3,20,S0,P5,E1_A12,E1,421,320,309,0,4,0,97,0,3,8,33,11,0,0,0,0,0,0,44,50,215,0,0,0,0,0,0,0,246,4,16,4,34,0.760095,0.286347,1876153.279344,2476786.492778,0.044524,0.064803,0.031245,0.013280,0.033558,0.046377,0.117195,0.508102,0.407589,-0.188102,-0.540216,2.810004,False,0.044000
v6-3__H20__S0__P5__E1_A2,v6-3,20,S0,P5,E1_A2,E1,421,334,326,0,4,0,83,0,3,5,28,8,0,0,0,0,0,0,99,95,132,0,0,0,0,0,0,0,246,4,16,4,38,0.793349,0.220344,1488668.929464,1941095.415827,0.027929,0.046988,0.031245,-0.003316,0.015743,-0.015049,0.071450,0.359624,0.327341,-0.182729,-0.591369,2.158459,False,0.043000
v6-3__H20__S0__P5__E1_A3,v6-3,20,S0,P5,E1_A3,E1,421,336,327,0,4,0,81,0,3,6,27,9,0,0,0,0,0,0,111,51,165,0,0,0,0,0,0,0,246,4,16,4,30,0.798100,0.245737,1896746.983758,2418636.725987,0.045314,0.063053,0.031245,0.014070,0.031808,0.057255,0.129441,0.552150,0.401035,-0.151075,-0.515841,3.354754,False,0.045000
v6-3__H20__S0__P5__E1_A4,v6-3,20,S0,P5,E1_A4,E1,421,325,317,0,4,0,92,0,3,5,37,8,0,0,0,0,0,0,70,130,117,0,0,0,0,0,0,0,246,4,16,4,33,0.771971,0.207459,1617793.054237,2165294.307315,0.033865,0.054941,0.031245,0.002621,0.023696,0.012632,0.114221,0.432976,0.363489,-0.180994,-0.554018,2.104552,False,0.041000
v6-3__H20__S0__P5__E1_A5,v6-3,20,S0,P5,E1_A5,E1,421,332,323,0,4,0,85,0,3,6,30,9,0,0,0,0,0,0,73,96,154,0,0,0,0,0,0,0,246,4,16,4,35,0.788599,0.230881,1597632.059660,2061948.474389,0.032968,0.051375,0.031245,0.001723,0.020131,0.007465,0.087190,0.407805,0.346627,-0.183610,-0.587725,2.233649,False,0.044000
v6-3__H20__S0__P5__E1_A6,v6-3,20,S0,P5,E1_A6,E1,421,336,326,0,4,0,81,0,3,7,28,10,0,0,0,0,0,0,84,50,192,0,0,0,0,0,0,0,246,4,16,4,27,0.798100,0.256147,2008105.608293,2534454.123511,0.049451,0.066501,0.031245,0.018206,0.035256,0.071078,0.137641,0.588605,0.415511,-0.153245,-0.506918,3.308398,False,0.047000
v6-3__H20__S0__P5__E1_A7,v6-3,20,S0,P5,E1_A7,E1,421,320,312,0,4,0,97,0,3,5,41,8,0,0,0,0,0,0,55,132,125,0,0,0,0,0,0,0,246,4,16,4,36,0.760095,0.210971,1552823.048384,2179003.293017,0.030936,0.055402,0.031245,-0.000309,0.024157,-0.001465,0.114505,0.385029,0.365451,-0.220361,-0.567158,1.999582,False,0.059000
v6-3__H20__S0__P5__E1_A8,v6-3,20,S0,P5,E1_A8,E1,421,326,317,0,4,0,91,0,3,6,33,9,0,0,0,0,0,0,55,98,164,0,0,0,0,0,0,0,246,4,16,4,39,0.774347,0.234576,1547280.470181,2086292.379243,0.030680,0.052230,0.031245,-0.000564,0.020985,-0.002405,0.089460,0.371162,0.350368,-0.208274,-0.593780,2.041693,False,0.044000
v6-3__H20__S0__P5__E1_A9,v6-3,20,S0,P5,E1_A9,E1,421,327,317,0,4,0,90,0,3,7,29,10,0,0,0,0,0,0,63,50,204,0,0,0,0,0,0,0,246,4,16,4,29,0.776722,0.261162,1967781.239940,2570229.908628,0.047978,0.067536,0.031245,0.016734,0.036292,0.064074,0.138963,0.555579,0.419530,-0.188234,-0.514300,3.022740,False,0.047000
v6-3__H20__S0__P5__E2_B1,v6-3,20,S0,P5,E2_B1,E2,421,329,320,0,4,0,88,0,3,6,32,9,14,0,0,0,0,0,69,95,156,0,0,0,0,0,0,0,246,4,16,4,36,0.781473,0.233013,1597258.149434,2110575.819593,0.032951,0.053073,0.031245,0.001707,0.021829,0.007324,0.093680,0.396614,0.354011,-0.189834,-0.573559,2.194651,False,0.053000
v6-3__H20__S0__P5__E2_B10,v6-3,20,S0,P5,E2_B10,E2,421,330,322,0,4,0,87,0,3,5,30,8,11,0,0,0,0,0,97,94,131,0,0,0,0,0,0,0,246,4,16,4,35,0.783848,0.224463,1638354.985851,2109259.064443,0.034770,0.053028,0.031245,0.003525,0.021783,0.015704,0.097045,0.434216,0.354717,-0.178864,-0.567074,2.252617,False,0.081000
v6-3__H20__S0__P5__E2_B11,v6-3,20,S0,P5,E2_B11,E2,421,330,321,0,4,0,87,0,3,6,34,9,12,0,0,0,0,0,50,97,174,0,0,0,0,0,0,0,246,4,16,4,36,0.783848,0.237306,1561961.088305,2112795.283635,0.031354,0.053150,0.031245,0.000110,0.021905,0.000463,0.092308,0.371735,0.353891,-0.203777,-0.582889,2.106746,False,0.057000
v6-3__H20__S0__P5__E2_B12,v6-3,20,S0,P5,E2_B12,E2,421,323,313,0,4,0,94,0,3,7,36,10,14,0,0,0,0,0,32,95,186,0,0,0,0,0,0,0,246,4,16,4,38,0.767221,0.262982,1545703.306951,2095730.872516,0.030608,0.052559,0.031245,-0.000637,0.021314,-0.002422,0.081048,0.363725,0.351959,-0.206037,-0.594915,2.009800,False,0.059000
v6-3__H20__S0__P5__E2_B13,v6-3,20,S0,P5,E2_B13,E2,421,326,318,0,4,0,91,0,3,5,38,8,10,0,0,0,0,0,66,130,122,0,0,0,0,0,0,0,246,4,16,4,35,0.774347,0.208679,1555072.772633,2134352.133352,0.031039,0.053890,0.031245,-0.000206,0.022646,-0.000985,0.108519,0.388586,0.358377,-0.215349,-0.557135,2.056202,False,0.078000
v6-3__H20__S0__P5__E2_B14,v6-3,20,S0,P5,E2_B14,E2,421,325,315,0,4,0,92,0,3,7,28,10,14,0,0,0,0,0,77,50,188,0,0,0,0,0,0,0,246,4,16,4,32,0.771971,0.256707,1925524.300381,2495922.749708,0.046404,0.065370,0.031245,0.015160,0.034126,0.059055,0.132937,0.540372,0.410055,-0.188582,-0.508752,3.060015,False,0.060000
v6-3__H20__S0__P5__E2_B18,v6-3,20,S0,P5,E2_B18,E2,421,333,324,0,4,0,84,0,3,6,30,9,15,0,0,0,0,0,69,95,160,0,0,0,0,0,0,0,246,4,16,4,33,0.790974,0.233221,1632846.657980,2121009.112622,0.034528,0.053433,0.031245,0.003284,0.022188,0.014080,0.095138,0.418406,0.355483,-0.184661,-0.576544,2.372246,False,0.089000
v6-3__H20__S0__P5__E2_B19,v6-3,20,S0,P5,E2_B19,E2,421,322,312,0,4,0,95,0,3,7,36,10,14,0,0,0,0,0,34,96,182,0,0,0,0,0,0,0,246,4,16,4,38,0.764846,0.263249,1605293.179222,2164778.506175,0.033310,0.054923,0.031245,0.002066,0.023679,0.007847,0.089949,0.392586,0.362699,-0.205696,-0.592810,2.079766,False,0.058000
v6-3__H20__S0__P5__E2_B2,v6-3,20,S0,P5,E2_B2,E2,421,333,324,0,4,0,84,0,3,6,30,9,15,0,0,0,0,0,70,94,160,0,0,0,0,0,0,0,246,4,16,4,33,0.790974,0.233691,1642016.771706,2124220.982236,0.034929,0.053543,0.031245,0.003685,0.022299,0.015768,0.095419,0.422656,0.356055,-0.184153,-0.573325,2.333014,False,0.086000
v6-3__H20__S0__P5__E2_B20,v6-3,20,S0,P5,E2_B20,E2,421,333,324,0,4,0,84,0,3,6,30,9,15,0,0,0,0,0,75,94,155,0,0,0,0,0,0,0,246,4,16,4,32,0.790974,0.232950,1669692.588411,2152440.908981,0.036128,0.054506,0.031245,0.004883,0.023262,0.020962,0.099856,0.442889,0.360780,-0.184730,-0.571434,2.419047,False,0.057000
v6-3__H20__S0__P5__E2_B3,v6-3,20,S0,P5,E2_B3,E2,421,331,322,0,4,0,86,0,3,6,30,9,15,0,0,0,0,0,73,95,154,0,0,0,0,0,0,0,246,4,16,4,33,0.786223,0.232744,1664043.679693,2155694.144548,0.035885,0.054616,0.031245,0.004640,0.023372,0.019937,0.100419,0.435233,0.361067,-0.185361,-0.572054,2.361729,False,0.090000
v6-3__H20__S0__P5__E2_B4,v6-3,20,S0,P5,E2_B4,E2,421,329,320,0,4,0,88,0,3,6,32,9,14,0,0,0,0,0,69,95,156,0,0,0,0,0,0,0,246,4,16,4,36,0.781473,0.233013,1597258.149434,2110575.819593,0.032951,0.053073,0.031245,0.001707,0.021829,0.007324,0.093680,0.396614,0.354011,-0.189834,-0.573559,2.194651,False,0.056000
v6-3__H20__S0__P5__E2_B5,v6-3,20,S0,P5,E2_B5,E2,421,329,320,0,4,0,88,0,3,6,32,9,14,0,0,0,0,0,69,95,156,0,0,0,0,0,0,0,246,4,16,4,36,0.781473,0.233013,1597258.149434,2110575.819593,0.032951,0.053073,0.031245,0.001707,0.021829,0.007324,0.093680,0.396614,0.354011,-0.189834,-0.573559,2.194651,False,0.084000
v6-3__H20__S0__P5__E2_B6,v6-3,20,S0,P5,E2_B6,E2,421,331,322,0,4,0,86,0,3,6,32,9,14,0,0,0,0,0,72,96,154,0,0,0,0,0,0,0,246,4,16,4,33,0.786223,0.232378,1622604.204373,2136186.750570,0.034078,0.053953,0.031245,0.002833,0.022708,0.012192,0.097721,0.415380,0.358336,-0.189834,-0.571171,2.080101,False,0.049000
v6-3__H20__S0__P5__E2_B7,v6-3,20,S0,P5,E2_B7,E2,421,328,319,0,4,0,89,0,3,6,32,9,14,0,0,0,0,0,62,95,162,0,0,0,0,0,0,0,246,4,16,4,36,0.779097,0.233366,1565648.493575,2075968.236725,0.031523,0.051868,0.031245,0.000278,0.020624,0.001192,0.088376,0.379597,0.348346,-0.189834,-0.578707,1.984885,False,0.085000
v6-3__H20__S0__P5__E2_B8,v6-3,20,S0,P5,E2_B8,E2,421,316,307,0,4,0,101,0,3,6,32,9,14,0,0,0,0,0,65,92,150,0,0,0,0,0,0,0,246,4,16,4,36,0.750594,0.232437,1584984.946834,2096413.931370,0.032400,0.052582,0.031245,0.001155,0.021338,0.004970,0.091801,0.389625,0.351736,-0.189834,-0.577995,1.842031,False,0.034000
v6-3__H20__S0__P5__E2_B9,v6-3,20,S0,P5,E2_B9,E2,421,330,322,0,4,0,87,0,3,5,31,8,14,0,0,0,0,0,83,95,144,0,0,0,0,0,0,0,246,4,16,4,37,0.783848,0.226940,1612173.196433,2107332.601145,0.033616,0.052961,0.031245,0.002372,0.021716,0.010450,0.095693,0.405865,0.353806,-0.190508,-0.574891,2.129165,False,0.082000
v6-3__H20__S0__P5__E3,v6-3,20,S0,P5,E3,E3,421,320,312,0,4,0,97,0,1,7,3347,8,0,0,0,0,0,0,0,0,49,263,0,0,0,0,0,0,246,4,16,4,36,0.760095,0.271434,1361531.873889,1975087.720975,0.021595,0.048247,0.031245,-0.009649,0.017003,-0.035549,0.062640,0.299231,0.338063,-0.163462,-0.528071,1.567073,False,0.069000
v6-3__H20__S0__P5__E4,v6-3,20,S0,P5,E4,E4,421,323,490,0,4,0,94,0,1,11,2322,12,0,0,0,13,0,0,0,0,188,123,179,0,0,0,0,0,246,4,16,4,35,0.767221,0.315299,1765972.443271,2288840.352204,0.040157,0.059001,0.031245,0.008912,0.027757,0.028267,0.088033,0.492627,0.386024,-0.151516,-0.500112,8.768006,False,0.057000
v6-3__H20__S0__P5__E5,v6-3,20,S0,P5,E5,E5,421,334,324,0,4,0,83,0,2,8,3343,10,0,0,0,0,0,0,0,0,154,0,0,170,0,0,0,0,246,4,16,4,44,0.793349,0.312228,1524787.192367,2047287.158717,0.029636,0.050856,0.031245,-0.001609,0.019611,-0.005152,0.062811,0.357197,0.347403,-0.185845,-0.582402,1.987542,False,0.054000
v6-3__H20__S0__P5__E6,v6-3,20,S0,P5,E6,E6,421,350,341,0,4,0,67,0,1,8,1998,9,0,0,0,0,0,0,0,0,157,0,0,0,184,0,0,0,246,4,16,4,22,0.831354,0.306419,1842756.191522,2422439.578272,0.043226,0.063169,0.031245,0.011982,0.031924,0.039103,0.104184,0.516430,0.405653,-0.169249,-0.543460,2.683821,False,0.048000
v6-3__H20__S0__P5__E7,v6-3,20,S0,P5,E7,E7,421,287,274,0,4,0,130,0,3,10,2312,13,0,0,0,0,0,0,0,0,221,0,0,0,0,53,0,0,246,4,16,4,36,0.681710,0.394689,2046194.691279,2715552.274371,0.050817,0.071609,0.031245,0.019572,0.040364,0.049590,0.102269,0.549522,0.441772,-0.186054,-0.519207,3.262248,False,0.058000
v6-3__H25__S0__P5__E0,v6-3,25,S0,P5,E0,E0,421,285,269,0,4,0,132,0,4,12,15,16,0,0,0,0,0,269,0,0,0,0,0,0,0,0,0,0,246,4,16,4,37,0.676960,0.450624,2147372.922157,2723294.039556,0.054334,0.071820,0.031245,0.023089,0.040576,0.051239,0.090043,0.524232,0.435207,-0.183933,-0.518496,3.673937,False,0.034000
v6-3__H25__S0__P5__E1_A1,v6-3,25,S0,P5,E1_A1,E1,421,330,319,0,4,0,87,0,7,4,33,11,0,0,0,0,0,0,104,137,78,0,0,0,0,0,0,0,246,4,16,4,30,0.783848,0.210506,1632757.807390,2162464.716546,0.034524,0.054845,0.031245,0.003280,0.023601,0.015581,0.112114,0.447171,0.363588,-0.184979,-0.573928,2.128389,False,0.043000
v6-3__H25__S0__P5__E1_A10,v6-3,25,S0,P5,E1_A10,E1,421,315,306,0,4,0,102,0,3,6,40,9,0,0,0,0,0,0,44,145,117,0,0,0,0,0,0,0,246,4,16,4,37,0.748219,0.255121,1599422.159197,2200115.977828,0.033048,0.056107,0.031245,0.001804,0.024862,0.007069,0.097452,0.396926,0.368353,-0.210325,-0.589226,1.748291,False,0.045000
v6-3__H25__S0__P5__E1_A11,v6-3,25,S0,P5,E1_A11,E1,421,315,303,0,4,0,102,0,5,7,34,12,0,0,0,0,0,0,44,108,151,0,0,0,0,0,0,0,246,4,16,4,37,0.748219,0.281134,1588338.025582,2110045.593671,0.032551,0.053055,0.031245,0.001306,0.021810,0.004646,0.077580,0.378375,0.353493,-0.225748,-0.611930,1.797459,False,0.033000
v6-3__H25__S0__P5__E1_A12,v6-3,25,S0,P5,E1_A12,E1,421,324,309,0,4,0,93,0,7,8,27,15,0,0,0,0,0,0,52,63,194,0,0,0,0,0,0,0,246,4,16,4,33,0.769596,0.311960,2012985.856970,2549931.535170,0.049627,0.066951,0.031245,0.018383,0.035706,0.058927,0.114457,0.529015,0.414313,-0.185088,-0.559370,2.952375,False,0.046000
v6-3__H25__S0__P5__E1_A2,v6-3,25,S0,P5,E1_A2,E1,421,336,322,0,4,0,81,0,9,5,29,14,0,0,0,0,0,0,111,103,108,0,0,0,0,0,0,0,246,4,16,4,35,0.798100,0.236221,1598191.133569,2049717.593254,0.032993,0.050942,0.031245,0.001748,0.019698,0.007402,0.083387,0.413797,0.345106,-0.193132,-0.597709,2.123745,False,0.046000
v6-3__H25__S0__P5__E1_A3,v6-3,25,S0,P5,E1_A3,E1,421,336,326,0,4,0,81,0,4,6,24,10,0,0,0,0,0,0,122,61,143,0,0,0,0,0,0,0,246,4,16,4,28,0.798100,0.265936,2004845.724688,2484322.423456,0.049333,0.065027,0.031245,0.018088,0.033782,0.068018,0.127032,0.574724,0.408372,-0.157733,-0.537662,3.515383,False,0.081000
v6-3__H25__S0__P5__E1_A4,v6-3,25,S0,P5,E1_A4,E1,421,335,322,0,4,0,82,0,8,5,36,13,0,0,0,0,0,0,84,144,94,0,0,0,0,0,0,0,246,4,16,4,26,0.795724,0.223459,1782069.241611,2333293.855802,0.040811,0.060412,0.031245,0.009566,0.029168,0.042809,0.130529,0.509965,0.387720,-0.179864,-0.565451,2.340393,False,0.061000
v6-3__H25__S0__P5__E1_A5,v6-3,25,S0,P5,E1_A5,E1,421,340,323,0,4,0,77,0,11,6,31,17,0,0,0,0,0,0,88,107,128,0,0,0,0,0,0,0,246,4,16,4,31,0.807601,0.249572,1758906.993995,2220653.381448,0.039868,0.056786,0.031245,0.008624,0.025542,0.034554,0.102342,0.481497,0.370541,-0.180978,-0.593031,2.295287,False,0.048000
v6-3__H25__S0__P5__E1_A6,v6-3,25,S0,P5,E1_A6,E1,421,338,326,0,4,0,79,0,5,7,25,12,0,0,0,0,0,0,99,60,167,0,0,0,0,0,0,0,246,4,16,4,26,0.802850,0.280709,2235369.620727,2729767.354255,0.057270,0.071996,0.031245,0.026025,0.040752,0.092712,0.145175,0.643007,0.437547,-0.155456,-0.522189,3.694883,False,0.051000
v6-3__H25__S0__P5__E1_A7,v6-3,25,S0,P5,E1_A7,E1,421,327,319,0,4,0,90,0,3,5,39,8,0,0,0,0,0,0,65,147,107,0,0,0,0,0,0,0,246,4,16,4,28,0.776722,0.228858,1717767.330444,2344407.172383,0.038166,0.060761,0.031245,0.006921,0.029517,0.030243,0.128974,0.462438,0.389018,-0.211036,-0.565995,2.081141,False,0.064000
v6-3__H25__S0__P5__E1_A8,v6-3,25,S0,P5,E1_A8,E1,421,326,315,0,4,0,91,0,5,6,33,11,0,0,0,0,0,0,67,107,141,0,0,0,0,0,0,0,246,4,16,4,35,0.774347,0.255278,1702605.059092,2241151.707651,0.037529,0.057459,0.031245,0.006284,0.026214,0.024618,0.102689,0.438776,0.373003,-0.202317,-0.591522,2.260254,False,0.069000
v6-3__H25__S0__P5__E1_A9,v6-3,25,S0,P5,E1_A9,E1,421,331,321,0,4,0,86,0,3,7,25,10,0,0,0,0,0,0,75,62,184,0,0,0,0,0,0,0,246,4,16,4,29,0.786223,0.287610,2179672.934407,2731575.944275,0.055424,0.072046,0.031245,0.024180,0.040801,0.084071,0.141862,0.600797,0.436582,-0.185192,-0.528066,3.305751,False,0.052000
v6-3__H25__S0__P5__E2_B1,v6-3,25,S0,P5,E2_B1,E2,421,332,315,0,4,0,85,0,11,6,32,17,16,0,0,0,0,0,80,103,132,0,0,0,0,0,0,0,246,4,16,4,33,0.788599,0.252132,1756525.065715,2253794.326625,0.039771,0.057871,0.031245,0.008526,0.026626,0.033817,0.105603,0.467527,0.374981,-0.184428,-0.582210,2.359140,False,0.063000
v6-3__H25__S0__P5__E2_B10,v6-3,25,S0,P5,E2_B10,E2,421,338,322,0,4,0,79,0,11,5,30,16,14,0,0,0,0,0,111,101,110,0,0,0,0,0,0,0,246,4,16,4,31,0.802850,0.240683,1787078.594631,2248957.317145,0.041013,0.057713,0.031245,0.009768,0.026469,0.040586,0.109973,0.502344,0.375581,-0.188396,-0.576353,2.492006,False,0.089000
v6-3__H25__S0__P5__E2_B11,v6-3,25,S0,P5,E2_B11,E2,421,323,313,0,4,0,94,0,4,6,34,10,16,0,0,0,0,0,58,106,149,0,0,0,0,0,0,0,246,4,16,4,35,0.767221,0.258588,1678183.014382,2217844.454910,0.036492,0.056694,0.031245,0.005247,0.025449,0.020291,0.098415,0.419256,0.368731,-0.187578,-0.587201,2.025345,False,0.095000
v6-3__H25__S0__P5__E2_B12,v6-3,25,S0,P5,E2_B12,E2,421,317,305,0,4,0,100,0,5,7,34,12,15,0,0,0,0,0,37,106,162,0,0,0,0,0,0,0,246,4,16,4,37,0.752969,0.283943,1537608.655817,2055588.802766,0.030233,0.051150,0.031245,-0.001011,0.019906,-0.003562,0.070105,0.349185,0.344197,-0.251824,-0.609107,1.720138,False,0.096000
v6-3__H25__S0__P5__E2_B13,v6-3,25,S0,P5,E2_B13,E2,421,333,316,0,4,0,84,0,12,5,38,17,12,0,0,0,0,0,77,144,95,0,0,0,0,0,0,0,246,4,16,4,31,0.790974,0.225206,1721640.662844,2303622.241846,0.038328,0.059473,0.031245,0.007083,0.028229,0.031452,0.125346,0.469113,0.383165,-0.210904,-0.564124,2.237227,False,0.058000
v6-3__H25__S0__P5__E2_B14,v6-3,25,S0,P5,E2_B14,E2,421,330,318,0,4,0,87,0,5,7,25,12,18,0,0,0,0,0,89,59,170,0,0,0,0,0,0,0,246,4,16,4,31,0.783848,0.281562,2155289.843167,2679051.538200,0.054603,0.070605,0.031245,0.023358,0.039361,0.082959,0.139795,0.601529,0.431078,-0.185051,-0.526611,3.433004,False,0.067000
v6-3__H25__S0__P5__E2_B18,v6-3,25,S0,P5,E2_B18,E2,421,331,312,0,4,0,86,0,13,6,30,19,14,0,0,0,0,0,78,103,131,0,0,0,0,0,0,0,246,4,16,4,32,0.786223,0.252437,1789085.741710,2276947.840365,0.041094,0.058619,0.031245,0.009849,0.027375,0.039017,0.108442,0.484257,0.378033,-0.181809,-0.586331,2.349914,False,0.095000
v6-3__H25__S0__P5__E2_B19,v6-3,25,S0,P5,E2_B19,E2,421,314,303,0,4,0,103,0,4,7,34,11,15,0,0,0,0,0,39,107,157,0,0,0,0,0,0,0,246,4,16,4,36,0.745843,0.284425,1632012.265566,2162038.391712,0.034492,0.054831,0.031245,0.003247,0.023586,0.011417,0.082926,0.392286,0.360754,-0.253328,-0.604272,1.907678,False,0.100000
v6-3__H25__S0__P5__E2_B2,v6-3,25,S0,P5,E2_B2,E2,421,336,318,0,4,0,81,0,12,6,31,18,14,0,0,0,0,0,84,103,131,0,0,0,0,0,0,0,246,4,16,4,32,0.798100,0.253204,1814196.342433,2280510.330827,0.042099,0.058734,0.031245,0.010854,0.027489,0.042868,0.108566,0.497903,0.378841,-0.181041,-0.579625,2.544881,False,0.096000
v6-3__H25__S0__P5__E2_B20,v6-3,25,S0,P5,E2_B20,E2,421,339,321,0,4,0,78,0,12,6,31,18,14,0,0,0,0,0,88,103,130,0,0,0,0,0,0,0,246,4,16,4,29,0.805226,0.252628,1859986.899763,2332896.357529,0.043899,0.060400,0.031245,0.012654,0.029155,0.050090,0.115408,0.526560,0.386809,-0.181007,-0.575819,2.586820,False,0.061000
v6-3__H25__S0__P5__E2_B3,v6-3,25,S0,P5,E2_B3,E2,421,335,317,0,4,0,82,0,12,6,31,18,14,0,0,0,0,0,85,104,128,0,0,0,0,0,0,0,246,4,16,4,31,0.795724,0.251815,1844704.913989,2326701.018899,0.043303,0.060205,0.031245,0.012058,0.028960,0.047885,0.115006,0.513599,0.385648,-0.181755,-0.577844,2.561933,False,0.064000
v6-3__H25__S0__P5__E2_B4,v6-3,25,S0,P5,E2_B4,E2,421,332,315,0,4,0,85,0,11,6,32,17,16,0,0,0,0,0,80,103,132,0,0,0,0,0,0,0,246,4,16,4,33,0.788599,0.252132,1756525.065715,2253794.326625,0.039771,0.057871,0.031245,0.008526,0.026626,0.033817,0.105603,0.467527,0.374981,-0.184428,-0.582210,2.359140,False,0.050000
v6-3__H25__S0__P5__E2_B5,v6-3,25,S0,P5,E2_B5,E2,421,332,315,0,4,0,85,0,11,6,32,17,16,0,0,0,0,0,80,103,132,0,0,0,0,0,0,0,246,4,16,4,33,0.788599,0.252132,1756525.065715,2253794.326625,0.039771,0.057871,0.031245,0.008526,0.026626,0.033817,0.105603,0.467527,0.374981,-0.184428,-0.582210,2.359140,False,0.094000
v6-3__H25__S0__P5__E2_B6,v6-3,25,S0,P5,E2_B6,E2,421,337,320,0,4,0,80,0,11,6,32,17,16,0,0,0,0,0,87,103,130,0,0,0,0,0,0,0,246,4,16,4,30,0.800475,0.251511,1806025.320321,2313128.993097,0.041773,0.059775,0.031245,0.010529,0.028531,0.041862,0.113438,0.498018,0.384038,-0.184428,-0.577666,2.535362,False,0.063000
v6-3__H25__S0__P5__E2_B7,v6-3,25,S0,P5,E2_B7,E2,421,332,313,0,4,0,85,0,13,6,32,19,16,0,0,0,0,0,74,103,136,0,0,0,0,0,0,0,246,4,16,4,35,0.788599,0.253068,1688518.511661,2185276.065967,0.036932,0.055612,0.031245,0.005688,0.024367,0.022475,0.096288,0.431945,0.364298,-0.184428,-0.590716,2.179980,False,0.094000
v6-3__H25__S0__P5__E2_B8,v6-3,25,S0,P5,E2_B8,E2,421,320,311,0,4,0,97,0,3,6,32,9,16,0,0,0,0,0,77,100,134,0,0,0,0,0,0,0,246,4,16,4,34,0.760095,0.252178,1742093.891579,2237887.581116,0.039177,0.057352,0.031245,0.007933,0.026107,0.031456,0.103528,0.458538,0.372507,-0.190527,-0.588301,2.192383,False,0.091000
v6-3__H25__S0__P5__E2_B9,v6-3,25,S0,P5,E2_B9,E2,421,336,320,0,4,0,81,0,11,5,31,16,13,0,0,0,0,0,96,102,122,0,0,0,0,0,0,0,246,4,16,4,33,0.798100,0.245234,1784078.501415,2268291.259386,0.040892,0.058340,0.031245,0.009647,0.027096,0.039339,0.110489,0.480703,0.377436,-0.185302,-0.583966,2.395612,False,0.061000
v6-3__H25__S0__P5__E3,v6-3,25,S0,P5,E3,E3,421,320,312,0,4,0,97,0,1,7,3347,8,0,0,0,0,0,0,0,0,28,284,0,0,0,0,0,0,246,4,16,4,37,0.760095,0.275806,1299066.766182,1892527.416657,0.018279,0.045153,0.031245,-0.012966,0.013908,-0.047010,0.050428,0.257470,0.323025,-0.163694,-0.528167,1.283654,False,0.048000
v6-3__H25__S0__P5__E4,v6-3,25,S0,P5,E4,E4,421,310,487,0,4,0,107,0,2,12,2331,14,0,0,0,6,0,0,0,0,150,146,191,0,0,0,0,0,246,4,16,4,35,0.736342,0.337219,1773666.810716,2243391.577901,0.040470,0.057532,0.031245,0.009226,0.026287,0.027358,0.077953,0.471902,0.377262,-0.151411,-0.506350,9.368041,False,0.060000
v6-3__H25__S0__P5__E5,v6-3,25,S0,P5,E5,E5,421,329,312,0,4,0,88,0,9,8,3338,17,0,0,0,0,0,0,0,0,126,0,0,186,0,0,0,0,246,4,16,4,43,0.781473,0.330796,1489431.465070,2002563.536808,0.027965,0.049250,0.031245,-0.003280,0.018006,-0.009914,0.054431,0.326183,0.338373,-0.228568,-0.594734,1.603709,False,0.079000
v6-3__H25__S0__P5__E6,v6-3,25,S0,P5,E6,E6,421,351,337,0,4,0,66,0,6,8,1990,14,0,0,0,0,0,0,0,0,152,0,0,0,185,0,0,0,246,4,16,4,23,0.833729,0.327469,1900932.411970,2438239.826204,0.045474,0.063647,0.031245,0.014229,0.032403,0.043452,0.098949,0.512942,0.405678,-0.193978,-0.547181,2.527671,False,0.045000
v6-3__H25__S0__P5__E7,v6-3,25,S0,P5,E7,E7,421,285,274,0,4,0,132,0,1,10,2304,11,0,0,0,0,0,0,0,0,186,0,0,0,0,88,0,0,246,4,16,4,33,0.676960,0.424974,2118088.612939,2706216.516237,0.053332,0.071353,0.031245,0.022088,0.040109,0.051974,0.094380,0.537251,0.436161,-0.183162,-0.526798,3.469278,False,0.052000
v6-4__H10__S0__P5__E0,v6-4,10,S0,P5,E0,E0,7444,3645,3623,0,71,0,3728,0,2,20,118,22,0,0,0,0,0,3623,0,0,0,0,0,0,0,0,0,0,1568,147,223,147,635,0.489656,0.798040,1595361.479741,1582707.950112,0.032866,0.032297,0.031245,0.001622,0.001052,0.002032,0.001319,0.270683,0.253067,-0.362708,-0.512735,3.849185,False,0.371000
v6-4__H10__S0__P5__E1_A1,v6-4,10,S0,P5,E1_A1,E1,7444,4373,4358,0,71,0,3000,0,2,13,289,15,0,0,0,0,0,0,535,1253,2570,0,0,0,0,0,0,0,1568,147,223,147,576,0.587453,0.587387,1402598.362451,1730332.932566,0.023699,0.038690,0.031245,-0.007545,0.007445,-0.012846,0.012675,0.222913,0.279447,-0.388031,-0.620504,0.746764,False,0.363000
v6-4__H10__S0__P5__E1_A10,v6-4,10,S0,P5,E1_A10,E1,7444,3684,3666,0,71,0,3689,0,2,16,224,18,0,0,0,0,0,0,103,899,2664,0,0,0,0,0,0,0,1568,147,223,147,630,0.494895,0.605575,1284049.744259,1674449.838421,0.017460,0.036332,0.031245,-0.013785,0.005087,-0.022763,0.008401,0.186430,0.269813,-0.417478,-0.624306,3.273584,False,0.326000
v6-4__H10__S0__P5__E1_A11,v6-4,10,S0,P5,E1_A11,E1,7444,3998,3977,0,71,0,3375,0,2,19,186,21,0,0,0,0,0,0,116,489,3372,0,0,0,0,0,0,0,1568,147,223,147,624,0.537077,0.678216,1403256.428724,1586994.141220,0.023732,0.032490,0.031245,-0.007512,0.001246,-0.011076,0.001837,0.223265,0.254213,-0.396953,-0.575712,3.950837,False,0.356000
v6-4__H10__S0__P5__E1_A12,v6-4,10,S0,P5,E1_A12,E1,7444,3870,3846,0,71,0,3503,0,3,21,173,24,0,0,0,0,0,0,99,270,3477,0,0,0,0,0,0,0,1568,147,223,147,621,0.519882,0.739184,1607581.394689,1657928.176517,0.033412,0.035621,0.031245,0.002167,0.004376,0.002932,0.005920,0.277552,0.266906,-0.361233,-0.542561,3.792975,False,0.509000
v6-4__H10__S0__P5__E1_A2,v6-4,10,S0,P5,E1_A2,E1,7444,4304,4285,0,71,0,3069,0,2,17,193,19,0,0,0,0,0,0,519,632,3134,0,0,0,0,0,0,0,1568,147,223,147,532,0.578184,0.692125,1734128.023351,1999846.464878,0.038847,0.049152,0.031245,0.007603,0.017907,0.010985,0.025873,0.313021,0.322060,-0.314717,-0.547458,2.039760,False,0.548000
v6-4__H10__S0__P5__E1_A3,v6-4,10,S0,P5,E1_A3,E1,7444,4639,4618,0,71,0,2734,0,3,18,169,21,0,0,0,0,0,0,580,366,3672,0,0,0,0,0,0,0,1568,147,223,147,496,0.623186,0.777584,2113907.565956,2241594.322712,0.053188,0.057473,0.031245,0.021944,0.026229,0.028220,0.033731,0.394953,0.354452,-0.288198,-0.502680,2.437144,False,0.594000
v6-4__H10__S0__P5__E1_A4,v6-4,10,S0,P5,E1_A4,E1,7444,3886,3870,0,71,0,3487,0,2,14,210,16,0,0,0,0,0,0,295,947,2628,0,0,0,0,0,0,0,1568,147,223,147,588,0.522031,0.608924,1387758.266658,1733837.752110,0.022945,0.038835,0.031245,-0.008299,0.007591,-0.013629,0.012466,0.218177,0.280234,-0.392650,-0.617043,3.463983,False,0.344000
v6-4__H10__S0__P5__E1_A5,v6-4,10,S0,P5,E1_A5,E1,7444,4118,4098,0,71,0,3255,0,2,18,180,20,0,0,0,0,0,0,308,494,3296,0,0,0,0,0,0,0,1568,147,223,147,580,0.553197,0.691362,1581500.247796,1814063.953000,0.032242,0.042094,0.031245,0.000998,0.010849,0.001443,0.015692,0.273124,0.293801,-0.327946,-0.559500,4.120330,False,0.378000
v6-4__H10__S0__P5__E1_A6,v6-4,10,S0,P5,E1_A6,E1,7444,4413,4390,0,71,0,2960,0,3,20,174,23,0,0,0,0,0,0,320,297,3773,0,0,0,0,0,0,0,1568,147,223,147,529,0.592826,0.792308,2093559.990433,2172924.798017,0.052483,0.055198,0.031245,0.021239,0.023953,0.026806,0.030232,0.390670,0.345942,-0.300323,-0.511645,4.245358,False,0.396000
v6-4__H10__S0__P5__E1_A7,v6-4,10,S0,P5,E1_A7,E1,7444,3799,3783,0,71,0,3574,0,2,14,221,16,0,0,0,0,0,0,179,952,2652,0,0,0,0,0,0,0,1568,147,223,147,599,0.510344,0.620389,1473580.081448,1826792.090759,0.027204,0.042598,0.031245,-0.004041,0.011354,-0.006513,0.018301,0.241352,0.295573,-0.415507,-0.620603,3.162230,False,0.334000
v6-4__H10__S0__P5__E1_A8,v6-4,10,S0,P5,E1_A8,E1,7444,4031,4011,0,71,0,3342,0,2,18,177,20,0,0,0,0,0,0,193,498,3320,0,0,0,0,0,0,0,1568,147,223,147,562,0.541510,0.721742,1792623.046587,2024297.630882,0.041236,0.050035,0.031245,0.009992,0.018790,0.013844,0.026034,0.324282,0.326222,-0.349553,-0.566851,4.047972,False,0.362000
v6-4__H10__S0__P5__E1_A9,v6-4,10,S0,P5,E1_A9,E1,7444,4258,4235,0,71,0,3115,0,3,20,168,23,0,0,0,0,0,0,195,290,3750,0,0,0,0,0,0,0,1568,147,223,147,538,0.572004,0.817499,2233706.704809,2299810.667881,0.057215,0.059352,0.031245,0.025971,0.028107,0.031768,0.034382,0.413254,0.362062,-0.305291,-0.521506,4.354451,False,0.379000
v6-4__H10__S0__P5__E2_B1,v6-4,10,S0,P5,E2_B1,E2,7444,4073,4053,0,71,0,3300,0,2,18,188,20,119,0,0,0,0,0,270,476,3307,0,0,0,0,0,0,0,1568,147,223,147,590,0.547152,0.698321,1562214.441242,1747136.135372,0.031366,0.039385,0.031245,0.000121,0.008141,0.000174,0.011657,0.267884,0.282672,-0.336058,-0.569254,3.981640,False,0.477000
v6-4__H10__S0__P5__E2_B10,v6-4,10,S0,P5,E2_B10,E2,7444,4225,4206,0,71,0,3148,0,2,17,161,19,114,0,0,0,0,0,484,491,3231,0,0,0,0,0,0,0,1568,147,223,147,519,0.567571,0.727171,1881009.947497,2142120.989673,0.044711,0.054155,0.031245,0.013467,0.022911,0.018519,0.031507,0.347693,0.342427,-0.317922,-0.546734,4.284916,False,0.734000
v6-4__H10__S0__P5__E2_B11,v6-4,10,S0,P5,E2_B11,E2,7444,4003,3983,0,71,0,3370,0,2,18,176,20,121,0,0,0,0,0,158,472,3353,0,0,0,0,0,0,0,1568,147,223,147,558,0.537749,0.737282,1840030.975564,2008200.693326,0.043119,0.049454,0.031245,0.011875,0.018210,0.016106,0.024699,0.335836,0.323847,-0.348827,-0.566729,4.090915,False,0.700000
v6-4__H10__S0__P5__E2_B12,v6-4,10,S0,P5,E2_B12,E2,7444,3970,3948,0,71,0,3403,0,2,20,190,22,129,0,0,0,0,0,95,472,3381,0,0,0,0,0,0,0,1568,147,223,147,614,0.533315,0.694528,1476851.169663,1602640.507639,0.027362,0.033192,0.031245,-0.003883,0.001947,-0.005591,0.002804,0.244408,0.257103,-0.372571,-0.576956,3.957726,False,0.480000
v6-4__H10__S0__P5__E2_B13,v6-4,10,S0,P5,E2_B13,E2,7444,3915,3899,0,71,0,3458,0,2,14,212,16,110,0,0,0,0,0,272,931,2696,0,0,0,0,0,0,0,1568,147,223,147,576,0.525927,0.624289,1462134.740447,1815030.526846,0.026650,0.042132,0.031245,-0.004595,0.010887,-0.007360,0.017440,0.238967,0.293573,-0.381886,-0.612599,3.503129,False,0.658000
v6-4__H10__S0__P5__E2_B14,v6-4,10,S0,P5,E2_B14,E2,7444,4208,4185,0,71,0,3165,0,3,20,167,23,129,0,0,0,0,0,270,278,3637,0,0,0,0,0,0,0,1568,147,223,147,549,0.565287,0.786296,2007980.500778,2071386.659211,0.049446,0.051708,0.031245,0.018202,0.020463,0.023149,0.026025,0.371960,0.331955,-0.299326,-0.523045,4.141188,False,0.753000
v6-4__H10__S0__P5__E2_B18,v6-4,10,S0,P5,E2_B18,E2,7444,4090,4070,0,71,0,3283,0,2,18,180,20,120,0,0,0,0,0,277,484,3309,0,0,0,0,0,0,0,1568,147,223,147,592,0.549436,0.692996,1560711.274712,1767116.855684,0.031297,0.040204,0.031245,0.000053,0.008959,0.000076,0.012928,0.267333,0.285955,-0.328573,-0.563594,4.075030,False,0.442000
v6-4__H10__S0__P5__E2_B19,v6-4,10,S0,P5,E2_B19,E2,7444,4008,3987,0,71,0,3365,0,2,19,189,21,131,0,0,0,0,0,106,482,3399,0,0,0,0,0,0,0,1568,147,223,147,620,0.538420,0.680094,1440726.050832,1613441.666295,0.025602,0.033672,0.031245,-0.005643,0.002428,-0.008297,0.003570,0.233742,0.259061,-0.387102,-0.579483,4.006749,False,0.478000
v6-4__H10__S0__P5__E2_B2,v6-4,10,S0,P5,E2_B2,E2,7444,4038,4017,0,71,0,3335,0,2,19,181,21,119,0,0,0,0,0,261,485,3271,0,0,0,0,0,0,0,1568,147,223,147,594,0.542450,0.685323,1506855.298262,1701563.501732,0.028793,0.037485,0.031245,-0.002451,0.006240,-0.003577,0.009106,0.252551,0.274821,-0.337122,-0.569623,3.869442,False,0.473000
v6-4__H10__S0__P5__E2_B20,v6-4,10,S0,P5,E2_B20,E2,7444,4039,4018,0,71,0,3334,0,2,19,179,21,118,0,0,0,0,0,274,478,3266,0,0,0,0,0,0,0,1568,147,223,147,598,0.542585,0.679574,1505295.659737,1700548.686371,0.028719,0.037442,0.031245,-0.002525,0.006198,-0.003716,0.009120,0.251744,0.274552,-0.344120,-0.575706,3.903882,False,0.481000
v6-4__H10__S0__P5__E2_B3,v6-4,10,S0,P5,E2_B3,E2,7444,4107,4086,0,71,0,3266,0,2,19,179,21,119,0,0,0,0,0,282,487,3317,0,0,0,0,0,0,0,1568,147,223,147,594,0.551720,0.691812,1546411.074662,1750222.388186,0.030640,0.039512,0.031245,-0.000604,0.008268,-0.000873,0.011951,0.263573,0.283118,-0.329896,-0.563960,4.136004,False,0.711000
v6-4__H10__S0__P5__E2_B4,v6-4,10,S0,P5,E2_B4,E2,7444,4073,4053,0,71,0,3300,0,2,18,188,20,119,0,0,0,0,0,270,476,3307,0,0,0,0,0,0,0,1568,147,223,147,590,0.547152,0.698321,1562214.441242,1747136.135372,0.031366,0.039385,0.031245,0.000121,0.008141,0.000174,0.011657,0.267884,0.282672,-0.336058,-0.569254,3.981640,False,0.467000
v6-4__H10__S0__P5__E2_B5,v6-4,10,S0,P5,E2_B5,E2,7444,4073,4053,0,71,0,3300,0,2,18,188,20,119,0,0,0,0,0,270,476,3307,0,0,0,0,0,0,0,1568,147,223,147,590,0.547152,0.698321,1562214.441242,1747136.135372,0.031366,0.039385,0.031245,0.000121,0.008141,0.000174,0.011657,0.267884,0.282672,-0.336058,-0.569254,3.981640,False,0.704000
v6-4__H10__S0__P5__E2_B6,v6-4,10,S0,P5,E2_B6,E2,7444,4065,4046,0,71,0,3308,0,2,17,177,19,118,0,0,0,0,0,288,476,3282,0,0,0,0,0,0,0,1568,147,223,147,584,0.546077,0.698247,1607613.328278,1797470.371940,0.033413,0.041431,0.031245,0.002169,0.010186,0.003106,0.014588,0.279423,0.290994,-0.338298,-0.571597,4.063632,False,0.296000
v6-4__H10__S0__P5__E2_B7,v6-4,10,S0,P5,E2_B7,E2,7444,4066,4046,0,71,0,3307,0,2,18,182,20,118,0,0,0,0,0,258,474,3314,0,0,0,0,0,0,0,1568,147,223,147,589,0.546212,0.695249,1543353.542484,1730379.881900,0.030499,0.038692,0.031245,-0.000745,0.007447,-0.001072,0.010712,0.262682,0.279771,-0.333984,-0.570285,4.058012,False,0.709000
v6-4__H10__S0__P5__E2_B8,v6-4,10,S0,P5,E2_B8,E2,7444,4106,4085,0,71,0,3267,0,2,19,177,21,118,0,0,0,0,0,270,444,3371,0,0,0,0,0,0,0,1568,147,223,147,600,0.551585,0.701391,1512902.937913,1695120.983781,0.029078,0.037212,0.031245,-0.002166,0.005968,-0.003088,0.008509,0.254522,0.273786,-0.340903,-0.571698,4.294102,False,0.727000
v6-4__H10__S0__P5__E2_B9,v6-4,10,S0,P5,E2_B9,E2,7444,4100,4081,0,71,0,3273,0,2,17,176,19,115,0,0,0,0,0,363,476,3242,0,0,0,0,0,0,0,1568,147,223,147,547,0.550779,0.712489,1758559.215423,1945672.700731,0.039854,0.047159,0.031245,0.008610,0.015914,0.012084,0.022336,0.318048,0.314067,-0.318651,-0.553135,4.017561,False,0.701000
v6-4__H10__S0__P5__E3,v6-4,10,S0,P5,E3,E3,7444,3712,3696,0,71,0,3661,0,2,14,5215,16,0,0,0,0,0,0,0,0,1974,1722,0,0,0,0,0,0,1568,147,223,147,730,0.498657,0.482725,765697.303603,996227.043879,-0.018313,-0.000262,0.031245,-0.049557,-0.031506,-0.102661,-0.065267,-0.016967,0.115832,-0.429744,-0.633989,2.513366,False,0.339000
v6-4__H10__S0__P5__E4,v6-4,10,S0,P5,E4,E4,7444,4692,6077,0,71,0,2681,0,3,21,3991,24,0,0,0,234,0,0,0,0,4184,484,1409,0,0,0,0,0,1568,147,223,147,561,0.630306,0.750737,1569841.772782,1607971.419360,0.031714,0.033429,0.031245,0.000469,0.002185,0.000625,0.002910,0.270726,0.257810,-0.319351,-0.489005,8.037471,False,0.571000
v6-4__H10__S0__P5__E5,v6-4,10,S0,P5,E5,E5,7444,3656,3637,0,71,0,3717,0,2,17,5310,19,0,0,0,0,0,0,0,0,2757,0,0,880,0,0,0,0,1568,147,223,147,747,0.491134,0.523003,910383.193790,1150858.783190,-0.006479,0.009775,0.031245,-0.037724,-0.021470,-0.072129,-0.041051,0.055868,0.159729,-0.393427,-0.594149,3.773304,False,0.333000
v6-4__H10__S0__P5__E6,v6-4,10,S0,P5,E6,E6,7444,4386,4368,0,71,0,2987,0,2,16,4021,18,0,0,0,0,0,0,0,0,1738,0,0,0,2630,0,0,0,1568,147,223,147,658,0.589199,0.539453,1094250.387802,1174726.398352,0.006255,0.011211,0.031245,-0.024989,-0.020034,-0.046324,-0.037137,0.122589,0.165134,-0.342334,-0.580245,1.605722,False,0.239000
v6-4__H10__S0__P5__E7,v6-4,10,S0,P5,E7,E7,7444,3713,3687,0,71,0,3660,0,3,23,3734,26,0,0,0,0,0,0,0,0,3461,0,0,0,0,226,0,0,1568,147,223,147,657,0.498791,0.721943,1404832.112378,1501221.567478,0.023812,0.028526,0.031245,-0.007433,-0.002718,-0.010295,-0.003765,0.222398,0.237899,-0.372474,-0.537444,3.841596,False,0.385000
v6-4__H20__S0__P5__E0,v6-4,20,S0,P5,E0,E0,7444,3050,3010,0,71,0,4323,0,12,28,86,40,0,0,0,0,0,3010,0,0,0,0,0,0,0,0,0,0,1568,147,223,147,957,0.409726,0.980990,1687947.525953,1993853.854493,0.036908,0.048934,0.031245,0.005663,0.017689,0.005773,0.018032,0.277080,0.319413,-0.521852,-0.631267,4.705508,False,0.485000
v6-4__H20__S0__P5__E1_A1,v6-4,20,S0,P5,E1_A1,E1,7444,3915,3882,0,71,0,3458,0,20,13,315,33,0,0,0,0,0,0,993,1596,1293,0,0,0,0,0,0,0,1568,147,223,147,808,0.525927,0.708066,1202411.247197,1578113.037605,0.012843,0.032089,0.031245,-0.018402,0.000845,-0.025988,0.001193,0.161899,0.252788,-0.456569,-0.664256,1.114955,False,0.424000
v6-4__H20__S0__P5__E1_A10,v6-4,20,S0,P5,E1_A10,E1,7444,2895,2867,0,71,0,4478,0,12,16,276,28,0,0,0,0,0,0,257,1116,1494,0,0,0,0,0,0,0,1568,147,223,147,982,0.388904,0.584484,796493.594835,1199684.553874,-0.015629,0.012684,0.031245,-0.046874,-0.018561,-0.080197,-0.031756,0.023985,0.170910,-0.648865,-0.719800,2.513504,False,0.314000
v6-4__H20__S0__P5__E1_A11,v6-4,20,S0,P5,E1_A11,E1,7444,3107,3066,0,71,0,4266,0,21,20,249,41,0,0,0,0,0,0,306,779,1981,0,0,0,0,0,0,0,1568,147,223,147,815,0.417383,0.897402,1658327.382854,2017546.789222,0.035638,0.049792,0.031245,0.004393,0.018547,0.004896,0.020668,0.278835,0.323979,-0.471437,-0.650762,3.337064,False,0.599000
v6-4__H20__S0__P5__E1_A12,v6-4,20,S0,P5,E1_A12,E1,7444,3152,3105,0,71,0,4221,0,23,24,246,47,0,0,0,0,0,0,297,464,2344,0,0,0,0,0,0,0,1568,147,223,147,840,0.423428,0.985011,1887859.776782,2216167.839093,0.044974,0.056638,0.031245,0.013730,0.025394,0.013939,0.025780,0.325108,0.353628,-0.480477,-0.634693,3.865200,False,0.651000
v6-4__H20__S0__P5__E1_A2,v6-4,20,S0,P5,E1_A2,E1,7444,3918,3871,0,71,0,3455,0,31,16,266,47,0,0,0,0,0,0,1039,1061,1771,0,0,0,0,0,0,0,1568,147,223,147,767,0.526330,0.869387,1667159.996666,1990034.763295,0.036019,0.048794,0.031245,0.004774,0.017550,0.005492,0.020186,0.284392,0.320380,-0.460290,-0.648735,1.940997,False,0.468000
v6-4__H20__S0__P5__E1_A3,v6-4,20,S0,P5,E1_A3,E1,7444,4017,3962,0,71,0,3356,0,34,21,252,55,0,0,0,0,0,0,1041,645,2276,0,0,0,0,0,0,0,1568,147,223,147,706,0.539629,1.065205,2319073.074425,2688576.941705,0.059964,0.070869,0.031245,0.028719,0.039624,0.026961,0.037198,0.410546,0.410420,-0.402032,-0.585496,3.823662,False,0.479000
v6-4__H20__S0__P5__E1_A4,v6-4,20,S0,P5,E1_A4,E1,7444,3127,3091,0,71,0,4246,0,20,16,220,36,0,0,0,0,0,0,569,1171,1351,0,0,0,0,0,0,0,1568,147,223,147,903,0.420070,0.621320,913968.798551,1364720.478258,-0.006209,0.021761,0.031245,-0.037453,-0.009484,-0.060280,-0.015264,0.067311,0.209485,-0.566370,-0.689348,3.222523,False,0.406000
v6-4__H20__S0__P5__E1_A5,v6-4,20,S0,P5,E1_A5,E1,7444,3384,3334,0,71,0,3989,0,30,20,236,50,0,0,0,0,0,0,642,825,1867,0,0,0,0,0,0,0,1568,147,223,147,785,0.454594,0.904430,1611460.907681,1906229.072439,0.033584,0.045675,0.031245,0.002340,0.014430,0.002587,0.015955,0.271073,0.308135,-0.440613,-0.646660,3.806176,False,0.638000
v6-4__H20__S0__P5__E1_A6,v6-4,20,S0,P5,E1_A6,E1,7444,3384,3347,0,71,0,3989,0,15,22,224,37,0,0,0,0,0,0,638,507,2202,0,0,0,0,0,0,0,1568,147,223,147,768,0.454594,1.028635,2061113.797083,2418171.429352,0.051346,0.063039,0.031245,0.020101,0.031794,0.019542,0.030909,0.364026,0.381842,-0.398753,-0.601789,4.467789,False,0.474000
v6-4__H20__S0__P5__E1_A7,v6-4,20,S0,P5,E1_A7,E1,7444,3134,3100,0,71,0,4239,0,18,16,250,34,0,0,0,0,0,0,419,1182,1499,0,0,0,0,0,0,0,1568,147,223,147,913,0.421010,0.649007,1009730.599189,1334197.625932,0.000671,0.020162,0.031245,-0.030574,-0.011083,-0.047109,-0.017076,0.102732,0.203060,-0.592160,-0.711338,3.102653,False,0.489000
v6-4__H20__S0__P5__E1_A8,v6-4,20,S0,P5,E1_A8,E1,7444,3140,3101,0,71,0,4233,0,20,19,235,39,0,0,0,0,0,0,438,795,1868,0,0,0,0,0,0,0,1568,147,223,147,806,0.421816,0.913884,1712829.097352,2031537.505487,0.037959,0.050294,0.031245,0.006714,0.019050,0.007347,0.020845,0.293071,0.327049,-0.458671,-0.640129,3.385242,False,0.531000
v6-4__H20__S0__P5__E1_A9,v6-4,20,S0,P5,E1_A9,E1,7444,3299,3255,0,71,0,4074,0,22,22,227,44,0,0,0,0,0,0,459,505,2291,0,0,0,0,0,0,0,1568,147,223,147,780,0.443176,1.041761,2232580.315986,2619625.283007,0.057178,0.068944,0.031245,0.025934,0.037700,0.024894,0.036188,0.389303,0.403741,-0.443821,-0.620840,4.164682,False,0.701000
v6-4__H20__S0__P5__E2_B1,v6-4,20,S0,P5,E2_B1,E2,7444,3248,3196,0,71,0,4125,0,33,19,237,52,176,0,0,0,0,0,574,782,1840,0,0,0,0,0,0,0,1568,147,223,147,773,0.436325,0.892109,1604678.189191,1929119.514031,0.033283,0.046540,0.031245,0.002038,0.015295,0.002285,0.017145,0.268460,0.311366,-0.435784,-0.638144,3.631330,False,0.513000
v6-4__H20__S0__P5__E2_B10,v6-4,20,S0,P5,E2_B10,E2,7444,3564,3513,0,71,0,3809,0,33,18,225,51,166,0,0,0,0,0,946,806,1761,0,0,0,0,0,0,0,1568,147,223,147,740,0.478775,0.911931,1861423.237319,2186282.685955,0.043955,0.055646,0.031245,0.012710,0.024401,0.013937,0.026758,0.324664,0.347383,-0.452476,-0.625789,4.451918,False,0.925000
v6-4__H20__S0__P5__E2_B11,v6-4,20,S0,P5,E2_B11,E2,7444,3074,3035,0,71,0,4299,0,21,18,238,39,173,0,0,0,0,0,390,767,1878,0,0,0,0,0,0,0,1568,147,223,147,812,0.412950,0.867355,1589427.317648,1837292.082155,0.032600,0.043012,0.031245,0.001355,0.011767,0.001563,0.013567,0.262761,0.296074,-0.506458,-0.668536,3.396386,False,0.546000
v6-4__H20__S0__P5__E2_B12,v6-4,20,S0,P5,E2_B12,E2,7444,3068,3028,0,71,0,4305,0,20,20,248,40,173,0,0,0,0,0,272,758,1998,0,0,0,0,0,0,0,1568,147,223,147,833,0.412144,0.875866,1584341.682318,1881324.053653,0.032371,0.044723,0.031245,0.001126,0.013479,0.001286,0.015389,0.261126,0.303191,-0.527907,-0.679146,3.312322,False,0.604000
v6-4__H20__S0__P5__E2_B13,v6-4,20,S0,P5,E2_B13,E2,7444,3105,3069,0,71,0,4268,0,20,16,230,36,147,0,0,0,0,0,532,1163,1374,0,0,0,0,0,0,0,1568,147,223,147,929,0.417114,0.624845,951701.607712,1355119.726775,-0.003421,0.021261,0.031245,-0.034666,-0.009983,-0.055479,-0.015977,0.081028,0.207173,-0.577989,-0.691006,3.081339,False,0.791000
v6-4__H20__S0__P5__E2_B14,v6-4,20,S0,P5,E2_B14,E2,7444,3239,3192,0,71,0,4134,0,24,23,227,47,187,0,0,0,0,0,571,470,2151,0,0,0,0,0,0,0,1568,147,223,147,779,0.435116,1.010956,1976183.377801,2304924.038672,0.048287,0.059515,0.031245,0.017043,0.028270,0.016858,0.027964,0.347403,0.367324,-0.395199,-0.596595,4.376971,False,0.601000
v6-4__H20__S0__P5__E2_B18,v6-4,20,S0,P5,E2_B18,E2,7444,3233,3183,0,71,0,4140,0,33,17,226,50,173,0,0,0,0,0,575,802,1806,0,0,0,0,0,0,0,1568,147,223,147,810,0.434310,0.841307,1476576.028755,1718067.306105,0.027348,0.038178,0.031245,-0.003896,0.006934,-0.004631,0.008242,0.236920,0.276771,-0.478085,-0.666207,3.538880,False,0.531000
v6-4__H20__S0__P5__E2_B19,v6-4,20,S0,P5,E2_B19,E2,7444,3059,3020,0,71,0,4314,0,20,19,239,39,177,0,0,0,0,0,275,758,1987,0,0,0,0,0,0,0,1568,147,223,147,825,0.410935,0.870569,1631424.846597,1934452.161947,0.034466,0.046740,0.031245,0.003221,0.015495,0.003700,0.017799,0.271545,0.310959,-0.525779,-0.673199,3.297395,False,0.571000
v6-4__H20__S0__P5__E2_B2,v6-4,20,S0,P5,E2_B2,E2,7444,3223,3178,0,71,0,4150,0,28,17,228,45,174,0,0,0,0,0,562,796,1820,0,0,0,0,0,0,0,1568,147,223,147,799,0.432966,0.880160,1521188.858818,1776432.932039,0.029468,0.040582,0.031245,-0.001777,0.009338,-0.002019,0.010609,0.248927,0.287188,-0.429834,-0.641171,3.441531,False,0.918000
v6-4__H20__S0__P5__E2_B20,v6-4,20,S0,P5,E2_B20,E2,7444,3212,3170,0,71,0,4161,0,23,19,223,42,172,0,0,0,0,0,591,788,1791,0,0,0,0,0,0,0,1568,147,223,147,799,0.431488,0.895175,1577636.766581,1835851.156614,0.032068,0.042955,0.031245,0.000823,0.011711,0.000920,0.013082,0.263168,0.297256,-0.438091,-0.641202,3.471890,False,0.643000
v6-4__H20__S0__P5__E2_B3,v6-4,20,S0,P5,E2_B3,E2,7444,3270,3219,0,71,0,4103,0,31,20,230,51,170,0,0,0,0,0,585,804,1830,0,0,0,0,0,0,0,1568,147,223,147,791,0.439280,0.891933,1612316.801444,1881360.166124,0.033622,0.044725,0.031245,0.002378,0.013480,0.002666,0.015114,0.270359,0.303766,-0.434888,-0.644626,3.576162,False,0.570000
v6-4__H20__S0__P5__E2_B4,v6-4,20,S0,P5,E2_B4,E2,7444,3248,3196,0,71,0,4125,0,33,19,237,52,176,0,0,0,0,0,574,782,1840,0,0,0,0,0,0,0,1568,147,223,147,773,0.436325,0.892109,1604678.189191,1929119.514031,0.033283,0.046540,0.031245,0.002038,0.015295,0.002285,0.017145,0.268460,0.311366,-0.435784,-0.638144,3.631330,False,0.661000
v6-4__H20__S0__P5__E2_B5,v6-4,20,S0,P5,E2_B5,E2,7444,3248,3196,0,71,0,4125,0,33,19,237,52,176,0,0,0,0,0,574,782,1840,0,0,0,0,0,0,0,1568,147,223,147,773,0.436325,0.892109,1604678.189191,1929119.514031,0.033283,0.046540,0.031245,0.002038,0.015295,0.002285,0.017145,0.268460,0.311366,-0.435784,-0.638144,3.631330,False,0.569000
v6-4__H20__S0__P5__E2_B6,v6-4,20,S0,P5,E2_B6,E2,7444,3246,3196,0,71,0,4127,0,31,19,231,50,172,0,0,0,0,0,598,782,1816,0,0,0,0,0,0,0,1568,147,223,147,788,0.436056,0.901610,1651348.633660,1963446.207407,0.035336,0.047818,0.031245,0.004091,0.016574,0.004538,0.018382,0.280145,0.317403,-0.441948,-0.638146,3.538661,False,0.873000
v6-4__H20__S0__P5__E2_B7,v6-4,20,S0,P5,E2_B7,E2,7444,3164,3110,0,71,0,4209,0,35,19,233,54,169,0,0,0,0,0,531,779,1800,0,0,0,0,0,0,0,1568,147,223,147,801,0.425040,0.831490,1460399.596064,1756042.667747,0.026565,0.039751,0.031245,-0.004679,0.008506,-0.005628,0.010230,0.232588,0.283013,-0.480175,-0.662136,3.285267,False,0.560000
v6-4__H20__S0__P5__E2_B8,v6-4,20,S0,P5,E2_B8,E2,7444,3287,3234,0,71,0,4086,0,33,20,228,53,175,0,0,0,0,0,576,728,1930,0,0,0,0,0,0,0,1568,147,223,147,752,0.441564,0.931518,1654591.105300,1967261.517182,0.035476,0.047959,0.031245,0.004232,0.016714,0.004543,0.017943,0.280229,0.317171,-0.424958,-0.635517,3.628347,False,0.592000
v6-4__H20__S0__P5__E2_B9,v6-4,20,S0,P5,E2_B9,E2,7444,3472,3422,0,71,0,3901,0,33,17,220,50,178,0,0,0,0,0,749,818,1855,0,0,0,0,0,0,0,1568,147,223,147,722,0.466416,0.939151,1822788.035656,2106874.726019,0.042440,0.052945,0.031245,0.011195,0.021701,0.011921,0.023107,0.316667,0.335797,-0.443502,-0.629604,3.763760,False,0.827000
v6-4__H20__S0__P5__E3,v6-4,20,S0,P5,E3,E3,7444,2889,2871,0,71,0,4484,0,3,15,6366,18,0,0,0,0,0,0,0,0,553,2318,0,0,0,0,0,0,1568,147,223,147,991,0.388098,0.446552,516359.782536,754769.317803,-0.044727,-0.019289,0.031245,-0.075972,-0.050534,-0.170129,-0.113164,-0.110426,0.041950,-0.648532,-0.739448,1.481368,False,0.441000
v6-4__H20__S0__P5__E4,v6-4,20,S0,P5,E4,E4,7444,4119,5807,0,71,0,3254,0,18,27,4065,45,0,0,0,476,0,0,0,0,2679,1395,1733,0,0,0,0,0,1568,147,223,147,814,0.553332,1.000860,1735592.102664,1628339.041251,0.038908,0.034330,0.031245,0.007664,0.003086,0.007657,0.003083,0.302095,0.262104,-0.383917,-0.567330,12.836388,False,0.617000
v6-4__H20__S0__P5__E5,v6-4,20,S0,P5,E5,E5,7444,3090,3067,0,71,0,4283,0,6,17,6643,23,0,0,0,0,0,0,0,0,1585,0,0,1482,0,0,0,0,1568,147,223,147,947,0.415099,0.607286,667996.501988,1208075.044526,-0.027546,0.013173,0.031245,-0.058791,-0.018072,-0.096809,-0.029759,-0.006379,0.176449,-0.654765,-0.711316,2.266921,False,0.644000
v6-4__H20__S0__P5__E6,v6-4,20,S0,P5,E6,E6,7444,3949,3928,0,71,0,3424,0,2,19,4827,21,0,0,0,0,0,0,0,0,1468,0,0,0,2460,0,0,0,1568,147,223,147,804,0.530494,0.671666,1255131.897240,1535087.670196,0.015856,0.030116,0.031245,-0.015388,-0.001129,-0.022910,-0.001680,0.179109,0.244516,-0.589771,-0.699557,0.813927,False,0.407000
v6-4__H20__S0__P5__E7,v6-4,20,S0,P5,E7,E7,7444,2652,2617,0,71,0,4721,0,9,26,4867,35,0,0,0,0,0,0,0,0,1824,0,0,0,0,793,0,0,1568,147,223,147,947,0.356260,0.824849,1104932.302252,1539892.079535,0.006932,0.030339,0.031245,-0.024312,-0.000906,-0.029475,-0.001098,0.135803,0.245575,-0.578085,-0.646525,2.285283,False,0.647000
v6-4__H25__S0__P5__E0,v6-4,25,S0,P5,E0,E0,7444,2065,2019,0,71,0,5308,0,19,27,91,46,0,0,0,0,0,2019,0,0,0,0,0,0,0,0,0,0,1568,147,223,147,1134,0.277405,0.881930,1055676.722152,1203076.447422,0.003758,0.012882,0.031245,-0.027486,-0.018363,-0.031166,-0.020821,0.125980,0.176312,-0.563929,-0.663678,3.321253,False,0.377000
v6-4__H25__S0__P5__E1_A1,v6-4,25,S0,P5,E1_A1,E1,7444,3759,3714,0,71,0,3614,0,33,12,307,45,0,0,0,0,0,0,1095,1669,950,0,0,0,0,0,0,0,1568,147,223,147,877,0.504970,0.661137,937355.309803,1371312.529754,-0.004469,0.022102,0.031245,-0.035713,-0.009143,-0.054018,-0.013829,0.075555,0.211308,-0.537287,-0.700624,1.177886,False,0.306000
v6-4__H25__S0__P5__E1_A10,v6-4,25,S0,P5,E1_A10,E1,7444,2845,2802,0,71,0,4528,0,27,16,237,43,0,0,0,0,0,0,325,1230,1247,0,0,0,0,0,0,0,1568,147,223,147,1011,0.382187,0.614162,822040.279666,1298355.333960,-0.013475,0.018240,0.031245,-0.044720,-0.013004,-0.072814,-0.021174,0.038843,0.194844,-0.642727,-0.703080,2.220263,False,0.394000
v6-4__H25__S0__P5__E1_A11,v6-4,25,S0,P5,E1_A11,E1,7444,2827,2748,0,71,0,4546,0,63,16,206,79,0,0,0,0,0,0,388,808,1552,0,0,0,0,0,0,0,1568,147,223,147,954,0.379769,0.763449,1316235.355460,1630197.124409,0.019205,0.034412,0.031245,-0.012040,0.003167,-0.015770,0.004149,0.196055,0.261284,-0.586967,-0.708549,3.485493,False,0.655000
v6-4__H25__S0__P5__E1_A12,v6-4,25,S0,P5,E1_A12,E1,7444,2679,2604,0,71,0,4694,0,53,22,230,75,0,0,0,0,0,0,374,505,1725,0,0,0,0,0,0,0,1568,147,223,147,977,0.359887,0.871888,1438006.706404,1614826.271019,0.025468,0.033734,0.031245,-0.005777,0.002489,-0.006626,0.002855,0.225741,0.258899,-0.541518,-0.677042,4.185166,False,0.393000
v6-4__H25__S0__P5__E1_A2,v6-4,25,S0,P5,E1_A2,E1,7444,3803,3741,0,71,0,3570,0,45,17,219,62,0,0,0,0,0,0,1229,1117,1395,0,0,0,0,0,0,0,1568,147,223,147,828,0.510881,0.882984,1598863.016277,1890740.628596,0.033023,0.045085,0.031245,0.001779,0.013840,0.002014,0.015674,0.265678,0.304572,-0.499671,-0.669290,2.476552,False,0.497000
v6-4__H25__S0__P5__E1_A3,v6-4,25,S0,P5,E1_A3,E1,7444,4110,4005,0,71,0,3263,0,83,22,247,105,0,0,0,0,0,0,1431,754,1820,0,0,0,0,0,0,0,1568,147,223,147,694,0.552123,1.182702,2742826.725466,2957008.168606,0.072351,0.077947,0.031245,0.041106,0.046703,0.034756,0.039488,0.466422,0.431165,-0.437232,-0.618638,5.195533,False,0.851000
v6-4__H25__S0__P5__E1_A4,v6-4,25,S0,P5,E1_A4,E1,7444,3198,3125,0,71,0,4175,0,57,16,239,73,0,0,0,0,0,0,704,1353,1068,0,0,0,0,0,0,0,1568,147,223,147,907,0.429608,0.664657,1021281.794744,1580782.637757,0.001459,0.032210,0.031245,-0.029786,0.000965,-0.044813,0.001453,0.108763,0.253104,-0.583714,-0.697676,2.698675,False,0.602000
v6-4__H25__S0__P5__E1_A5,v6-4,25,S0,P5,E1_A5,E1,7444,3344,3253,0,71,0,4029,0,71,20,222,91,0,0,0,0,0,0,830,928,1495,0,0,0,0,0,0,0,1568,147,223,147,836,0.449221,0.912247,1714838.556772,2036994.023310,0.038043,0.050489,0.031245,0.006799,0.019245,0.007453,0.021096,0.288894,0.326014,-0.492572,-0.671963,4.341366,False,0.464000
v6-4__H25__S0__P5__E1_A6,v6-4,25,S0,P5,E1_A6,E1,7444,3438,3322,0,71,0,3935,0,92,24,223,116,0,0,0,0,0,0,826,659,1837,0,0,0,0,0,0,0,1568,147,223,147,750,0.461848,1.172356,2592337.634087,2693499.359739,0.068170,0.071004,0.031245,0.036925,0.039760,0.031496,0.033914,0.439118,0.404809,-0.450243,-0.632774,4.444213,False,0.478000
v6-4__H25__S0__P5__E1_A7,v6-4,25,S0,P5,E1_A7,E1,7444,2975,2933,0,71,0,4398,0,27,15,244,42,0,0,0,0,0,0,506,1260,1167,0,0,0,0,0,0,0,1568,147,223,147,982,0.399651,0.623735,835385.438063,1260415.111796,-0.012375,0.016152,0.031245,-0.043619,-0.015093,-0.069933,-0.024197,0.041231,0.186278,-0.613137,-0.713319,2.739610,False,0.402000
v6-4__H25__S0__P5__E1_A8,v6-4,25,S0,P5,E1_A8,E1,7444,3062,2979,0,71,0,4311,0,64,19,211,83,0,0,0,0,0,0,585,833,1561,0,0,0,0,0,0,0,1568,147,223,147,906,0.411338,0.837815,1551712.995059,1847458.620457,0.030885,0.043410,0.031245,-0.000360,0.012166,-0.000430,0.014521,0.252028,0.297352,-0.547694,-0.685852,4.146957,False,0.696000
v6-4__H25__S0__P5__E1_A9,v6-4,25,S0,P5,E1_A9,E1,7444,3106,2997,0,71,0,4267,0,86,23,228,109,0,0,0,0,0,0,603,581,1813,0,0,0,0,0,0,0,1568,147,223,147,839,0.417249,1.040449,2103371.611001,2264082.579238,0.052824,0.058204,0.031245,0.021579,0.026960,0.020740,0.025912,0.358672,0.355547,-0.508993,-0.665786,4.826630,False,0.478000
v6-4__H25__S0__P5__E2_B1,v6-4,25,S0,P5,E2_B1,E2,7444,3241,3157,0,71,0,4132,0,64,20,224,84,212,0,0,0,0,0,759,888,1510,0,0,0,0,0,0,0,1568,147,223,147,852,0.435384,0.929158,1811646.607703,2086436.226176,0.041997,0.052235,0.031245,0.010753,0.020990,0.011573,0.022591,0.307681,0.332787,-0.509227,-0.676800,4.167500,False,0.639000
v6-4__H25__S0__P5__E2_B10,v6-4,25,S0,P5,E2_B10,E2,7444,3509,3444,0,71,0,3864,0,47,18,187,65,198,0,0,0,0,0,1136,897,1411,0,0,0,0,0,0,0,1568,147,223,147,772,0.471386,0.971329,1943320.540105,2191909.290196,0.047071,0.055833,0.031245,0.015827,0.024589,0.016294,0.025315,0.335301,0.346078,-0.495381,-0.659022,4.643100,False,0.582000
v6-4__H25__S0__P5__E2_B11,v6-4,25,S0,P5,E2_B11,E2,7444,2986,2906,0,71,0,4387,0,62,18,228,80,220,0,0,0,0,0,527,808,1571,0,0,0,0,0,0,0,1568,147,223,147,920,0.401128,0.801492,1428384.011872,1678159.377742,0.024991,0.036491,0.031245,-0.006254,0.005246,-0.007802,0.006545,0.223196,0.269362,-0.572413,-0.706074,4.128320,False,0.943000
v6-4__H25__S0__P5__E2_B12,v6-4,25,S0,P5,E2_B12,E2,7444,2713,2647,0,71,0,4660,0,48,18,220,66,224,0,0,0,0,0,343,759,1545,0,0,0,0,0,0,0,1568,147,223,147,988,0.364455,0.753285,1170256.441034,1444722.457173,0.010944,0.025798,0.031245,-0.020300,-0.005446,-0.026949,-0.007230,0.156803,0.227067,-0.604828,-0.722142,3.349574,False,0.884000
v6-4__H25__S0__P5__E2_B13,v6-4,25,S0,P5,E2_B13,E2,7444,3205,3140,0,71,0,4168,0,50,15,238,65,161,0,0,0,0,0,682,1324,1134,0,0,0,0,0,0,0,1568,147,223,147,871,0.430548,0.731718,1352797.647081,1848003.958893,0.021140,0.043432,0.031245,-0.010104,0.012187,-0.013809,0.016656,0.205040,0.299080,-0.531285,-0.675104,3.094133,False,0.857000
v6-4__H25__S0__P5__E2_B14,v6-4,25,S0,P5,E2_B14,E2,7444,3200,3091,0,71,0,4173,0,85,24,223,109,216,0,0,0,0,0,765,591,1735,0,0,0,0,0,0,0,1568,147,223,147,805,0.429876,1.081888,2253763.431860,2316684.781659,0.057870,0.059888,0.031245,0.026625,0.028644,0.024610,0.026476,0.385928,0.361615,-0.476404,-0.652759,4.728126,False,0.658000
v6-4__H25__S0__P5__E2_B18,v6-4,25,S0,P5,E2_B18,E2,7444,3238,3140,0,71,0,4135,0,79,19,218,98,213,0,0,0,0,0,761,902,1477,0,0,0,0,0,0,0,1568,147,223,147,858,0.434981,0.880291,1692118.135323,1954575.306865,0.037085,0.047490,0.031245,0.005841,0.016245,0.006635,0.018454,0.281711,0.312684,-0.539370,-0.697713,4.099087,False,0.978000
v6-4__H25__S0__P5__E2_B19,v6-4,25,S0,P5,E2_B19,E2,7444,2816,2748,0,71,0,4557,0,52,16,233,68,216,0,0,0,0,0,371,798,1579,0,0,0,0,0,0,0,1568,147,223,147,981,0.378291,0.756048,1209527.405422,1493783.616542,0.013257,0.028173,0.031245,-0.017988,-0.003072,-0.023792,-0.004063,0.168119,0.236639,-0.606401,-0.719720,3.485532,False,0.902000
v6-4__H25__S0__P5__E2_B2,v6-4,25,S0,P5,E2_B2,E2,7444,3180,3101,0,71,0,4193,0,60,19,215,79,205,0,0,0,0,0,745,874,1482,0,0,0,0,0,0,0,1568,147,223,147,850,0.427190,0.926562,1767013.098370,1986321.253269,0.040199,0.048659,0.031245,0.008955,0.017414,0.009665,0.018794,0.299001,0.318191,-0.497385,-0.677357,4.212264,False,0.790000
v6-4__H25__S0__P5__E2_B20,v6-4,25,S0,P5,E2_B20,E2,7444,3252,3172,0,71,0,4121,0,60,20,210,80,206,0,0,0,0,0,786,885,1501,0,0,0,0,0,0,0,1568,147,223,147,840,0.436862,0.944516,1843021.238770,2096857.669562,0.043237,0.052598,0.031245,0.011992,0.021353,0.012697,0.022608,0.315642,0.334618,-0.492584,-0.670267,4.148588,False,0.636000
v6-4__H25__S0__P5__E2_B3,v6-4,25,S0,P5,E2_B3,E2,7444,3268,3172,0,71,0,4105,0,77,19,222,96,211,0,0,0,0,0,785,908,1479,0,0,0,0,0,0,0,1568,147,223,147,839,0.439011,0.919758,1755876.650218,2016950.223519,0.039744,0.049770,0.031245,0.008500,0.018526,0.009241,0.020142,0.296326,0.322481,-0.495389,-0.674688,4.123783,False,0.638000
v6-4__H25__S0__P5__E2_B4,v6-4,25,S0,P5,E2_B4,E2,7444,3241,3157,0,71,0,4132,0,64,20,224,84,212,0,0,0,0,0,759,888,1510,0,0,0,0,0,0,0,1568,147,223,147,852,0.435384,0.929158,1811646.607703,2086436.226176,0.041997,0.052235,0.031245,0.010753,0.020990,0.011573,0.022591,0.307681,0.332787,-0.509227,-0.676800,4.167500,False,0.634000
v6-4__H25__S0__P5__E2_B5,v6-4,25,S0,P5,E2_B5,E2,7444,3241,3157,0,71,0,4132,0,64,20,224,84,212,0,0,0,0,0,759,888,1510,0,0,0,0,0,0,0,1568,147,223,147,852,0.435384,0.929158,1811646.607703,2086436.226176,0.041997,0.052235,0.031245,0.010753,0.020990,0.011573,0.022591,0.307681,0.332787,-0.509227,-0.676800,4.167500,False,0.660000
v6-4__H25__S0__P5__E2_B6,v6-4,25,S0,P5,E2_B6,E2,7444,3255,3173,0,71,0,4118,0,64,18,213,82,212,0,0,0,0,0,791,879,1503,0,0,0,0,0,0,0,1568,147,223,147,852,0.437265,0.931177,1829070.432487,2144073.441360,0.042688,0.054222,0.031245,0.011444,0.022977,0.012289,0.024675,0.312697,0.341815,-0.514597,-0.674573,4.215767,False,0.632000
v6-4__H25__S0__P5__E2_B7,v6-4,25,S0,P5,E2_B7,E2,7444,3232,3149,0,71,0,4141,0,64,19,217,83,208,0,0,0,0,0,746,880,1523,0,0,0,0,0,0,0,1568,147,223,147,860,0.434175,0.902337,1802415.928558,2081303.766541,0.041629,0.052055,0.031245,0.010384,0.020811,0.011508,0.023063,0.303778,0.330896,-0.548747,-0.698573,4.374125,False,0.911000
v6-4__H25__S0__P5__E2_B8,v6-4,25,S0,P5,E2_B8,E2,7444,3233,3149,0,71,0,4140,0,64,20,223,84,219,0,0,0,0,0,765,819,1565,0,0,0,0,0,0,0,1568,147,223,147,842,0.434310,0.936993,1790699.993138,2044431.456889,0.041159,0.050754,0.031245,0.009914,0.019510,0.010581,0.020822,0.303411,0.326721,-0.517522,-0.682543,4.334797,False,0.481000
v6-4__H25__S0__P5__E2_B9,v6-4,25,S0,P5,E2_B9,E2,7444,3472,3403,0,71,0,3901,0,53,16,198,69,209,0,0,0,0,0,965,925,1513,0,0,0,0,0,0,0,1568,147,223,147,760,0.466416,1.016505,2155278.463489,2344108.509533,0.054602,0.060752,0.031245,0.023358,0.029507,0.022978,0.029028,0.370878,0.363633,-0.475776,-0.662148,4.371912,False,1.000000
v6-4__H25__S0__P5__E3,v6-4,25,S0,P5,E3,E3,7444,2878,2856,0,71,0,4495,0,7,15,6446,22,0,0,0,0,0,0,0,0,314,2542,0,0,0,0,0,0,1568,147,223,147,1020,0.386620,0.441622,491591.744083,708514.427172,-0.047972,-0.023574,0.031245,-0.079217,-0.054818,-0.179377,-0.124129,-0.118920,0.027421,-0.665515,-0.753474,1.623808,False,0.291000
v6-4__H25__S0__P5__E4,v6-4,25,S0,P5,E4,E4,7444,3664,5280,0,71,0,3709,0,26,30,3551,56,0,0,0,488,0,0,0,0,1950,1658,1672,0,0,0,0,0,1568,147,223,147,972,0.492208,0.844892,1131606.385088,981263.655806,0.008596,-0.001309,0.031245,-0.022648,-0.032553,-0.026806,-0.038529,0.140097,0.114709,-0.463038,-0.616582,11.927162,False,0.583000
v6-4__H25__S0__P5__E5,v6-4,25,S0,P5,E5,E5,7444,2974,2926,0,71,0,4399,0,29,19,6587,48,0,0,0,0,0,0,0,0,1373,0,0,1553,0,0,0,0,1568,147,223,147,1025,0.399516,0.662309,785443.081816,1339823.852399,-0.016581,0.020459,0.031245,-0.047825,-0.010785,-0.072210,-0.016285,0.039941,0.203443,-0.662253,-0.713481,2.602080,False,0.602000
v6-4__H25__S0__P5__E6,v6-4,25,S0,P5,E6,E6,7444,4010,3950,0,71,0,3363,0,42,18,4890,60,0,0,0,0,0,0,0,0,1525,0,0,0,2425,0,0,0,1568,147,223,147,845,0.538689,0.748134,1238620.081685,1381248.664373,0.014926,0.022613,0.031245,-0.016319,-0.008632,-0.021813,-0.011538,0.175197,0.214260,-0.571098,-0.692342,1.694554,False,0.463000
v6-4__H25__S0__P5__E7,v6-4,25,S0,P5,E7,E7,7444,2602,2520,0,71,0,4771,0,57,25,5924,82,0,0,0,0,0,0,0,0,1439,0,0,0,0,1081,0,0,1568,147,223,147,902,0.349543,1.019345,1493678.152155,1590514.997450,0.028168,0.032649,0.031245,-0.003077,0.001404,-0.003018,0.001378,0.238272,0.254389,-0.497992,-0.628693,1.982078,False,0.482000
v6-5__H10__S0__P5__E0,v6-5,10,S0,P5,E0,E0,1883,897,875,0,22,0,964,0,1,21,43,22,0,0,0,0,0,875,0,0,0,0,0,0,0,0,0,0,511,20,212,20,82,0.476367,0.533353,1931906.415437,2178002.362968,0.046644,0.055368,0.031245,0.015400,0.024124,0.028873,0.045230,0.434319,0.364026,-0.209080,-0.389797,3.715351,False,0.104000
v6-5__H10__S0__P5__E1_A1,v6-5,10,S0,P5,E1_A1,E1,1883,1104,1091,0,22,0,757,0,1,12,157,13,0,0,0,0,0,0,141,494,456,0,0,0,0,0,0,0,511,20,212,20,142,0.586298,0.303380,907942.343469,1150084.595226,-0.006664,0.009728,0.031245,-0.037908,-0.021517,-0.124953,-0.070923,0.005863,0.150400,-0.293511,-0.527332,-0.948006,False,0.119000
v6-5__H10__S0__P5__E1_A10,v6-5,10,S0,P5,E1_A10,E1,1883,854,840,0,22,0,1007,0,0,14,99,14,0,0,0,0,0,0,25,239,576,0,0,0,0,0,0,0,511,20,212,20,128,0.453532,0.344277,1078273.778728,1341799.782486,0.005231,0.020563,0.031245,-0.026014,-0.010681,-0.075560,-0.031025,0.105294,0.202498,-0.272810,-0.483535,2.206025,False,0.087000
v6-5__H10__S0__P5__E1_A11,v6-5,10,S0,P5,E1_A11,E1,1883,785,767,0,22,0,1076,0,0,18,62,18,0,0,0,0,0,0,25,122,620,0,0,0,0,0,0,0,511,20,212,20,114,0.416888,0.417481,1471977.390687,1651516.516040,0.027126,0.035343,0.031245,-0.004118,0.004098,-0.009864,0.009817,0.287263,0.272848,-0.189720,-0.454036,3.508845,False,0.083000
v6-5__H10__S0__P5__E1_A12,v6-5,10,S0,P5,E1_A12,E1,1883,837,817,0,22,0,1024,0,1,19,64,20,0,0,0,0,0,0,27,86,704,0,0,0,0,0,0,0,511,20,212,20,94,0.444503,0.450930,1723230.652953,1905795.027044,0.038394,0.045659,0.031245,0.007150,0.014414,0.015855,0.031965,0.384167,0.320810,-0.184499,-0.419704,2.580169,False,0.126000
v6-5__H10__S0__P5__E1_A2,v6-5,10,S0,P5,E1_A2,E1,1883,1066,1050,0,22,0,795,0,0,16,113,16,0,0,0,0,0,0,135,337,578,0,0,0,0,0,0,0,511,20,212,20,114,0.566118,0.376610,1302445.070375,1457494.410951,0.018462,0.026424,0.031245,-0.012782,-0.004821,-0.033941,-0.012801,0.220675,0.230648,-0.208693,-0.491641,-0.668838,False,0.118000
v6-5__H10__S0__P5__E1_A3,v6-5,10,S0,P5,E1_A3,E1,1883,1155,1137,0,22,0,706,0,1,17,103,18,0,0,0,0,0,0,164,177,796,0,0,0,0,0,0,0,511,20,212,20,89,0.613383,0.413809,1580982.769737,1748137.566441,0.032219,0.039426,0.031245,0.000975,0.008182,0.002355,0.019772,0.346202,0.292649,-0.177560,-0.445608,0.282544,False,0.077000
v6-5__H10__S0__P5__E1_A4,v6-5,10,S0,P5,E1_A4,E1,1883,862,848,0,22,0,999,0,1,13,92,14,0,0,0,0,0,0,90,250,508,0,0,0,0,0,0,0,511,20,212,20,102,0.457780,0.330457,1144028.635668,1411493.733933,0.009359,0.024147,0.031245,-0.021886,-0.007097,-0.066228,-0.021477,0.137996,0.219383,-0.241686,-0.488821,2.328938,False,0.086000
v6-5__H10__S0__P5__E1_A5,v6-5,10,S0,P5,E1_A5,E1,1883,842,824,0,22,0,1019,0,1,17,64,18,0,0,0,0,0,0,92,141,591,0,0,0,0,0,0,0,511,20,212,20,94,0.447159,0.401196,1510377.245110,1686046.684381,0.028959,0.036827,0.031245,-0.002285,0.005583,-0.005696,0.013915,0.311153,0.279767,-0.188891,-0.459843,3.071336,False,0.086000
v6-5__H10__S0__P5__E1_A6,v6-5,10,S0,P5,E1_A6,E1,1883,950,931,0,22,0,911,0,1,18,72,19,0,0,0,0,0,0,103,95,733,0,0,0,0,0,0,0,511,20,212,20,79,0.504514,0.435783,1770689.114922,1960308.260837,0.040349,0.047702,0.031245,0.009105,0.016458,0.020892,0.037766,0.421018,0.331138,-0.203112,-0.413108,2.997067,False,0.093000
v6-5__H10__S0__P5__E1_A7,v6-5,10,S0,P5,E1_A7,E1,1883,856,843,0,22,0,1005,0,0,13,97,13,0,0,0,0,0,0,53,252,538,0,0,0,0,0,0,0,511,20,212,20,120,0.454594,0.328145,1049084.533646,1294109.724656,0.003323,0.018010,0.031245,-0.027922,-0.013235,-0.085089,-0.040333,0.090187,0.190464,-0.288200,-0.492012,1.827154,False,0.085000
v6-5__H10__S0__P5__E1_A8,v6-5,10,S0,P5,E1_A8,E1,1883,787,770,0,22,0,1074,0,0,17,64,17,0,0,0,0,0,0,52,139,579,0,0,0,0,0,0,0,511,20,212,20,110,0.417950,0.398850,1426393.203037,1587957.095337,0.024892,0.032534,0.031245,-0.006353,0.001289,-0.015927,0.003232,0.269512,0.259398,-0.198338,-0.460549,2.755038,False,0.117000
v6-5__H10__S0__P5__E1_A9,v6-5,10,S0,P5,E1_A9,E1,1883,840,821,0,22,0,1021,0,1,18,66,19,0,0,0,0,0,0,55,89,677,0,0,0,0,0,0,0,511,20,212,20,89,0.446097,0.428881,1645696.341436,1833309.217596,0.035090,0.042855,0.031245,0.003845,0.011611,0.008966,0.027072,0.355899,0.307500,-0.206393,-0.428142,2.594626,False,0.074000
v6-5__H10__S0__P5__E2_B1,v6-5,10,S0,P5,E2_B1,E2,1883,792,774,0,22,0,1069,0,1,17,69,18,39,0,0,0,0,0,73,136,565,0,0,0,0,0,0,0,511,20,212,20,100,0.420605,0.399915,1483955.464792,1650370.424889,0.027703,0.035293,0.031245,-0.003542,0.004049,-0.008856,0.010124,0.297749,0.272454,-0.185017,-0.460228,2.678244,False,0.130000
v6-5__H10__S0__P5__E2_B10,v6-5,10,S0,P5,E2_B10,E2,1883,797,780,0,22,0,1064,0,1,16,66,17,37,0,0,0,0,0,130,126,524,0,0,0,0,0,0,0,511,20,212,20,112,0.423261,0.388228,1399598.342570,1547816.332389,0.023547,0.030705,0.031245,-0.007697,-0.000539,-0.019827,-0.001390,0.263913,0.250965,-0.180062,-0.472558,3.091096,False,0.102000
v6-5__H10__S0__P5__E2_B11,v6-5,10,S0,P5,E2_B11,E2,1883,765,748,0,22,0,1096,0,0,17,65,17,37,0,0,0,0,0,42,134,572,0,0,0,0,0,0,0,511,20,212,20,110,0.406267,0.399101,1424101.942579,1576457.048806,0.024778,0.032014,0.031245,-0.006467,0.000770,-0.016203,0.001929,0.268341,0.256955,-0.197796,-0.454706,2.521685,False,0.142000
v6-5__H10__S0__P5__E2_B12,v6-5,10,S0,P5,E2_B12,E2,1883,771,753,0,22,0,1090,0,0,18,65,18,38,0,0,0,0,0,24,118,611,0,0,0,0,0,0,0,511,20,212,20,114,0.409453,0.419348,1487401.931940,1663675.294533,0.027868,0.035869,0.031245,-0.003377,0.004624,-0.008052,0.011027,0.293937,0.275383,-0.189053,-0.450712,3.395024,False,0.140000
v6-5__H10__S0__P5__E2_B13,v6-5,10,S0,P5,E2_B13,E2,1883,881,867,0,22,0,980,0,1,13,92,14,36,0,0,0,0,0,78,247,542,0,0,0,0,0,0,0,511,20,212,20,108,0.467870,0.327979,1078441.821046,1320429.264736,0.005242,0.019430,0.031245,-0.026003,-0.011815,-0.079282,-0.036024,0.104523,0.197162,-0.259509,-0.496580,2.219785,False,0.110000
v6-5__H10__S0__P5__E2_B14,v6-5,10,S0,P5,E2_B14,E2,1883,859,840,0,22,0,1002,0,1,18,68,19,44,0,0,0,0,0,83,83,674,0,0,0,0,0,0,0,511,20,212,20,84,0.456187,0.429405,1688068.616932,1874316.389654,0.036913,0.044454,0.031245,0.005669,0.013209,0.013201,0.030761,0.382705,0.315696,-0.192932,-0.430476,3.194312,False,0.081000
v6-5__H10__S0__P5__E2_B18,v6-5,10,S0,P5,E2_B18,E2,1883,815,797,0,22,0,1046,0,1,17,69,18,37,0,0,0,0,0,82,138,577,0,0,0,0,0,0,0,511,20,212,20,96,0.432820,0.402053,1518469.110346,1684366.783087,0.029340,0.036756,0.031245,-0.001904,0.005511,-0.004737,0.013707,0.314528,0.279380,-0.189873,-0.454194,2.963356,False,0.104000
v6-5__H10__S0__P5__E2_B19,v6-5,10,S0,P5,E2_B19,E2,1883,773,755,0,22,0,1088,0,0,18,63,18,38,0,0,0,0,0,25,119,611,0,0,0,0,0,0,0,511,20,212,20,114,0.410515,0.418924,1484650.086676,1670696.973924,0.027736,0.036171,0.031245,-0.003508,0.004926,-0.008375,0.011759,0.293086,0.276841,-0.189053,-0.448766,3.410665,False,0.088000
v6-5__H10__S0__P5__E2_B2,v6-5,10,S0,P5,E2_B2,E2,1883,797,779,0,22,0,1064,0,1,17,69,18,39,0,0,0,0,0,75,138,566,0,0,0,0,0,0,0,511,20,212,20,100,0.423261,0.399952,1486646.063093,1652866.056103,0.027832,0.035401,0.031245,-0.003413,0.004157,-0.008533,0.010393,0.300180,0.273054,-0.185504,-0.459385,2.726003,False,0.099000
v6-5__H10__S0__P5__E2_B20,v6-5,10,S0,P5,E2_B20,E2,1883,798,780,0,22,0,1063,0,1,17,70,18,39,0,0,0,0,0,82,139,559,0,0,0,0,0,0,0,511,20,212,20,99,0.423792,0.401009,1502820.309472,1678977.706282,0.028602,0.036526,0.031245,-0.002642,0.005281,-0.006589,0.013169,0.307137,0.278350,-0.187883,-0.460131,2.692286,False,0.147000
v6-5__H10__S0__P5__E2_B3,v6-5,10,S0,P5,E2_B3,E2,1883,815,797,0,22,0,1046,0,1,17,68,18,38,0,0,0,0,0,82,137,578,0,0,0,0,0,0,0,511,20,212,20,96,0.432820,0.403362,1529291.484179,1695300.932715,0.029846,0.037220,0.031245,-0.001398,0.005976,-0.003467,0.014814,0.319076,0.281612,-0.191079,-0.453106,2.997519,False,0.066000
v6-5__H10__S0__P5__E2_B4,v6-5,10,S0,P5,E2_B4,E2,1883,792,774,0,22,0,1069,0,1,17,69,18,39,0,0,0,0,0,73,136,565,0,0,0,0,0,0,0,511,20,212,20,100,0.420605,0.399915,1483955.464792,1650370.424889,0.027703,0.035293,0.031245,-0.003542,0.004049,-0.008856,0.010124,0.297749,0.272454,-0.185017,-0.460228,2.678244,False,0.085000
v6-5__H10__S0__P5__E2_B5,v6-5,10,S0,P5,E2_B5,E2,1883,792,774,0,22,0,1069,0,1,17,69,18,39,0,0,0,0,0,73,136,565,0,0,0,0,0,0,0,511,20,212,20,100,0.420605,0.399915,1483955.464792,1650370.424889,0.027703,0.035293,0.031245,-0.003542,0.004049,-0.008856,0.010124,0.297749,0.272454,-0.185017,-0.460228,2.678244,False,0.101000
v6-5__H10__S0__P5__E2_B6,v6-5,10,S0,P5,E2_B6,E2,1883,791,773,0,22,0,1070,0,1,17,70,18,39,0,0,0,0,0,79,136,558,0,0,0,0,0,0,0,511,20,212,20,99,0.420074,0.400612,1495056.047362,1670149.649204,0.028233,0.036147,0.031245,-0.003011,0.004903,-0.007517,0.012238,0.302669,0.276496,-0.186625,-0.461679,2.631173,False,0.124000
v6-5__H10__S0__P5__E2_B7,v6-5,10,S0,P5,E2_B7,E2,1883,793,775,0,22,0,1068,0,1,17,70,18,39,0,0,0,0,0,71,136,568,0,0,0,0,0,0,0,511,20,212,20,100,0.421136,0.399849,1483770.307598,1649155.361780,0.027694,0.035240,0.031245,-0.003550,0.003996,-0.008880,0.009993,0.297714,0.272205,-0.184990,-0.460567,2.695900,False,0.100000
v6-5__H10__S0__P5__E2_B8,v6-5,10,S0,P5,E2_B8,E2,1883,800,782,0,22,0,1061,0,1,17,68,18,39,0,0,0,0,0,75,135,572,0,0,0,0,0,0,0,511,20,212,20,99,0.424854,0.399384,1474672.191397,1637154.976928,0.027257,0.034717,0.031245,-0.003988,0.003473,-0.009985,0.008695,0.293671,0.269739,-0.185036,-0.460984,2.641051,False,0.100000
v6-5__H10__S0__P5__E2_B9,v6-5,10,S0,P5,E2_B9,E2,1883,786,769,0,22,0,1075,0,1,16,63,17,39,0,0,0,0,0,91,137,541,0,0,0,0,0,0,0,511,20,212,20,111,0.417419,0.392077,1423781.575791,1573419.763301,0.024762,0.031876,0.031245,-0.006483,0.000632,-0.016534,0.001612,0.271980,0.256375,-0.188429,-0.464894,2.501278,False,0.098000
v6-5__H10__S0__P5__E3,v6-5,10,S0,P5,E3,E3,1883,767,754,0,22,0,1094,0,0,13,4840,13,0,0,0,0,0,0,0,0,332,422,0,0,0,0,0,0,511,20,212,20,163,0.407329,0.336860,1022289.999824,1391333.905022,0.001527,0.023128,0.031245,-0.029717,-0.008117,-0.088218,-0.024095,0.074100,0.214954,-0.322841,-0.510128,1.070798,False,0.090000
v6-5__H10__S0__P5__E4,v6-5,10,S0,P5,E4,E4,1883,1232,1630,0,22,0,629,0,1,20,3571,21,0,0,0,91,0,0,0,0,1019,192,419,0,0,0,0,0,511,20,212,20,90,0.654275,0.432893,1589585.981953,1860905.565108,0.032607,0.043934,0.031245,0.001362,0.012690,0.003147,0.029314,0.349644,0.314180,-0.197430,-0.435285,3.285044,False,0.237000
v6-5__H10__S0__P5__E5,v6-5,10,S0,P5,E5,E5,1883,872,856,0,22,0,989,0,1,15,3994,16,0,0,0,0,0,0,0,0,569,0,0,287,0,0,0,0,511,20,212,20,140,0.463091,0.381897,1202785.583400,1499172.901868,0.012865,0.028429,0.031245,-0.018380,-0.002815,-0.048127,-0.007372,0.167369,0.240504,-0.244931,-0.482067,2.059237,False,0.102000
v6-5__H10__S0__P5__E6,v6-5,10,S0,P5,E6,E6,1883,1189,1172,0,22,0,672,0,1,16,3692,17,0,0,0,0,0,0,0,0,430,0,0,0,742,0,0,0,511,20,212,20,79,0.631439,0.378681,1485102.231866,1817862.719551,0.027758,0.042245,0.031245,-0.003487,0.011000,-0.009207,0.029048,0.295789,0.305375,-0.274312,-0.411129,-0.417053,False,0.105000
v6-5__H10__S0__P5__E7,v6-5,10,S0,P5,E7,E7,1883,896,875,0,22,0,965,0,1,20,2417,21,0,0,0,0,0,0,0,0,839,0,0,0,0,36,0,0,511,20,212,20,87,0.475836,0.502489,1863754.261631,2116293.295256,0.044045,0.053270,0.031245,0.012800,0.022026,0.025474,0.043833,0.424976,0.355516,-0.198112,-0.399817,3.522901,False,0.102000
v6-5__H20__S0__P5__E0,v6-5,20,S0,P5,E0,E0,1883,670,634,0,22,0,1191,0,9,27,28,36,0,0,0,0,0,634,0,0,0,0,0,0,0,0,0,0,511,20,212,20,135,0.355815,0.791133,2320674.527807,2772364.824023,0.060014,0.073146,0.031245,0.028770,0.041902,0.036365,0.052964,0.464449,0.440849,-0.284304,-0.439506,4.083103,False,0.110000
v6-5__H20__S0__P5__E1_A1,v6-5,20,S0,P5,E1_A1,E1,1883,1085,1068,0,22,0,776,0,4,13,161,17,0,0,0,0,0,0,315,551,202,0,0,0,0,0,0,0,511,20,212,20,177,0.576208,0.358925,869214.735776,1218451.979692,-0.009657,0.013773,0.031245,-0.040901,-0.017472,-0.113955,-0.048678,-0.000441,0.170198,-0.363416,-0.537185,-0.110542,False,0.093000
v6-5__H20__S0__P5__E1_A10,v6-5,20,S0,P5,E1_A10,E1,1883,747,728,0,22,0,1114,0,4,15,122,19,0,0,0,0,0,0,130,277,321,0,0,0,0,0,0,0,511,20,212,20,203,0.396707,0.373113,930571.381817,1416557.334883,-0.004969,0.024401,0.031245,-0.036214,-0.006843,-0.097058,-0.018341,0.042890,0.220769,-0.417087,-0.546137,2.397830,False,0.104000
v6-5__H20__S0__P5__E1_A11,v6-5,20,S0,P5,E1_A11,E1,1883,737,707,0,22,0,1124,0,11,19,94,30,0,0,0,0,0,0,119,193,395,0,0,0,0,0,0,0,511,20,212,20,145,0.391397,0.528423,1598482.549549,1925936.318223,0.033006,0.046420,0.031245,0.001761,0.015175,0.003333,0.028718,0.304239,0.323602,-0.289351,-0.491368,2.588959,False,0.121000
v6-5__H20__S0__P5__E1_A12,v6-5,20,S0,P5,E1_A12,E1,1883,763,729,0,22,0,1098,0,14,20,79,34,0,0,0,0,0,0,121,130,478,0,0,0,0,0,0,0,511,20,212,20,120,0.405204,0.592760,2128480.347901,2515447.212967,0.053689,0.065945,0.031245,0.022445,0.034701,0.037865,0.058541,0.447039,0.411730,-0.299720,-0.440808,3.396550,False,0.103000
v6-5__H20__S0__P5__E1_A2,v6-5,20,S0,P5,E1_A2,E1,1883,1079,1050,0,22,0,782,0,12,17,134,29,0,0,0,0,0,0,327,416,307,0,0,0,0,0,0,0,511,20,212,20,137,0.573022,0.486728,1390679.265583,1633219.539783,0.023094,0.034545,0.031245,-0.008150,0.003300,-0.016745,0.006780,0.237984,0.268656,-0.280380,-0.499223,0.196355,False,0.122000
v6-5__H20__S0__P5__E1_A3,v6-5,20,S0,P5,E1_A3,E1,1883,1105,1070,0,22,0,756,0,17,18,107,35,0,0,0,0,0,0,377,230,463,0,0,0,0,0,0,0,511,20,212,20,107,0.586830,0.558194,1855574.158157,2122360.610350,0.043727,0.053479,0.031245,0.012483,0.022235,0.022362,0.039833,0.397612,0.357033,-0.263012,-0.458872,2.390283,False,0.138000
v6-5__H20__S0__P5__E1_A4,v6-5,20,S0,P5,E1_A4,E1,1883,858,838,0,22,0,1003,0,6,14,109,20,0,0,0,0,0,0,249,321,268,0,0,0,0,0,0,0,511,20,212,20,125,0.455656,0.418142,1224819.121311,1527613.653347,0.014139,0.029768,0.031245,-0.017106,-0.001477,-0.040909,-0.003531,0.171216,0.245444,-0.315367,-0.502671,2.267863,False,0.103000
v6-5__H20__S0__P5__E1_A5,v6-5,20,S0,P5,E1_A5,E1,1883,810,783,0,22,0,1051,0,9,18,87,27,0,0,0,0,0,0,246,208,329,0,0,0,0,0,0,0,511,20,212,20,124,0.430165,0.506001,1540081.076226,1769940.235755,0.030348,0.040319,0.031245,-0.000897,0.009074,-0.001772,0.017933,0.289957,0.295139,-0.264313,-0.487599,3.362554,False,0.107000
v6-5__H20__S0__P5__E1_A6,v6-5,20,S0,P5,E1_A6,E1,1883,797,765,0,22,0,1064,0,13,19,70,32,0,0,0,0,0,0,205,147,413,0,0,0,0,0,0,0,511,20,212,20,90,0.423261,0.579323,2222410.768036,2548768.348198,0.056844,0.066917,0.031245,0.025600,0.035672,0.044189,0.061576,0.498116,0.417260,-0.225606,-0.430935,3.687363,False,0.096000
v6-5__H20__S0__P5__E1_A7,v6-5,20,S0,P5,E1_A7,E1,1883,851,833,0,22,0,1010,0,4,14,116,18,0,0,0,0,0,0,197,310,326,0,0,0,0,0,0,0,511,20,212,20,151,0.451938,0.418098,1155362.849049,1553183.236566,0.010048,0.030952,0.031245,-0.021196,-0.000292,-0.050697,-0.000699,0.142038,0.251525,-0.383144,-0.502997,2.649720,False,0.113000
v6-5__H20__S0__P5__E1_A8,v6-5,20,S0,P5,E1_A8,E1,1883,800,771,0,22,0,1061,0,11,18,93,29,0,0,0,0,0,0,189,207,375,0,0,0,0,0,0,0,511,20,212,20,125,0.424854,0.526131,1601757.074256,1876147.483995,0.033152,0.044524,0.031245,0.001908,0.013280,0.003626,0.025240,0.310222,0.315113,-0.279747,-0.461035,2.862361,False,0.156000
v6-5__H20__S0__P5__E1_A9,v6-5,20,S0,P5,E1_A9,E1,1883,837,804,0,22,0,1024,0,14,19,81,33,0,0,0,0,0,0,189,140,475,0,0,0,0,0,0,0,511,20,212,20,92,0.444503,0.591315,2282784.437133,2680872.642812,0.058807,0.070656,0.031245,0.027562,0.039411,0.046612,0.066650,0.503247,0.433251,-0.268087,-0.428573,3.793648,False,0.170000
v6-5__H20__S0__P5__E2_B1,v6-5,20,S0,P5,E2_B1,E2,1883,797,770,0,22,0,1064,0,9,18,89,27,64,0,0,0,0,0,216,204,350,0,0,0,0,0,0,0,511,20,212,20,108,0.423261,0.531415,1730158.881309,1941387.002304,0.038683,0.046999,0.031245,0.007438,0.015754,0.013997,0.029646,0.352999,0.326538,-0.256330,-0.460302,3.125518,False,0.139000
v6-5__H20__S0__P5__E2_B10,v6-5,20,S0,P5,E2_B10,E2,1883,816,786,0,22,0,1045,0,13,17,84,30,56,0,0,0,0,0,300,199,287,0,0,0,0,0,0,0,511,20,212,20,122,0.433351,0.513290,1524971.603197,1770781.136752,0.029645,0.040353,0.031245,-0.001600,0.009108,-0.003117,0.017745,0.286684,0.296231,-0.278221,-0.480211,3.458451,False,0.126000
v6-5__H20__S0__P5__E2_B11,v6-5,20,S0,P5,E2_B11,E2,1883,783,754,0,22,0,1078,0,11,18,88,29,64,0,0,0,0,0,165,206,383,0,0,0,0,0,0,0,511,20,212,20,130,0.415826,0.516779,1487193.707882,1733959.297817,0.027858,0.038840,0.031245,-0.003386,0.007596,-0.006553,0.014699,0.267146,0.287967,-0.280623,-0.479111,2.822390,False,0.166000
v6-5__H20__S0__P5__E2_B12,v6-5,20,S0,P5,E2_B12,E2,1883,675,656,0,22,0,1186,0,2,17,84,19,63,0,0,0,0,0,100,181,375,0,0,0,0,0,0,0,511,20,212,20,185,0.358471,0.472222,1220386.014615,1543500.068242,0.013884,0.030506,0.031245,-0.017361,-0.000739,-0.036764,-0.001564,0.168029,0.249290,-0.310341,-0.544039,2.275056,False,0.104000
v6-5__H20__S0__P5__E2_B13,v6-5,20,S0,P5,E2_B13,E2,1883,860,840,0,22,0,1001,0,6,14,106,20,51,0,0,0,0,0,249,307,284,0,0,0,0,0,0,0,511,20,212,20,133,0.456718,0.422592,1197610.119749,1521197.276133,0.012562,0.029468,0.031245,-0.018682,-0.001777,-0.044208,-0.004204,0.159711,0.244255,-0.343642,-0.508558,2.649559,False,0.188000
v6-5__H20__S0__P5__E2_B14,v6-5,20,S0,P5,E2_B14,E2,1883,842,809,0,22,0,1019,0,14,19,74,33,66,0,0,0,0,0,222,136,451,0,0,0,0,0,0,0,511,20,212,20,89,0.447159,0.594377,2324618.555243,2639628.384901,0.060139,0.069507,0.031245,0.028894,0.038263,0.048613,0.064375,0.521229,0.429559,-0.227004,-0.427138,4.173252,False,0.150000
v6-5__H20__S0__P5__E2_B18,v6-5,20,S0,P5,E2_B18,E2,1883,818,790,0,22,0,1043,0,10,18,86,28,62,0,0,0,0,0,228,213,349,0,0,0,0,0,0,0,511,20,212,20,123,0.434413,0.504734,1518069.754563,1717002.586792,0.029321,0.038134,0.031245,-0.001923,0.006889,-0.003810,0.013649,0.278197,0.284217,-0.253832,-0.492512,3.171583,False,0.140000
v6-5__H20__S0__P5__E2_B19,v6-5,20,S0,P5,E2_B19,E2,1883,689,671,0,22,0,1172,0,2,16,81,18,62,0,0,0,0,0,104,182,385,0,0,0,0,0,0,0,511,20,212,20,182,0.365905,0.496242,1327487.985398,1624359.083422,0.019806,0.034155,0.031245,-0.011439,0.002911,-0.023051,0.005865,0.209046,0.266401,-0.315740,-0.539469,2.380039,False,0.116000
v6-5__H20__S0__P5__E2_B2,v6-5,20,S0,P5,E2_B2,E2,1883,802,775,0,22,0,1059,0,9,18,88,27,63,0,0,0,0,0,216,210,349,0,0,0,0,0,0,0,511,20,212,20,111,0.425916,0.525043,1702390.398406,1894174.275306,0.037520,0.045216,0.031245,0.006275,0.013971,0.011952,0.026610,0.342026,0.317328,-0.257727,-0.460302,3.001611,False,0.136000
v6-5__H20__S0__P5__E2_B20,v6-5,20,S0,P5,E2_B20,E2,1883,819,792,0,22,0,1042,0,9,18,92,27,63,0,0,0,0,0,234,214,344,0,0,0,0,0,0,0,511,20,212,20,114,0.434944,0.525006,1688634.038711,1889951.808903,0.036937,0.045054,0.031245,0.005693,0.013810,0.010843,0.026304,0.339278,0.316843,-0.256032,-0.461395,3.004200,False,0.143000
v6-5__H20__S0__P5__E2_B3,v6-5,20,S0,P5,E2_B3,E2,1883,824,797,0,22,0,1037,0,9,18,87,27,64,0,0,0,0,0,237,216,344,0,0,0,0,0,0,0,511,20,212,20,115,0.437600,0.519296,1656366.356483,1854994.546834,0.035553,0.043705,0.031245,0.004309,0.012460,0.008297,0.023994,0.326195,0.310393,-0.259307,-0.471009,3.269327,False,0.220000
v6-5__H20__S0__P5__E2_B4,v6-5,20,S0,P5,E2_B4,E2,1883,797,770,0,22,0,1064,0,9,18,89,27,64,0,0,0,0,0,216,204,350,0,0,0,0,0,0,0,511,20,212,20,108,0.423261,0.531415,1730158.881309,1941387.002304,0.038683,0.046999,0.031245,0.007438,0.015754,0.013997,0.029646,0.352999,0.326538,-0.256330,-0.460302,3.125518,False,0.138000
v6-5__H20__S0__P5__E2_B5,v6-5,20,S0,P5,E2_B5,E2,1883,797,770,0,22,0,1064,0,9,18,89,27,64,0,0,0,0,0,216,204,350,0,0,0,0,0,0,0,511,20,212,20,108,0.423261,0.531415,1730158.881309,1941387.002304,0.038683,0.046999,0.031245,0.007438,0.015754,0.013997,0.029646,0.352999,0.326538,-0.256330,-0.460302,3.125518,False,0.140000
v6-5__H20__S0__P5__E2_B6,v6-5,20,S0,P5,E2_B6,E2,1883,807,780,0,22,0,1054,0,9,18,93,27,64,0,0,0,0,0,232,203,345,0,0,0,0,0,0,0,511,20,212,20,113,0.428571,0.528274,1706427.768616,1938672.783254,0.037690,0.046897,0.031245,0.006445,0.015653,0.012201,0.029630,0.348141,0.326420,-0.256192,-0.457830,3.168891,False,0.208000
v6-5__H20__S0__P5__E2_B7,v6-5,20,S0,P5,E2_B7,E2,1883,792,763,0,22,0,1069,0,11,18,91,29,61,0,0,0,0,0,207,198,358,0,0,0,0,0,0,0,511,20,212,20,122,0.420605,0.507197,1498985.207559,1715411.228324,0.028420,0.038067,0.031245,-0.002824,0.006823,-0.005569,0.013452,0.273535,0.284603,-0.258239,-0.481436,3.105922,False,0.169000
v6-5__H20__S0__P5__E2_B8,v6-5,20,S0,P5,E2_B8,E2,1883,802,774,0,22,0,1059,0,10,18,89,28,64,0,0,0,0,0,220,192,362,0,0,0,0,0,0,0,511,20,212,20,111,0.425916,0.529010,1747700.258789,1953120.508950,0.039408,0.047436,0.031245,0.008164,0.016191,0.015432,0.030607,0.358047,0.328112,-0.254733,-0.462874,3.214604,False,0.133000
v6-5__H20__S0__P5__E2_B9,v6-5,20,S0,P5,E2_B9,E2,1883,844,812,0,22,0,1017,0,15,17,86,32,60,0,0,0,0,0,267,210,335,0,0,0,0,0,0,0,511,20,212,20,98,0.448221,0.535291,1884217.388895,2060604.326676,0.044835,0.051328,0.031245,0.013590,0.020083,0.025388,0.037518,0.396032,0.345713,-0.254708,-0.470276,3.274276,False,0.164000
v6-5__H20__S0__P5__E3,v6-5,20,S0,P5,E3,E3,1883,727,712,0,22,0,1134,0,0,15,4855,15,0,0,0,0,0,0,0,0,140,572,0,0,0,0,0,0,511,20,212,20,201,0.386086,0.387802,1050740.276429,1533630.025895,0.003432,0.030048,0.031245,-0.027812,-0.001196,-0.071717,-0.003085,0.095453,0.247998,-0.362717,-0.510057,1.300288,False,0.099000
v6-5__H20__S0__P5__E4,v6-5,20,S0,P5,E4,E4,1883,1181,1681,0,22,0,680,0,7,25,3733,32,0,0,0,247,0,0,0,0,634,515,532,0,0,0,0,0,511,20,212,20,101,0.627191,0.659576,2146853.899456,2426889.367551,0.054316,0.063304,0.031245,0.023072,0.032059,0.034980,0.048606,0.493696,0.404739,-0.207104,-0.419315,11.610409,False,0.287000
v6-5__H20__S0__P5__E5,v6-5,20,S0,P5,E5,E5,1883,772,754,0,22,0,1089,0,2,16,4878,18,0,0,0,0,0,0,0,0,352,0,0,402,0,0,0,0,511,20,212,20,181,0.409984,0.460006,1300601.083889,1842025.828464,0.018362,0.043198,0.031245,-0.012882,0.011953,-0.028005,0.025985,0.196411,0.308290,-0.428130,-0.527575,1.572483,False,0.151000
v6-5__H20__S0__P5__E6,v6-5,20,S0,P5,E6,E6,1883,835,817,0,22,0,1026,0,1,17,3674,18,0,0,0,0,0,0,0,0,355,0,0,0,462,0,0,0,511,20,212,20,139,0.443441,0.467795,1405639.106709,1837129.592326,0.023853,0.043006,0.031245,-0.007392,0.011761,-0.015802,0.025141,0.236034,0.308240,-0.359716,-0.515639,1.285175,False,0.104000
v6-5__H20__S0__P5__E7,v6-5,20,S0,P5,E7,E7,1883,573,548,0,22,0,1288,0,2,23,3267,25,0,0,0,0,0,0,0,0,407,0,0,0,0,141,0,0,511,20,212,20,144,0.304302,0.706793,2081330.219942,2581660.116066,0.052056,0.067864,0.031245,0.020812,0.036620,0.029445,0.051811,0.415847,0.421380,-0.328258,-0.431657,2.373000,False,0.167000
v6-5__H25__S0__P5__E0,v6-5,25,S0,P5,E0,E0,1883,729,684,0,22,0,1132,0,16,29,30,45,0,0,0,0,0,684,0,0,0,0,0,0,0,0,0,0,511,20,212,20,134,0.387148,0.891435,2501322.689779,3049669.281783,0.065530,0.080252,0.031245,0.034285,0.049008,0.038461,0.054976,0.489931,0.466565,-0.229841,-0.444302,3.039216,False,0.128000
v6-5__H25__S0__P5__E1_A1,v6-5,25,S0,P5,E1_A1,E1,1883,1132,1109,0,22,0,729,0,10,13,170,23,0,0,0,0,0,0,364,583,162,0,0,0,0,0,0,0,511,20,212,20,129,0.601168,0.451401,1220275.297210,1571963.778155,0.013878,0.031810,0.031245,-0.017367,0.000566,-0.038473,0.001253,0.170878,0.255677,-0.306894,-0.521497,0.077027,False,0.190000
v6-5__H25__S0__P5__E1_A10,v6-5,25,S0,P5,E1_A10,E1,1883,814,798,0,22,0,1047,0,1,15,119,16,0,0,0,0,0,0,175,326,297,0,0,0,0,0,0,0,511,20,212,20,168,0.432289,0.484882,1271402.988169,1758951.008551,0.016763,0.039870,0.031245,-0.014482,0.008626,-0.029867,0.017789,0.187431,0.292471,-0.364707,-0.503336,2.204706,False,0.109000
v6-5__H25__S0__P5__E1_A11,v6-5,25,S0,P5,E1_A11,E1,1883,747,717,0,22,0,1114,0,11,19,106,30,0,0,0,0,0,0,155,217,345,0,0,0,0,0,0,0,511,20,212,20,140,0.396707,0.578359,1691351.729000,2133061.041312,0.037053,0.053846,0.031245,0.005808,0.022601,0.010042,0.039079,0.326038,0.355918,-0.319083,-0.485131,2.649987,False,0.168000
v6-5__H25__S0__P5__E1_A12,v6-5,25,S0,P5,E1_A12,E1,1883,770,739,0,22,0,1091,0,11,20,91,31,0,0,0,0,0,0,150,161,428,0,0,0,0,0,0,0,511,20,212,20,131,0.408922,0.636844,2017840.725944,2544032.246847,0.049802,0.066779,0.031245,0.018558,0.035535,0.029140,0.055798,0.412899,0.414200,-0.285891,-0.463032,3.146575,False,0.123000
v6-5__H25__S0__P5__E1_A2,v6-5,25,S0,P5,E1_A2,E1,1883,1096,1066,0,22,0,765,0,13,17,140,30,0,0,0,0,0,0,386,431,249,0,0,0,0,0,0,0,511,20,212,20,127,0.582050,0.533518,1466603.583032,1751797.989590,0.026866,0.039577,0.031245,-0.004378,0.008332,-0.008206,0.015618,0.265852,0.292073,-0.297904,-0.494589,0.444941,False,0.119000
v6-5__H25__S0__P5__E1_A3,v6-5,25,S0,P5,E1_A3,E1,1883,1123,1084,0,22,0,738,0,21,18,113,39,0,0,0,0,0,0,480,238,366,0,0,0,0,0,0,0,511,20,212,20,91,0.596389,0.621511,2212303.582880,2459457.726718,0.056511,0.064285,0.031245,0.025266,0.033041,0.040653,0.053162,0.497688,0.403860,-0.199103,-0.437457,3.512507,False,0.157000
v6-5__H25__S0__P5__E1_A4,v6-5,25,S0,P5,E1_A4,E1,1883,898,869,0,22,0,963,0,15,14,110,29,0,0,0,0,0,0,290,354,225,0,0,0,0,0,0,0,511,20,212,20,105,0.476899,0.484492,1467485.950158,1814111.681267,0.026909,0.042095,0.031245,-0.004335,0.010851,-0.008948,0.022397,0.265602,0.301775,-0.265880,-0.497058,2.152117,False,0.168000
v6-5__H25__S0__P5__E1_A5,v6-5,25,S0,P5,E1_A5,E1,1883,839,803,0,22,0,1022,0,18,18,89,36,0,0,0,0,0,0,283,236,284,0,0,0,0,0,0,0,511,20,212,20,113,0.445566,0.550378,1667657.258903,2025946.086337,0.036040,0.050094,0.031245,0.004796,0.018849,0.008713,0.034248,0.328663,0.339280,-0.275570,-0.491200,3.356057,False,0.116000
v6-5__H25__S0__P5__E1_A6,v6-5,25,S0,P5,E1_A6,E1,1883,809,772,0,22,0,1052,0,18,19,84,37,0,0,0,0,0,0,242,167,363,0,0,0,0,0,0,0,511,20,212,20,89,0.429634,0.642339,2317495.009835,2643358.759207,0.059914,0.069612,0.031245,0.028669,0.038367,0.044633,0.059731,0.513292,0.427023,-0.199202,-0.431098,3.877634,False,0.080000
v6-5__H25__S0__P5__E1_A7,v6-5,25,S0,P5,E1_A7,E1,1883,898,874,0,22,0,963,0,10,14,108,24,0,0,0,0,0,0,254,342,278,0,0,0,0,0,0,0,511,20,212,20,111,0.476899,0.491338,1379313.864350,1841817.631273,0.022513,0.043190,0.031245,-0.008731,0.011945,-0.017770,0.024311,0.230764,0.307300,-0.294323,-0.488712,2.592132,False,0.116000
v6-5__H25__S0__P5__E1_A8,v6-5,25,S0,P5,E1_A8,E1,1883,809,786,0,22,0,1052,0,5,18,97,23,0,0,0,0,0,0,223,237,326,0,0,0,0,0,0,0,511,20,212,20,123,0.429634,0.568917,1691228.369366,2108196.341568,0.037047,0.052991,0.031245,0.005803,0.021746,0.010200,0.038224,0.335066,0.353252,-0.289327,-0.468593,2.923605,False,0.114000
v6-5__H25__S0__P5__E1_A9,v6-5,25,S0,P5,E1_A9,E1,1883,854,819,0,22,0,1007,0,16,19,88,35,0,0,0,0,0,0,228,163,428,0,0,0,0,0,0,0,511,20,212,20,89,0.453532,0.663541,2463249.590226,2907001.918433,0.064399,0.076675,0.031245,0.033154,0.045431,0.049966,0.068467,0.540222,0.457950,-0.204819,-0.422281,4.033993,False,0.191000
v6-5__H25__S0__P5__E2_B1,v6-5,25,S0,P5,E2_B1,E2,1883,833,797,0,22,0,1028,0,18,18,95,36,70,0,0,0,0,0,264,232,301,0,0,0,0,0,0,0,511,20,212,20,111,0.442379,0.566943,1788424.780279,2103039.876652,0.041067,0.052812,0.031245,0.009823,0.021568,0.017326,0.038042,0.360455,0.351256,-0.279222,-0.472925,3.311236,False,0.154000
v6-5__H25__S0__P5__E2_B10,v6-5,25,S0,P5,E2_B10,E2,1883,848,815,0,22,0,1013,0,16,17,83,33,69,0,0,0,0,0,360,219,236,0,0,0,0,0,0,0,511,20,212,20,114,0.450345,0.558068,1707350.809006,1988660.736321,0.037729,0.048744,0.031245,0.006484,0.017500,0.011619,0.031358,0.344899,0.333907,-0.282701,-0.479545,4.029915,False,0.157000
v6-5__H25__S0__P5__E2_B11,v6-5,25,S0,P5,E2_B11,E2,1883,796,773,0,22,0,1065,0,5,18,102,23,75,0,0,0,0,0,199,231,343,0,0,0,0,0,0,0,511,20,212,20,131,0.422730,0.557777,1519954.889895,1891067.261339,0.029410,0.045097,0.031245,-0.001835,0.013853,-0.003289,0.024835,0.274109,0.315674,-0.296850,-0.482913,2.656990,False,0.225000
v6-5__H25__S0__P5__E2_B12,v6-5,25,S0,P5,E2_B12,E2,1883,718,692,0,22,0,1143,0,9,17,94,26,72,0,0,0,0,0,136,212,344,0,0,0,0,0,0,0,511,20,212,20,165,0.381306,0.550417,1415781.586982,1842186.285500,0.024362,0.043204,0.031245,-0.006882,0.011959,-0.012504,0.021728,0.236916,0.307242,-0.307983,-0.520664,2.331015,False,0.118000
v6-5__H25__S0__P5__E2_B13,v6-5,25,S0,P5,E2_B13,E2,1883,909,878,0,22,0,952,0,17,14,104,31,63,0,0,0,0,0,298,340,240,0,0,0,0,0,0,0,511,20,212,20,115,0.482740,0.481732,1366541.890652,1707395.458585,0.021855,0.037731,0.031245,-0.009390,0.006486,-0.019491,0.013464,0.225429,0.281764,-0.314934,-0.509482,2.609786,False,0.244000
v6-5__H25__S0__P5__E2_B14,v6-5,25,S0,P5,E2_B14,E2,1883,848,810,0,22,0,1013,0,19,19,81,38,86,0,0,0,0,0,264,154,392,0,0,0,0,0,0,0,511,20,212,20,91,0.450345,0.647996,2315876.304572,2642786.048091,0.059862,0.069596,0.031245,0.028618,0.038351,0.044164,0.059184,0.504607,0.426865,-0.215104,-0.432135,4.357893,False,0.157000
v6-5__H25__S0__P5__E2_B18,v6-5,25,S0,P5,E2_B18,E2,1883,830,795,0,22,0,1031,0,17,18,87,35,74,0,0,0,0,0,266,230,299,0,0,0,0,0,0,0,511,20,212,20,123,0.440786,0.545448,1545518.511758,1858898.237516,0.030599,0.043856,0.031245,-0.000645,0.012612,-0.001183,0.023122,0.283988,0.309903,-0.271611,-0.499533,3.371429,False,0.147000
v6-5__H25__S0__P5__E2_B19,v6-5,25,S0,P5,E2_B19,E2,1883,724,698,0,22,0,1137,0,9,17,94,26,70,0,0,0,0,0,137,214,347,0,0,0,0,0,0,0,511,20,212,20,166,0.384493,0.549436,1444950.674650,1900135.563657,0.025810,0.045443,0.031245,-0.005435,0.014199,-0.009892,0.025842,0.246075,0.317293,-0.313826,-0.525326,2.392400,False,0.150000
v6-5__H25__S0__P5__E2_B2,v6-5,25,S0,P5,E2_B2,E2,1883,837,803,0,22,0,1024,0,16,18,92,34,68,0,0,0,0,0,269,231,303,0,0,0,0,0,0,0,511,20,212,20,107,0.444503,0.569558,1841562.706069,2136693.237272,0.043180,0.053970,0.031245,0.011935,0.022726,0.020955,0.039900,0.374861,0.355506,-0.276756,-0.472603,3.349785,False,0.158000
v6-5__H25__S0__P5__E2_B20,v6-5,25,S0,P5,E2_B20,E2,1883,828,796,0,22,0,1033,0,14,18,89,32,67,0,0,0,0,0,276,231,289,0,0,0,0,0,0,0,511,20,212,20,106,0.439724,0.570456,1839216.501509,2157646.072740,0.043087,0.054682,0.031245,0.011843,0.023438,0.020761,0.041086,0.382700,0.360120,-0.248483,-0.467656,3.211175,False,0.224000
v6-5__H25__S0__P5__E2_B3,v6-5,25,S0,P5,E2_B3,E2,1883,843,810,0,22,0,1018,0,15,18,88,33,73,0,0,0,0,0,283,232,295,0,0,0,0,0,0,0,511,20,212,20,104,0.447690,0.566551,1845912.764568,2168774.866264,0.043350,0.055058,0.031245,0.012105,0.023814,0.021367,0.042033,0.379549,0.361249,-0.263252,-0.477397,3.814648,False,0.141000
v6-5__H25__S0__P5__E2_B4,v6-5,25,S0,P5,E2_B4,E2,1883,833,797,0,22,0,1028,0,18,18,95,36,70,0,0,0,0,0,264,232,301,0,0,0,0,0,0,0,511,20,212,20,111,0.442379,0.566943,1788424.780279,2103039.876652,0.041067,0.052812,0.031245,0.009823,0.021568,0.017326,0.038042,0.360455,0.351256,-0.279222,-0.472925,3.311236,False,0.154000
v6-5__H25__S0__P5__E2_B5,v6-5,25,S0,P5,E2_B5,E2,1883,833,797,0,22,0,1028,0,18,18,95,36,70,0,0,0,0,0,264,232,301,0,0,0,0,0,0,0,511,20,212,20,111,0.442379,0.566943,1788424.780279,2103039.876652,0.041067,0.052812,0.031245,0.009823,0.021568,0.017326,0.038042,0.360455,0.351256,-0.279222,-0.472925,3.311236,False,0.232000
v6-5__H25__S0__P5__E2_B6,v6-5,25,S0,P5,E2_B6,E2,1883,829,795,0,22,0,1032,0,16,18,96,34,68,0,0,0,0,0,272,235,288,0,0,0,0,0,0,0,511,20,212,20,109,0.440255,0.567845,1799020.633572,2140060.561696,0.041493,0.054085,0.031245,0.010248,0.022841,0.018048,0.040223,0.371360,0.358240,-0.248483,-0.459190,3.002055,False,0.236000
v6-5__H25__S0__P5__E2_B7,v6-5,25,S0,P5,E2_B7,E2,1883,821,785,0,22,0,1040,0,18,18,94,36,69,0,0,0,0,0,242,233,310,0,0,0,0,0,0,0,511,20,212,20,126,0.436006,0.548695,1519246.797963,1831371.361765,0.029377,0.042779,0.031245,-0.001868,0.011534,-0.003404,0.021021,0.274877,0.305160,-0.287362,-0.493293,2.868338,False,0.235000
v6-5__H25__S0__P5__E2_B8,v6-5,25,S0,P5,E2_B8,E2,1883,831,796,0,22,0,1030,0,17,18,94,35,70,0,0,0,0,0,264,222,310,0,0,0,0,0,0,0,511,20,212,20,112,0.441317,0.567781,1787775.524258,2100702.286603,0.041041,0.052731,0.031245,0.009796,0.021487,0.017254,0.037843,0.359144,0.350623,-0.283943,-0.474788,3.306736,False,0.233000
v6-5__H25__S0__P5__E2_B9,v6-5,25,S0,P5,E2_B9,E2,1883,847,811,0,22,0,1014,0,19,17,90,36,70,0,0,0,0,0,306,230,275,0,0,0,0,0,0,0,511,20,212,20,109,0.449814,0.566235,1815956.304508,2096904.898872,0.042169,0.052599,0.031245,0.010924,0.021355,0.019293,0.037714,0.369023,0.350425,-0.286587,-0.481813,3.444282,False,0.153000
v6-5__H25__S0__P5__E3,v6-5,25,S0,P5,E3,E3,1883,715,700,0,22,0,1146,0,0,15,4970,15,0,0,0,0,0,0,0,0,57,643,0,0,0,0,0,0,511,20,212,20,220,0.379713,0.363810,874193.333035,1384485.553608,-0.009265,0.022778,0.031245,-0.040510,-0.008466,-0.111348,-0.023271,0.004303,0.213322,-0.361716,-0.510914,1.098200,False,0.103000
v6-5__H25__S0__P5__E4,v6-5,25,S0,P5,E4,E4,1883,1151,1697,0,22,0,710,0,3,25,3955,28,0,0,0,264,0,0,0,0,404,719,574,0,0,0,0,0,511,20,212,20,126,0.611259,0.666158,1867447.292147,2103115.411651,0.044188,0.052815,0.031245,0.012944,0.021570,0.019430,0.032380,0.402646,0.354770,-0.241340,-0.431067,12.029073,False,0.317000
v6-5__H25__S0__P5__E5,v6-5,25,S0,P5,E5,E5,1883,764,745,0,22,0,1097,0,3,16,4843,19,0,0,0,0,0,0,0,0,330,0,0,415,0,0,0,0,511,20,212,20,200,0.405736,0.485561,1239597.710673,1869638.932245,0.014981,0.044273,0.031245,-0.016264,0.013028,-0.033494,0.026832,0.174381,0.313313,-0.406470,-0.520018,1.565564,False,0.105000
v6-5__H25__S0__P5__E6,v6-5,25,S0,P5,E6,E6,1883,1096,1075,0,22,0,765,0,4,17,3684,21,0,0,0,0,0,0,0,0,350,0,0,0,725,0,0,0,511,20,212,20,105,0.582050,0.520849,1557019.312065,2103894.803301,0.031128,0.052842,0.031245,-0.000116,0.021597,-0.000223,0.041466,0.285071,0.351567,-0.272291,-0.491294,-0.359671,False,0.130000
v6-5__H25__S0__P5__E7,v6-5,25,S0,P5,E7,E7,1883,641,612,0,22,0,1220,0,5,24,3366,29,0,0,0,0,0,0,0,0,391,0,0,0,0,221,0,0,511,20,212,20,126,0.340414,0.801576,2323246.617250,2978752.088550,0.060096,0.078494,0.031245,0.028851,0.047250,0.035993,0.058946,0.468365,0.462763,-0.246562,-0.429752,2.805747,False,0.132000
