tree
version=v4
num_class=1
num_tree_per_iteration=1
label_index=0
max_feature_idx=24
objective=binary sigmoid:1
feature_names=macd_death_cross_rankpct REGIME_CODE MKT_NH_NL_DIFF ma_arrangement_rankpct TREND_SLOPE_120 AMT20 macd_zero_cross_down_rankpct STYLE_SIZE_RS60 RET120_20 LN_FREE_MV MKT_SEAL_RATIO volume_z doji_pattern_rankpct MACD_DIF_NORM MEAN_R_60 DIST_52W_HIGH SJV60 IDXMIN_R_60 STD_A_20 MKT_RET20 BREADTH_ADV5 VOL_CONTRACTION60 log_volume_z ABN_TURN_21_252 MKT_TURNOVER_PCTL_EQW
feature_infos=[0.34451612903225809:0.99934754240974333] [0:2] [-0.6723910171730515:0.52283397353819894] [0.0029251984956122023:0.98903027643703378] [-8.7492542266845703:4.1235561370849609] [2.0407657623291016:16.441263198852539] [0.4223638470451912:0.99870242214532867] [-0.41675051058741186:0.30708910008021534] [-0.8967171311378479:20.747812271118164] [6.2225762226583052:17.258105385861203] [0.008130081300813009:1] [-0.509949335538322:45.156250722877438] [0.089928057553956831:0.9988403556242752] [-5.6499319076538086:2.4940140247344971] [-0.034153333333333334:0.14977654999999995] [-0.93257617950439453:0] [-0.47238129377365112:4.4711809158325195] [0:0.98333333333333328] [0.13013289782608992:3.686713053081065] [-0.31413528323173523:0.30186808109283447] [0.0098389983177185059:0.99909907579421997] [0.091164402663707733:17.030311584472656] [-6.8970058963704108:4.4935043851007181] [-3.0881284792367061:2.2746372328036881] [0.00066666666666666664:0.9993333333333333]
tree_sizes=3388 3479 3496 3490 3474 3490 3506 3471 3489 3509 3489 3493 3490 3487 3482 3483 3494 3491 3474 3514 3494 3489 3494 3484 3493 3502 3490 3507 3485 3499 3490 3503 3505 3476 3507 3485 3505 3482 3506 3499 3490 3492 3493 3499 3483 3501 3501 3499 3515 3505 3495 3501 3498 3474 3477 3515 3503 3492 3479 3493

Tree=0
num_leaves=31
num_cat=0
split_feature=10 1 0 6 0 19 10 7 19 19 19 3 19 0 13 2 14 19 0 7 19 19 19 15 7 12 3 10 10 10
split_gain=753.849 393.055 316.743 393.956 168.048 161.854 158.257 142.609 135.197 96.166 96.0689 90.6357 80.9241 124.797 76.2478 57.1876 50.0128 46.7435 43.9174 39.6965 39.1651 38.6815 46.9063 38.5012 35.5844 46.5754 34.6451 33.7811 58.7976 32.4694
threshold=0.85913535276073627 1.0000000180025095e-35 0.50033134758998987 0.49868809318712037 0.49830723383526521 -0.0083832023665308935 0.45080645161290328 0.20576442613737259 -0.16756305843591687 -0.086596656590700136 -0.00038343234336934978 0.33373612293432264 -0.1391445770859718 0.49894670313421391 -0.82473212480545033 0.017370763571701708 -0.0031333333333333326 -0.19357918947935102 0.4933183726140844 0.15766892796371365 -0.086596656590700136 -0.052738055586814873 -0.059283785521984093 -0.58084768056869496 -0.081671181760757772 0.49484397441942235 0.38193210679228012 0.43837616822429909 0.47434210526315795 0.71248622264210371
decision_type=10 2 2 2 2 2 10 8 2 2 2 2 2 2 2 2 2 2 2 8 2 2 2 10 10 2 2 8 8 8
left_child=1 7 3 9 8 -2 -4 10 23 -3 20 15 13 -6 26 -11 21 -15 -12 24 -1 22 -13 -5 -16 -26 29 -10 -29 -14
right_child=5 2 6 4 12 -7 -8 -9 27 11 18 16 14 17 19 -17 -18 -19 -20 -21 -22 -23 -24 -25 25 -27 -28 28 -30 -31
leaf_value=0.18815031604640051 0.092292652479311579 0.15218411680163171 0.23784542941230202 0.25576084425968199 0.26166929027257907 0.20317193487535784 0.08828316400819694 0.11053053217450952 0.22317659387487587 0.15971338997296203 0.16632910103634374 0.19725750669552183 0.2307923695054849 0.2169860761251364 0.22667518401296186 0.20208653806287524 0.1830067506298452 0.11312142435250754 0.20036427963094719 0.23285093637171309 0.14674337991271774 0.21475757512081595 0.1108008085686595 0.1819861125571581 0.20385830671116109 0.13945225352944529 0.25106257983346331 0.11297902292940777 0.18062919969495891 0.15418728236642082
leaf_weight=65.711031183600426 272.01887248456478 251.1897154301405 21.573055520653725 89.019849792122841 31.987634047865868 37.442889466881752 98.194597542285919 130.18223159015179 38.434754088521004 380.87601470947266 169.36088414490223 71.662218913435936 120.7595176845789 14.382037013769148 83.812560528516769 100.67425909638405 405.67263025045395 43.890009507536888 215.23462289571762 176.05597034096718 436.17246736586094 354.34363608062267 20.085258588194847 22.068987831473351 97.45069907605648 39.426618710160255 415.34331031143665 35.707126379013062 319.62837432324886 15.621867790818213
leaf_count=265 1097 1013 87 359 129 151 396 525 155 1536 683 289 487 58 338 406 1636 177 868 710 1759 1429 81 89 393 159 1675 144 1289 63
internal_value=0.181061 0.186529 0.195021 0.198077 0.216055 0.105708 0.115223 0.159397 0.192391 0.180563 0.166574 0.18591 0.227556 0.182316 0.231861 0.168572 0.195712 0.138756 0.185377 0.215143 0.152165 0.207266 0.17833 0.241105 0.201017 0.185307 0.243883 0.178648 0.173831 0.222018
internal_weight=4573.98 4264.52 3247.86 3128.09 1543.59 309.462 119.768 1016.66 504.859 1584.5 886.479 1333.31 1038.73 90.2597 948.471 481.55 851.764 58.272 384.596 396.746 501.883 446.091 91.7475 111.089 220.69 136.877 551.725 393.77 355.336 136.381
internal_count=18446 17198 13098 12615 6225 1248 483 4100 2036 6390 3575 5377 4189 364 3825 1942 3435 235 1551 1600 2024 1799 370 448 890 552 2225 1588 1433 550
is_linear=0
shrinkage=1


Tree=1
num_leaves=31
num_cat=0
split_feature=6 19 0 1 7 24 24 24 24 24 14 7 2 3 6 12 24 0 19 20 2 12 11 7 7 7 0 14 0 0
split_gain=428.011 322.324 299.899 260.767 148.4 267.187 148.369 142.479 133.013 128.71 103.011 101.536 91.0898 79.2176 70.7971 70.5361 62.0962 61.7176 61.2917 50.1605 49.9319 48.3646 46.705 46.5676 43.8886 48.0892 44.0727 43.2297 42.4228 41.8596
threshold=0.49869071853915131 -0.11046007275581358 0.50033134758998987 1.0000000180025095e-35 -0.11105511514057682 0.13466666666666668 0.33066666666666672 0.004000000000000001 0.22000000000000003 0.85066666666666679 -0.0045104249999999985 -0.0084043644016993432 0.027609916842034152 0.33373612293432264 0.49909254702780331 0.49065860215053769 0.37066666666666676 0.50021675471720795 -0.096747241914272294 0.9761711359024049 0.020833212561451889 0.49231106094462146 0.019814935994995887 -0.15921181627213271 -0.048784592917961854 -0.08233100417663046 0.48976636363636367 1.0000000180025095e-35 0.49729295572578203 0.49861572715775498
decision_type=2 2 2 2 10 2 2 2 2 2 2 8 2 2 2 2 2 2 2 2 2 2 2 8 10 8 2 2 2 2
left_child=1 9 3 11 15 7 23 -6 -4 28 16 -2 -13 20 29 18 -7 -17 -5 -12 -8 -18 -20 -3 25 -25 -27 -15 -1 -9
right_child=2 6 8 4 5 10 13 14 -10 -11 19 12 -14 27 -16 17 21 -19 22 -21 -22 -23 -24 24 -26 26 -28 -29 -30 -31
leaf_value=0.0024173662008849951 0.01165235614381256 0.0080807359848765713 -0.096657270305347265 0.068108031269121669 0.065358657367873135 0.072922135504380245 -0.021807188588675738 -0.025134457916622856 0.01817007871937738 -0.082751073868559802 0.0059503214878429932 -0.053956951150018452 0.039748830442804001 0.026606884776305163 -0.060454983350667783 0.065186345450306632 0.051147680037191001 -0.036535036400384802 0.039991544397042431 0.049875745556426106 0.021062080752684436 -0.026137875487497436 -0.0044682098083195345 -0.013081523173535428 -0.0080352170734175662 -0.0097319019860607325 -0.050339688244571038 -0.012612837593871509 -0.044639506243180367 0.065798088483309355
leaf_weight=78.224532276391983 180.57809281349182 152.67250309884548 80.836314737796783 77.588237836956978 35.483325809240341 188.50968210399151 242.72447130084038 38.931582421064377 36.656181067228317 203.50497218966484 277.11643742024899 172.61005771160126 30.520051285624504 479.05912454426289 155.09131276607513 382.92710387706757 52.93454921245575 15.515825629234312 113.72417879104614 84.907305836677551 94.318845421075821 32.777247995138168 122.91389489173889 262.07993119955063 378.19035094976425 86.847863376140594 289.71063724160194 82.336564272642136 123.53066870570183 18.751903414726257
leaf_count=315 728 616 324 315 144 765 977 157 148 816 1119 694 123 1935 624 1554 214 63 460 344 381 132 497 1056 1524 350 1166 332 497 76
internal_value=0.000172104 -0.01392 0.0167815 0.021385 0.0302769 0.0165963 -0.00592933 -0.0273972 -0.0608326 -0.0546945 0.0337622 -0.015627 -0.0398778 0.00935087 -0.0428656 0.047256 0.0568784 0.0612252 0.029543 0.0162524 -0.00981057 0.0215927 0.0168984 -0.0176679 -0.021534 -0.0295277 -0.0409741 0.0208548 -0.0263946 0.00442614
internal_weight=4571.57 2473.2 2098.37 1980.88 1597.17 884.503 2067.94 248.258 117.492 405.26 636.245 383.708 203.13 898.439 212.775 712.669 274.221 398.443 314.226 362.024 337.043 85.7118 236.638 1169.5 1016.83 638.638 376.559 561.396 201.755 57.6835
internal_count=18446 9965 8481 8009 6464 3575 8337 1001 472 1628 2574 1545 817 3625 857 2889 1111 1617 1272 1463 1358 346 957 4712 4096 2572 1516 2267 812 233
is_linear=0
shrinkage=0.05


Tree=2
num_leaves=31
num_cat=0
split_feature=10 1 20 0 7 19 7 7 2 14 24 19 12 10 7 3 3 24 0 24 5 19 7 20 14 19 15 24 24 19
split_gain=618.793 330.423 271.672 327.36 223.671 133.367 126.489 119.772 106.443 129.506 89.2095 82.2506 73.2968 72.3949 63.0812 59.7167 57.7989 57.4683 57.1513 47.5335 45.9927 42.8591 49.5939 39.5605 33.8503 33.7042 33.158 32.4894 46.8253 36.0886
threshold=0.85913535276073627 1.0000000180025095e-35 0.87555232644081127 0.50023131683629563 -0.11502460387587045 0.0049310030881315478 -0.1667536023349325 0.20576442613737259 -0.0031798574673828068 -0.0024599749999999992 0.53333333333333344 -0.00038343234336934978 0.4551087430184293 0.76329937747594812 -0.048784592917961854 0.23780296268301357 0.22547516934354192 0.14800000000000005 0.50021675471720795 0.8520000000000002 12.287344455718996 -0.18124802410602567 -0.18825281930432267 0.87045800685882579 -0.001105833333333333 -0.086596656590700136 -0.58084768056869496 0.44000000000000006 0.36400000000000005 0.00011252919284743258
decision_type=10 2 2 2 10 2 10 8 2 2 2 2 2 8 10 2 2 2 2 2 2 2 10 2 2 2 10 2 2 2
left_child=1 7 3 4 6 -2 13 11 10 19 14 25 -4 21 -6 16 -14 18 -8 -10 -11 26 24 -13 27 -1 -3 28 -23 -29
right_child=5 2 12 -5 8 -7 17 -9 9 20 -12 23 15 -15 -16 -17 -18 -19 -20 -21 -22 22 -24 -25 -26 -27 -28 29 -30 -31
leaf_value=0.007011832339909734 -0.079139587155347746 0.071268844651536864 0.013337286902373277 -0.083673804001496987 -0.037971992669671127 0.026999435394048601 0.063531878796095356 -0.064298108394291772 0.03019344961963305 -0.003112913596508218 0.018464889375425061 -0.0032499968824060729 0.035655069392139555 -0.022212223004483368 0.0013003581507015048 0.062963581220933415 -0.07272627753563482 0.010256422483352968 -0.034561682937394471 -0.043709183681453878 -0.04595710437291773 0.024585833545261126 -0.019655553466494984 0.038300061876946151 -0.017188901961418205 -0.031400638967531862 -0.00062767888970685637 -0.017740586342143694 0.08685355253122222 0.048314962414772414
leaf_weight=65.670307770371437 278.39526170492172 66.06557808816433 147.10383528470993 97.648973658680916 367.20265872776508 33.117019802331924 316.32832351326942 131.06628508865833 470.02292133867741 402.65446411073208 136.64654053747654 314.35125684738159 65.591837957501411 114.61813476681709 141.71145458519459 355.58084952831268 15.140856921672819 74.210382252931595 15.579903483390806 22.814130961894989 74.178715616464615 75.466230720281601 80.724765434861183 70.053917154669762 39.310948863625526 437.86294628679752 21.177047461271286 50.094782695174217 50.326598778367043 35.210943251848221
leaf_count=265 1114 271 596 391 1476 134 1293 525 1905 1624 553 1268 266 461 571 1450 61 300 63 92 299 306 326 283 159 1759 86 202 204 143
internal_value=0.000167826 0.00514859 0.0129686 0.00617297 0.00960768 -0.0678559 0.0290118 -0.0196806 -0.00167408 0.00879883 -0.017405 -0.0130947 0.0438591 0.012994 -0.0270363 0.0541496 0.0153289 0.0500337 0.0589273 0.0267724 -0.00977798 0.0226391 0.0144248 0.00432208 0.0254113 -0.0263909 0.0538169 0.0333444 0.0494976 0.00952462
internal_weight=4565.93 4254.42 3235.41 2651.99 2554.34 311.512 939.114 1019 1615.23 969.67 645.561 887.938 583.417 532.995 508.914 436.314 80.7327 406.119 331.908 492.837 476.833 418.377 331.134 384.405 250.41 503.533 87.2426 211.099 125.793 85.3057
internal_count=18446 17198 13098 10725 10334 1248 3814 4100 6520 3920 2600 3575 2373 2158 2047 1777 327 1656 1356 1997 1923 1697 1340 1551 1014 2024 357 855 510 345
is_linear=0
shrinkage=0.05


Tree=3
num_leaves=31
num_cat=0
split_feature=10 1 20 0 7 24 19 7 24 19 5 10 7 0 2 20 0 22 24 2 19 20 19 6 2 19 19 7 24 4
split_gain=559.064 298.664 247.427 295.809 203.456 153.087 121.189 107.92 104.826 74.0789 68.8175 67.5969 61.7067 55.7643 54.0868 47.3217 45.6909 45.1584 41.4783 38.6886 39.7688 39.673 38.5668 35.8035 34.7739 34.3887 49.9879 38.7455 32.9145 32.9106
threshold=0.85913535276073627 1.0000000180025095e-35 0.87555232644081127 0.50023131683629563 -0.11502460387587045 0.13333333333333336 -0.0083832023665308935 0.20576442613737259 0.15200000000000002 -0.00038343234336934978 12.25815534591675 0.76329937747594812 -0.10704703023566711 0.50021675471720795 -0.0063488916158882898 0.68495589494705211 0.49789867922550474 0.78560704486178234 0.33200000000000002 0.032666309679021552 0.027451473288238052 0.89813548326492321 -0.19357918947935102 0.49927047215074344 -0.16429554001149385 -0.010633186437189577 -0.007320570293813943 0.00612818510937889 0.17600000000000002 -2.0688729286193843
decision_type=10 2 2 2 8 2 2 8 2 2 2 8 8 2 2 2 2 2 2 2 2 2 2 2 2 2 2 8 2 10
left_child=1 7 3 4 5 13 -2 9 14 -1 12 22 -10 -3 23 -16 18 25 -14 20 21 -11 -7 -6 -24 27 -27 -4 -28 -20
right_child=6 2 17 -5 8 11 -8 -9 10 19 -12 -13 16 -15 15 -17 -18 -19 29 -21 -22 -23 24 -25 -26 26 28 -29 -30 -31
leaf_value=-0.025033683213375048 -0.076023958202196387 0.064253814947631993 0.073584309040714349 -0.079565113991532585 -0.020491056709294686 0.048563389789584216 0.020096745755879403 -0.061008564589079807 -0.037954807149608652 0.0031700875361617975 -0.02081643219158583 -0.036464393950168393 -0.011502293839238314 -0.032722790134653901 0.030529793112935695 -0.019572143936472705 0.031379086872341984 0.011461392533842931 0.051784927863297983 0.061701474394257765 -0.025582882675287185 0.063403419459917107 -0.066674913804566679 -0.059867580157665606 0.014596488716642745 -0.051045731718559584 -0.0094698753409419249 -0.0096574987356088278 0.048241665359656447 0.011681518305137705
leaf_weight=504.26566196978092 273.98794208467007 287.00473555922508 157.29358993470669 97.557833209633827 315.93665392696857 88.000448375940323 37.250378578901291 131.22134891152382 56.390004098415375 217.72238123416901 172.67854502797127 62.317133456468582 186.43996676802635 15.631264835596083 92.401384934782982 96.192272916436195 325.2649721801281 100.41946238279343 56.73908531665802 27.103022560477257 108.12127597630024 31.263138607144356 14.146260127425192 70.635234117507935 189.14207775890827 14.898958668112753 27.252348646521568 15.342622697353361 264.41487577557564 520.088638022542
leaf_count=2024 1097 1185 648 391 1269 363 151 525 226 878 697 250 751 63 375 388 1326 410 231 110 436 127 57 283 767 60 110 62 1083 2103
internal_value=0.000163591 0.00490511 0.0123605 0.00588039 0.00915063 0.033141 -0.0645198 -0.0186826 0.000832924 -0.0124314 0.0086072 0.0107997 0.0130449 0.0592449 -0.0169766 0.00497528 0.0156869 0.0419486 0.00899968 0.00410877 -0.000262289 0.0107331 0.0209112 -0.027686 0.00894104 0.0483374 0.0382861 0.0661864 0.0428493 0.0156263
internal_weight=4557.12 4245.89 3226.19 2646.57 2549.01 656.242 311.238 1019.7 1892.77 888.475 1317.6 353.606 1144.92 302.636 575.166 188.594 1088.53 579.622 763.268 384.21 357.107 248.986 291.289 386.572 203.288 479.202 306.566 172.636 291.667 576.828
internal_count=18446 17198 13098 10725 10334 2685 1248 4100 7649 3575 5334 1437 4637 1248 2315 763 4411 2373 3085 1551 1441 1005 1187 1552 824 1963 1253 710 1193 2334
is_linear=0
shrinkage=0.05


Tree=4
num_leaves=31
num_cat=0
split_feature=10 1 20 0 3 10 19 7 0 20 2 7 19 12 7 3 3 7 10 0 20 19 15 24 24 20 24 20 0 12
split_gain=506.422 270.088 225.621 268.061 190.111 122.135 109.855 97.553 83.536 88.2769 75.3043 68.8483 66.743 66.6902 64.8057 53.5031 49.1171 44.3594 44.2171 35.7141 33.9478 36.6725 52.6458 43.8146 40.6645 33.7436 33.4631 32.2352 32.2027 32.0385
threshold=0.85913535276073627 1.0000000180025095e-35 0.87555232644081127 0.50023131683629563 0.36111950953220801 0.70991117344553545 -0.0083832023665308935 0.20576442613737259 0.49835091200222786 0.48407688736915594 0.022057665586149366 -0.10064753939216479 -0.00038343234336934978 0.4551087430184293 -0.044855769904718658 0.23780296268301357 0.22547516934354192 0.09062275612682015 0.45773809523809528 0.4933183726140844 0.05060634762048722 -0.16756305843591687 -0.4923479557037353 0.23733333333333337 0.8520000000000002 0.2444456294178963 0.11866666666666668 0.84534063935279857 0.4999230295566503 0.43045600973042714
decision_type=10 2 2 2 2 8 2 8 2 2 2 8 2 2 8 2 2 10 10 2 2 2 10 2 2 2 2 2 2 2
left_child=1 7 3 4 10 8 -2 12 20 18 11 -3 -1 -4 -7 16 -15 -12 -10 -14 -6 22 -22 25 -25 -23 -21 -11 -16 -13
right_child=6 2 13 -5 5 14 -8 -9 9 27 17 29 19 15 28 -17 -18 -19 -20 26 21 23 -24 24 -26 -27 -28 -29 -30 -31
leaf_value=-0.023752334140458159 -0.072492621954110159 0.033973568867209758 0.010987295526231046 -0.075906227467442841 -0.041182565003037443 -0.020397877070860732 0.019138336309191466 -0.058004541923002029 -0.054460839256553317 0.063777664482883134 0.04449831788350711 0.0053352095056721435 -0.013223348316680811 0.032203307548596898 0.0093167192321255751 0.05854888738655311 -0.067590750809075603 -0.014911749347205881 0.022876833110853659 -0.0077426885420083906 0.056484473747472501 0.013573283130862663 -0.047400441519522968 0.031309916362900835 -0.027568925191051322 -0.020305902629142981 0.032968664513716515 0.0052740181441342081 0.067908692717044486 -0.027802561690318722
leaf_weight=504.87860111892223 272.99071571230888 57.605234161019325 146.1612451672554 97.156547904014587 24.432628124952316 257.18548063933849 37.162293344736099 131.11801910400391 22.240165501832962 278.25075508654118 85.421785354614258 84.680698737502098 169.70872040092945 64.890794530510902 211.15271334350109 349.07997862994671 15.222461998462675 49.700984820723534 109.37238086760044 81.454324290156364 104.32712621986866 187.62526135146618 13.809805780649183 325.89374224841595 32.224618688225746 120.82606123387814 132.7138983309269 25.721915945410728 26.38052524626255 526.08793497085571
leaf_count=2024 1097 235 596 391 98 1038 151 525 90 1160 346 342 683 266 856 1450 61 201 449 329 434 759 56 1324 130 486 539 104 109 2117
internal_value=0.000159047 0.00467533 0.0117863 0.00560337 0.00871756 0.0180092 -0.0615135 -0.0177442 0.0263619 0.044016 -0.0113974 -0.0182798 -0.0118046 0.0401578 -0.0030064 0.0500918 0.0132413 0.0226461 0.00980815 0.00390908 0.0168581 0.0186653 0.0443407 0.0141148 0.0260118 0.000302182 0.017485 0.0588271 0.015824 -0.0232081
internal_weight=4545.48 4235.32 3215.45 2640.1 2542.94 1739.44 310.153 1019.87 1244.72 435.585 803.497 668.374 888.756 575.354 494.719 429.193 80.1133 135.123 131.613 383.877 809.139 784.707 118.137 666.57 358.118 308.451 214.168 303.973 237.533 610.769
internal_count=18446 17198 13098 10725 10334 7093 1248 4100 5090 1803 3241 2694 3575 2373 2003 1777 327 547 539 1551 3287 3189 490 2699 1454 1245 868 1264 965 2459
is_linear=0
shrinkage=0.05


Tree=5
num_leaves=31
num_cat=0
split_feature=10 1 20 7 0 7 20 7 19 12 19 7 7 7 19 20 20 10 0 0 15 16 5 22 4 12 10 10 7 0
split_gain=480.207 231.477 210.691 244.657 182.823 115.338 89.6323 82.417 61.73 57.6747 52.952 68.2633 46.1404 63.8455 45.0685 42.0785 39.3378 63.9616 43.8452 36.7638 35.589 34.6135 34.1674 33.4404 32.9776 30.3977 29.3634 29.3277 32.3068 29.0822
threshold=0.85424836601307197 1.0000000180025095e-35 0.87555232644081127 -0.1128549387135117 0.50023131683629563 -0.1667536023349325 0.58446848392486583 0.20576442613737259 -0.004485855344682931 0.4551087430184293 -0.18124802410602567 -0.20354226209396539 -0.044855769904718658 -0.010536234013132471 -0.14413584768772122 0.69084739685058605 0.97097191214561474 0.54226190476190483 0.49961538182747189 0.50021675471720795 -0.56169232726097096 0.00355928170029074 12.287344455718996 -0.17213650413733908 -1.859938323497772 0.47660751298735377 0.46027742749054229 0.55437352245862892 0.10508916751640511 0.49853310954954294
decision_type=10 2 2 10 2 10 2 8 2 2 2 10 10 10 2 2 2 10 2 2 10 10 2 2 10 2 8 10 10 2
left_child=1 7 3 5 12 10 -2 8 -1 -4 20 24 14 21 -5 29 18 -18 -11 25 -3 -14 -15 -13 26 -7 -12 -10 -29 -16
right_child=6 2 9 4 -6 19 -8 -9 27 16 11 23 13 22 15 -17 17 -19 -20 -21 -22 -23 -24 -25 -26 -27 -28 28 -30 -31
leaf_value=-0.022721350181277199 -0.069690464181104458 0.061809344073908527 0.012422589320241803 -0.050220797136006572 -0.076612840981632291 0.029304922113152256 0.014607791217412156 -0.053278542267079468 0.031865091674942385 0.033191523661584531 0.064750044963534079 0.0063591204637763153 0.029301456182111926 0.0012918709680296986 -0.0043823541016141717 -0.028181617899157699 -0.055701393818179956 0.041937004452329514 0.072016314890347141 -0.027880699407048678 -0.022703647153637423 -0.024306126851399146 -0.031694846414367615 -0.046206150928439015 0.0050785707310944325 0.059331634720117848 0.012571434744538246 -0.0070332645008243933 0.051435663484507857 0.031587091555949492
leaf_weight=469.3488861322403 269.77331160008907 70.944994762539864 146.43061910569668 66.874633371829987 86.079201579093933 124.66308236122131 35.706856399774551 128.05997824668884 76.035523176193237 114.90377387404442 54.750172257423401 48.371325924992561 287.15354731678963 458.14712399244308 422.12353403866291 174.96964445710182 20.985944166779518 83.558590292930603 198.06819418072701 15.941246464848517 15.109926626086233 33.638981446623802 94.732705786824226 80.790227130055428 211.35930314660072 260.2474485039711 53.124725267291069 307.8697595000267 25.589345812797546 64.825116559863091
leaf_count=1880 1091 301 598 268 349 511 145 514 309 475 226 195 1173 1853 1705 704 85 350 837 64 62 136 381 325 859 1098 215 1241 105 264
internal_value=0.000687039 0.00509472 0.0116959 0.00573657 -0.00562659 0.026251 -0.059837 -0.0158042 -0.0103437 0.0394226 0.0110449 0.00415019 -0.00181344 0.00593553 -0.0111029 -0.00715071 0.048892 0.0223374 0.0577623 0.0465252 0.0469702 0.0236801 -0.00436021 -0.0265203 0.0165594 0.0496067 0.0390539 0.00384316 -0.00254641 0.000406084
internal_weight=4500.18 4194.7 3187.79 2623.85 1688.54 935.302 305.48 1006.9 878.844 563.947 534.451 448.396 1602.47 873.672 728.793 661.918 417.517 104.545 312.972 400.852 86.0549 320.793 552.88 129.162 319.234 384.911 107.875 409.495 333.459 486.949
internal_count=18319 17083 13034 10689 6833 3856 1236 4049 3535 2345 2183 1820 6484 3543 2941 2673 1747 435 1312 1673 363 1309 2234 520 1300 1609 441 1655 1346 1969
is_linear=0
shrinkage=0.05


Tree=6
num_leaves=31
num_cat=0
split_feature=10 1 20 7 0 7 19 2 7 24 5 19 4 19 24 19 7 19 7 16 24 0 15 7 15 0 0 10 7 7
split_gain=436.549 209.546 192.641 222.341 166.909 106.04 83.2901 80.304 74.8436 72.0873 64.8732 55.664 49.2288 48.3382 71.992 46.1683 39.5419 39.2781 38.9215 37.2241 35.9793 39.7475 30.4781 30.1772 28.9371 28.1101 27.3607 29.0658 26.6792 50.797
threshold=0.85424836601307197 1.0000000180025095e-35 0.87555232644081127 -0.1128549387135117 0.50023131683629563 -0.1667536023349325 -0.056020874530076974 -0.0031798574673828068 0.20576442613737259 0.53333333333333344 11.894326210021974 -0.004485855344682931 -1.859938323497772 -0.0018596829031594095 0.82933333333333337 -0.18124802410602567 -0.048121826238148042 -0.069549877196550355 -0.20354226209396539 -0.0075779748149216166 0.14800000000000005 0.50021675471720795 -0.56169232726097096 -0.0055235445932968813 -0.48430980741977686 0.49652921264572808 0.49889227148459553 0.61583184257602874 -0.14286088513813527 -0.014036205470873588
decision_type=10 2 2 10 2 10 2 2 8 2 2 2 10 2 2 2 10 2 10 10 2 2 8 10 8 2 2 8 10 10
left_child=1 8 3 5 7 12 -2 9 11 16 19 26 -3 14 -4 22 -5 -18 -17 23 21 -7 -14 -9 -21 -15 27 -1 -13 -30
right_child=6 2 13 4 -6 20 -8 10 -10 -11 -12 28 15 25 -16 18 17 -19 -20 24 -22 -23 -24 -25 -26 -27 -28 -29 29 -31
leaf_value=-0.0048576936496891009 -0.068561762164826304 0.034361901510801915 0.058310779349501921 -0.032758309818758657 -0.073535017516371926 0.056193633660481301 0.0034964081803056934 0.038827873829119869 -0.05080790290981424 0.017951600039908432 -0.015513159798186037 -0.012524065576335053 0.058811110483631912 -0.016189955413694033 -0.035761679845640139 0.0048274671138838739 0.038537484629508914 -0.018726503263167948 -0.033090995173521411 0.028309035167766089 0.014390526696362111 -0.025364708249330317 -0.016267545842762157 0.0028902304388099698 -0.0015972980932540363 0.029081588842054164 -0.00011267860031166101 -0.037025710676036661 0.036112532826963376 -0.0087727942195586321
leaf_weight=96.115367233753204 255.75283233821392 154.05503007769585 278.57875382900238 363.80850310623646 85.2193274050951 302.34922726452351 47.559422522783279 206.96370573341846 127.58449441194534 128.38845652341843 234.61483012139797 157.01293776929379 49.235754787921906 40.70296137034893 21.93925553560257 211.23880118131638 42.529143750667572 101.2043591439724 99.576354637742043 106.51449933648109 78.624001011252403 15.715192794799803 18.6330686211586 81.384972527623177 336.15546809136868 217.58649244904518 112.84159535169601 260.66342097520828 126.41046315431595 125.72432285547256
leaf_count=385 1043 635 1183 1458 349 1290 193 850 514 523 948 633 212 166 89 859 172 407 400 433 320 63 77 331 1362 907 452 1043 513 509
internal_value=0.000657807 0.00485932 0.0111609 0.00546892 -0.00535094 0.0251055 -0.057263 -0.00172286 -0.0150221 -0.0155193 0.00736299 -0.00982654 0.010532 0.0378097 0.051443 0.00083754 -0.0239862 -0.00178273 -0.00732053 0.0147049 0.0446772 0.0521639 0.0381986 0.0286847 0.00559871 0.0219474 -0.0215725 -0.0283597 0.00365542 0.0137309
internal_weight=4484.68 4181.37 3175.02 2616.21 1686.78 929.427 303.312 1601.56 1006.35 635.93 965.633 878.768 532.739 558.807 300.518 378.684 507.542 143.734 310.815 731.019 396.688 318.064 67.8688 288.349 442.67 258.289 469.62 356.779 409.148 252.135
internal_count=18319 17083 13034 10689 6833 3856 1236 6484 4049 2560 3924 3535 2183 2345 1272 1548 2037 579 1259 2976 1673 1353 289 1181 1795 1073 1880 1428 1655 1022
is_linear=0
shrinkage=0.05


Tree=7
num_leaves=31
num_cat=0
split_feature=10 6 0 12 7 20 19 3 18 7 20 20 0 19 10 19 3 3 10 19 19 6 9 7 12 11 10 23 19 12
split_gain=397.585 191.308 169.797 147.541 92.9812 91.4719 76.741 67.6069 59.7408 58.1038 52.2887 49.6534 40.4007 36.1865 36.9763 47.0947 35.3919 34.2579 44.6471 42.1765 44.2791 33.4678 29.1162 31.8535 39.9522 27.9093 26.7731 33.0465 28.4966 27.9374
threshold=0.85424836601307197 0.49869071853915131 0.50033134758998987 0.4874378347360368 0.0080827360103259017 0.7353842854499818 -0.03452054783701896 0.36111950953220801 0.37570759476319876 -0.18455046889693252 0.97097191214561474 0.89394801855087291 0.50020933846765481 0.027890651486814026 0.62313266443701243 -0.03452054783701896 0.37024300341731375 0.44721502303739152 0.67879188712522065 0.038697345182299621 -0.1736437529325485 0.4996710520620708 13.575151072693393 -0.11637888416199782 0.49750569785503501 -0.093431290354618571 0.50141242937853125 -1.0566554336461926 0.09585656970739366 0.47313562171809936
decision_type=10 2 2 2 10 2 2 2 2 10 2 2 2 2 10 2 2 2 10 2 2 2 10 8 2 2 8 10 2 2
left_child=1 8 3 7 10 -4 -2 13 25 16 11 12 22 14 15 -3 -9 18 -11 20 -19 -16 23 -5 -25 -1 29 -28 -29 -10
right_child=6 2 5 4 -6 -7 -8 9 26 17 -12 -13 -14 -15 21 -17 -18 19 -20 -21 -22 -23 -24 24 -26 -27 27 28 -30 -31
leaf_value=0.02701829303602343 -0.065514142320401897 0.037246333009737009 -0.078256844156077976 0.056983167340518837 -0.012036834487852144 0.017239580390495488 0.0052491397834178409 0.045186126932835594 -0.007719778258937892 0.051780692574686052 -0.030915569094767305 0.064882523372092743 -0.011003206717790382 0.021848975979450961 -0.011356142564199128 -0.041505537513748421 -0.035777338352928227 0.062998087229132485 -0.00047852364476100014 0.042498077214091212 -0.006195317792645148 0.041395579964923171 0.0019546783027862128 0.042219794918973597 -0.013410825972738988 0.0019030388390226995 0.0025376214842113306 -0.018043942269418807 0.050795870056463577 0.024127500756583497
leaf_weight=151.88685816526413 255.53552412986755 21.701712384819984 70.732561826705933 221.26625314354897 90.203020587563515 38.847859263420105 45.071198478341103 16.70449697971344 201.05921816825867 166.25602944195271 23.859388008713722 206.51392693817616 42.455443635582924 79.983838811516762 122.96370202302933 151.60080172121525 70.315321296453476 26.138949677348137 54.192185193300247 88.519304245710373 200.26588095724583 39.799005448818207 44.942266851663589 128.96056911349297 43.047149389982224 407.07733117043972 267.7467019110918 1069.6634847819805 15.247578829526899 104.73321352899075
leaf_count=618 1053 89 294 964 368 161 183 70 814 705 97 895 170 327 497 612 287 112 222 374 814 165 189 532 175 1647 1081 4313 62 429
internal_value=0.000629685 0.0046362 0.0160631 0.0196647 0.0357846 -0.044402 -0.0549043 0.00722683 -0.0054089 0.0176576 0.0418512 0.0443777 0.035568 -0.00837711 -0.0155709 -0.0316439 -0.0202354 0.0238167 0.038934 0.0132346 0.00179322 0.0015428 0.04008 0.0444368 0.0282975 0.00872759 -0.0101735 -0.013194 -0.0170765 0.00318784
internal_weight=4467.29 4166.68 1949.27 1839.69 801.248 109.58 300.607 1038.44 2217.41 622.392 711.045 687.186 480.672 416.049 336.065 173.303 87.0198 535.372 220.448 314.924 226.405 162.763 438.216 393.274 172.008 558.964 1658.45 1352.66 1084.91 305.792
internal_count=18319 17083 8119 7664 3390 455 1236 4274 8964 2584 3022 2925 2030 1690 1363 701 357 2227 927 1300 926 662 1860 1671 707 2265 6699 5456 4375 1243
is_linear=0
shrinkage=0.05


Tree=8
num_leaves=31
num_cat=0
split_feature=10 1 20 7 0 7 20 2 14 7 24 19 12 4 13 5 19 2 12 0 7 19 19 12 15 24 12 19 11 12
split_gain=362.607 181.688 163.778 189.011 141.286 92.7823 71.8001 69.0897 101.127 66.0568 62.7607 49.1942 47.8828 44.4007 41.3837 38.4853 36.7244 35.7847 66.6038 35.9862 35.0118 35.77 33.7802 35.9874 32.8481 38.0329 29.3497 27.6547 33.2944 24.9769
threshold=0.85424836601307197 1.0000000180025095e-35 0.87555232644081127 -0.1128549387135117 0.50033134758998987 -0.1667536023349325 0.58446848392486583 -0.0031798574673828068 -0.0031949999999999995 0.20576442613737259 0.53333333333333344 -0.004485855344682931 0.4551087430184293 -1.859938323497772 -1.3515405654907224 12.25815534591675 -0.065226729959249483 0.0044780384361832537 0.49231106094462146 0.49937277637005684 -0.048121826238148042 -0.049788434058427804 0.075327116996049895 0.49700484466135753 -0.43194501101970667 0.13333333333333336 0.48355598272297473 -0.038325740024447434 0.14296852812191005 0.42284349173553726
decision_type=10 2 2 10 2 10 2 2 2 8 2 2 2 10 2 2 2 2 2 2 10 2 2 2 8 2 2 2 2 2
left_child=1 9 3 5 7 13 -2 10 16 11 20 -1 -4 -3 -15 -10 -9 19 -19 -14 -5 -22 23 29 25 -7 -27 -18 -29 -16
right_child=6 2 12 4 -6 24 -8 8 15 -11 -12 -13 17 14 22 -17 27 18 -20 -21 21 -23 -24 -25 -26 26 -28 28 -30 -31
leaf_value=-0.020259830562276288 -0.061778792663600673 0.032460120672480587 0.010549777435192668 -0.030591555167212195 -0.069918042176942669 0.061588633810596996 0.013900977245001188 -0.010570711042703533 -0.0012000636276523794 -0.047837231974389161 0.016845850870579018 0.0034676492086273764 0.031433151917549293 0.042561633081499635 0.025856585848097337 -0.037398436865890776 0.060018541344572879 0.045039693898135107 -0.039768231795114239 0.067313299555788991 0.028012926940772311 -0.02256899794490843 0.06077892754910387 0.023558716283612197 0.014603378981952801 0.0015636216855807108 0.058914158088701866 0.038445147535098895 0.0016589454394811836 -0.024359769563066055
leaf_weight=469.50847107172012 261.8891918361187 152.73996637761593 145.42736800014973 363.83260121941566 79.533378705382347 208.0348284393549 35.600860804319382 57.950982332229614 484.52795018255711 126.7202110439539 127.95227453112602 408.52467857301235 115.32472021877766 50.628969773650169 27.957762718200684 86.542086198925972 71.919313624501228 77.817052394151688 32.955014497041702 177.34858275949955 60.020621478557587 83.681917488574982 17.886156529188156 63.752173498272896 85.921847343444824 58.693359896540642 35.986215963959694 169.17254440486431 96.650453820824623 216.64038172364235
leaf_count=1880 1091 635 598 1458 335 913 145 236 1961 514 523 1655 492 214 114 347 305 333 135 787 243 336 73 271 367 240 153 695 394 876
internal_value=0.000602893 0.0044221 0.0103291 0.00508991 -0.00487144 0.0233344 -0.0527221 -0.00164262 0.0067753 -0.0140905 -0.0144488 -0.00922009 0.0351474 0.00971934 0.000502712 -0.0066857 0.0262024 0.044014 0.0198091 0.0531751 -0.0223383 -0.00144231 -0.00602445 -0.00989945 0.041888 0.0496324 0.0233617 0.032512 0.0250701 -0.01862
internal_weight=4451.14 4153.65 3148.9 2600.03 1681.78 918.242 297.49 1602.25 966.763 1004.75 635.487 878.033 548.873 529.605 376.865 571.07 395.693 403.445 110.772 292.673 507.535 143.703 326.236 308.35 388.636 302.714 94.6796 337.742 265.823 244.598
internal_count=18319 17083 13034 10689 6833 3856 1236 6498 3938 4049 2560 3535 2345 2183 1548 2308 1630 1747 468 1279 2037 579 1334 1261 1673 1306 393 1394 1089 990
is_linear=0
shrinkage=0.05


Tree=9
num_leaves=31
num_cat=0
split_feature=10 1 20 7 0 7 19 3 19 14 7 2 9 19 6 7 0 2 6 14 7 3 23 15 22 7 15 18 7 7
split_gain=331.04 164.62 150.033 171.861 130.031 85.6214 66.7785 66.5592 68.1656 64.6786 60.2195 52.8717 45.8337 44.3924 40.2087 42.9048 37.9659 49.816 34.8818 34.3706 32.8451 32.1207 31.2854 30.6596 28.8031 29.7456 27.3927 24.7572 24.8141 34.5167
threshold=0.85424836601307197 1.0000000180025095e-35 0.87555232644081127 -0.1128549387135117 0.50023131683629563 -0.1667536023349325 -0.056020874530076974 0.33373612293432264 -0.081526506692171083 -0.0031011666666666666 0.20576442613737259 0.022057665586149366 13.918749137459921 -0.004485855344682931 0.49864345293520845 -0.20354226209396539 0.49909070200946798 -0.0078058859523390403 0.49374536072133129 -0.0044011999999999983 0.055281033594532923 0.45847701149425291 -1.0345371484813239 -0.43194501101970667 0.045085314562479072 -0.16884408471092474 -0.65621706843376149 0.53424526141737272 -0.14286088513813527 -0.0041222816249701496
decision_type=10 2 2 10 2 10 2 2 2 2 8 2 8 2 2 10 2 2 2 2 10 2 10 8 2 10 10 2 10 10
left_child=1 10 3 5 7 14 -2 11 21 18 13 22 19 -1 15 16 17 -3 -10 -4 -11 -9 -5 -7 -16 26 -26 28 -15 -30
right_child=6 2 12 4 -6 23 -8 8 9 20 -12 -13 -14 27 24 -17 -18 -19 -20 -21 -22 -23 -24 -25 25 -27 -28 -29 29 -31
leaf_value=-0.019246203548153502 -0.0611265477495226 -0.0068253025828516447 0.057197935196930776 0.00023952696406560404 -0.066166249658076742 0.047862175339243161 0.0036401517496459572 -0.025975419942107489 -0.00099478944837028734 -0.0089596635528012853 -0.045730428094886297 0.01663397000355284 -0.022588455852630814 -0.0057988290289351175 0.041514153847058886 -0.03948227111411598 -0.06988467124660791 0.046927829672100282 0.033645736860304393 0.028937497492641934 0.028731492471002897 0.027556946197031248 -0.030419307165081073 0.013921184611790496 0.056098657110505872 -0.039315191197639932 0.0034668921508651494 -0.013759120041300785 0.046402483013526417 -0.00075541538393118334
leaf_weight=469.52316972613335 246.66608807444572 115.21512170135975 154.41057944297791 110.17600239813328 81.688621029257774 298.3526943475008 47.456032708287239 194.47508774697781 92.839188411831856 316.86638630926609 125.94985689222813 104.03832671046257 33.836378023028374 111.90408238768578 117.54265186190605 65.837649211287498 14.827170968055723 68.865039974451065 334.55577911436558 354.81665788590908 70.696403458714485 32.738844215869904 339.95614963769913 85.633284732699394 35.048035010695457 26.822190150618553 83.907192647457123 139.89933905005455 85.624925673007965 70.959052294492722
leaf_count=1880 1043 467 687 443 349 1306 193 785 380 1281 514 422 142 451 498 264 60 283 1388 1516 286 133 1366 367 153 108 350 566 350 288
internal_value=0.000577944 0.0042219 0.00986757 0.00485751 -0.00463786 0.0223275 -0.0506766 -0.00148931 0.00595567 0.0127077 -0.0133988 -0.0154903 0.0337625 -0.00876027 0.00926383 -0.00449604 0.00708429 0.0132839 0.0261211 0.0375068 -0.00208432 -0.018262 -0.0229151 0.0402929 0.0230982 0.00824905 0.0189739 0.0032954 0.0121819 0.025032
internal_weight=4431.13 4137.01 3133.15 2590.08 1678.03 912.051 294.122 1596.34 1042.17 814.958 1003.86 554.17 543.064 877.911 528.065 264.745 198.907 184.08 427.395 509.227 387.563 227.214 450.132 383.986 263.32 145.777 118.955 408.387 268.488 156.584
internal_count=18319 17083 13034 10689 6833 3856 1236 6484 4253 3335 4049 2231 2345 3535 2183 1074 810 750 1768 2203 1567 918 1809 1673 1109 611 503 1655 1089 638
is_linear=0
shrinkage=0.05


Tree=10
num_leaves=31
num_cat=0
split_feature=10 1 20 0 7 24 20 14 2 7 24 2 7 12 2 10 6 2 12 0 24 5 20 22 7 20 20 2 8 24
split_gain=301.197 174.696 129.398 148.797 119.88 118.235 79.5839 74.395 75.595 61.6598 60.3418 54.9881 73.2865 49.2343 44.9338 41.3741 37.9017 33.6697 61.124 34.6746 31.3535 35.8444 30.2078 29.9406 29.466 29.3782 28.9839 27.5737 26.3764 26.2233
threshold=0.85913535276073627 1.0000000180025095e-35 0.87555232644081127 0.50021675471720795 -0.11502460387587045 0.12800000000000003 0.58446848392486583 -0.0023398833333333328 -0.0031798574673828068 -0.048784592917961854 0.4333333333333334 0.023106193540001301 -0.0005287865203473448 0.4551087430184293 0.0014654578569738177 0.76557112068965527 0.49909254702780331 0.0044780384361832537 0.49231106094462146 0.49937277637005684 0.16400000000000001 12.42546606063843 0.67560511827468883 0.054915024287893487 -0.1259474575522069 0.23592109233140948 0.47061190009117132 0.011600003189571923 -0.64498111605644215 0.70133333333333348
decision_type=10 2 2 2 8 2 2 2 2 8 2 2 8 2 2 10 2 2 2 2 2 2 2 2 10 2 2 2 10 2
left_child=1 11 3 4 5 -3 -2 8 9 10 16 12 14 -4 25 23 -6 19 -19 -15 -9 -22 26 -7 28 -1 29 -26 -16 -10
right_child=6 2 13 -5 7 15 -8 20 22 -11 -12 -13 -14 17 24 -17 -18 18 -20 -21 21 -23 -24 -25 27 -27 -28 -29 -30 -31
leaf_value=0.0058505655267582423 -0.059770201913983204 0.051582663372293253 0.0064443118659201371 -0.055048559964686432 -0.018672812317482041 0.032388664779764549 0.019772572997132178 -0.028181467266627028 0.022957641019797845 0.0185017108667563 0.013979191681761531 0.03064403883659127 -0.037851052523357236 0.028076384099920294 -0.067853833436251842 -0.031266863875102503 -0.063938761135537495 0.041564809216864611 -0.04033122122230131 0.063289307030003086 -0.00049000475262341503 -0.040326126066913368 0.0033430182444276779 -0.00048378618041881145 0.026435542634499189 -0.03097481650283769 0.046328725250931374 -0.012218614063761263 -0.0051554807009891101 -0.040793166973194378
leaf_weight=70.821775794029236 251.66177697479725 259.51000706851482 148.03955532610416 101.64473171532154 216.86006051301956 129.22887296974659 35.936199873685837 211.21553982794285 231.83162315189838 202.74157521128654 121.42242194712162 61.975862011313438 311.41844835877419 117.34572851657867 20.326582476496696 59.177510783076286 58.778016522526741 73.542024344205856 33.010740622878075 172.95034332573414 460.90739408135414 64.352831304073334 161.31241528689861 149.29102118313313 155.59880734980106 230.19322027266026 150.20244386792183 65.58180071413517 95.982281818985939 17.337104395031929
leaf_count=284 1077 1174 613 435 869 548 147 849 962 831 498 253 1261 508 82 238 237 321 135 796 1867 258 661 627 633 923 630 263 387 70
internal_value=-0.000347539 0.00307956 0.00890069 0.00425086 0.00666749 0.026204 -0.0498311 0.000516927 0.00840502 -0.00393318 -0.0153886 -0.0149879 -0.017965 0.0310522 -0.00826603 0.00670136 -0.0283255 0.0402318 0.0161929 0.0490553 -0.0119126 -0.00537057 0.021604 0.0147685 0.00426072 -0.0223107 0.02898 0.0149743 -0.0161129 0.0185219
internal_weight=4440.2 4152.6 3140.7 2595.81 2494.17 597.207 287.598 1896.96 1160.49 599.802 397.06 1011.9 949.923 544.888 638.504 337.697 275.638 396.849 106.553 290.296 736.476 525.26 560.684 278.52 337.489 301.015 399.371 221.181 116.309 249.169
internal_count=18437 17213 13127 10754 10319 2587 1224 7732 4758 2435 1604 4086 3833 2373 2572 1413 1106 1760 456 1304 2974 2125 2323 1175 1365 1207 1662 896 469 1032
is_linear=0
shrinkage=0.05


Tree=11
num_leaves=31
num_cat=0
split_feature=10 1 7 19 3 13 4 19 2 19 2 7 7 6 0 2 14 11 7 19 0 3 21 12 2 10 7 7 0 12
split_gain=276.57 150.027 118.992 150.745 140.534 78.998 77.0818 71.1756 51.3208 50.0024 47.8437 55.4451 43.4552 47.1566 43.157 40.423 39.1527 35.4548 34.1102 29.9859 34.8221 28.6983 28.4418 27.0961 26.1034 25.9466 25.2402 24.6636 24.4198 22.4772
threshold=0.85913535276073627 1.0000000180025095e-35 -0.11502460387587045 -0.11046007275581358 0.33373612293432264 -0.88306745886802662 -1.7406825423240659 -0.065226729959249483 -0.00091098375457255329 -0.11848377808928488 0.027609916842034152 -0.0005287865203473448 -0.1667536023349325 0.49935497739439166 0.49831401407842663 -0.00062066079276565747 -0.0020666666666666654 -0.093431290354618571 -0.20354226209396539 -0.11749624833464621 0.4755624202970094 0.43252136641009647 0.65442484617233287 0.4874378347360368 0.011600003189571923 0.62095088819226762 0.018044325621327406 -0.043175964827936821 0.48678558332023686 0.49459000991309349
decision_type=8 2 10 2 2 2 10 2 2 2 2 8 10 2 2 2 2 2 8 2 2 2 8 2 2 10 10 10 2 2
left_child=1 10 6 9 15 8 19 -2 -6 28 11 14 13 18 22 26 29 -7 -8 -3 -21 -22 -1 -15 -16 -24 -5 -19 -4 -17
right_child=7 2 3 4 5 17 12 -9 -10 -11 -12 -13 -14 23 24 16 -18 27 -20 20 21 -23 25 -25 -26 -27 -28 -29 -30 -31
leaf_value=0.017781487661517652 -0.056535706123140794 0.068645740031531524 0.02961242955091576 -0.037184287462645856 0.018277217012090983 0.025508251916653086 0.0282320836230406 -0.01131185578940529 0.055149684117822312 -0.065931346543329938 0.03244635039287927 -0.034359797133198554 0.02940948593350284 -0.0063800594190845166 0.036332008838949215 0.020380047066145136 -0.017746324843850868 -0.0084517525779234486 -0.026893334563870955 -0.060500547505764848 0.045054958064426012 0.011507481407922897 -0.00094778613500090178 0.035270965788472268 -0.0059178960050592661 -0.027465108202507846 0.0039185764485935581 0.012069346828369043 -0.025978740476308694 -0.024760223328068619
leaf_weight=58.347876250743866 251.07894766330719 73.999952077865601 22.84111987054348 179.7496896982193 193.27465631067753 224.10061989724636 34.447869852185249 133.13818354904652 184.40936563909054 82.602457165718079 53.62701727449894 287.67959468066692 209.52791501581669 61.893240079283714 75.629018291831017 171.86085675656796 205.80283696949482 284.04918450117111 151.37986744940281 9.571234852075575 242.78492064774036 86.448773831129074 132.62818148732185 105.78868353366852 70.765526309609413 302.99871689081192 47.146273210644722 302.18375746905804 146.19536611437798 32.848395004868507
leaf_count=236 1090 343 93 723 792 937 142 542 833 362 220 1166 927 255 311 709 833 1163 616 39 1073 365 533 466 284 1217 190 1252 592 133
internal_value=-0.00032971 0.00353049 0.00899791 0.00223183 0.00723302 0.0173949 0.0233994 -0.0408648 0.0362807 -0.0340475 -0.0134726 -0.016126 0.0113668 0.000672718 -0.00793466 -0.011707 -0.00234596 0.00859259 -0.0166744 0.039811 0.0335131 0.0362462 -0.0150009 0.0198971 0.0159089 -0.0193918 -0.0286436 0.0021262 -0.018467 0.0131367
internal_weight=4418.8 4034.58 3052.91 2077.06 1825.43 1188.02 975.842 384.217 377.684 251.639 981.676 928.049 563.038 353.51 640.369 637.408 410.512 810.334 185.828 412.805 338.805 329.234 493.975 167.682 146.395 435.627 226.896 586.233 169.036 204.709
internal_count=18437 16805 12838 8612 7565 4977 4226 1632 1625 1047 3967 3747 2406 1479 2581 2588 1675 3352 758 1820 1477 1438 1986 721 595 1750 913 2415 685 842
is_linear=0
shrinkage=0.05


Tree=12
num_leaves=31
num_cat=0
split_feature=10 1 6 0 13 19 6 24 2 7 10 10 19 14 2 23 6 24 0 19 5 24 5 24 10 15 24 0 0 11
split_gain=252.337 143.795 99.1174 126.456 81.516 77.3959 69.8976 56.1747 51.5544 47.5351 37.5399 60.2351 36.9814 50.3229 36.0993 33.7009 31.4388 31.4508 31.1658 30.3522 38.1947 28.3654 31.4254 25.1381 23.8471 23.4001 22.8161 38.824 53.7837 27.9854
threshold=0.85913535276073627 1.0000000180025095e-35 0.49868809318712037 0.50033134758998987 -0.80067715048789967 -0.0083832023665308935 0.49966644370241708 0.094666666666666691 -0.0031798574673828068 0.20576442613737259 0.44009625126646407 0.57752404555378545 -0.086596656590700136 -0.0023398833333333328 0.028755317971430668 -0.95150714208756926 0.49841217616954397 0.018666666666666668 0.49051680584861368 0.038697345182299621 10.922969341278078 0.16400000000000001 12.287344455718996 0.36400000000000005 0.64031250000000017 -0.54115730524063099 0.31733333333333341 0.49835091200222786 0.49577966944889729 1.380389967039884
decision_type=10 2 2 2 2 2 2 2 2 8 8 10 2 2 2 8 2 2 2 2 2 2 2 2 10 10 2 2 2 2
left_child=1 9 12 4 7 -2 -5 8 -4 14 23 -12 -3 16 15 -1 17 -14 -19 20 -13 -15 -23 -6 -10 -21 27 28 -9 -28
right_child=5 2 3 6 10 -7 -8 26 24 -11 11 19 13 21 -16 -17 -18 18 -20 25 -22 22 -24 -25 -26 -27 29 -29 -30 -31
leaf_value=0.0051991313334416008 -0.056725237665088961 -0.018005196540819356 -0.025021578150637477 0.060633165039856211 -0.0086569342178173178 0.019867504695469641 -0.05823299379241529 0.063908021120618358 0.063628541718802376 -0.042511097951671281 -0.03109948784946924 0.015950341579472824 -0.01645972147937904 -0.027044752654735368 0.038943383077521633 -0.017533478521699924 -0.016867924062737887 0.0058989791793143641 0.028866335324650202 0.059233214606555923 -0.022972136642473925 0.0040419229026771872 -0.033716793954597445 0.058077986337755849 0.01147767763272906 0.014343098509255157 0.028198770767333205 0.051983212757882327 -0.0045258724967948312 -0.047213320237528444
leaf_weight=220.28503012657166 241.53749863803387 256.32294680178165 77.557022765278816 14.700357198715208 19.294625580310822 38.198495432734489 77.937365055084229 44.282747596502304 33.745800107717514 124.56247799098492 110.50477002561092 166.73756568133831 71.467511087656021 150.98845274746418 36.824820518493652 627.33611172437668 88.205598145723343 266.35244582593441 331.58630160987377 46.422562703490257 101.33562326431274 356.71001347899437 65.172113418579102 52.527986407279968 62.55500639975071 77.488496318459511 198.62780375778675 344.27963273227215 81.648045882582664 13.114673674106596
leaf_count=891 1068 1036 319 67 81 156 349 201 152 518 457 710 287 608 153 2524 360 1091 1383 204 421 1447 262 239 272 331 857 1606 332 55
internal_value=-0.000313024 0.00280815 0.00813004 0.0172426 0.0209098 -0.0462663 -0.0393705 0.0306887 0.00531804 -0.0135928 0.00633777 0.00150484 -0.000614746 0.0027356 -0.0095201 -0.0116256 0.0111914 0.0148886 0.0186355 0.0106964 0.00123707 -0.00844701 -0.00179102 0.0401501 0.0297524 0.0311609 0.0371567 0.0432939 0.0195385 0.023528
internal_weight=4398.31 4118.57 3109.57 1522.76 1430.12 279.736 92.6377 855.811 173.858 1009.01 574.312 502.489 1586.81 1330.48 884.446 847.621 757.612 669.406 597.939 391.984 268.073 572.871 421.882 71.8226 96.3008 123.911 681.953 470.21 125.931 211.742
internal_count=18437 17213 13127 6653 6237 1224 416 3794 743 4086 2443 2123 6474 5438 3568 3415 3121 2761 2474 1666 1131 2317 1709 320 424 535 3051 2139 533 912
is_linear=0
shrinkage=0.05


Tree=13
num_leaves=31
num_cat=0
split_feature=20 0 20 3 19 13 12 12 12 1 6 4 3 19 11 6 6 5 19 20 3 7 1 15 7 19 12 0 3 3
split_gain=157.178 161.173 117.797 143.098 99.2661 89.9257 54.8172 59.5303 61.8378 46.333 37.6194 34.9646 33.9352 30.5955 30.0162 29.6627 38.464 31.4541 28.5187 26.5791 26.4423 26.1313 25.1559 25.0169 24.7344 22.9316 25.6234 22.0159 21.0604 20.4856
threshold=0.88051944971084606 0.50023131683629563 0.067953582853078856 0.36111950953220801 -0.086596656590700136 -1.2447778582572935 0.49750569785503501 0.49231106094462146 0.48540215169835416 1.0000000180025095e-35 0.49868809318712037 -1.5170735716819761 0.45265098320476943 0.070041056722402587 0.31672623415972634 0.49990358657925188 0.4996710520620708 12.601991176605226 -0.079219911247491823 0.40280596911907202 0.45462251877963827 -0.060414871543944634 1.0000000180025095e-35 -0.53565809130668629 -0.038447160852682023 -0.056940114125609391 0.47313562171809936 0.49807866787092164 0.53296527231575752 0.44721502303739152
decision_type=2 2 2 2 2 2 2 2 2 2 2 10 2 2 2 2 2 2 2 2 2 10 2 8 10 2 2 2 2 2
left_child=1 2 4 13 -1 10 7 8 14 21 18 12 19 15 22 16 17 -4 -5 -11 -14 -7 -2 -24 -8 27 -27 -13 -16 -12
right_child=6 -3 3 5 -6 9 24 -9 -10 11 29 25 20 -15 28 -17 -18 -19 -20 -21 -22 -23 23 -25 -26 26 -28 -29 -30 -31
leaf_value=-0.051118384502769121 -0.0046677334648559787 -0.05545509498902005 -0.012027365894845536 -0.014754164913219028 0.035406155274460324 -0.029074860745412053 0.063090210824017542 -0.033747048554668493 0.054424783024020533 0.0085367056852980114 0.046473094565762006 0.00041988462660993943 -0.045179305947266747 0.023759397612991003 -0.0017554256092915351 -0.060240138301713833 0.043767038254688334 -0.044134872211224724 0.029676123281826741 0.045459608187400087 0.011205525185957009 0.0028936599748738152 0.058606872167684045 0.019273706842414223 -0.01310053655667491 -0.0046374130339211705 0.015103882647023193 -0.031368656467037903 -0.064393921378776683 0.018817105669480298
leaf_weight=195.39225170016289 79.704986378550529 148.36503848433495 1128.9078546911478 73.592101231217384 39.921021640300751 157.79815416038036 94.74185474216938 55.414798483252525 108.26607583463192 74.676967814564705 215.86360910534859 138.65853968262672 25.342472612857819 55.734653666615486 87.157380014657974 33.888772696256638 29.313642248511314 81.806526482105255 70.92515330016613 140.33343727886677 115.82313565909863 107.45011579990387 51.574770748615265 187.00333984196186 12.001532807946203 296.77148333191872 368.43313656747341 89.704338103532791 15.861142039299009 97.069303378462791
leaf_count=868 325 667 4566 298 167 642 465 226 504 313 987 576 103 229 367 139 127 331 295 623 484 434 229 803 51 1216 1558 367 65 412
internal_value=-0.000296732 -0.00440118 -0.00225989 0.000175806 -0.0364395 0.00872173 0.0215733 0.0155607 0.0207204 0.00285526 0.0281504 0.0068836 0.0201302 -0.0125015 0.012059 -0.0140879 -0.0128266 -0.0141968 0.00705102 0.0326356 0.00108315 -0.0161246 0.0196518 0.0277766 0.0545238 0.0016035 0.00629659 -0.0120671 -0.0113995 0.0378944
internal_weight=4377.5 3685.77 3537.41 3302.09 235.313 1972.44 691.726 584.982 529.568 1514.99 457.45 1249.74 356.176 1329.65 421.302 1273.92 1240.03 1210.71 144.517 215.01 141.166 265.248 318.283 238.578 106.743 893.567 665.205 228.363 103.019 312.933
internal_count=18437 15402 14735 13700 1035 8308 3035 2519 2293 6316 1992 5240 1523 5392 1789 5163 5024 4897 593 936 587 1076 1357 1032 516 3717 2774 943 432 1399
is_linear=0
shrinkage=0.05


Tree=14
num_leaves=31
num_cat=0
split_feature=20 0 24 3 2 20 13 2 12 18 4 7 2 7 12 2 7 7 9 2 7 20 7 7 24 24 11 5 12 20
split_gain=143.175 149.09 125.511 134.842 85.5868 76.687 75.1738 62.914 52.568 38.9582 39.4663 37.601 55.3912 34.7915 27.96 26.3446 31.6123 25.7625 25.4781 24.0395 23.3902 23.2812 22.4912 32.5564 31.1922 24.7291 22.232 20.3089 19.8862 22.0366
threshold=0.88051944971084606 0.50021675471720795 0.85066666666666679 0.36111950953220801 0.022057665586149366 0.4512572586536408 -1.2447778582572935 0.0044780384361832537 0.47464604637957547 0.40690205463795254 -1.5250401496887205 -0.052659012930524794 0.0045397367219856847 -0.10064753939216479 0.49103841401774689 0.0054280598128335633 -0.0071518617746095759 -0.16233626621823663 12.232117367568671 0.0034032909418023742 0.021741861158646712 0.5001385658979417 -0.11637888416199782 -0.071475341790065663 0.12800000000000003 0.0080000000000000019 -0.086743312125599201 12.287344455718996 0.43045600973042714 0.70373594760894786
decision_type=2 2 2 2 2 2 2 2 2 2 8 8 2 8 2 2 8 10 8 2 10 2 8 8 2 2 2 2 2 2
left_child=1 2 3 4 13 -4 22 8 19 26 14 12 -9 21 18 28 -17 -12 -11 -2 -10 -1 24 25 -5 -24 -8 -19 -15 -30
right_child=7 -3 5 6 -6 -7 9 11 20 10 17 -13 -14 15 -16 16 -18 27 -20 -21 -22 -23 23 -25 -26 -27 -28 -29 29 -31
leaf_value=0.019216826935378788 -0.0010573606618306303 -0.05130992978142937 -0.048809927722901603 0.057252187445712137 0.029546365414368277 0.0064868400647600469 0.031213646003340409 -0.053446294876518086 0.054812863774457515 0.015579767517982665 -0.023803212034934768 -0.009551583004837402 0.051811921044135505 -0.0065261772813101212 0.044868666183174026 0.010589278137631006 -0.023998237295434759 0.00078841138050622043 -0.019198560645939475 0.035200512827694819 -0.001919343571261601 -0.012928678641307657 0.062557239689986929 0.031682430935275757 0.018740949222182737 -0.014016494545010479 0.0080822937864900076 -0.03375142596428337 -0.023597034502091906 -0.046337469555060171
leaf_weight=101.94078758358955 111.81258197128773 160.57631421089172 215.75062297284603 109.69339360296726 113.23474688827991 88.384742543101311 151.1847630739212 15.537314876914023 200.87466007471085 187.70265187323093 199.21191473305225 195.93375787138939 63.912601724267006 111.01164332032204 55.62262262403965 129.34845975041389 135.02501729130745 446.73936624825001 73.196881324052811 77.333384722471237 19.974966540932655 125.8762561827898 11.938064604997633 146.77785015106201 100.98190334439278 90.264036521315575 331.95875190198421 47.03968209028244 392.70492136478424 146.19295307993889
leaf_count=420 471 727 964 542 463 360 645 63 975 792 827 806 287 453 253 521 544 1850 299 348 85 510 52 622 435 366 1387 191 1583 596
internal_value=-0.000281252 -0.00419657 -0.00204231 0.000868332 -0.0119162 -0.0327401 0.00908875 0.0206975 0.0331129 0.00364417 -0.00194403 0.00221344 0.0312275 -0.016027 0.0126841 -0.0203832 -0.00707581 -0.0086254 0.00582251 0.0137669 0.0496817 0.0014554 0.0267692 0.0165953 0.0387928 -0.00507204 0.0153205 -0.00250201 -0.0257965 -0.0297661
internal_weight=4357.74 3672.36 3511.78 3207.65 1255.33 304.135 1952.31 685.379 409.996 1492.66 1009.51 275.384 79.4499 1142.1 316.522 914.283 264.373 692.991 260.9 189.146 220.85 227.817 459.655 248.98 210.675 102.202 483.144 493.779 649.91 538.898
internal_count=18437 15402 14675 13351 5090 1324 8261 3035 1879 6244 4212 1156 350 4627 1344 3697 1065 2868 1091 819 1060 930 2017 1040 977 418 2032 2041 2632 2179
is_linear=0
shrinkage=0.05


Tree=15
num_leaves=31
num_cat=0
split_feature=10 1 22 20 10 3 10 20 2 4 20 24 3 12 10 12 13 2 3 12 12 15 14 2 3 10 10 14 15 21
split_gain=177.987 107.541 87.0867 83.9723 75.352 76.7476 72.5322 60.1467 41.0866 39.8954 37.9639 34.8515 33.1654 30.5654 30.288 29.563 29.1605 34.3656 28.1926 27.6016 27.6934 26.3454 26.1066 25.2328 24.7137 23.019 22.3302 30.4936 21.2736 25.0811
threshold=0.85424836601307197 1.0000000180025095e-35 0.7006377204404014 0.88308528065681469 0.70337248957938625 0.36217802303734964 0.70357598978288649 0.58446848392486583 0.028755317971430668 -1.5250401496887205 0.48407688736915594 0.046666666666666669 0.32942264893622603 0.49814045797730327 0.47871376811594207 0.49750569785503501 -0.81013911962509144 -0.035066391472551743 0.18942317329858679 0.49231106094462146 0.47506855252779318 -0.54306048154830922 -0.012819166666666666 0.017370763571701708 0.35062170100929796 0.54915769124551239 0.80725524475524491 -0.00092083333333333329 -0.53201395273208607 0.72602713108062755
decision_type=10 2 2 2 8 2 8 2 2 10 2 2 2 2 10 2 2 2 2 2 2 8 2 2 2 10 10 2 8 8
left_child=1 8 3 4 5 11 -6 -2 14 12 22 -3 -4 23 -1 19 17 -12 -13 20 21 -5 -7 26 -20 -16 -8 -28 -27 -30
right_child=7 2 9 15 6 10 13 -9 -10 -11 16 18 -14 -15 25 -17 -18 -19 24 -21 -22 -23 -24 -25 -26 28 27 -29 29 -31
leaf_value=-0.036371470769478678 -0.048262548758559037 -0.033083538074555711 -0.018394811524740547 0.053357462071246559 -0.064240831782163957 0.062198004549969377 -0.017137847252054094 0.018730975905666119 0.038136243072063238 -0.015087262728857903 -0.021711990041421991 -0.023846602983261165 0.015770350752051406 0.021435717593675681 0.014331740739496454 0.06019709293449263 0.019426570418003268 0.053926597787553127 0.020189408500865424 -0.026164559434568552 0.057040039261036492 0.012103840439637891 0.011491117044141885 0.017896372742151331 -0.037808630174113372 0.0039124876293905242 0.045011942404258674 -0.041697335655093343 0.0047098978405390145 -0.021725486095247368
leaf_weight=124.67087268829346 235.92838056385517 80.317675724625587 96.830612137913704 50.454693704843521 48.950605303049088 26.944441378116608 323.22988733649254 39.048246800899506 40.339126795530319 501.53936141729355 16.275588572025299 65.331560030579567 266.61526136100292 121.48732370138168 87.354033857584 82.71789875626564 153.67540100216866 194.15823420882225 174.82186344265938 22.972458615899086 74.584392741322517 166.12882299721241 438.25595542788506 84.386005863547325 20.523849651217461 152.71722616255283 34.106358110904694 14.429212316870688 109.44096559286118 498.06730882823467
leaf_count=520 1097 326 399 230 238 123 1323 161 169 2070 66 265 1157 523 362 422 647 927 715 95 367 724 1845 345 84 616 143 58 442 2009
internal_value=0.00018443 0.00281399 0.00748957 0.0127872 0.00818997 0.015682 -0.00580314 -0.0387491 -0.0113096 -0.00594625 0.0238925 -0.00428616 0.00666794 -0.00085098 -0.0133611 0.0336028 0.0359845 0.0480765 0.00458665 0.0266001 0.0307631 0.0217142 0.0144281 -0.00678662 0.0140959 -0.00997648 -0.0123893 0.019234 -0.0127696 -0.0169632
internal_weight=4346.3 4071.33 3058.74 2193.75 1796.89 1170.3 626.589 274.977 1012.59 864.985 829.31 340.995 363.446 577.639 972.25 396.858 364.109 210.434 260.677 314.14 291.168 216.584 465.2 456.151 195.346 847.58 371.765 48.5356 760.226 607.508
internal_count=18468 17210 13092 9466 7628 4998 2630 1258 4118 3626 3608 1390 1556 2392 3949 1838 1640 993 1064 1416 1321 954 1968 1869 799 3429 1524 201 3067 2451
is_linear=0
shrinkage=0.05


Tree=16
num_leaves=31
num_cat=0
split_feature=10 1 0 6 12 20 10 7 7 24 22 2 22 20 0 2 7 14 2 6 8 7 24 7 2 7 12 16 3 3
split_gain=163.221 97.4223 85.0514 109.762 57.5132 55.5744 53.2201 41.917 41.1141 36.4214 35.0421 34.9555 36.556 33.6838 34.6138 30.4145 45.8111 30.6208 28.3074 27.5892 26.527 24.9444 24.9311 24.8662 34.2412 35.6236 24.5616 23.8921 22.271 21.9723
threshold=0.85424836601307197 1.0000000180025095e-35 0.50033134758998987 0.49868809318712037 0.48540215169835416 0.58446848392486583 0.42912946428571436 0.20576442613737259 0.03045348019129342 0.82933333333333337 0.30758459144067923 -0.13528578115248593 1.0559651167117365 0.89394801855087291 0.50021675471720795 -0.0031798574673828068 -0.11637888416199782 -0.0044344999999999983 0.028755317971430668 0.49894670201239166 -0.30762633681297297 0.18106468619142616 0.01066666666666667 -0.0039365271679286584 0.0014654578569738177 -0.1259474575522069 0.43715159628217326 0.0028733299113810067 0.43134851041028072 0.32942264893622603
decision_type=10 2 2 2 2 2 10 8 10 2 2 2 2 2 2 2 10 2 2 2 8 8 2 10 2 10 2 10 2 2
left_child=1 7 3 10 11 -2 -4 18 9 13 22 -5 15 14 20 16 -13 28 23 -19 -6 -21 -3 24 -1 -26 -18 -24 -17 -12
right_child=5 2 6 4 8 -7 -8 -9 -10 -11 29 12 -14 -15 -16 17 26 19 -20 21 -22 -23 27 -25 25 -27 -28 -29 -30 -31
leaf_value=-0.016147961533798879 -0.046705330762232461 -0.035448474297940159 0.037589623084458748 0.052629101035299358 0.046762065781690898 0.017833233002804944 -0.056052465551995723 -0.037708555329749337 -0.018158293633959082 -0.032752159388887626 -0.020083465144975846 0.016641831731768229 -0.019768027783567326 0.055510924065090277 -0.043956695770897919 0.059647540878535271 -0.00047206481457160446 0.034145414222145898 0.035553321310153777 0.0096021433163717435 0.020390681433296611 -0.03788073629817576 0.012714376769819189 -0.023295789160165892 -0.01458122515660394 0.019493017125276534 -0.05279389210331166 -0.010510247080831522 0.0026775988046197942 -0.0020505140950784428
leaf_weight=294.82619254291058 231.71305680274963 33.340789914131165 18.699355587363243 44.436642006039619 161.92312602698803 38.965422853827477 80.460671663284302 126.28180059790611 41.177045896649361 20.022030606865883 253.42739042639732 122.85633105039597 108.62936760485172 157.56951661407948 15.925875186920164 68.790607169270515 39.591999799013138 96.155976459383965 37.572723627090454 159.25847315788269 231.96925933659077 33.472504451870918 641.8775774538517 219.23031458258629 119.74228653311729 213.41888783872128 51.74541412293911 133.82581204175949 22.854267165064812 506.57334595918655
leaf_count=1186 1097 134 86 208 784 161 386 538 170 83 1023 534 456 819 64 314 164 430 159 675 1041 138 2654 882 481 872 213 545 98 2073
internal_value=0.000177814 0.00268678 0.00715254 0.00868589 0.0189914 -0.0374147 -0.0383937 -0.0107607 0.0301393 0.033525 -0.000354219 0.00962063 0.00690343 0.0358637 0.0283097 0.0117751 -0.00329598 0.0202583 -0.00691459 0.0122697 0.0312316 0.00135557 0.00688794 -0.00879797 -0.00373678 0.00724631 -0.030114 0.00870762 0.0454405 -0.00806372
internal_weight=4326.33 4055.66 3044.58 2945.42 1376.38 270.678 99.16 1011.07 628.587 587.41 1569.04 747.792 703.355 567.388 409.818 594.726 214.194 380.532 884.79 288.887 393.892 192.731 809.044 847.218 627.987 333.161 91.3374 775.703 91.6449 760.001
internal_count=18468 17210 13092 12620 6191 1258 472 4118 2961 2791 6429 3230 3022 2708 1889 2566 911 1655 3580 1243 1825 813 3333 3421 2539 1353 377 3199 412 3096
is_linear=0
shrinkage=0.05


Tree=17
num_leaves=31
num_cat=0
split_feature=10 1 0 6 13 10 0 24 7 6 11 3 3 3 11 0 5 6 7 24 18 24 23 7 12 21 10 14 7 10
split_gain=149.724 88.3013 77.9679 100.431 55.9376 49.1092 39.8968 38.6356 38.3985 36.6895 34.2864 29.6452 42.6846 34.1841 26.8866 23.6978 23.2082 22.1337 29.2794 21.9146 21.0265 19.3387 23.2074 26.4544 29.0342 20.0788 18.3278 17.4718 17.1351 16.8693
threshold=0.85424836601307197 1.0000000180025095e-35 0.50033134758998987 0.49868809318712037 -0.97005003690719593 0.42912946428571436 0.49827511569890176 0.10533333333333335 0.20576442613737259 0.49934232153361718 0.23720470409734215 0.44935795973304782 0.45591973462766494 0.38705974210705346 0.44028443481014395 0.49625175470330735 9.2802991867065447 0.49909254702780331 -0.13768804509762231 0.004000000000000001 0.39352549490729055 0.44000000000000006 -0.63920287480289162 0.0080827360103259017 0.45053844492034872 1.1320344209671023 0.52041666666666686 -0.0035658333333333327 -0.084405476735606721 0.53798076923076932
decision_type=10 2 2 2 2 10 2 2 8 2 2 2 2 2 2 2 2 2 10 2 2 2 8 10 2 10 10 2 8 10
left_child=1 8 3 10 7 -4 15 17 16 -2 20 13 -13 -9 -8 28 -1 -5 -19 -20 27 22 23 24 -18 -26 -12 -3 -6 -17
right_child=9 2 5 4 6 -7 14 11 -10 -11 26 12 -14 -15 -16 29 21 18 19 -21 -22 -23 -24 -25 25 -27 -28 -29 -30 -31
leaf_value=0.017234466408540313 -0.041553696571088039 0.027080600590327256 0.036155280380188191 0.044536311043173342 0.051772914262672269 -0.054420317014248112 0.023483997914507591 0.019027300860496643 -0.036174986772608247 0.02742582648621001 0.0044314893561699297 -0.005325330360147709 0.056310899659061699 0.052582034009499679 -0.0068656760539390323 -0.04357625223562811 -0.011847502083836468 0.039656079081722709 0.030408685306761385 -0.035931239803232921 0.00032331285669308959 0.0078508801358580203 -0.022458456362501128 -0.036792386048807933 0.033322210821178956 -0.010879125952621953 -0.015265562266815353 0.0035945572736289545 0.0017980664636745435 -0.0081297546880319174
leaf_weight=91.715918153524399 245.45591427385807 167.57969287037849 18.474931463599205 27.529297485947609 21.541895166039467 78.77330482006073 381.70344679057598 107.14123751223087 125.08440105617046 20.920068964362144 163.03556416928768 85.904289841651917 41.736220717430115 260.32890510559082 90.22288878262043 47.28623865544796 158.76136039197445 26.000723764300346 15.776308402419088 59.019671618938446 659.07344414293766 135.67145060002804 322.26952017843723 51.020099341869354 88.015515387058258 36.284271493554115 428.48176047205925 150.12947995960712 84.176412180066109 115.67449200153351
leaf_count=374 1171 707 86 122 95 386 1753 476 538 87 668 357 196 1334 390 195 640 128 76 244 2701 554 1299 206 360 147 1739 614 345 480
internal_value=0.00017126 0.00256613 0.00683255 0.00829328 0.0182152 -0.037213 0.00892535 0.0292511 -0.0102463 -0.0361363 -0.000336434 0.0355879 0.0148286 0.0427987 0.0176817 -0.00645499 -0.00657639 0.00480204 -0.00605006 -0.0219385 0.00541666 -0.00933368 -0.0128858 -0.00365165 0.00232178 0.0204194 -0.00983661 0.0159826 0.0119813 -0.0184152
internal_weight=4304.79 4038.41 3029.59 2932.34 1364.04 97.2482 740.605 623.437 1008.82 266.376 1568.3 495.111 127.641 367.47 471.926 268.679 883.738 128.326 100.797 74.796 976.783 792.022 656.351 334.081 283.061 124.3 591.517 317.709 105.718 162.961
internal_count=18468 17210 13092 12620 6191 472 3258 2933 4118 1258 6429 2363 553 1810 2143 1115 3580 570 448 320 4022 3206 2652 1353 1147 507 2407 1321 440 675
is_linear=0
shrinkage=0.05


Tree=18
num_leaves=31
num_cat=0
split_feature=10 4 11 20 0 12 12 24 24 3 20 0 10 15 17 20 1 2 3 2 18 24 0 10 3 3 17 10 11 20
split_gain=137.136 80.7996 66.258 49.6656 42.9026 44.5147 39.057 38.9532 36.0488 32.3729 30.4107 39.5175 30.1454 28.7888 26.8227 26.7326 24.0847 28.5888 25.1503 29.2299 20.9192 19.5929 32.6746 24.2447 19.5032 19.0243 18.4585 16.9936 16.2464 18.375
threshold=0.85424836601307197 -1.8034777641296384 -0.090156773343987168 0.58446848392486583 0.50033134758998987 0.48825831202916664 0.47057055995475122 0.81866666666666676 0.11866666666666668 0.33905686345198499 0.7353842854499818 0.50033134758998987 0.66819571865443439 -0.42323505878448481 0.12500000000000003 0.74071651697158825 1.0000000180025095e-35 0.029419099310547165 0.35927348421992816 0.020833212561451889 0.4127826781568551 0.4200000000000001 0.49876095444006108 0.66819571865443439 0.27994070399895599 0.42500032601584731 0.091666666666666688 0.75809822361546508 0.41940296823541418 0.4512572586536408
decision_type=10 8 2 2 2 2 2 2 2 2 2 2 8 8 2 2 2 2 2 2 2 2 2 8 2 2 2 8 2 2
left_child=1 6 8 -2 5 16 9 12 14 -1 11 21 15 25 26 -7 17 -4 19 -18 24 23 -23 -8 -10 -14 -3 -15 29 -20
right_child=3 2 4 -5 -6 7 10 -9 20 -11 -12 -13 13 27 -16 -17 18 -19 28 -21 -22 22 -24 -25 -26 -27 -28 -29 -30 -31
leaf_value=-0.010284741410849799 -0.043915761156954475 -0.030307739918041216 -0.01971504736116448 0.017316266383617988 -0.047060367517320602 0.014205959922432272 0.04559540456150471 -0.029071377156235409 0.0034422727404806045 0.016971287202307239 0.042424057059195962 -0.064070670691098217 0.00019536030323522564 -0.033482231040251026 -0.018951718889970784 0.050235108969244185 -0.019089556240681062 0.036886803568194008 -0.0036252452900943817 0.010161699829711919 0.0095352227969573867 0.035380498865828107 -0.068487897379399795 0.009603870247928456 0.036457074937305683 0.034331745325306258 0.047207541272535125 0.016001594019513423 -0.0095102102340839656 0.016506365577535185
leaf_weight=184.59674729406834 223.64468914270401 10.318279713392256 511.63440185785294 38.871998220682144 60.330192014575005 186.21170011162758 88.149427309632301 65.217699736356735 59.069611400365829 265.81932863593102 181.36441199481487 14.756210580468176 116.06254340708256 73.166655525565147 138.06902997195721 71.157847106456757 399.46950013935566 23.32578456401825 210.04997754096985 108.6280018389225 366.58051109313965 15.058645561337471 15.228453919291496 99.725498199462891 184.30917623639107 62.952080115675926 30.036632910370827 22.743006810545921 212.10888159275055 246.20278473198414
leaf_count=758 1097 44 2087 161 292 799 417 266 247 1137 914 77 490 308 580 354 1623 99 865 447 1567 63 63 431 802 294 152 98 877 1059
internal_value=0.000164861 0.00245002 -0.00125838 -0.0348489 -0.00543639 -0.00434879 0.0159921 0.00740076 0.0112975 0.00580078 0.0270722 0.0151183 0.0118694 0.000356717 -0.00847091 0.0241673 -0.00845094 -0.017247 -0.00445117 -0.0128358 0.01708 0.0204746 -0.0168449 0.0264908 0.0284442 0.0121997 0.0273878 -0.0217482 0.00192296 0.00723816
internal_weight=4284.86 4022.34 3157.64 262.517 2369.26 2308.93 864.699 597.512 788.383 450.416 414.283 232.918 532.294 274.924 178.424 257.37 1711.42 534.96 1176.46 508.098 609.959 218.162 30.2871 187.875 243.379 179.015 40.3549 95.9097 668.362 456.253
internal_count=18468 17210 13350 1258 9958 9666 3860 2609 3392 1895 1965 1051 2343 1190 776 1153 7057 2186 4871 2070 2616 974 126 848 1049 784 196 406 2801 1924
is_linear=0
shrinkage=0.05


Tree=19
num_leaves=31
num_cat=0
split_feature=10 1 7 19 3 4 13 2 19 19 11 22 24 19 19 10 7 7 2 22 24 23 6 11 7 7 0 14 19 14
split_gain=125.826 74.446 69.1514 114.69 83.8099 55.1103 54.1849 54.5787 43.6452 39.9237 34.9169 33.2363 32.3486 30.8522 27.697 27.148 24.4495 36.9507 29.6568 22.3709 20.7237 20.5494 20.1532 20.025 19.7004 19.1655 21.4276 19.0927 18.6015 27.5225
threshold=0.85424836601307197 1.0000000180025095e-35 -0.11502460387587045 -0.11046007275581358 0.33373612293432264 -1.9262499213218687 -0.87820371985435475 -0.028807228873140012 -0.0083832023665308935 -0.00038343234336934978 -0.097243296051275921 0.44170638459992484 0.2146666666666667 -0.11848377808928488 -0.097994647920131669 0.76557112068965527 -0.1259474575522069 -0.014036205470873588 0.027609916842034152 0.18575249746490449 0.17733333333333337 -0.53084179842428469 0.49167143771579785 0.45879877756164877 0.055281033594532923 -0.15991546188327574 0.49887005505449278 -0.0024305666666666671 -0.12596227973699567 -0.0068299999999999993
decision_type=10 2 10 2 2 10 2 2 2 2 2 2 2 2 2 8 10 10 2 2 2 8 2 2 10 8 2 2 2 2
left_child=1 9 5 13 12 28 7 -6 -2 14 20 15 -5 21 23 -7 -11 19 -19 -18 -8 -4 -13 -1 -12 -16 -27 -14 -3 -30
right_child=8 2 3 4 6 11 10 -9 -10 16 24 22 27 -15 25 -17 17 18 -20 -21 -22 -23 -24 -25 -26 26 -28 -29 29 -31
leaf_value=0.026578285399516694 -0.042250136853097427 0.061941194568619906 -0.036111536016218033 -0.022896266617217744 -0.0046073287800494486 0.022737843399022767 -0.015693363528482177 0.040851526746733521 0.015566239095182597 -0.0094982347384526683 -0.0047781099396447422 0.046344170071709122 0.012420601681876304 -0.058028348634514629 0.021253252135313601 -0.012013545645910831 0.056389868453132319 -0.022340042886503805 0.039050685141511964 0.0090805467304790246 0.030260212190177656 -0.0015193708671778498 -0.009729059952833647 -0.036441706428619935 0.018574652384254212 -0.030081751094758909 -0.0063383771331554477 -0.010028689092406019 0.0030931761225992467 0.039180705092304188
leaf_weight=53.478062033653259 219.9324864000082 51.440605759620667 88.921837642788887 254.75744396448135 87.482150465250015 365.28266732394695 28.496860921382904 269.23381121456623 38.330814719200134 211.48619894683361 459.24306289851665 17.251212254166603 172.58994872868061 73.968169003725052 24.640074670314789 66.418147668242455 58.152296841144562 75.987135142087936 26.544708028435707 43.815121978521347 176.42662747204304 83.010138064622879 225.27465260028839 16.492903187870979 112.41743203997612 366.64104126393795 128.26572753489017 209.89463724195957 73.450560748577118 188.2314972281456
leaf_count=217 1099 279 363 1036 355 1677 118 1282 159 861 1899 71 726 376 99 280 246 305 115 182 772 340 967 67 484 1500 526 853 322 892
internal_value=0.000158138 0.00233716 0.00627914 0.000970561 0.00541448 0.0171207 0.0135717 0.0297031 -0.0336692 -0.0094389 0.00616198 0.00907055 -0.00909276 -0.0310267 -0.0178081 0.0173913 0.00242161 0.0147487 -0.00644645 0.0360612 0.0238699 -0.0194102 -0.00574049 0.0117238 -0.000185773 -0.0217854 -0.0239281 0.000101188 0.0344546 0.0290514
internal_weight=4267.56 4009.29 3003.79 2016.44 1770.54 987.349 1133.3 356.716 258.263 1005.5 776.584 674.227 637.242 245.9 589.518 431.701 415.985 204.499 102.532 101.967 204.923 171.932 242.526 69.971 571.66 519.547 494.907 382.485 313.123 261.682
internal_count=18468 17210 13092 8604 7525 4488 4910 1637 1258 4118 3273 2995 2615 1079 2409 1957 1709 848 420 428 890 703 1038 284 2383 2125 2026 1579 1493 1214
is_linear=0
shrinkage=0.05


Tree=20
num_leaves=31
num_cat=0
split_feature=10 4 13 11 6 24 18 3 7 2 0 3 0 6 3 21 19 18 7 19 2 0 19 14 2 0 24 16 9 3
split_gain=138.628 78.9479 51.4486 47.7111 40.9965 38.192 36.976 35.4348 38.435 29.2618 27.4667 25.6815 22.3858 26.9023 22.2276 22.1403 21.3308 25.8607 21.7709 20.8097 19.4774 19.4772 19.3912 18.9765 25.2464 23.7623 21.3 23.1678 18.2061 17.9689
threshold=0.85913535276073627 -1.8034777641296384 -1.2447778582572935 -0.022705660920820016 0.49886492475778194 0.17200000000000001 0.44080551464297701 0.44363314679747595 -0.11105511514057682 -0.0081700218935227189 0.50021675471720795 0.38193210679228012 0.50033134758998987 0.49869071853915131 0.34418354928770856 0.61510634422302257 -0.028523240238428112 0.38548078542879921 -0.15803547282802335 -0.051842425018548959 -0.0037326333627631342 0.49849235233300609 -0.0099576301872730238 -0.0031333333333333326 0.0015732547314437158 0.47287603687391244 0.31733333333333341 -0.007100044982507824 12.142526574342709 0.27994070399895599
decision_type=8 8 2 2 2 2 2 2 10 2 2 2 2 2 2 10 2 2 10 2 2 2 2 2 2 2 2 8 8 2
left_child=1 4 12 5 16 10 29 11 19 -2 14 21 13 -3 -4 -5 18 -18 -1 -9 -8 -6 -11 24 -17 -25 27 -26 -22 -7
right_child=9 2 3 15 7 6 20 8 -10 22 -12 -13 -14 -15 -16 23 17 -19 -20 -21 28 -23 -24 25 26 -27 -28 -29 -30 -31
leaf_value=0.042492005896355982 -0.0058780814143240606 0.0035661027693841304 -0.020521402956207316 0.0078667925795788286 -0.0023346510382043031 0.0038034298565477118 -0.026774288383214762 0.059407638804349329 -0.031254049570287497 -0.044049119191965191 -0.064436008566257447 0.051611176890785274 -0.039550910031733513 0.029468396583592456 0.0058174032808119306 -0.010631159410961615 0.0224840447192141 -0.016289776248366413 0.0048768831540277856 0.0079162591714957743 0.014106426676225978 0.036188058520937275 -0.0034006818453478742 0.01276027283628069 0.049458106518592539 -0.018377114075585121 -0.0081823700992899925 0.001077368582323343 -0.012528605469179832 0.031964749179769589
leaf_weight=59.348995357751846 91.714366868138313 184.24546527862549 134.65838380157948 176.0513980537653 52.34306126832962 75.507227003574371 53.099521741271019 29.694491907954216 45.537261247634888 224.96032924950123 20.537768393754959 149.24314780533314 17.854579970240593 219.86599966883659 197.70715197920799 445.40020059049129 59.319694250822067 156.34359796345234 109.33042618632317 57.844905868172646 212.01301673054695 87.935709446668625 33.740169957280159 66.63976201415062 53.271772369742393 760.74504248797894 75.909697026014328 46.208019211888313 91.997748449444771 226.73999297618866
leaf_count=267 382 753 550 739 224 315 219 163 207 1133 104 800 93 1020 860 1883 241 638 450 257 924 420 139 270 246 3139 318 195 385 996
internal_value=-3.12648e-05 0.00269865 -0.000971752 -0.00356612 0.0166101 0.00495397 0.0120592 0.0273579 0.00600234 -0.0301447 -0.00832128 0.0371738 0.0152381 0.0176588 -0.0048538 -0.00887607 0.00479258 -0.00562477 0.0181116 0.0253828 0.00116614 0.0218138 -0.0387477 -0.0109115 -0.00430377 -0.0158692 0.0117646 0.0269854 0.00604631 0.0249295
internal_weight=4215.81 3865.39 3058.45 2636.49 806.941 1012.26 659.358 422.599 133.077 350.415 352.903 289.522 421.966 404.111 332.366 1624.23 384.343 215.663 168.679 87.5394 357.11 140.279 258.7 1448.17 620.79 827.385 175.389 99.4798 304.011 302.247
internal_count=18330 16676 13009 11143 3667 4353 2839 2071 627 1654 1514 1444 1866 1773 1410 6790 1596 879 717 420 1528 644 1272 6051 2642 3409 759 441 1309 1311
is_linear=0
shrinkage=0.05


Tree=21
num_leaves=31
num_cat=0
split_feature=4 24 2 19 0 3 7 13 7 12 19 5 3 7 23 2 7 7 24 15 2 7 24 3 24 17 24 24 21 15
split_gain=87.1038 60.4494 52.8374 46.6927 44.8416 61.1519 56.797 51.2542 46.4279 38.9543 31.6826 25.7905 25.4322 31.9288 25.1547 22.8454 21.8965 18.6637 22.5745 19.9894 18.3188 26.722 38.7059 19.9398 20.5019 18.396 18.154 22.5089 24.1339 18.3873
threshold=-1.8034777641296384 0.85066666666666679 0.023106193540001301 0.072919934988021864 0.50032626514232204 0.3706518482598436 -0.088093383842513209 -1.3705263733863828 -0.043885729424994788 0.47057055995475122 -0.035150675103068345 11.26287364959717 0.44202444723602691 -0.11637888416199782 -1.077922646583237 0.0050741615849129859 -0.0025200192196587127 -0.10064753939216479 0.54000000000000015 -0.31556308269500727 -0.001356398373957151 -0.018547169944277766 0.75866666666666671 0.35927348421992816 0.38266666666666677 0.59166666666666679 0.084000000000000005 0.26933333333333337 1.0805264115333559 -0.35092437267303461
decision_type=8 2 2 2 2 2 8 2 10 2 2 2 2 10 8 2 8 8 2 8 2 8 2 2 2 2 2 2 10 8
left_child=9 2 4 16 5 14 -6 -7 -9 10 -1 -4 -11 -14 -2 26 -3 18 19 -16 25 23 -23 24 -22 -19 -10 29 -29 -28
right_child=1 3 11 -5 6 7 -8 8 15 12 -12 -13 13 -15 17 -17 -18 20 -20 -21 21 22 -24 -25 -26 -27 27 28 -30 -31
leaf_value=0.020841666157782941 0.0033869259703697531 -0.043487566499267161 0.034408875788077282 0.02011615056844987 0.069900235778985062 0.030107484608663727 -0.045222716488347497 -0.0062366956837370648 -0.010004155509378294 0.033314897521073798 -0.0065303119286510107 -0.0023361963347753377 0.025456825567757458 -0.029741436602285759 0.0090729711470510701 -0.0069252714982908376 -0.012545474536626373 -0.01482797522196961 0.058731478124690754 -0.030439899693212022 0.013740824447591541 -0.024854667720279774 0.033020513228194534 0.058142904519806783 -0.028340175543476412 -0.039474806148127609 0.059219572760799657 0.024062606896682132 -0.0091067847594277912 0.016110924676752205
leaf_weight=172.50522135198116 255.93541938066483 172.99950864911079 144.9541767090559 48.691037207841873 11.921498507261274 174.65699444711208 105.75344981253147 808.9599761813879 50.177982732653618 291.29421050846577 273.05842614173889 71.213298767805099 72.063968732953072 41.162546411156654 90.962729245424271 115.39959289133549 85.401030629873276 152.34798859059811 15.512673214077948 49.386801570653915 87.500838577747345 298.41048400104046 31.985470846295357 16.505381375551224 43.25132828950882 150.49461491405964 61.56628979742527 187.14715187251568 77.569392517209053 41.349051713943481
leaf_count=767 1065 873 608 204 67 796 542 3454 206 1448 1129 292 350 194 375 470 349 622 67 202 369 1222 142 72 178 614 305 832 328 188
internal_value=-2.84494e-05 -0.00365557 -0.00152191 -0.024798 -0.00334387 -0.0020314 -0.0335598 0.00462876 0.0013132 0.0142655 0.00406707 0.0223037 0.0254986 0.00538996 -0.0105044 0.0127676 -0.0332612 -0.0143013 0.00149526 -0.00483099 -0.0174558 -0.0113565 -0.0192518 0.00635794 -0.000179091 -0.027076 0.0182067 0.0220572 0.014343 0.0418995
internal_weight=4200.14 3350.05 3042.96 307.092 2826.8 2709.12 117.675 1516.83 1342.17 850.084 445.564 216.167 404.521 113.227 1192.29 533.209 258.401 936.358 155.862 140.35 780.496 477.654 330.396 147.258 130.752 302.843 417.81 367.632 264.717 102.915
internal_count=18330 14442 13016 1426 12116 11507 609 6579 5783 3888 1896 900 1992 544 4928 2329 1222 3863 644 577 3219 1983 1364 619 547 1236 1859 1653 1160 493
is_linear=0
shrinkage=0.05


Tree=22
num_leaves=31
num_cat=0
split_feature=10 20 13 22 7 2 7 3 3 11 24 12 2 18 12 7 2 3 10 7 19 12 6 17 7 3 15 2 20 23
split_gain=118.023 72.8864 61.0266 38.5634 36.178 30.6161 30.4683 34.3408 28.4345 28.2312 30.3546 26.5089 25.6885 24.0506 20.1202 19.3197 26.8385 19.1518 20.7956 23.5236 21.0577 20.2208 18.4187 17.8722 17.8482 17.787 17.6224 17.5874 16.4685 15.7413
threshold=0.85913535276073627 0.88051944971084606 -1.2447778582572935 0.68780563316006804 -0.1231903452605187 0.0044780384361832537 -0.05024580683285975 0.33905686345198499 0.43252136641009647 -0.022705660920820016 0.042666666666666679 0.47464604637957547 -0.0081700218935227189 0.44748582667644404 0.45619039434484465 -0.052659012930524794 0.0045397367219856847 0.36111950953220801 0.67586600685192244 -0.043175964827936821 -0.0176128726452589 0.48991850918156421 0.49901315106060301 0.29166666666666669 0.055281033594532923 0.32427260755875426 -0.50145509839057911 0.0039409544616953512 0.05060634762048722 -0.29285052285267904
decision_type=8 2 2 2 8 2 8 2 2 2 2 2 2 2 2 8 2 2 10 10 2 2 2 2 8 2 8 2 2 10
left_child=1 2 4 5 22 11 8 -8 -6 10 23 26 -2 -12 -5 16 -7 25 19 20 28 -22 -1 -4 -20 -11 -3 -14 -19 -17
right_child=12 3 9 14 6 15 7 -9 -10 17 13 -13 27 -15 -16 29 -18 18 24 -21 21 -23 -24 -25 -26 -27 -28 -29 -30 -31
leaf_value=0.011211990940308177 -0.0055138515519559629 0.040367615238137394 0.025735437192793045 -0.031768380085111445 3.4628200978717939e-06 -0.040751854957648888 -0.013520338537838586 0.031031106677096038 -0.046675030983861832 -0.0091197826962378017 0.01533469231381355 0.050407133670843519 -0.041294546181964931 -0.0018735593158428696 0.00862284927407388 0.0065874121274996011 0.04679925703617175 -0.051539448430691526 -0.015425446499251842 0.020519510917324457 -0.02742745308886553 0.03017644083999655 0.039883768763857678 -0.029628409522252153 0.019972590255787064 -0.026690103945953975 0.004837838715672285 -0.00017878214074680131 0.0075075024377239848 -0.039053341396392591
leaf_weight=90.989887893199921 91.615607306361198 60.852269694209099 17.191585883498192 46.89248152077198 147.47085174918175 10.493653357028959 62.106827154755592 142.49156890809536 41.893086522817612 525.81834363937378 393.04554437100887 143.8569023758173 220.99223209917545 420.03187581896782 90.019419491291046 108.77096183598042 52.780918180942535 12.366248115897177 354.95548628270626 144.15444995462894 112.14052695035934 17.629758238792419 145.7148991972208 95.842944547533989 39.581343665719032 198.3841440975666 81.830538287758827 29.478416338562965 261.87130255997181 22.862792819738388
leaf_count=383 382 288 72 193 610 43 254 626 207 2146 1692 806 1149 1801 415 455 257 50 1506 603 460 80 774 395 164 809 362 123 1130 95
internal_value=-2.62773e-05 0.00247948 -0.000536702 0.0182036 0.0134127 0.0248622 0.00413013 0.0175073 -0.0103232 -0.00392945 0.00306986 0.0352613 -0.0281689 0.00644499 -0.00521119 0.00957436 0.0322795 -0.00781818 -0.00312072 0.00317954 -0.00300756 -0.0196018 0.0288623 -0.021208 -0.0118742 -0.0139329 0.0199908 -0.0364555 0.00484489 -0.0013397
internal_weight=4184.13 3842.04 3223.68 618.36 630.667 481.448 393.962 204.598 189.364 2593.01 926.112 286.54 342.086 813.077 136.912 194.908 63.2746 1666.9 942.699 548.162 404.008 129.77 236.705 113.035 394.537 724.202 142.683 250.471 274.238 131.634
internal_count=18330 16676 13762 2914 2854 2306 1697 880 817 10908 3960 1456 1654 3493 608 850 300 6948 3993 2323 1720 540 1157 467 1670 2955 650 1272 1180 550
is_linear=0
shrinkage=0.05


Tree=23
num_leaves=31
num_cat=0
split_feature=10 20 0 3 13 9 2 7 3 2 12 7 12 2 6 15 18 7 6 15 22 19 3 7 12 20 19 0 24 3
split_gain=107.834 66.5204 63.4578 67.0531 58.9484 40.7424 40.1943 29.4369 31.4136 29.2646 27.8232 24.9197 24.2633 24.0158 22.8786 22.3625 22.3076 21.455 19.6052 19.313 18.9175 18.8891 18.6541 18.0893 29.111 17.9267 17.052 16.1646 15.1324 17.4722
threshold=0.85913535276073627 0.88051944971084606 0.50021675471720795 0.36111950953220801 -1.2447778582572935 12.912761290383608 0.020210053577056419 -0.10064753939216479 0.32427260755875426 0.0044780384361832537 0.4668746086957723 0.093403902281994647 0.45903258944910458 -0.0081700218935227189 0.49868809318712037 -0.31556308269500727 0.38291869948215801 0.029202668887237833 0.49894470221804088 -0.39335466921329493 -1.3938576248556138 -0.079219911247491823 0.70476141381095891 0.033388128672727183 0.49231106094462146 0.5001385658979417 -0.0099576301872730238 0.49914596669689509 0.70666666666666678 0.43134851041028072
decision_type=8 2 2 2 2 8 2 8 2 2 2 10 2 2 2 8 2 8 2 10 2 2 2 8 2 2 2 2 2 2
left_child=1 2 3 6 14 9 7 15 20 10 19 17 -13 -2 21 25 22 -8 -12 -3 -9 -5 -6 24 -11 -1 -15 -22 29 -18
right_child=13 5 -4 4 16 -7 11 8 -10 23 18 12 -14 26 -16 -17 28 -19 -20 -21 27 -23 -24 -25 -26 -27 -28 -29 -30 -31
leaf_value=0.032830893399585573 -0.0052383055124661888 0.027752812082376996 -0.041688797475999989 -0.010476714908896075 0.015503006196800111 -0.0067411548321311106 0.0094562699714612272 0.040374379151392692 -0.030494833591543848 0.035800386796765019 -0.024898019777757893 -0.039239547534285407 0.021278217837077187 -0.0404611387468264 0.032275934671283195 -0.021462782803202657 0.0084687910704114699 0.050604497784741569 0.049320840675254517 -0.023444873616036227 -0.012996908057575324 0.025809493001764289 -0.026594701229388725 -0.0092262015600933622 -0.018426477710709838 -0.00077557989515694833 -0.0021985980914868714 0.032313627713622839 -0.014534611980494891 -0.0057185518690886462
leaf_weight=70.789717376232147 91.613103404641151 56.455019950866699 90.912971258163452 72.482638388872147 354.02842691540718 135.39944609999657 86.653290346264839 18.233490318059921 265.29786078631878 94.046791851520538 9.3605331182479841 37.741030007600784 29.514947861433029 212.66106548905373 264.44241045415401 61.43379570543766 416.26582892239094 49.93311507999897 179.9982395619154 27.340676292777061 547.04176552593708 70.992091745138168 28.427601307630539 76.439348965883255 33.589004307985306 90.301683068275452 33.738039374351501 20.418364465236664 189.08071513473988 453.3693915605545
leaf_count=297 382 250 463 294 1534 602 356 74 1085 432 40 154 121 1133 1321 251 1818 207 1014 116 2231 305 118 321 139 367 139 84 785 1897
internal_value=-2.36493e-05 0.00236554 -0.00050985 0.000687579 0.00677357 0.0174663 -0.00812243 -0.0119873 -0.0162212 0.0243345 0.0350366 0.0122317 -0.0126816 -0.0270954 0.0235538 0.00420408 0.00202399 0.0244992 0.045652 0.0110481 -0.00975577 0.0074779 0.0123739 0.0100097 0.0215299 0.0139924 -0.0352221 -0.0113665 -0.00171487 0.00107246
internal_weight=4168 3829.99 3217.36 3126.45 1849.09 612.629 1277.36 1073.52 850.991 477.23 273.154 203.842 67.256 338.012 407.917 222.525 1441.17 136.586 189.359 83.7957 585.694 143.475 382.456 204.075 127.636 161.091 246.399 567.46 1058.72 869.635
internal_count=18330 16676 13762 13299 8072 2914 5227 4389 3474 2312 1420 838 275 1654 1920 915 6152 563 1054 366 2389 599 1652 892 571 664 1272 2315 4500 3715
is_linear=0
shrinkage=0.05


Tree=24
num_leaves=31
num_cat=0
split_feature=10 4 18 24 6 9 17 3 7 3 3 5 7 23 1 16 0 7 24 7 7 5 23 9 22 5 7 14 3 0
split_gain=98.5619 62.7051 40.6352 37.7295 32.8432 30.7504 30.6741 30.0454 29.8525 25.8807 23.9898 23.0483 21.5295 21.2171 21.0977 23.2834 20.8446 20.0304 19.6997 19.5718 18.4843 17.8609 16.6966 16.5852 16.5815 16.1175 14.9329 15.4388 19.1111 14.8615
threshold=0.85913535276073627 -1.8034777641296384 0.45850024552544194 0.11866666666666668 0.49886237368523878 13.575151072693393 0.14166666666666669 0.44363314679747595 -0.11105511514057682 0.36217802303734964 0.38193210679228012 12.486227035522463 -0.05024580683285975 -0.63920287480289162 1.0000000180025095e-35 0.0021325249690562491 0.50033134758998987 -0.036983941691363743 0.22933333333333336 0.037874664233581178 -0.060414871543944634 11.157850265502931 -1.278529568398082 12.220118610469607 -0.17213650413733908 12.715577125549318 -0.043175964827936821 -0.0021317999999999997 0.53296527231575752 0.49928046020174388
decision_type=8 8 2 2 2 10 2 2 10 2 2 2 8 10 2 10 2 10 2 8 10 2 8 10 2 2 10 2 2 2
left_child=1 4 3 6 23 9 21 10 -9 12 -6 14 18 -2 -4 16 24 -11 20 -18 -5 -3 -17 29 -16 -14 -26 -28 -29 -1
right_child=13 2 11 5 7 -7 -8 8 -10 17 -12 -13 25 -15 15 22 19 -19 -20 -21 -22 -23 -24 -25 26 -27 27 28 -30 -31
leaf_value=0.014780802769491841 -0.0096035106724622378 0.032013235976976834 -0.014540569384557368 -0.014008628345110199 0.019385211176237142 -0.01044271343670897 -0.014782928182676734 0.021952415777743973 -0.028611224548380623 0.013108717050928587 0.048439129748703132 -0.028332697873706753 -0.0011802235644333518 -0.03571915855312837 0.01433541689982587 0.027195393504425659 -0.057064795062414513 0.033664474604090923 0.042638444429258029 0.020619696448713545 0.054701575267401541 -0.027267071994846511 -0.017319219464825116 -0.010214243708919699 -0.0077774176452963771 -0.060308463040025198 0.025235493676613603 -0.014331841921153289 0.038850010592484843 -0.04059034902736508
leaf_weight=229.00890389084816 123.32812345027924 62.927001670002937 405.91210341453552 44.276041612029076 144.96131719648838 152.35803088545799 319.13739278912544 84.855892598628998 44.498177886009216 291.44312001764774 139.34541167318821 111.82904472947121 248.28578935563564 210.54391041398048 288.73188875615597 22.951857686042786 26.274407207965851 199.72965776920319 57.785143062472343 11.726337984204291 12.566133156418799 15.921313792467116 256.25196015834808 131.46479062736034 297.90393590927124 12.086211472749708 89.756343305110931 80.667427763342857 21.367177352309227 12.795197263360022
leaf_count=969 567 307 1680 185 678 638 1342 421 207 1281 800 464 1021 1087 1284 99 154 909 256 50 57 70 1073 538 1267 50 400 335 87 54
internal_value=-2.13288e-05 0.00225746 -0.00100861 0.00517105 0.0148327 0.0102719 -0.00788324 0.0245359 0.00455838 0.0139156 0.0336252 -0.00643425 0.00402421 -0.0260724 -0.00480334 -0.00119587 0.00306661 0.0214675 0.0220803 -0.0330928 0.00118118 0.0200432 -0.0136599 0.00407953 0.00483182 -0.0039249 -0.000771655 0.0101102 -0.00319497 0.0118508
internal_weight=4150.69 3816.82 3029.89 1416.52 786.93 1018.53 397.986 413.661 129.354 866.172 284.307 1613.37 374.999 333.872 1501.54 1095.63 816.428 491.173 114.627 38.0007 56.8422 78.8483 279.204 373.269 778.427 260.372 489.695 191.791 102.035 241.804
internal_count=18330 16676 13009 6116 3667 4397 1719 2106 628 3759 1478 6893 1569 1654 6429 4749 3577 2190 498 204 242 377 1172 1561 3373 1071 2089 822 422 1023
is_linear=0
shrinkage=0.05


Tree=25
num_leaves=31
num_cat=0
split_feature=10 22 1 10 20 19 2 6 7 7 7 2 7 7 19 7 7 10 9 23 19 12 7 10 10 10 19 9 23 21
split_gain=75.2646 57.022 44.9994 39.6406 55.3112 50.2035 29.7507 28.2784 27.8152 27.6446 27.0847 25.9283 22.8575 25.3255 27.6342 21.552 21.5185 19.3869 18.7147 18.0895 17.5382 17.1164 16.5732 17.2126 21.1769 17.479 16.3015 16.1395 16.076 15.2133
threshold=0.85424836601307197 0.32573453079458464 1.0000000180025095e-35 0.70337248957938625 0.91581794619560253 -0.0021689768182113762 -0.0063488916158882898 0.49192475595465329 -0.11502460387587045 -0.1128549387135117 -0.0071518617746095759 0.027609916842034152 -0.0055235445932968813 -0.069414229769222999 0.00052866459009237598 0.061932603121564712 0.021741861158646712 0.74239631336405543 12.37132593096023 -0.85458323751426069 -0.1391445770859718 0.47437412862944783 -0.14289280503362806 0.69882963159994693 0.48863049095607242 0.56306818181818186 -0.059283785521984093 13.741037274738424 0.4816881151729886 1.1457972526550295
decision_type=8 2 2 10 2 2 2 2 8 8 8 2 8 10 2 8 10 10 8 10 2 2 8 10 10 10 2 8 10 10
left_child=1 2 11 6 5 17 8 -8 19 22 -2 12 13 -1 21 -12 20 -5 -7 -4 -10 -15 23 24 -3 -26 -21 -9 29 -11
right_child=10 9 3 4 -6 18 7 27 16 28 15 -13 -14 14 -16 -17 -18 -19 -20 26 -22 -23 -24 -25 25 -27 -28 -29 -30 -31
leaf_value=-0.012504530883154737 -0.036367362911752014 -0.030988914201246671 0.049945891366506262 -0.036097497744171217 0.036021533662549572 0.02646980708054052 -0.016664819308555102 0.027672328721851665 -0.054521643261450495 -0.010227007528664546 0.041822682735867596 0.038684401847973143 -0.024389361756101638 -0.022122793369072032 0.043993059461155608 -0.014623232863036104 0.044360965581878686 -0.0081364657665654247 -0.0026459748914258994 0.04571678819009297 -0.0035377562562891422 0.019526757168616283 0.0281051930222403 -0.01975505945651718 0.053788124012123795 0.009344365297321959 -0.0044401021440427686 -0.029252689024065606 -0.03121989788903444 0.0017006112310081587
leaf_weight=202.30393716692924 173.25043052434921 26.692028909921646 47.605827078223228 117.86089776456356 94.099716752767563 106.33699168264866 40.384777903556824 609.98787267506123 18.299034178256989 894.00425574183464 19.262993156909943 31.849179118871689 147.28599816560745 48.632201552391052 52.176388517022133 138.48400375247002 21.848422199487686 130.78163453936577 114.74595446884632 23.216824784874916 215.67011387646198 50.059808939695358 79.86623141169548 66.833175465464592 26.985521301627159 122.76020169258118 53.597650080919266 12.711047768592833 70.303717106580734 381.3805018812418
leaf_count=818 965 114 239 547 507 467 166 2922 75 3765 82 136 611 197 227 604 90 557 480 124 895 204 367 274 136 560 232 53 293 1643
internal_value=0.000149867 0.00213757 0.00754114 0.0117144 0.00103248 -0.00597685 0.0174871 0.0238808 0.00633727 -0.00478987 -0.0227196 -0.0050588 -0.00784262 -0.000942008 0.0145625 -0.00773044 -0.00309386 -0.0213905 0.0113582 0.0257284 -0.00752527 -0.000996782 0.00834266 0.00185458 0.0100401 0.0173535 0.0107196 0.0265103 -0.00794336 -0.00666027
internal_weight=4139.28 3808.28 2139.45 1607.15 563.825 469.725 1043.32 663.084 380.238 1668.83 330.997 532.308 500.458 353.172 150.868 157.747 255.818 248.643 221.083 124.42 233.969 98.692 323.137 243.271 176.438 149.746 76.8145 622.699 1345.69 1275.38
internal_count=18350 16699 9547 7354 2558 2051 4796 3141 1655 7152 1651 2193 2057 1446 628 686 1060 1104 947 595 970 401 1451 1084 810 696 356 2975 5701 5408
is_linear=0
shrinkage=0.05


Tree=26
num_leaves=31
num_cat=0
split_feature=4 19 19 1 11 7 2 7 7 15 6 16 15 9 0 2 5 2 15 13 0 0 8 17 0 6 8 21 24 9
split_gain=77.8964 53.277 64.3659 52.2735 50.5035 33.9976 31.8493 29.7211 28.9483 28.3221 24.1452 22.2637 21.3727 22.9855 20.2322 23.1645 19.9524 19.8274 18.5138 18.1864 17.2779 20.462 17.0948 17.0885 16.5471 24.6423 16.1729 16.0008 15.182 19.9541
threshold=-1.8360352516174314 -0.11046007275581358 -0.17630633711814878 1.0000000180025095e-35 -0.022705660920820016 -0.081671181760757772 0.027609916842034152 -0.20354226209396539 0.033388128672727183 -0.54656994342803944 0.49886492475778194 0.0025191348977386956 -0.49575279653072352 12.220118610469607 0.50027094060046007 -0.0058863505902810335 9.2802991867065447 -0.0063488916158882898 -0.29376336932182306 -1.162054657936096 0.49831838353674868 0.49668139968576092 0.70367962121963512 0.87500000000000011 0.47461603633560756 0.49540247418438443 -0.69146439433097828 0.62785613536834728 0.15200000000000002 13.575151072693393
decision_type=8 2 2 2 2 10 2 10 8 10 2 10 8 8 2 2 2 2 10 2 2 2 10 2 2 2 10 8 2 10
left_child=5 2 9 6 12 10 8 -4 16 -2 24 28 -5 17 15 26 -3 19 23 -14 21 -12 27 -9 -1 -26 -7 -18 -6 -30
right_child=1 3 7 4 11 14 -8 18 -10 -11 20 -13 13 -15 -16 -17 22 -19 -20 -21 -22 -23 -24 -25 25 -27 -28 -29 29 -31
leaf_value=-0.034993325018599607 0.02762811186895188 0.018798826041100346 0.022322209792034989 0.026712127778077535 -0.0082304738971250967 0.03860569641867917 0.029413594421508506 -0.035500667702522269 -0.03121750284490506 -0.0201480396206879 0.042442170273201164 -0.014477704840196857 0.037863945341270008 -0.0084532343057475076 -0.046154578458575304 0.017044806758627146 0.015810845279109472 0.021069093148800972 0.026330732265353374 -0.017928114070989137 0.039025815273579345 -0.0077309369984985615 0.031605921951641629 0.010365152355100653 0.046885243227391397 0.004691852663618822 -0.020920024900920087 -0.016483201780874267 0.0096606088545633153 -0.012773536545444723
leaf_weight=19.126045286655426 94.45786327123642 60.928604736924171 28.267544522881508 231.63981591165066 286.84958681464195 12.991307884454725 45.068191483616829 353.36174872517586 181.36413085460663 46.188400372862816 33.757132932543755 288.908342435956 18.555594772100449 145.09256593883038 21.884838595986366 144.19421976804733 42.161399737000465 296.64339739084244 13.691034555435179 68.628273367881775 207.43345062434673 51.055282041430473 21.924683749675751 21.546249642968178 43.877043858170509 163.74716401100159 93.797225311398506 425.00650338828564 540.00144186615944 121.40139462053776
leaf_count=78 438 250 123 1074 1231 53 193 1781 778 191 171 1198 78 622 125 631 172 1379 56 283 1187 217 90 101 193 694 383 1735 2338 507
internal_value=0.000144247 -0.00320607 -0.0173102 -0.000371625 0.0039073 0.0142404 -0.0113808 -0.0271784 -0.0138945 0.0119384 0.0217525 -0.00232599 0.0140466 0.00849981 -4.77326e-05 0.00397263 -0.00818246 0.0149083 -0.0307792 -0.00605373 0.031252 0.012239 -0.0115436 -0.0328647 0.00950905 0.0136085 -0.0136785 -0.0135687 0.00137633 0.00554279
internal_weight=4123.55 3331.69 557.513 2774.17 1997.72 791.864 776.454 416.867 731.385 140.646 518.996 1237.16 760.56 528.92 272.868 250.983 550.021 383.827 388.599 87.1839 292.246 84.8124 489.093 374.908 226.75 207.624 106.789 467.168 948.252 661.403
internal_count=18350 14618 2690 11928 8710 3732 3218 2061 3025 629 2540 5274 3436 2362 1192 1067 2247 1740 1938 361 1575 388 1997 1882 965 887 436 1907 4076 2845
is_linear=0
shrinkage=0.05


Tree=27
num_leaves=31
num_cat=0
split_feature=4 10 22 7 1 19 16 19 12 19 19 7 19 24 24 7 23 24 15 8 5 15 7 24 8 6 15 14 20 10
split_gain=70.8199 54.9047 43.451 31.1139 30.527 26.7582 29.7649 29.2498 23.7577 27.5376 18.444 18.0921 19.2889 17.7574 22.2302 16.9203 18.4427 16.7917 18.3332 16.3267 17.2147 15.6289 15.582 26.581 15.2375 14.9408 14.7907 14.3703 13.8772 13.8274
threshold=-1.8360352516174314 0.85424836601307197 0.32573453079458464 -0.081671181760757772 1.0000000180025095e-35 -0.11046007275581358 0.003401835099793971 -0.18124802410602567 0.49103841401774689 -0.1530802175402641 -0.065226729959249483 0.061932603121564712 -0.035150675103068345 0.11200000000000002 0.36800000000000005 -0.069414229769222999 -1.4043492521874741 0.54000000000000015 -0.87326312065124501 -0.22785007953643796 11.280124187469484 -0.58284237980842579 -0.10064753939216479 0.16400000000000001 -0.16771859675645825 0.48980813928368294 -0.71173748373985279 -0.0032924999999999999 0.70373594760894786 0.41588050314465413
decision_type=8 8 2 10 2 2 10 2 2 2 2 8 2 2 2 10 10 2 10 10 2 8 8 2 10 2 8 2 2 8
left_child=3 2 4 8 15 7 22 -6 9 -1 -3 -12 -13 -9 -15 24 -17 18 -5 -4 -21 -22 -7 28 -2 -25 -11 -26 -24 -28
right_child=1 10 19 17 5 6 -8 13 -10 26 11 12 -14 14 -16 16 -18 -19 -20 20 21 -23 23 25 27 -27 29 -29 -30 -31
leaf_value=0.057575214800399024 -0.026898335475424525 -0.034080641826017541 -0.015007242521729037 0.048409774069217551 0.024024321804047188 0.028336693679099797 -0.0084943122677955795 -0.048261530897611128 0.039201819209693456 -0.012277502100276194 0.027400140336807557 0.024013983962331873 -0.03472562434623578 0.044930820248366719 -0.017792158853999825 0.042128114564366714 -0.0030662806498424396 0.030605083325975991 -0.0087547436676491865 0.0054077780688072154 0.0087877927046657103 -0.014350006967545959 0.0060663352639743536 -0.005035016607758235 0.026897574613631611 0.020144971312054158 0.040952027186929862 -0.02293893291884801 -0.021234748498894163 0.01044405377017698
leaf_weight=33.920266032218933 141.66445195674896 176.54965396225452 512.56395508348942 14.987871468067167 52.936051115393639 168.2329183369875 164.76382525265217 38.847893804311752 131.4985672980547 59.680348485708237 27.363885760307312 18.603536084294319 56.187680199742317 16.284521505236626 106.58948843181133 25.062560558319092 227.27529235184193 38.37269626557827 218.48755930364132 318.88963083922863 91.188100010156631 365.58129787445068 123.68388192355633 66.977531433105469 30.825744137167931 489.1974906027317 43.766772925853729 27.252956315875053 74.632085248827934 245.33694635331631
leaf_count=211 587 1015 2168 65 253 820 697 220 799 254 115 78 236 81 437 106 941 173 954 1356 396 1519 527 281 127 2225 216 113 320 1060
internal_value=0.000138367 -0.00305578 -0.00111002 0.013634 0.00401047 0.00789687 0.0110813 -0.00823583 0.020867 0.0145671 -0.0242965 -0.00738713 -0.0201148 -0.0187955 -0.00947947 -0.00718368 0.00142249 -4.72453e-05 -0.00508509 -0.00808279 -0.00350704 -0.00973084 0.0145767 0.0115086 -0.018056 0.0171127 0.0103844 0.0035122 -0.00420786 0.0150626
internal_weight=4107.21 3321.15 3042.45 786.051 1754.23 1302.15 1087.49 214.658 514.203 382.704 278.705 102.155 74.7912 161.722 122.874 452.081 252.338 271.848 233.475 1288.22 775.659 456.769 922.724 754.491 199.743 556.175 348.784 58.0787 198.316 289.104
internal_count=18350 14618 13174 3732 7735 5861 4870 991 2540 1741 1444 429 314 738 518 1874 1047 1192 1019 5439 3271 1915 4173 3353 827 2506 1530 240 847 1276
is_linear=0
shrinkage=0.05


Tree=28
num_leaves=31
num_cat=0
split_feature=4 10 18 9 24 7 6 3 3 14 2 7 7 2 7 22 23 10 23 24 6 7 24 15 9 3 15 10 4 6
split_gain=64.3425 50.2857 49.7615 29.9774 33.0471 28.4942 21.628 23.5041 20.3818 19.0365 20.771 21.5921 25.9332 20.1042 19.7214 18.2091 17.5194 18.2737 16.9667 16.7405 16.6797 16.5645 16.1181 16.4851 14.6329 14.3035 15.8964 14.146 14.0029 13.5131
threshold=-1.8360352516174314 0.85424836601307197 0.4631869714314818 13.575151072693393 0.54000000000000015 -0.081671181760757772 0.49886492475778194 0.45038342343016075 0.53234376721104393 -0.001480941666666666 0.0015732547314437158 -0.087863242316536916 -0.063826741693587069 0.0084477243169537829 0.0080827360103259017 0.16682653443122344 -0.54740423396492555 0.95372596153846168 -0.11847278131960735 0.37066666666666676 0.49548516292865891 0.055281033594532923 0.13333333333333336 -0.87326312065124501 12.695048947864064 0.45630883320318066 -0.42485570907592768 0.4905119942713928 -1.3730368018150327 0.49540247418438443
decision_type=8 8 2 10 2 10 2 2 2 2 2 10 10 2 8 2 10 8 10 2 2 10 2 10 10 2 10 10 10 2
left_child=5 2 3 4 9 6 29 -8 24 10 11 27 -13 14 -12 -4 17 -3 28 -14 -19 -20 23 -7 -6 -9 -27 -2 -17 -1
right_child=1 16 15 -5 8 22 7 25 -10 -11 13 12 19 -15 -16 18 -18 20 21 -21 -22 -23 -24 -25 -26 26 -28 -29 -30 -31
leaf_value=0.029847148834859012 -0.024256132566245099 0.02409387498072069 -0.0015465825685584316 -0.012598977143135735 0.022460549840362536 0.056422040380350924 0.038206451502769599 -0.016552318611291139 0.044781639891209472 -0.012583963392333695 0.039124195402282978 -0.036530014303369364 0.0091017965014383046 0.0040239163142176083 -0.020910337153371688 0.0033686441882027555 -0.033365839296228737 0.029480754712626036 -0.031655124873684035 -0.038528729438612346 -0.032194708283126559 0.0045097676597223788 0.0115872457078174 -0.017408105665127963 0.0014672888671578804 0.046544082867497942 -0.018927593462635513 0.015247649786391305 -0.013076115618775613 0.0014649612970661198
leaf_weight=55.659783199429512 25.784114316105843 32.047047510743141 739.19988070428371 196.86260528862476 231.59130102396011 8.0631482601165754 203.91653810441494 37.023842751979828 67.976867154240608 165.49723699688911 110.69902378320694 71.604090660810471 107.70545794069767 136.45052041113377 15.608520984649656 183.57272286713123 169.1280287951231 13.371132597327231 166.72798871994019 22.260121241211891 60.851843819022179 39.084811478853226 142.01495076715946 121.34468397498131 129.37663942575455 29.353870049118996 13.55108757317066 187.1468031257391 439.06971859931946 170.10400281846523
leaf_count=244 112 146 3275 826 1017 36 1197 158 326 687 530 312 458 562 65 790 946 55 701 92 297 163 621 535 555 154 66 865 1838 721
internal_value=0.000133019 -0.00291159 -0.00105598 0.00555749 0.00836815 0.0130423 0.0200121 0.0291985 0.019666 0.00261781 0.00633256 -0.000639115 -0.0123681 0.0173304 0.0317054 -0.0072514 -0.0233694 -0.00746004 -0.0123416 0.00094378 -0.021084 -0.0247872 -4.37682e-05 -0.0128079 0.0149362 0.00621715 0.0258655 0.0104641 -0.00822773 0.0084623
internal_weight=4092.65 3311.62 3036.22 1468.56 1271.7 781.032 509.609 283.845 428.945 842.756 677.259 414.501 201.57 262.758 126.308 1567.66 275.398 106.27 828.455 129.966 74.223 205.813 271.423 129.408 360.968 79.9288 42.905 212.931 622.642 225.764
internal_count=18350 14618 13174 6407 5581 3732 2540 1575 1898 3683 2996 1839 862 1157 595 6767 1444 498 3492 550 352 864 1192 571 1572 378 220 977 2628 965
is_linear=0
shrinkage=0.05


Tree=29
num_leaves=31
num_cat=0
split_feature=4 10 18 9 2 7 12 19 1 10 9 20 19 0 9 0 2 10 2 3 13 2 12 19 15 23 4 21 0 10
split_gain=58.4388 46.5231 45.9653 26.8265 26.2936 26.0717 21.6669 25.9402 19.8405 21.4385 24.6549 19.5393 19.4673 19.424 18.4626 18.1969 19.6954 18.1848 18.0706 16.6864 16.6755 16.1231 15.8576 14.8277 18.829 15.2521 14.8053 14.5174 14.2709 15.5444
threshold=-1.8360352516174314 0.85424836601307197 0.46140122872012007 13.575151072693393 -0.0018256598956432472 -0.081671181760757772 0.49103841401774689 -0.1530802175402641 1.0000000180025095e-35 0.66996876829982444 12.263047753191918 0.9761711359024049 -0.0083832023665308935 0.50033134758998987 12.54917043310677 0.50027094060046007 -0.0058863505902810335 0.56809750927397995 0.027609916842034152 0.34418354928770856 -1.1889867782592771 -0.0026783725155658852 0.49745122791352847 -0.086596656590700136 -0.55733197927474964 0.51454917180238235 -1.1273482441902158 1.5593459010124209 0.4755624202970094 0.41588050314465413
decision_type=8 10 2 10 2 10 2 2 2 8 8 2 2 2 10 2 2 10 2 2 2 2 2 2 10 8 10 10 2 8
left_child=5 2 3 4 -2 6 7 -1 18 17 13 14 -3 21 -6 16 -7 20 -4 -18 -10 26 -22 24 -19 -25 -11 -8 -9 -30
right_child=1 12 8 -5 11 15 27 28 9 10 -12 -13 -14 -15 -16 -17 19 23 -20 -21 22 -23 -24 25 -26 -27 -28 -29 29 -31
leaf_value=0.056184839672614631 -0.0025440210558375785 -0.032967580551648522 -0.018482872268881886 -0.012038048387061897 0.016852431247129342 -0.012564261675465108 0.041498717910256853 -0.033579931665813544 0.025061051418602029 0.00064444694679825125 -0.021223402411252389 0.046873202381111576 0.010690355799023863 -0.046785219992015965 0.0011803848039063439 -0.044563606653134406 -0.00045822924115898655 0.01337796501293927 0.030283368675847435 0.033702526739191482 -0.012475566118607055 0.012943972871153467 0.025871992603678003 0.021867032566616759 -0.046779764389130993 -0.030639571770574511 -0.036228295296270335 -0.02820874337231577 0.039475932966151914 0.0073724637768373654
leaf_weight=32.124012768268585 410.71376264095306 167.32956004142761 410.64036972820759 195.81342077255249 518.35245405137539 106.41470231115818 118.48546057939529 18.441361084580421 41.299896836280823 87.747609257698059 282.5827913582325 40.217599883675575 30.132023096084595 21.420277789235115 294.79961548745632 21.157704696059227 74.96636113524437 32.106820866465569 19.917902112007141 68.33186736702919 278.88722898066044 163.38101476430893 29.843832686543465 202.72347173094749 21.86529928445816 14.843339979648588 39.468972533941269 7.9716495126485816 43.460607290267944 284.76907210052013
leaf_count=211 1729 1005 1717 821 2353 436 756 75 183 364 1192 210 124 137 1275 125 313 152 85 318 1163 739 156 896 90 66 161 43 220 1235
internal_value=0.000127877 -0.00277226 -0.00127646 0.00518292 0.00785054 0.0124743 0.0191842 0.0132017 -0.00700297 -0.00373744 -0.0105248 0.0128533 -0.0263055 -0.000835522 0.0111707 -4.16471e-05 0.00373061 0.00275544 -0.0162269 0.0158314 -0.00477711 0.00255148 -0.00876866 0.0124654 -0.0109933 0.0182848 -0.0107953 0.0371045 0.00921865 0.0116233
internal_weight=4080.21 3304.09 3106.63 1459.9 1264.08 776.123 505.252 378.795 1646.73 1216.17 594.601 853.37 197.462 312.018 813.152 270.871 249.713 621.57 430.558 143.298 350.031 290.598 308.731 271.539 53.9721 217.567 127.217 126.457 346.671 328.23
internal_count=18350 14618 13489 6388 5567 3732 2540 1741 7101 5299 2593 3838 1129 1401 3628 1192 1067 2706 1802 631 1502 1264 1319 1204 242 962 525 799 1530 1455
is_linear=0
shrinkage=0.05


Tree=30
num_leaves=31
num_cat=0
split_feature=5 20 0 12 12 12 6 10 19 10 19 19 21 20 16 10 10 23 15 6 0 6 19 1 19 10 23 20 20 19
split_gain=55.5381 41.3021 59.1725 48.4696 40.4702 30.3335 30.9486 26.5305 34.3842 25.912 25.1923 39.4475 30.6984 24.3326 21.8535 21.6488 26.2276 20.8238 20.4793 18.8197 21.4737 23.4053 18.443 17.184 16.686 16.1639 16.0193 19.9538 15.3466 18.4809
threshold=11.569861412048342 0.88051944971084606 0.50032626514232204 0.49103841401774689 0.49558554398569826 0.49750569785503501 0.49975891637443709 0.57947368421052647 -0.015124143101274965 0.6039701257861636 -0.036005364730954163 -0.046907331794500344 0.63538700342178356 0.96666240692138683 0.00098056497517973206 0.23132664437012265 0.4777667984189724 -0.35312647032682637 -0.48999500274658198 0.49916943292412047 0.49429805326605486 0.49685863529907109 0.081134069710969939 1.5000000000000002 -0.066363848745822893 0.76818783068783081 -1.2899266762612986 0.58564308285713207 0.02691743336617947 -0.17630633711814878
decision_type=2 2 2 2 2 2 2 10 2 8 2 2 10 2 8 8 10 8 10 2 2 2 2 2 2 10 10 2 2 2
left_child=1 2 3 10 -5 6 14 18 -9 23 11 28 -12 17 -3 -14 19 -11 -8 20 -17 -22 26 -2 -4 -6 27 -18 -1 -30
right_child=9 5 24 4 25 -7 7 8 -10 13 12 -13 15 -15 -16 16 22 -19 -20 -21 21 -23 -24 -25 -26 -27 -28 -29 29 -31
leaf_value=-0.043070650544803413 0.01078649216748436 0.028718223199956899 -0.04410095481639964 0.034819631586254542 0.0082523880410153867 0.045794402652549963 0.025989851321858222 -0.025231857906193755 0.036180934076874623 -0.0067532893371373762 0.013580914570174775 0.029392987996669607 0.056810574065747937 0.017950001428744301 -0.0045199894394990416 -0.029604651715073496 0.03780748483718406 -0.024472969282259064 -0.048622047028914706 -0.049446024817452743 0.056015717379600399 -0.020464662616097376 0.035373509906494335 -0.026784037021648679 0.021091316072527372 -0.036418746905879269 -0.0098609494433028484 -0.0063163050766713164 0.035532189981375528 -0.00022463210456857006
leaf_weight=19.516515135765076 184.33718837797642 215.54433940351009 89.226480215787888 186.78165578842163 255.08572213351727 74.619724623858929 11.492925792932509 40.296455979347229 52.468507662415504 275.70005689561367 179.23899073898792 145.41994012892246 12.425508111715315 52.334964260458946 64.176031023263931 86.58402219414711 41.84583668410778 415.94367425143719 46.034771904349327 60.581893250346184 18.464132115244865 21.831378310918808 26.272106200456619 36.453440293669701 11.028355881571768 21.99650527536869 722.45559041202068 66.088709875941277 38.469727262854576 595.77030271291733
leaf_count=94 796 1093 558 1000 1171 497 50 167 243 1166 745 616 59 254 288 358 173 1969 193 268 87 96 113 155 49 90 2974 271 195 2582
internal_value=1.96833e-05 0.0032767 0.000735184 0.00224632 0.0168318 0.0163666 0.0112601 -0.0070396 0.00950364 -0.0104583 -0.00107838 0.00583954 -0.00555216 -0.0149223 0.0210924 -0.00879801 -0.00957878 -0.0174096 -0.033716 -0.0265191 -0.0155721 0.01458 -0.00587176 0.00458344 -0.0369296 0.00470612 -0.00717669 0.0107903 0.00060037 0.00194419
internal_weight=4068.49 3103.72 2599.08 2498.83 463.864 504.633 430.013 150.293 92.765 964.769 2034.96 799.176 1235.79 743.979 279.72 1056.55 1044.12 691.644 57.5277 187.461 126.88 40.2955 856.662 220.791 100.255 277.082 830.39 107.935 653.757 634.24
internal_count=18370 14030 11499 10892 2261 2531 2034 653 410 4340 8631 3487 5144 3389 1381 4399 4340 3135 243 809 541 183 3531 951 607 1261 3418 444 2871 2777
is_linear=0
shrinkage=0.05


Tree=31
num_leaves=31
num_cat=0
split_feature=5 7 6 20 0 12 6 7 17 19 19 13 19 15 23 14 14 21 19 20 6 12 0 6 7 9 14 1 2 2
split_gain=50.2819 38.9572 46.8404 43.6099 45.9406 34.224 35.7821 29.4718 22.0496 26.7473 21.4843 20.5177 20.1749 22.7983 22.5096 20.1612 19.9968 19.4652 18.9136 31.5271 18.3937 18.212 18.5394 15.8843 15.7676 15.3026 14.9365 14.6219 14.5258 20.7309
threshold=11.569861412048342 -0.1128549387135117 0.49900099800399206 0.88051944971084606 0.50032626514232204 0.49750569785503501 0.49975891637443709 -0.048121826238148042 0.39166666666666677 -0.1391445770859718 0.034566627815365798 0.14507855474948886 -0.17630633711814878 -0.58442836999893177 -0.28542285719294808 0.00016333333333333174 -0.0040574999999999995 1.180184602737427 -0.073731154203414903 0.70448464155197155 0.49990358657925188 0.47437412862944783 0.49845320935880116 0.49450717068166739 -0.20354226209396539 11.044935168144988 -0.004709999999999998 1.0000000180025095e-35 -0.0031798574673828068 -0.0022620779391662217
decision_type=2 8 2 2 2 2 2 10 2 2 2 2 2 8 8 2 2 10 2 2 2 2 2 2 8 10 2 2 2 2
left_child=1 2 -1 4 7 6 16 8 9 -3 12 -12 13 -2 -14 20 -5 25 -4 -20 21 27 -23 -11 -16 -8 -24 -9 -10 -30
right_child=10 3 18 5 -6 -7 17 15 28 23 11 -13 14 -15 24 -17 -18 -19 19 -21 -22 22 26 -25 -26 -27 -28 -29 29 -31
leaf_value=0.0008619034713883483 0.037045571868588915 -0.036947780483871429 0.052455210318398865 0.043069021899770965 -0.036314772201666214 0.046151482086421315 0.040861540109714045 -0.0077411234237488918 -0.017632493508196911 0.028849266739126252 0.013463644951285473 -0.028062567588207979 -0.0064697161677281017 -0.013785713350011329 0.027848533696947904 -0.014244029951429371 0.011189042957483811 -0.041911231089678008 0.0032707638037743564 0.039577413661024428 -0.040726015184513444 0.037129945752217855 0.027623946983098335 0.0018153130045206031 -0.026668423620288362 -0.0096959411952276756 -0.0028917019594414768 0.010586266430540153 0.054864404097898924 -0.0060455571019020372
leaf_weight=315.93375487625599 39.565906703472137 38.257569491863251 64.234094806015491 66.227505281567574 97.766169741749763 70.620674833655357 18.371040925383568 171.3386622518301 438.97772695124149 67.599317848682404 150.17727747559547 37.092561900615692 306.55640016496181 49.852381378412247 13.762504160404204 110.98676699399948 191.18683657050133 39.296960189938545 116.53776383399963 122.79901486635208 18.451117739081383 101.11720606684685 69.150107756257057 276.93777346611023 365.43556299805641 80.774759620428085 95.452444568276405 298.29338647425175 14.984888568520544 206.15707029402256
leaf_count=1341 192 157 409 377 606 487 82 705 1840 280 661 156 1308 210 57 453 904 165 533 707 75 423 323 1193 1756 345 406 1258 73 888
internal_value=1.98431e-05 0.00312688 0.0143388 0.000317011 -0.00288594 0.0140871 0.00836678 -0.00117277 -0.0068319 0.00271526 -0.00996023 0.00523854 -0.013632 0.00870617 -0.0165448 0.00565198 0.0193911 -0.0121314 0.0283645 0.021899 0.00858139 0.00981859 0.0202795 0.00711946 -0.0246898 -0.000327985 0.00992803 0.00389978 -0.0123682 -0.00191821
internal_weight=4053.9 3091.45 619.505 2471.95 2005.47 466.478 395.857 1907.7 1042.91 382.795 962.443 187.27 775.173 89.4183 685.754 864.79 257.414 138.443 303.571 239.337 753.803 735.352 265.72 344.537 379.198 99.1458 164.603 469.632 660.12 221.142
internal_count=18370 14030 2990 11040 8680 2360 1873 8074 4431 1630 4340 817 3523 402 3121 3643 1281 592 1649 1240 3190 3115 1152 1473 1813 427 729 1963 2801 961
is_linear=0
shrinkage=0.05


Tree=32
num_leaves=31
num_cat=0
split_feature=5 7 24 19 6 24 1 10 7 12 10 19 13 16 10 20 20 7 24 23 14 10 10 15 12 12 14 21 24 20
split_gain=45.5493 35.4833 47.6873 47.3157 43.3056 32.1527 31.0361 25.9321 25.3173 25.9182 23.1405 25.8168 22.003 21.9019 21.4121 25.1956 31.2563 19.7163 19.6105 27.74 20.4076 19.3615 22.9388 19.2715 18.4192 20.4328 19.1559 17.1874 16.25 16.0241
threshold=11.569861412048342 -0.1128549387135117 0.14800000000000005 -0.090462651103734956 0.49900099800399206 0.85066666666666679 1.0000000180025095e-35 0.67752546689303916 -0.095372120756067949 0.46279647565482507 0.66996876829982444 -0.0099959853105247003 -0.35497562587261194 -0.012788311112672089 0.75474400286430365 0.96777746081352245 0.88308528065681469 -0.010536234013132471 0.46666666666666673 -0.10981987099080578 -0.0021317999999999997 0.46027742749054229 0.7071068124474349 -0.58442836999893177 0.47385369868552701 0.4934939753036392 -0.001386666666666666 1.1171697974205019 0.06533333333333334 0.17738069593906405
decision_type=2 8 2 2 2 2 2 8 8 2 10 2 2 10 8 2 2 8 2 8 2 10 10 8 2 2 2 8 2 2
left_child=1 4 3 28 21 18 7 -4 -8 13 -6 -12 24 -10 15 16 -11 27 19 20 -2 -1 -23 -20 29 26 -26 -9 -3 -5
right_child=5 2 6 12 10 -7 8 17 9 14 11 -13 -14 -15 -16 -17 -18 -19 23 -21 -22 22 -24 -25 25 -27 -28 -29 -30 -31
leaf_value=-0.040409755312718315 0.0084169919117978668 -0.0010987839765068802 -0.015496708303492986 0.015463511591346873 0.048138773019374345 -0.028325616180548793 -0.016971207266600129 0.047381345662014351 0.025372623967270871 0.0088587384828864493 -0.00055711800915312596 0.03484344784083953 -0.026132420377572404 -0.00061130194171243846 0.038666606691981492 -0.036987667506832606 0.040093593577231523 -0.0065298128795282214 0.014783622617276879 -0.034541779031881069 -0.021782094055791082 0.015283494710334395 -0.013876063451833565 -0.0066664943013080473 0.023181566427933852 -0.018971903653937115 -0.03345797641364489 -0.018227498698722058 -0.045157161156426623 -0.011488099386702241
leaf_weight=26.121644541621208 134.7694326043129 26.009585872292519 268.78301213681698 65.76692421734333 92.562657952308655 183.29868553578854 84.382221758365631 46.018664360046387 98.158895626664162 308.28715813159943 97.960816979408264 108.59342008829117 98.637625113129616 466.60360838472843 111.94452068209648 22.817224055528641 108.20602528005838 66.997976213693619 175.67270512878895 111.03319297730923 95.645218297839165 182.97374866902828 106.8184402436018 259.22828459739685 166.52609270811081 46.63392698764801 16.398067191243172 12.74727603793144 107.12985049188137 341.62333790957928
leaf_count=108 575 108 1142 269 561 1014 358 193 439 1358 443 645 407 1951 626 97 684 281 777 476 393 783 450 1105 727 208 71 53 619 1449
internal_value=2.08814e-05 0.00298558 0.000303607 -0.00912205 0.013729 -0.00949036 0.00543752 -0.00672838 0.0094362 0.0114329 0.027364 0.0180543 -0.00415764 0.00390485 0.0191453 0.014171 0.0169736 0.0120113 -0.00504329 -0.0140118 -0.00411866 0.000818861 0.00453518 0.00199801 -0.00075463 0.0105723 0.0181042 0.0331497 -0.0365501 -0.00713717
internal_weight=4038.35 3078.7 2463.67 868.725 615.031 959.648 1594.95 394.547 1200.4 1116.02 299.117 206.554 735.586 564.763 551.255 439.31 416.493 125.764 776.349 341.448 230.415 315.914 289.792 434.901 636.948 229.558 182.924 58.7659 133.139 407.39
internal_count=18370 14030 11040 3858 2990 4340 7182 1669 5513 5155 1649 1088 3131 2390 2765 2139 2042 527 3326 1444 968 1341 1233 1882 2724 1006 798 246 727 1718
is_linear=0
shrinkage=0.05


Tree=33
num_leaves=31
num_cat=0
split_feature=5 7 19 12 6 7 1 20 20 12 20 7 12 19 20 0 3 21 0 4 12 7 21 20 4 8 3 15 6 5
split_gain=41.3353 38.9284 38.6634 38.9333 37.6242 35.722 27.7894 26.4724 34.0583 23.8226 23.3577 23.129 21.2104 21.0028 26.1081 19.7333 20.1323 20.3935 19.6239 18.6382 17.9023 17.5077 17.2522 18.651 16.962 16.7706 16.2459 16.1352 16.0103 15.7522
threshold=11.280124187469484 -0.1128549387135117 -0.11046007275581358 0.48825831202916664 0.49900099800399206 -0.015283869221660008 1.5000000000000002 0.97097191214561474 0.89394801855087291 0.48433909900606692 0.96666240692138683 -0.054042266992466712 0.46073803201074909 -0.067268844693899141 0.70448464155197155 0.49888059639151061 0.43134851041028072 1.2074161767959597 0.49556377581237415 -1.0228226780891416 0.49702874112747913 0.014553479024271966 1.7378847599029543 0.66178312897682201 -0.1173248030245304 -0.22471144795417783 0.36695315478123375 -0.38386531174182886 0.49784634985355208 13.283571720123293
decision_type=2 8 2 2 2 8 2 2 2 2 2 10 2 2 2 2 2 10 2 10 2 10 8 2 10 8 2 10 2 2
left_child=1 4 5 9 -1 6 -3 8 20 12 22 -11 15 -6 -15 18 -17 -18 19 25 -5 -10 23 -2 -22 27 -7 -4 -24 -25
right_child=10 2 3 7 13 26 -8 -9 21 11 -12 -13 -14 14 -16 16 17 -19 -20 -21 24 -23 28 29 -26 -27 -28 -29 -30 -31
leaf_value=0.0022619009546792691 -0.0019324084896538106 0.046745321175529979 0.0052043661347488755 0.021188048809530867 0.055488500578999594 -0.027675327736471834 -0.036466632453314531 -0.032627176235115449 0.046766397126611056 -0.04482469358043515 0.020784356625172702 0.022708295949515737 0.0098431354089537869 0.0037897694977242222 0.038212778376746935 0.023901641575148146 0.018299742437153717 -0.064839935141211696 -0.014722067433613673 -0.010776574947864912 -0.016040473663401947 -0.014880364766265043 -0.032460306662945193 -0.014417831101882918 0.02819059124967549 0.021070937973050086 0.032277645064088575 -0.029544247214537491 -0.0033366482254565998 -0.06542461057429487
leaf_weight=279.4126073718071 664.8781820088625 10.728996515274046 176.65091976523399 140.11251610517502 56.427256293594837 15.779183998703955 154.75727178156376 25.893717780709267 115.66813082993031 54.717826560139656 68.097291842103004 16.502008438110352 429.25970032811165 108.27835710346699 112.12092523276806 111.895772382617 15.022126421332361 14.491100892424582 376.03430761396885 243.44884791970253 88.987927734851837 12.790882170200346 136.2101314663887 260.67187923192978 28.6547871530056 134.80917942523956 39.802350476384163 41.198182120919228 72.205030992627144 16.069639697670937
leaf_count=1181 2887 47 728 624 385 65 817 111 805 230 335 78 1880 498 674 538 66 62 1595 1007 398 52 767 1106 131 557 184 169 326 67
internal_value=2.1399e-05 0.00336284 0.000431498 0.00259784 0.0152055 -0.0194235 -0.0310717 0.0163144 0.0195957 -0.0009044 -0.00766869 -0.0291769 0.000400729 0.0282699 0.0213013 -0.0032392 0.0142126 -0.0225221 -0.00577776 -0.00013555 0.00911368 0.0406281 -0.00935349 -0.00647235 -0.00526691 0.00721022 0.0152574 -0.00136706 -0.0223705 -0.0173797
internal_weight=4021.58 2803.44 2247.21 2026.14 556.239 221.068 165.486 412.108 386.214 1614.03 1218.13 71.2198 1542.81 276.827 220.399 1113.55 141.409 29.5132 972.141 596.107 257.755 128.459 1150.03 941.62 117.643 352.658 55.5815 217.849 208.415 276.742
internal_count=18370 12882 10144 9031 2738 1113 864 2121 2010 6910 5488 308 6602 1557 1172 4722 666 128 4056 2461 1153 857 5153 4060 529 1454 249 897 1093 1173
is_linear=0
shrinkage=0.05


Tree=34
num_leaves=31
num_cat=0
split_feature=10 20 14 3 2 10 7 13 19 7 7 20 7 10 10 24 24 15 7 20 14 23 14 12 13 6 2 24 19 20
split_gain=37.1494 29.2304 32.3544 29.6482 50.507 32.4047 37.3396 33.8682 29.1863 23.207 22.6662 20.7008 20.5936 20.2841 27.6766 19.8143 18.7141 18.0018 17.0946 30.1942 16.2496 16.2103 21.6747 16.4146 15.9464 15.5086 16.8988 27.1782 24.0711 17.3056
threshold=0.85913535276073627 0.88051944971084606 -0.0052208333333333317 0.36111950953220801 0.022057665586149366 0.69823682012047672 -0.044855769904718658 -0.93058279156684864 -0.0077184694819152347 -0.10064753939216479 0.093403902281994647 0.056325804442167289 -0.08233100417663046 0.44009625126646407 0.54366895499618628 0.12266666666666669 0.30266666666666669 -0.41576392948627466 -0.054042266992466712 0.9761711359024049 -0.001105833333333333 -1.0858267771043544 -0.0016491666666666664 0.44046546503892026 -0.19743253290653226 0.49583390223526397 -0.0072352609912989677 0.10266666666666667 -0.11749624833464621 0.31559756398200994
decision_type=10 2 2 2 2 10 8 2 2 8 10 2 10 8 10 2 2 8 8 2 2 10 2 2 2 2 2 2 2 2
left_child=1 3 -3 4 9 7 12 11 -2 17 -6 -5 -7 -4 -15 -8 24 -1 20 -20 -16 22 -11 -23 -17 -13 27 29 -29 -27
right_child=8 2 13 5 10 6 15 -9 -10 21 -12 25 -14 14 18 16 -18 -19 19 -21 -22 23 -24 -25 -26 26 -28 28 -30 -31
leaf_value=0.018446537273008021 -0.028816603853337758 0.036785523920410443 0.034351060512173452 -0.04354474765659528 0.033817693415549029 -0.0096255314418658994 -0.051533799867711533 0.00045175514114454958 0.022732305530454026 0.010049814681793275 -0.004012920924784902 0.045936903371095433 -0.037054273770826214 -0.02602283477606547 0.036405004197917638 0.051402920282037093 0.0034163292830030976 -0.010356198219462504 -0.0093462502075933387 0.028807193451791824 -0.017991692518229851 -0.0065481903226628311 -0.025151537481126598 -0.022563811434012995 -0.0091493747020857195 0.0050256707202255974 0.024468881632245518 0.04448966960268487 0.0051295389997235361 -0.041192219789799388
leaf_weight=111.40345202386379 173.43087042868137 103.70482618361712 55.586933955550194 13.999901726841925 102.24551209807396 239.66547925770283 13.22261521220207 740.16065518558025 32.62388576567173 136.8892916738987 64.617065295577049 45.695416733622551 95.780653208494186 71.939028650522232 75.422581851482391 43.136978283524513 180.17248873412609 105.73865592479706 184.12393935769796 72.185749620199203 16.784148752689362 239.49476037919521 64.256347149610519 481.90534211695194 14.536813974380491 41.576173037290573 265.56920356303453 56.28815646469593 125.33964195847511 39.492355421185493
leaf_count=468 1121 649 346 58 433 1026 54 3174 137 569 266 206 521 307 398 205 783 434 811 367 80 993 263 1990 60 180 1391 382 534 164
internal_value=2.20824e-05 0.00114302 0.0114785 -0.000717151 -0.00652401 0.00324546 -0.0065429 0.00756812 -0.0206551 -0.0102856 0.0191679 0.0165266 -0.0174573 0.00596543 0.00221267 0.00803955 0.0113514 0.00442087 0.0080409 0.00139909 0.0265033 -0.0137471 -0.00119532 -0.0172468 0.0361406 0.0179919 0.0155746 0.00658306 0.0173276 -0.0174893
internal_weight=4006.99 3800.93 579.747 3221.19 1306.55 1914.64 586.515 1328.12 206.055 1139.69 166.863 587.961 335.446 476.042 420.455 251.069 237.846 217.142 348.516 256.31 92.2067 922.546 201.146 721.4 57.6738 573.961 528.266 262.696 181.628 81.0685
internal_count=18370 17112 2958 14154 5416 8738 2649 6089 1258 4717 699 2915 1547 2309 1963 1102 1048 902 1656 1178 478 3815 832 2983 265 2857 2651 1260 916 344
is_linear=0
shrinkage=0.05


Tree=35
num_leaves=31
num_cat=0
split_feature=5 12 0 24 24 14 23 6 20 7 12 0 4 2 24 14 0 0 0 0 4 12 7 19 20 24 19 19 8 15
split_gain=42.6356 32.3734 59.6842 30.0795 26.1676 25.1752 26.9338 25.2195 24.8053 29.7898 24.392 23.5234 22.3983 30.1976 17.6633 17.1562 16.6667 23.5656 21.3535 20.2031 18.038 16.4333 14.7953 30.2806 23.7415 14.6424 15.0699 23.6413 14.4972 18.1021
threshold=11.796617507934572 0.48825831202916664 0.50033134758998987 0.82933333333333337 0.36400000000000005 -0.001590833333333333 -0.79144759684995891 0.49397242913675293 0.89394801855087291 0.014553479024271966 0.48680787811222598 0.50021675471720795 -2.0688729286193843 0.0028943566793132856 0.85066666666666679 0.00064083333333333364 0.49127610523814874 0.4976896333304866 0.45793247111595531 0.49887005505449278 -1.2698841691017149 0.47313562171809936 -0.1128549387135117 -0.072640962898731218 0.69084739685058605 0.40133333333333338 0.050113908946514137 0.062675032764673247 -0.28869891166687006 -0.54502314329147328
decision_type=2 2 2 2 2 2 10 2 2 10 2 2 8 2 2 2 2 2 2 2 10 2 8 2 2 2 2 2 10 10
left_child=1 4 3 8 5 6 -1 -8 11 -10 12 15 -6 16 28 -3 18 21 -14 -19 -21 -18 23 -9 -25 -15 -27 -28 -2 -30
right_child=14 2 -4 -5 10 -7 7 22 9 -11 -12 -13 13 25 -16 -17 17 19 -20 20 -22 -23 -24 24 -26 26 27 -29 29 -31
leaf_value=0.0065236948936967173 -0.022107369892348613 0.015838718478881755 -0.037703628923074113 -0.025595620241617118 0.036898717984999191 -0.01584080981027949 0.016105916993423938 0.045293141673224235 0.044961320030058718 -0.024383966988167013 -0.047258480553511097 -0.034567300597148388 0.028404231338731357 -0.02372020957582037 -0.025860027817408617 -0.047733317199873622 0.0078444813681785384 -0.044408936794913249 -0.03426962556150126 0.055215078971170686 -0.018848099515062444 0.058608549822881176 -0.017545178344493189 -0.025005941122309784 0.022969254067112189 0.022997009265776875 -0.028184891672967605 0.021198319564445553 0.0085686586195703428 -0.011142763832550584
leaf_weight=621.35150828957558 124.96314524114132 555.77721416950226 58.8029870018363 44.011473760008812 63.401907846331596 361.30032071471214 91.413184866309166 30.651213452219963 120.40988681465387 17.77325177192688 20.165469855070114 25.391462534666061 16.380401834845543 23.409808576107025 154.87647424638271 10.819389775395392 91.852817013859749 39.213903978466988 79.794076576828957 12.765837639570234 23.091563403606415 19.290421947836876 383.34016489982605 84.262814342975616 37.1603614538908 278.31774632632732 42.004272311925888 57.291322872042656 198.64167940616608 281.58473265171051
leaf_count=2738 536 2720 390 206 301 1503 380 192 856 73 89 128 71 97 880 45 414 171 329 60 101 89 1666 350 165 1220 172 248 877 1184
internal_value=-0.000144598 0.00237713 0.0108591 0.0145477 -0.000595922 -0.00421782 -0.000853408 -0.00816606 0.0169673 0.0360421 0.0070045 0.0125148 0.00846971 0.00583228 -0.0107928 0.0146248 -0.00669265 0.00203694 -0.023595 -0.0196055 0.00751964 0.0166553 -0.0123101 0.000886175 -0.0103236 0.014652 0.0170308 0.000308109 -0.00693691 -0.0029893
internal_weight=3969.51 3209.44 832.986 774.183 2376.46 1609.48 1248.18 626.828 730.171 138.183 766.98 591.988 746.814 683.412 760.066 566.597 282.389 186.215 96.1745 75.0713 35.8574 111.143 535.415 152.074 121.423 401.023 377.613 99.2956 605.19 480.226
internal_count=18251 14774 4418 4028 10356 6994 5491 2753 3822 929 3362 2893 3273 2972 3477 2765 1235 835 400 332 161 503 2373 707 515 1737 1640 420 2597 2061
is_linear=0
shrinkage=0.05


Tree=36
num_leaves=31
num_cat=0
split_feature=5 1 7 24 19 24 19 15 7 18 19 14 12 7 10 6 24 12 14 24 11 4 17 21 13 19 24 17 10 21
split_gain=38.6198 30.8109 27.3424 59.5496 43.4225 40.5125 23.8715 23.4738 23.2326 22.9965 22.9035 22.6422 21.7758 23.407 21.4745 22.7087 20.8378 20.2804 19.457 19.3878 17.7643 17.7484 16.6093 17.9363 19.365 16.8877 16.0511 15.2263 14.5499 14.2707
threshold=11.820993900299074 1.0000000180025095e-35 -0.1128549387135117 0.16400000000000001 -0.10135269165039061 0.13333333333333336 -0.0083832023665308935 -0.46061070263385767 0.20576442613737259 0.4809070883267465 -0.17630633711814878 -0.0012382333333333328 0.49800591840413394 -0.071475341790065663 0.61985915492957755 0.49829750941460271 0.092000000000000012 0.7922946200974913 -0.0020341666666666663 0.06533333333333334 -0.037098378114666201 -1.6412593722343443 0.57500000000000007 1.1686491966247561 -0.35497562587261194 -0.004485855344682931 0.85066666666666679 0.52500000000000013 0.5727513227513229 0.9589025378227235
decision_type=2 2 8 2 2 2 2 8 8 2 2 2 2 8 10 2 2 2 2 2 2 10 2 10 2 2 2 2 8 10
left_child=1 8 5 4 19 7 10 -3 22 -5 -7 14 13 -11 27 -16 -9 -14 -15 -4 29 -20 -1 24 25 -24 -2 -6 -29 -12
right_child=26 2 3 9 11 6 -8 16 -10 12 20 -13 17 18 15 -17 -18 -19 21 -21 -22 -23 23 -25 -26 -27 -28 28 -30 -31
leaf_value=0.003765237675309242 -0.0066999730920450917 0.046441119743011988 0.014641802095696394 0.016832037107123974 0.0062547296941570605 0.032008058849190162 0.032916268859460078 0.038237946716606373 -0.027220666511139337 -0.021575648885819195 0.052055326871560392 -0.025894925409669919 0.050030138484821941 0.014434904676909896 -0.0045849050289140112 0.023304060522380682 -0.019142840648148099 -0.0052496818643122146 0.028175051661746428 -0.048540438315970699 -0.029852425560367102 -0.010687227048716793 -0.010481561842316221 -0.031821735670187493 -0.02767580660949992 0.020814571129071584 -0.024963367633677468 -0.0096805457810504782 -0.043572548231588071 -0.0060551557156210897
leaf_weight=424.29840517044067 591.05697798728943 125.57123792171478 14.158375799655913 556.17320559173822 77.318122714757919 33.405522800981998 51.768384136259556 31.157391175627708 111.16158536076546 104.02627268433571 12.875238612294195 98.048430636525154 44.260515414178371 247.49607016891241 147.6596016138792 144.34107868373394 32.145597405731678 26.540272086858749 34.038570404052734 85.2408826649189 80.400190725922585 214.63567231595516 91.31742499768734 80.048305034637451 65.246233060956001 81.644474416971207 151.04889245331287 91.671321645379066 48.378764495253563 58.884265586733818
leaf_count=1753 2537 832 58 2603 323 191 268 155 513 434 61 407 343 1152 638 680 177 115 154 559 343 896 377 333 267 345 868 386 201 282
internal_value=-0.000136453 0.00223744 0.00518179 0.00265541 -0.00890523 0.0166456 0.00289381 0.0339258 -0.00590252 0.00931402 -0.00548176 -0.00389195 0.00308251 -1.11194e-05 0.0003434 0.0092011 0.00909967 0.029308 0.00451007 -0.0395408 -0.0137124 -0.00536775 -0.00271116 -0.0113455 -0.00446457 0.00429138 -0.0104173 -0.0115556 -0.0213882 0.00437115
internal_weight=3956.02 3213.91 2360.19 1933.99 706.817 426.208 237.334 188.874 853.716 1227.17 185.565 607.417 670.997 600.197 509.369 292.001 63.303 70.8008 496.17 99.3993 152.16 248.674 742.555 318.256 238.208 172.962 742.106 217.368 140.05 71.7595
internal_count=18251 14846 11258 8949 3252 2309 1145 1164 3588 5697 877 2635 3094 2636 2228 1318 332 458 2202 617 686 1050 3075 1322 989 722 3405 910 587 343
is_linear=0
shrinkage=0.05


Tree=37
num_leaves=31
num_cat=0
split_feature=5 20 0 12 3 3 19 21 19 20 19 20 12 12 0 21 12 20 0 10 10 3 24 2 0 12 9 24 10 3
split_gain=34.9952 27.6055 41.7192 36.7715 24.4069 32.6723 22.4883 31.9169 28.208 21.4332 29.7475 22.6103 27.3896 19.7594 18.3237 18.287 18.1614 17.536 29.894 18.0167 16.593 16.454 15.9378 15.6728 15.1236 17.0909 16.9641 14.9967 14.8637 14.7921
threshold=11.796617507934572 0.88051944971084606 0.50021675471720795 0.49103841401774689 0.54018310358105526 0.2604653426791278 -0.036005364730954163 0.64829573035240184 -0.046907331794500344 0.62160244584083568 -0.0099576301872730238 0.40734049677848821 0.47420249101181311 0.47983616327876338 0.50043617037465393 1.7694980502128603 0.49459000991309349 0.3186557292938233 0.49652921264572808 0.69882963159994693 0.5727513227513229 0.69036371629120374 0.38266666666666677 -0.0037326333627631342 0.49835091200222786 0.47665642860421886 10.273493878232285 0.85066666666666679 0.68841813923781148 0.3706518482598436
decision_type=2 2 2 2 2 2 2 10 2 2 2 2 2 2 2 8 2 2 2 10 8 2 2 2 2 2 8 2 10 2
left_child=1 2 3 6 5 -3 8 22 17 11 -11 12 -9 -7 -4 -16 -5 18 28 24 -20 29 -8 -12 26 -26 -19 -2 -1 -13
right_child=27 4 14 16 -6 13 7 9 -10 10 23 21 -14 -15 15 -17 -18 19 20 -21 -22 -23 -24 -25 25 -27 -28 -29 -30 -31
leaf_value=0.010662274423533456 -0.0062683658286272845 -0.0015807506892904278 -0.040740998092789769 0.027374272229435084 -0.016368133026773458 0.016216262227223999 0.0013242947941110872 -0.006518038906709875 0.024609339612775616 -0.032891015069911239 -0.03258107879703636 0.00041964927462277956 -0.055807692528778069 0.043343245941034884 0.056274795253149303 -0.037390559836452418 0.0068254454858177153 0.041479381084275686 -0.06029622097995907 0.043997795214918728 -0.015793509646129713 -0.034014962269032036 0.029503160156598804 -0.0034064747688031093 0.036709616850887715 -0.029586554336962851 -0.0091824208241084362 -0.023848086667312751 -0.021302840990609414 0.024165080614807294
leaf_weight=205.28947889059782 605.11578561365604 147.30594189465046 85.522756405174732 166.63022148609161 61.134449243545532 160.1535356938839 127.19122077524662 242.24422866106033 151.83719225227833 175.09499901533127 54.150363817811012 143.39736041426659 31.895713448524475 115.57141891866922 10.901016622781755 9.9834209829568845 303.14614179730415 18.815009944140911 24.900110110640526 35.492713689804077 131.88512927293777 21.69585794210434 82.874319598078728 307.11597967147827 56.343238011002541 11.748479843139647 135.68830896914005 151.73447266221046 44.19740192592144 120.86638002097607
leaf_count=925 2597 661 566 985 292 789 528 1001 650 746 230 610 133 831 58 63 1411 85 105 147 553 90 350 1272 325 50 572 880 219 527
internal_value=-0.000128957 0.00216884 0.000196659 0.00145608 0.0131625 0.0174301 -0.00134526 -0.00541287 0.00516598 -0.00883347 -0.0159771 -0.00199258 -0.0122528 0.0275867 -0.0304877 0.0114998 0.0141141 0.000722261 -0.00575228 0.0109142 -0.0228613 0.00784355 0.0124413 -0.00777947 0.00563907 0.0252709 -0.00301296 -0.00979277 0.00499955 0.0112801
internal_weight=3939.92 3183.07 2698.91 2592.5 484.165 423.031 2122.72 1306.53 816.197 1096.46 536.361 560.1 274.14 275.725 106.407 20.8844 469.776 664.36 406.272 258.088 156.785 285.96 210.066 361.266 222.595 68.0917 154.503 756.85 249.487 264.264
internal_count=18251 14774 12201 11514 2573 2281 9118 5487 3631 4609 2248 2361 1134 1620 687 121 2396 2981 1802 1179 658 1227 878 1502 1032 375 657 3477 1144 1137
is_linear=0
shrinkage=0.05


Tree=38
num_leaves=31
num_cat=0
split_feature=5 4 2 23 12 0 12 24 14 24 2 15 12 21 9 6 7 15 24 6 23 6 2 21 14 14 10 14 24 14
split_gain=31.6614 29.759 26.8101 25.6378 19.5821 18.7011 22.3583 19.2752 20.4601 18.1594 17.7782 17.2936 22.7898 19.351 16.6735 16.3464 14.3939 13.9606 20.1803 20.9665 15.0021 13.8135 14.9299 13.5169 12.8505 12.3257 12.1306 11.9523 14.7099 15.1732
threshold=11.796617507934572 -2.1169941425323482 0.022057665586149366 -0.89420349806335364 0.44905464623501629 0.50033134758998987 0.48825831202916664 0.82933333333333337 0.00064083333333333364 0.62666666666666682 0.0070961740291956886 -0.47171469032764429 0.46587533753375343 1.3103696107864382 12.263047753191918 0.49397242913675293 -0.1231903452605187 -0.58638867735862721 0.46666666666666673 0.49871767184677185 -0.58097500703449256 0.49886492475778194 0.0023724925947554687 0.54256775975227367 -0.001590833333333333 -0.0033646499999999998 0.62141687141687152 0.00024833333333333342 0.39600000000000007 -0.0017633333333333331
decision_type=2 10 2 8 2 2 2 2 2 2 2 10 2 10 8 2 10 8 2 2 8 2 2 8 2 2 10 2 2 2
left_child=1 16 3 4 24 6 9 8 10 15 -8 13 -13 -11 -4 25 21 18 -2 26 27 -1 -23 -18 -3 -5 -20 28 29 -19
right_child=17 2 14 5 -6 -7 7 -9 -10 11 -12 12 -14 -15 -16 -17 23 20 19 -21 -22 22 -24 -25 -26 -27 -28 -29 -30 -31
leaf_value=0.0096934896013988053 -0.028016873261805422 0.0018052608696172046 0.026954134771889141 0.020600578798935548 0.011235163471670074 -0.036959840212502738 0.014859613623441837 -0.029894215981098302 -0.057461882333813441 0.035006121706561387 -0.02230826453974967 0.0091061492490092481 -0.04891752367468722 -0.013455662439953825 0.0012678222727968453 -0.014101259996790872 0.053738478190944676 0.027059900296602893 0.021262694398508947 0.035395120225144329 -0.018752772366022338 0.039234078805737732 -0.026803589627226287 0.001909505863242693 -0.019882544774410385 -0.0064872229195498538 -0.012192899096146126 0.039905998577767728 -0.022518243620391704 -0.032740977618100346
leaf_weight=108.59561383724213 47.50959600508213 257.53801605850458 141.52533596754074 61.897266730666161 539.11256863176823 45.500247806310654 320.82225129008293 34.794433370232582 11.212962031364439 69.182224616408348 35.759100764989853 47.877328008413315 26.174259036779404 29.332778707146645 114.12248905003071 754.30745582282543 13.362445235252379 44.447761565446854 38.645011156797409 52.024487733840942 391.77042602002621 112.62370225042105 9.2627607062458974 214.76797124743462 92.953228205442429 130.61240500211716 90.654444545507431 16.900102347135544 59.635322034358978 13.931996390223501
leaf_count=491 208 1133 619 258 2613 293 1681 166 47 344 148 202 116 149 477 3258 59 189 162 252 1801 726 46 1026 386 536 484 71 252 58
internal_value=-0.000122302 0.00206906 7.7569e-05 -0.00152578 0.00525379 -0.00537346 -0.00442917 0.00567602 0.00904107 -0.00806352 0.0111323 0.00685363 -0.0114029 0.0205767 0.0154876 -0.0107823 0.0138489 -0.00932067 0.000990673 0.00859109 -0.0138007 0.0226616 0.0342155 0.00494532 -0.00394653 0.00222227 -0.00219369 0.000579161 -0.00505256 0.0127888
internal_weight=3926.86 3171.34 2712.72 2457.08 889.604 1567.47 1521.97 402.589 367.794 1119.38 356.581 172.567 74.0516 98.515 255.648 946.817 458.612 755.519 228.834 181.324 526.686 230.482 121.886 228.13 350.491 192.51 129.299 134.915 118.015 58.3798
internal_count=18251 14774 12426 11330 4132 7198 6905 2042 1876 4863 1829 811 318 493 1096 4052 2348 3477 1106 898 2371 1263 772 1085 1519 794 646 570 499 247
is_linear=0
shrinkage=0.05


Tree=39
num_leaves=31
num_cat=0
split_feature=5 4 2 12 0 12 20 20 16 14 12 7 7 7 3 20 22 14 8 13 12 24 7 24 3 20 0 22 12 21
split_gain=28.6535 27.0361 24.2878 21.848 36.9584 25.3321 22.7064 18.1605 15.8116 15.7666 20.2486 16.1651 15.6467 18.5029 15.5689 17.3996 14.7167 14.4981 14.1712 16.999 15.7449 13.4565 13.267 13.2486 13.2525 12.4251 17.3733 14.4339 12.3629 12.3307
threshold=11.796617507934572 -2.1169941425323482 0.022057665586149366 0.48825831202916664 0.50033134758998987 0.48952514527555663 0.97534295916557323 0.94785127043724071 0.0015304450062103572 -0.0020341666666666663 0.48433909900606692 0.14499513090455482 -0.083693895147875133 0.011692833099081342 0.35927348421992816 0.2904179990291596 -0.56761672719356771 0.00064083333333333364 -0.064127679914236055 -0.1682719215750694 0.39577732918209968 0.8546666666666668 -0.1231903452605187 0.85066666666666679 0.37468807221239114 0.89544725418090831 0.50021675471720795 -0.56761672719356771 0.44826463391680788 0.54256775975227367
decision_type=2 10 2 2 2 2 2 2 10 2 2 8 10 10 2 2 2 2 8 2 2 2 10 2 2 2 2 2 2 8
left_child=1 22 3 6 5 -5 9 17 12 10 18 -12 -4 -14 15 -11 -15 25 20 -20 -3 -18 28 24 -2 26 27 -7 -1 -24
right_child=23 2 8 4 -6 7 -8 -9 -10 14 11 -13 13 16 -16 -17 21 -19 19 -21 -22 -23 29 -25 -26 -27 -28 -29 -30 -31
leaf_value=0.0055744602792525836 -0.014754933477840583 -0.050819260993845906 0.058626369287450533 0.038279448724319487 -0.036907530091224328 -0.0050266772330761107 0.030725391526653836 -0.03429724983646814 -0.0040309536112534093 0.0049571732564865911 -0.015102194819991583 -0.072686311983340857 -0.011760865860590532 0.061195484747981622 -0.00349756174858352 -0.025142960377369451 0.02651228456160001 -0.043988802652148627 0.0064675826305691216 0.067586213228510342 -0.0026546464714889192 -0.026973853622818952 0.051529003596973912 -0.022220264690528735 0.00039403275453603277 0.033205132990472619 -0.040239478353686381 0.01441799932768832 0.030126936657460635 0.0018142990121592095
leaf_weight=77.793233796954155 238.45658440887928 17.416314423084259 26.279372587800026 67.514714896678925 46.381181091070175 135.65773896872997 44.91559424996376 26.799482598900795 77.710785761475563 59.115618124604225 82.959559313952923 14.28623543679714 41.16878978908062 25.072238907217979 294.7705170661211 255.59085166454315 70.357533693313599 13.14621391892433 333.89520484954119 11.777989581227301 658.75985673815012 14.119452983140944 13.241718605160711 149.20779371261597 365.88890156149864 48.785883828997612 18.920628115534782 321.90392885357141 150.38094842433929 214.73700259625912
leaf_count=371 997 115 121 407 331 676 243 123 326 243 361 63 173 112 1250 1062 306 55 1470 50 2870 58 59 880 1600 345 100 1566 892 1026
internal_value=-0.000115469 0.0019717 7.43463e-05 -0.00145183 0.00617436 0.00933241 -0.00437207 0.00587469 0.0147699 -0.00528405 -0.00176001 -0.0235618 0.0230245 0.0168169 -0.0117547 -0.0194888 0.0275565 0.00787424 0.000314788 0.00855005 -0.00389523 0.0175726 0.0132326 -0.00887751 -0.00558329 0.00917225 0.00671158 0.00865305 0.0217561 0.00470188
internal_weight=3917.01 3163.46 2707.31 2452.6 679.11 632.729 1773.49 565.214 254.708 1728.57 1119.1 97.2458 176.997 150.718 609.477 314.706 109.549 538.414 1021.85 345.673 676.176 84.477 456.153 753.553 604.345 525.268 476.482 457.562 228.174 227.979
internal_count=18251 14774 12426 11330 3603 3272 7727 2865 1096 7484 4929 424 770 649 2555 1305 476 2742 4505 1520 2985 364 2348 3477 2597 2687 2342 2242 1263 1085
is_linear=0
shrinkage=0.05


Tree=40
num_leaves=31
num_cat=0
split_feature=23 14 19 2 0 20 10 19 24 12 3 15 22 3 3 24 24 2 21 15 2 12 2 8 12 9 18 2 0 10
split_gain=30.887 25.9825 28.1025 37.5539 29.5518 25.1906 28.3556 22.4944 22.1679 21.7508 36.2735 20.5464 18.5255 17.6803 25.0041 16.9426 22.5892 28.2457 20.9195 18.6124 14.8732 16.2718 14.7475 17.2203 14.6289 14.4438 14.0183 14.007 16.9854 13.7663
threshold=-0.042329035493959923 -0.0017633333333333331 -0.11046007275581358 -0.0073334311137185871 0.49831401407842663 0.61813443899154674 0.74691169742260188 -0.18124802410602567 0.39066666666666672 0.47660751298735377 0.45591973462766494 -0.70817676186561573 0.088917602975438922 0.35927348421992816 0.54018310358105526 0.3093333333333334 0.17600000000000002 -0.00062066079276565747 1.442827105522156 -0.45753155648708338 0.028755317971430668 0.49915634785083979 -0.0015656116915346669 0.11546627432107927 0.42778300593309077 12.625018049986735 0.44441562123382194 -0.0018068041600564073 0.49833229094274412 0.39339826839826847
decision_type=10 2 2 2 2 2 10 2 2 2 2 8 2 2 2 2 2 2 10 8 2 2 2 8 2 10 2 2 2 8
left_child=1 2 3 9 5 11 -7 -5 13 10 -1 12 -4 -3 -15 16 19 -18 20 24 21 22 -17 -24 -6 26 -10 -21 -29 -2
right_child=29 8 4 7 15 6 -8 -9 25 -11 -12 -13 -14 14 -16 18 17 -19 -20 27 -22 -23 23 -25 -26 -27 -28 28 -30 -31
leaf_value=-0.028385392223994943 0.018275643758733095 -0.022094195863514313 0.016933156604674784 0.0090844800518068789 -0.019766545710448124 -0.013247961321942156 0.01945810782458025 -0.026710392349213311 0.030166591260830308 0.044662491926938608 0.04871310126819433 0.01033123022329841 -0.039214070916446853 0.012026708745107393 -0.018457332871583992 0.043472219253259212 -0.022895271694618927 0.045918073642073128 -0.043607038670491774 0.030795625572701459 0.060270877398764071 0.044666083635392047 -0.01353264236734316 0.019654065346634671 0.031546629525353143 -0.0076433576701319134 0.0035476936408033906 0.046173836024288199 -0.0058208581567428226 -0.011558930496415818
leaf_weight=43.321785666048527 41.170957505702972 237.06563690304756 22.781527057290077 56.627386793494225 15.341879621148108 363.24318695068359 81.059564188122749 195.13892234861851 70.919360548257828 42.041655510663986 23.54856364428997 677.99864509701729 41.367634251713753 133.20906947553158 135.888199031353 18.423136070370674 17.047648027539253 119.05974268168211 21.059806868433952 41.925264522433281 13.051527515053747 23.613248378038406 128.54077356308699 56.16967186331749 146.74922896921635 166.92256113141775 163.45878095924854 17.268523290753365 173.71822898834944 635.26148660480976
leaf_count=206 180 993 97 263 71 1536 354 1108 329 299 129 2869 171 599 566 92 76 789 98 195 59 175 586 257 827 716 731 92 836 3029
internal_value=-2.34406e-05 0.00200168 0.00478772 -0.0080479 0.00712774 0.00213508 -0.00728099 -0.0186594 -0.0051797 0.0164821 -0.00123496 0.00777221 -0.0192743 -0.0121381 -0.00336706 0.0146073 0.0197325 0.0372991 0.00417216 0.0136796 0.00836828 0.00538077 0.000814049 -0.0034407 0.0266899 0.00359692 0.0116022 0.00462526 -0.00111963 -0.00974305
internal_weight=3922.99 3246.56 2339.1 360.678 1978.42 1186.45 444.303 251.766 907.464 108.912 66.8703 742.148 64.1492 506.163 269.097 791.969 531.111 136.107 260.858 395.003 239.798 226.747 203.134 184.71 162.091 401.301 234.378 232.912 190.987 676.432
internal_count=18328 15119 11185 2005 9180 5027 1890 1371 3934 634 335 3137 268 2158 1165 4153 2886 865 1267 2021 1169 1110 935 843 898 1776 1060 1123 928 3209
is_linear=0
shrinkage=0.05


Tree=41
num_leaves=31
num_cat=0
split_feature=21 11 14 10 23 7 1 24 6 17 3 13 15 23 18 21 15 15 24 3 3 21 7 9 10 10 3 10 20 6
split_gain=28.4435 25.3459 20.1441 16.4271 14.9047 13.4413 18.7167 17.1314 15.953 13.7686 18.1068 13.4902 13.4156 13.351 13.1095 11.8764 11.8743 11.6582 11.3381 14.5642 14.7009 11.2631 11.0739 10.8767 11.8238 12.5984 11.3182 11.1494 10.6976 18.4264
threshold=1.7378847599029543 -0.028505668441336167 -0.0017633333333333331 0.72776679841897252 0.055898904974456265 -0.1473644304055757 1.0000000180025095e-35 0.11866666666666668 0.48849504795067938 0.39166666666666677 0.40749090087035161 -0.84966248273849476 -0.39669732749462122 0.77841373746559717 0.80361422507064251 1.685859799385071 -0.56798464059829701 -0.44674299657344813 0.38266666666666677 0.36111950953220801 0.54754636350974106 0.63538700342178356 0.073709119439922602 12.927416137598085 0.84738177014531046 0.80163934426229522 0.25570700508601768 0.79431909750201457 0.87625935673713695 0.49926286289575889
decision_type=8 2 2 8 10 10 2 2 2 2 2 2 8 10 2 10 8 8 2 2 2 10 10 8 8 10 2 10 2 2
left_child=1 5 4 12 15 6 17 9 16 10 11 -7 13 -2 23 28 -9 -1 19 -4 -21 -20 -6 24 25 26 -10 -28 29 -3
right_child=3 2 18 -5 22 7 -8 8 14 -11 -12 -13 -14 -15 -16 -17 -18 -19 21 20 -22 -23 -24 -25 -26 -27 27 -29 -30 -31
leaf_value=0.021203351485315707 0.014715989250362793 0.0042477169272657558 -0.025302220546128618 -0.025970161460493042 -0.015061973808839425 0.03647050456504182 0.022742960038299384 0.017836270839471625 -0.00015751927074923394 -0.016123212919295665 -0.028077192767958545 -0.014484126006553048 -0.02590110174093754 -0.034300012522435891 -0.014858449253171658 0.045075795662298627 -0.035239227509305644 -0.019636170442945324 0.012255397386695701 0.0085477169100576494 -0.018819901757771065 -0.0080695995239182822 0.024074425976981131 -0.0098794556373373067 -0.019352374355832175 0.042070621776388567 0.019331310412860098 -0.030134408841875029 0.014239176071260202 -0.01020984104853776
leaf_weight=26.676267683506012 88.081407658755779 950.64095065742731 177.04439733922482 156.67405565828085 188.36009474098682 46.67495296895504 239.44125551730394 15.079896271228789 116.18657652288675 159.59695085138083 24.642858445644379 17.998234733939171 44.084751136600971 16.493816532194614 48.915553487837315 16.584481820464134 34.988867238163948 50.661382794380188 95.826707348227501 95.404765926301479 101.0337994992733 236.09558978676796 19.993594467639923 51.659697130322456 25.18267023563385 41.754556521773338 355.5870780274272 11.768536522984503 170.96390680223703 286.90217757970095
leaf_count=110 412 4114 745 924 869 216 1330 68 508 744 127 77 201 73 225 85 148 218 421 423 421 1002 87 231 172 218 1730 48 906 1475
internal_value=-2.03406e-05 0.00122049 -0.00186474 -0.0146732 0.00118463 0.00691657 0.0158358 0.00394257 0.00794315 -0.00732604 0.00839343 0.0222901 -0.00276723 0.00698509 0.0100347 0.00301087 -0.0192538 -0.00554929 -0.00892589 -0.0149018 -0.00552821 -0.00220173 -0.0113064 0.0120569 0.0141156 0.01572 0.0134446 0.0177466 0.00251558 0.000895991
internal_weight=3911 3605.67 2338.85 305.334 1633.45 1266.82 316.779 950.036 701.123 248.913 89.316 64.6732 148.66 104.575 651.055 1425.09 50.0688 77.3377 705.405 373.483 196.439 331.922 208.354 602.139 550.479 525.297 483.542 367.356 1408.51 1237.54
internal_count=18328 16718 10548 1610 7536 6170 1658 4512 3348 1164 420 293 686 485 3132 6580 216 328 3012 1589 844 1423 956 2907 2676 2504 2286 1778 6495 5589
is_linear=0
shrinkage=0.05


Tree=42
num_leaves=31
num_cat=0
split_feature=4 23 7 3 3 19 19 6 10 5 7 19 2 10 3 2 0 16 15 11 15 19 7 2 12 12 13 15 0 7
split_gain=30.6811 23.1847 20.148 18.8965 27.1227 21.9918 23.334 21.0884 18.9846 18.7471 17.8057 16.1993 15.4886 20.5307 19.5087 17.9161 23.7297 16.6218 15.8115 15.2055 14.3857 14.1228 13.8841 15.6309 13.7069 18.3874 13.6465 16.9639 14.5495 13.1585
threshold=-1.4902259111404417 0.34571830466573683 -0.20354226209396539 0.43252136641009647 0.36217802303734964 -0.15793292969465253 -0.0065087731927633277 0.49886492475778194 0.51191151446398198 12.486227035522463 0.20576442613737259 -0.092596288770437227 0.0028805146482628412 0.69823682012047672 0.34705325665014419 -0.01339220474177443 0.49889227148459553 -0.0086665106937289221 -0.54836046695709217 0.041927221815112027 -0.68592822551727284 0.031772503629326827 -0.071475341790065663 -0.0017248894330253474 0.49399323778840504 0.48218363772252065 -1.162054657936096 -0.79264220595359791 0.49933072821249719 -0.10064753939216479
decision_type=8 10 8 2 2 2 2 2 10 2 8 2 2 10 2 2 2 8 10 2 10 2 8 2 2 2 2 10 2 10
left_child=1 3 -2 4 -1 20 -7 11 -8 10 12 -6 13 14 15 -4 29 -14 21 -10 -5 -19 -13 -24 25 -12 28 -28 -16 -17
right_child=2 -3 9 5 7 6 8 -9 19 -11 24 22 17 -15 26 16 -18 18 -20 -21 -22 -23 23 -25 -26 -27 27 -29 -30 -31
leaf_value=0.004673641464593598 0.031877126596574192 -0.020227339859560118 0.0064789278674481495 0.044797485395448283 -0.021840308030853486 -0.017264388431813948 -0.026152597412106474 0.035770634631712359 0.041895748655113384 -0.015659287864668997 -0.014838057185974333 0.0037103867121052788 0.018377934811105286 -0.012992455086117807 0.029552238397580519 0.006001046883197512 0.048487180050976943 0.0054361511920109629 -0.0025250954416795902 0.0023364684797716711 -0.017134403036343494 0.041750354966467541 0.054579855304200453 0.0044511195570919931 0.0092170919496556997 -0.060570470918455389 -0.03037577860187797 0.0053377049377707139 -0.018768253685154276 -0.031970785611773314
leaf_weight=483.70768485963345 40.552064448595047 76.943064458668232 100.45945717394352 37.681073978543282 31.040142983198166 190.6059877499938 27.512372486293316 167.10563853383064 45.714550465345383 288.39656242728233 172.87867663800716 77.586979627609253 172.857048407197 432.55799011141062 95.248996503651142 27.685688778758049 11.709841057658194 81.344206802546978 560.26340281963348 51.833081379532814 12.482686318457125 39.9092787951231 39.802931383252144 25.522037580609322 47.648349173367023 25.180618017911911 36.709831610321999 352.88622383773327 18.624696210026741 129.68662233650684
leaf_count=2161 179 347 412 273 128 929 134 1178 206 1384 761 339 800 2172 464 115 53 357 2413 224 64 202 184 124 248 116 165 1556 92 548
internal_value=-1.88843e-05 0.00637303 -0.00309411 0.0080921 0.0122873 -0.00136602 -0.00625301 0.0230854 0.0105296 -0.00364081 -0.00213751 0.0108995 -0.000619988 -0.00426985 0.0006111 -0.0102448 -0.0201811 0.00453017 0.00101789 0.0208755 0.0293864 0.0173886 0.0180105 0.0349949 -0.01486 -0.0206523 0.00642299 0.00197259 0.0216491 -0.0252906
internal_weight=3902.14 1267.54 2634.6 1190.6 824.765 365.83 315.666 341.058 125.06 2594.05 2305.65 173.952 2059.94 1205.57 773.011 269.542 169.082 854.374 681.517 97.5476 50.1638 121.253 142.912 65.325 245.708 198.059 503.47 389.596 113.874 157.372
internal_count=18328 6291 12037 5944 4114 1830 1493 1953 564 11858 10474 775 9349 5577 3405 1128 716 3772 2972 430 337 559 647 308 1125 877 2277 1721 556 663
is_linear=0
shrinkage=0.05


Tree=43
num_leaves=31
num_cat=0
split_feature=4 22 7 21 23 21 13 0 24 10 19 7 2 19 10 2 0 19 6 3 7 0 2 24 24 2 19 2 10 7
split_gain=27.8108 22.4389 18.3166 20.2148 15.9658 14.758 14.0463 13.014 12.4378 11.9383 10.7204 31.8866 12.1202 11.9208 11.088 10.5793 14.8754 12.5162 11.8222 11.7999 11.5594 20.1661 22.2644 16.6532 15.5338 13.3103 26.9608 17.6848 16.3006 17.5623
threshold=-1.4902259111404417 0.16682653443122344 -0.20354226209396539 1.7378847599029543 0.21443941712113326 0.61510634422302257 -1.2089949846267698 0.43041278759438584 0.38266666666666677 0.48863049095607242 -0.11046007275581358 -0.1259474575522069 -0.026252312058175183 -0.081526506692171083 0.65419580419580436 0.022057665586149366 0.4978274741685122 0.0098698744550347346 0.49833420226594799 0.25054972017319294 0.0080827360103259017 0.48488937684268846 0.0084477243169537829 0.75866666666666671 0.83466666666666678 0.001568627692214947 -0.051939122378826134 0.0111306614532421 0.64570147679324907 -0.087863242316536916
decision_type=8 2 8 8 10 10 2 2 2 10 2 10 2 2 8 2 2 2 2 2 8 2 2 2 2 2 2 2 10 10
left_child=1 10 -2 5 -3 8 -7 -8 -4 -6 11 -1 14 -14 -12 20 17 19 -18 -17 24 22 -22 -23 25 28 -27 -28 -9 -30
right_child=2 4 3 -5 9 6 7 15 -10 -11 12 -13 13 -15 -16 16 18 -19 -20 -21 21 23 -24 -25 -26 26 27 -29 29 -31
leaf_value=0.04507143585573304 0.030537848603858189 0.0030648816987818061 -0.0053791956308678023 -0.018176767013107612 -0.055036042317642565 0.0065435482382257895 0.037129627825852607 -0.00059209979160703189 0.01702744666104988 -0.010124896618702969 0.01138906576489555 -0.028545267274385069 0.056742650106064746 0.017349566988941762 -0.034145598775135226 -0.015442298116612165 0.058232028789312787 -0.012006256488349368 0.010018920434464423 0.037191069843493012 0.023662015857475661 -0.022051774852205931 -0.034760703681667671 0.01415096577501334 -0.033934493254459124 0.054610117376190703 0.0069567728788895184 -0.016170629717357419 -0.0050033262564389384 -0.029976276051474321
leaf_weight=21.639139376580715 40.222536340355873 623.46839692443609 97.107071772217751 214.16189865022898 18.720935046672821 296.57028759270906 17.981635451316833 354.58345040678978 170.98938486725092 70.596959911286831 36.70558100938797 45.932671770453453 20.163688778877258 403.78666734695435 21.028543293476105 16.389817401766777 19.645985960960388 112.77363170683384 36.038662523031235 30.399869814515114 62.316115587949753 340.47447355091572 22.08758008480072 35.0340246707201 42.518868774175644 24.446929037570953 299.44799344241619 114.17482125759125 150.47937341034412 132.29521621018648
leaf_count=178 179 2972 405 1198 84 1410 78 1535 787 315 158 263 170 2062 89 69 86 470 162 130 258 1471 91 172 263 110 1384 470 683 626
internal_value=-1.64096e-05 0.00608503 -0.00294412 -0.0034641 0.000232529 -0.00213784 -0.00354333 -0.00519508 0.00891155 -0.0195382 0.01368 -0.00497032 0.0162963 0.0192232 -0.00519606 -0.00561952 0.00477873 -0.00298616 0.0270289 0.0187543 -0.00703803 -0.0137103 0.00837339 -0.0186741 -0.0042931 -0.00312118 0.00358838 0.000572775 -0.0077328 -0.0166868
internal_weight=3892.18 1262.04 2630.14 2589.92 712.786 2375.76 2107.66 1811.09 268.096 89.3179 549.256 67.5718 481.684 423.95 57.7341 1793.11 215.248 159.563 55.6846 46.7897 1577.86 459.912 84.4037 375.508 1117.95 1075.43 438.07 413.623 637.358 282.775
internal_count=18328 6291 12037 11858 3371 10660 9468 8058 1192 399 2920 441 2479 2232 247 7980 917 669 248 199 7063 1992 349 1643 5071 4808 1964 1854 2844 1309
is_linear=0
shrinkage=0.05


Tree=44
num_leaves=31
num_cat=0
split_feature=4 22 10 15 2 13 9 22 8 23 23 4 23 0 20 0 18 6 20 9 10 23 8 15 20 2 24 4 19 8
split_gain=25.1749 20.4491 16.3134 15.3924 19.3199 20.2348 15.6836 15.1078 14.4183 14.4002 13.8212 13.9355 13.7906 13.4637 13.3902 24.0887 12.7312 12.3446 12.8608 12.181 11.3663 10.7686 10.5966 10.5515 9.61884 14.2113 12.548 10.4913 10.2418 11.7414
threshold=-1.4902259111404417 0.16682653443122344 0.85913535276073627 -0.52464190125465382 0.022057665586149366 -1.2089949846267698 11.982847961590199 0.93132417518617994 0.83619722723960888 0.21443941712113326 -0.63920287480289162 -1.0818892121315 -1.3145025162307789 0.49500980973363767 0.74685418605804454 0.49930206506916036 0.36648375301187369 0.49265286465775471 0.6796756684780122 12.328310113789106 0.69131920710868089 -0.9719240919076505 -0.30507721006870264 -0.4504826664924621 0.2127705514431 0.001568627692214947 0.71200000000000008 0.7193712890148164 -0.11046007275581358 0.27314096689224249
decision_type=8 2 10 8 2 2 10 2 10 10 10 10 8 2 2 2 2 2 2 10 10 10 10 8 2 2 2 10 2 10
left_child=1 14 3 7 5 -5 22 -2 17 -3 11 -4 19 -9 15 -1 -15 -8 -19 -7 -11 -20 -6 -16 26 28 27 -14 -26 -30
right_child=2 9 10 4 6 12 8 13 -10 20 -12 -13 24 16 23 -17 -18 18 21 -21 -22 -23 -24 -25 25 -27 -28 -29 29 -31
leaf_value=0.013614182902229316 0.0085660147575316366 0.0029126257636601701 -0.022975741125746546 0.0093634351508112158 -0.0083541295870318989 0.020644260427890349 -0.041645707850349718 0.0069760207546755264 0.034736036407111363 -0.028588066784628687 -0.026978405419272031 0.0419183002758685 0.00044455478367995708 0.010279324839439052 0.033553335543266852 -0.019795768436219299 -0.044165092036401316 0.024172088185935244 0.020615186809105294 -0.011362202949106805 0.01311740396233225 -0.022164356547420345 0.032307974603846309 0.011231857266275487 -0.050706474281153727 -0.0067089185201814243 -0.023558610205735981 0.035435619956026433 -0.01910157077936114 0.011907311593293071
leaf_weight=265.91696044802666 509.36445141583681 623.26228851824999 16.455024085938931 185.83530267328024 20.063878104090691 73.901426285505295 21.992173284292221 47.342697769403458 23.938639983534813 67.861268527805805 116.15055494010448 16.637107260525227 173.65025387704372 14.705669559538363 110.93913359940052 67.683392681181431 39.792374774813652 35.72694730758667 19.370396256446838 49.730859734117985 21.517180606722832 61.149187684059143 79.542563669383526 101.2732767239213 23.366794131696224 592.9657843708992 48.738400250673294 24.436355888843536 396.89414607733488 33.071003116667271
leaf_count=1258 2362 2972 103 872 88 336 90 198 101 295 839 85 738 65 708 389 179 151 82 211 104 257 359 565 116 2620 209 104 1731 141
internal_value=-1.51096e-05 0.00579904 -0.00280266 -0.00183483 -0.00409225 -0.0061494 0.00850123 0.00505103 -0.00108991 0.000221089 -0.0188567 0.00964981 -0.00818422 -0.0125294 0.0130819 0.00683572 -0.0294739 -0.00729385 -0.000794975 0.00776972 -0.0185478 -0.011873 0.0241173 0.0229009 -0.00970953 -0.011804 -0.000830931 0.00476112 -0.0184685 -0.0167165
internal_weight=3883.28 1258.45 2624.82 2475.58 1864.37 1602.59 261.784 611.205 162.177 712.641 149.243 33.0921 1416.76 101.841 545.813 333.6 54.498 138.239 116.247 123.632 89.3784 80.5196 99.6064 212.212 1293.12 1046.3 246.825 198.087 453.332 429.965
internal_count=18328 6291 12037 11010 8206 7078 1128 2804 681 3371 1027 188 6206 442 2920 1647 244 580 490 547 399 339 447 1273 5659 4608 1051 842 1988 1872
is_linear=0
shrinkage=0.05


Tree=45
num_leaves=31
num_cat=0
split_feature=23 2 3 3 0 20 6 0 21 3 12 15 7 8 15 6 7 7 20 16 7 0 3 0 14 2 0 10 15 14
split_gain=32.2464 19.5204 21.5361 32.3499 44.9641 25.5468 19.8367 19.3664 17.8674 18.5308 20.6014 20.1203 18.0852 18.2443 17.5295 16.393 16.048 30.4269 19.8707 17.755 16.0429 15.7964 15.475 14.0459 13.8113 15.8305 15.6925 13.8843 13.5361 13.4592
threshold=-1.0635074149542532 0.022057665586149366 0.33905686345198499 0.44316177315559646 0.49846477742302947 0.90630987286567699 0.50043617037465393 0.47461603633560756 2.369360208511353 0.42195648925978302 0.39973285396574404 -0.57152572274208058 -0.036983941691363743 -0.23634676635265348 -0.64827609062194813 0.49540247418438443 -0.083693895147875133 -0.0099883392843806099 0.59704288840293895 0.0018662449438124897 -0.048121826238148042 0.49853310954954294 0.32651841858887887 0.49382959133475141 -0.0020341666666666663 0.00075758271425816588 0.49928046020174388 0.43837616822429909 -0.53565809130668629 -0.0063358333333333313
decision_type=8 2 2 2 2 2 2 2 10 2 2 8 8 8 10 2 10 10 2 10 10 2 2 2 2 2 2 10 10 2
left_child=24 2 21 5 14 7 -6 28 9 15 -11 -12 13 -13 -5 -9 19 23 -19 -3 -16 22 -2 -18 25 26 -1 -27 -4 -17
right_child=1 16 3 4 6 -7 -8 8 -10 10 11 12 -14 -15 20 29 17 18 -20 -21 -22 -23 -24 -25 -26 27 -28 -29 -30 -31
leaf_value=0.012818577600974308 -0.0098490222907369265 0.0606782747531237 -0.059318886434379131 0.012842989705684496 -0.027732798424662454 0.032641738691978305 0.043767604914279196 0.021156649004176888 -0.044480960347651255 -0.051541322670019624 0.037883879134640489 0.018661689839254408 0.028318624522622654 -0.025712871977948942 -0.013344882767129 0.012171952786504764 -0.060712070808287499 0.036819477894627521 0.0027363364141629598 -0.011781957856024292 0.00584975155934478 0.0024509884619201626 -0.028845945652753276 -0.000444540427377076 -0.0015163206011114454 -0.027212850611650127 -0.013443770160617031 0.026582666226720914 0.00072391400822422174 -0.0066031559114267287
leaf_weight=219.51275349408388 610.71681709587574 28.611977450549603 20.526143968105316 180.79650673270226 251.16303005814552 79.864114008843899 10.090174064040182 86.485444709658623 18.135067388415337 10.624492511153219 94.225640431046486 42.553451493382454 68.60121850669384 50.833804771304131 269.06310782581568 123.90912264585495 22.533040076494217 61.592453211545944 139.8861785531044 11.999501451849936 182.82844959199429 206.61951076239347 130.02688305079937 16.932592123746872 211.60831537097692 12.706367932260035 76.774474248290062 213.9985928311944 17.296379074454308 415.66323051601648
leaf_count=1044 2558 136 84 893 1395 584 54 380 88 51 564 285 332 240 1310 554 93 265 598 53 832 967 552 71 920 64 433 1042 71 1835
internal_value=-0.000172041 -0.00237097 -0.00360348 -0.000563166 -0.0075206 0.00548275 -0.0249713 0.0031968 0.00465227 0.00565018 0.0166833 0.0195124 0.00882611 -0.00549287 -0.000314763 0.000947627 0.0101925 0.00529178 0.0131556 0.0392684 -0.00557903 -0.00977375 -0.0131837 -0.0348545 0.00926179 0.0136227 0.00601343 0.0235675 -0.0318611 -0.00229158
internal_weight=3886.18 3151.58 2870.02 1922.66 893.941 1028.72 261.253 948.854 911.031 892.896 266.839 256.214 161.988 93.3873 632.688 626.058 281.556 240.944 201.479 40.6115 451.892 947.363 740.744 39.4656 734.601 522.992 296.287 226.705 37.8225 539.572
internal_count=18348 14845 13629 9552 4484 5068 1449 4484 4329 4241 1472 1421 857 525 3035 2769 1216 1027 863 189 2142 4077 3110 164 3503 2583 1477 1106 155 2389
is_linear=0
shrinkage=0.05


Tree=46
num_leaves=31
num_cat=0
split_feature=23 21 4 18 11 3 7 21 14 9 10 20 15 0 19 20 9 0 15 14 4 10 3 8 3 11 0 23 20 3
split_gain=29.1753 18.3938 16.8823 19.9438 19.0172 20.3567 14.6619 13.9941 12.9262 12.3331 13.7674 13.4608 12.4114 12.3829 12.4336 11.3308 14.7826 13.2374 12.7236 12.6851 12.7872 12.0067 11.2138 10.8616 16.0551 17.6665 13.8437 15.3666 13.5099 17.8543
threshold=-1.0635074149542532 1.7378847599029543 -2.132232546806335 0.45212023425518238 -0.21633359630042906 0.29290495880000555 -0.11105511514057682 0.61510634422302257 -0.00046416666666666682 12.263047753191918 0.63476800976800984 0.88051944971084606 -0.52824723720550526 0.49677439713405092 -0.080389253795146928 0.66178312897682201 12.912761290383608 0.49853310954954294 -0.16510527580976483 -0.00057003333333333322 -1.1273482441902158 0.85913535276073627 0.4443448086351654 0.069968331605196013 0.37493347288597062 -0.18487737129722603 0.50020933846765481 -0.85458323751426069 0.25235253572463995 0.58613024609717346
decision_type=8 8 8 2 2 2 10 10 2 8 8 2 8 2 2 2 10 2 8 2 8 8 2 10 2 2 2 10 2 2
left_child=8 2 6 4 5 -4 -2 -6 -1 11 13 23 -13 14 -11 18 17 19 21 20 -17 -9 -19 24 25 -5 27 -26 -29 -30
right_child=1 -3 3 9 7 -7 -8 15 -10 10 -12 12 -14 -15 -16 16 -18 22 -20 -21 -22 -23 -24 -25 26 -27 -28 28 29 -31
leaf_value=0.010709384215807532 0.022226419497422611 -0.014391223903693516 -0.039304679386742813 0.033133267536342582 0.018518057161280677 0.041643182292206933 -0.0001079083985564247 0.0077145947221308759 -0.014531973408032278 0.048861408335064471 -0.017743439323360789 0.047176051987274543 0.0053986004842308723 -0.017192230179766194 0.0022507693337251401 -0.00065242225664012955 -0.024258857636400226 0.01933473830080296 -0.01813342756658734 0.032878954969570724 -0.033959504132731931 -0.024514523873894759 -0.033459972958772337 0.0095031411169711547 0.021295344796168597 -0.019763622928756872 -0.036785917803645159 -0.017565580075660722 0.01608232784527509 -0.018234652598741484
leaf_weight=678.02440169453621 137.22648337483406 284.09900268167257 9.1074703782796842 16.777949973940849 104.39854276925325 52.75618202239275 158.19202748686075 497.11415927857161 54.821902558207512 16.61693312227726 363.19146710634232 20.636306136846542 128.34191346168518 74.961667835712433 102.94866132736206 58.428129822015762 100.32069803029299 83.685932628810406 61.824068494141102 14.280128121376036 56.85992656648159 30.681597754359245 11.43196154385805 107.80876252800226 77.41566339880228 266.58135677874088 25.182482607662678 109.73963434249163 116.08961167186499 56.275540798902512
leaf_count=3268 799 1520 40 72 477 269 754 2181 235 70 1593 137 650 335 423 252 445 498 276 61 248 210 73 479 355 1138 207 475 569 239
internal_value=-0.000162643 -0.00225739 -0.0010516 -0.00235595 0.00280913 0.0297262 0.0102667 0.00117504 0.00882116 -0.00612164 -0.0119942 -0.00258027 0.0111856 -0.00126007 0.0087286 -0.000804552 -0.00830036 -0.001175 0.00332724 -0.0115734 -0.0170794 0.00584107 0.0129895 -0.0052235 -0.00760002 -0.0166316 -0.000947696 0.00156258 -0.00385252 0.00487817
internal_weight=3875.82 3142.97 2858.88 2563.46 1080.89 61.8637 295.419 1019.03 732.846 1482.57 557.719 924.849 148.978 194.527 119.566 914.627 325.007 224.686 589.62 129.568 115.288 527.796 95.1179 775.871 668.062 283.359 384.703 359.52 282.105 172.365
internal_count=18348 14845 13325 11772 5030 309 1553 4721 3503 6742 2421 4321 787 828 493 4244 1577 1132 2667 561 500 2391 571 3534 3055 1210 1845 1638 1283 808
is_linear=0
shrinkage=0.05


Tree=47
num_leaves=31
num_cat=0
split_feature=23 2 4 5 12 17 9 19 3 7 10 7 10 4 2 16 21 2 2 12 7 9 4 8 21 10 17 3 14 3
split_gain=26.3712 17.8561 20.2243 21.217 17.8564 17.5825 16.8153 15.631 14.7902 25.828 23.8518 24.2164 14.3346 29.783 13.3025 13.0661 14.5916 12.8563 13.7423 12.5335 12.3051 12.2412 11.3465 13.2829 12.3459 11.1785 11.9489 10.956 16.1277 13.3779
threshold=-1.0635074149542532 0.022057665586149366 -1.8034777641296384 8.7264709472656268 0.46140366811917516 0.49166666666666675 12.653207261151577 -0.035150675103068345 0.33905686345198499 -0.043885729424994788 0.69823682012047672 -0.089822527424136572 0.46027742749054229 -0.75331902503967274 -0.095936535203973924 0.011054879985749723 1.0356155037879946 0.018158858160589722 0.015980994385815305 0.43434329403807137 0.14499513090455482 13.602229732565652 -0.1173248030245304 0.12343375012278558 0.68896216154098522 0.62418831168831179 0.44166666666666671 0.32684721520142668 -0.0058474999999999994 0.25331822828721418
decision_type=8 2 10 2 2 2 8 2 2 10 10 8 8 10 2 8 10 2 2 2 8 8 10 10 10 10 2 2 2 2
left_child=17 2 3 4 7 -5 15 -2 27 10 11 12 13 -10 -11 16 -3 18 -1 -16 -19 25 23 24 -13 -14 -27 28 -4 -30
right_child=1 6 8 5 -6 -7 -8 -9 9 14 -12 22 21 -15 19 -17 -18 20 -20 -21 -22 -23 -24 -25 -26 26 -28 -29 29 -31
leaf_value=0.0075858417799298363 0.025996222345516164 0.014442463839193988 0.015713374256640055 0.0096981239941332665 0.034934440762741138 -0.0092463954726849148 -0.0059570409242541362 -0.018633244838914924 -0.055233960627284612 0.046635338202674369 -0.018620219529188728 0.03264596061603732 0.027082417965506742 0.019968720484289462 -0.02215067031298492 -0.014909417254777978 0.04805642714461187 0.040490161790522949 -0.033854004632798231 0.0072257147282591347 -0.012381307651277068 -0.018652930235928615 -0.035785908111226998 0.025642345146347535 -0.013856606187583598 0.01822184974054827 -0.014511850624014165 -0.027495885983266063 -0.018834914148973383 -0.0033122919194734628
leaf_weight=644.84494651854038 36.938647449016571 105.06645029783249 58.986420273780823 219.10120093822479 89.479995623230934 277.72153290361166 104.86189037561417 41.844131536781788 25.170815601944923 19.78612594306469 323.72345028817654 15.120907112956045 119.64329277724028 27.603828087449074 39.57636733353138 24.032461747527122 46.606671839952469 52.39273339509964 20.646755531430244 439.80085308849812 13.930902346968649 27.944975033402443 41.628002896904945 26.829322412610054 254.45250716805458 70.828986003994942 45.975197345018387 93.747255340218544 305.14479897916317 254.62363014370203
leaf_count=3134 179 467 258 1135 561 1322 436 185 108 85 1847 64 582 116 190 102 211 224 84 2059 61 122 182 121 1117 397 206 402 1297 1094
internal_value=-0.000154265 -0.00214854 -0.0033311 0.00430539 0.0196509 -0.000891772 0.00988779 0.00229204 -0.00564962 -0.00279715 -0.00751683 -0.00203082 0.00789285 -0.0158991 0.00645874 0.0193441 0.0247715 0.00839231 0.00630018 0.00480046 0.0293848 0.0126419 -0.011342 -0.00790899 -0.0112482 0.0163405 0.00533757 -0.0115671 -0.00915369 -0.0117741
internal_weight=3868.06 3136.24 2855.67 665.086 168.263 496.823 280.567 78.7828 2190.59 1478.08 978.921 655.198 317.167 52.7746 499.163 175.706 151.673 731.815 665.492 479.377 66.3236 264.392 338.031 296.403 269.573 236.447 116.804 712.502 618.755 559.768
internal_count=18348 14845 13629 3382 925 2457 1216 364 10247 7196 4862 3015 1531 224 2334 780 678 3503 3218 2249 285 1307 1484 1302 1181 1185 603 3051 2649 2391
is_linear=0
shrinkage=0.05


Tree=48
num_leaves=31
num_cat=0
split_feature=23 21 12 12 14 2 3 10 19 7 13 15 21 2 9 4 24 19 10 9 6 14 2 10 4 24 14 6 21 6
split_gain=23.8408 16.3869 14.6283 23.2242 16.368 15.7726 17.2943 19.5629 22.8964 19.0043 16.1826 15.8147 17.9816 13.7048 15.4124 15.0505 13.6309 15.7636 15.6653 15.4551 13.5419 14.1618 12.933 12.6342 16.3703 12.2875 12.0046 14.7055 13.9436 12.0378
threshold=-1.0635074149542532 1.7378847599029543 0.45903258944910458 0.45721132058370345 -0.0063358333333333313 0.023106193540001301 0.35927348421992816 0.66819571865443439 -0.10135269165039061 0.033388128672727183 -0.63082420825958241 -0.42323505878448481 0.88679632544517528 -0.0089429046710095984 11.008768383428311 -1.4298173785209654 0.39066666666666672 -0.036005364730954163 0.47871376811594207 12.897432920939615 0.50034467741138844 -0.0020341666666666663 0.00089538924645665848 0.67879188712522065 -1.589364171028137 0.62400000000000011 -0.0031616666666666664 0.49914578248343316 1.3277236223220827 0.49990358657925188
decision_type=8 8 2 2 2 2 2 8 2 8 2 10 10 2 10 8 2 2 10 8 2 2 2 8 10 2 2 2 10 2
left_child=20 2 3 4 -2 6 26 10 9 -9 -8 13 -13 14 -10 -15 17 -6 -19 -18 21 22 23 -1 -25 -24 27 28 -4 -29
right_child=1 -3 5 -5 16 -7 7 8 11 -11 -12 12 -14 15 -16 -17 19 18 -20 -21 -22 -23 25 24 -26 -27 -28 29 -30 -31
leaf_value=0.012849217971439059 0.0098057674742081935 -0.013540770614599049 -0.00056338327277899946 -0.039304816965693573 0.00037673208839249993 0.022055451874824352 0.020685068883568969 -0.022654603051175795 0.020182845159570067 0.047378071987567619 0.00037336683290454782 0.021146161993868106 -0.029712590170721351 0.033206921377023517 -0.028154049215080509 0.0068445624891008781 0.008244101573936331 -0.034872515298227165 -0.011027123082100796 -0.013217271335561451 0.052105307077186226 -0.0041895739753167799 0.025559037823403092 0.012715514473944213 -0.025261050653914138 -0.0094830622903742962 -0.015087217874241797 0.030058972799661989 -0.041156188317548761 -0.013151395090842555
leaf_weight=181.70070247352123 197.99190368503332 282.06950563192368 101.85080103576183 46.742084354162216 243.99196480959654 96.479256115853786 260.40959445387125 141.23650593310595 26.968528211116791 10.40038079023361 157.29020754247904 24.855356901884079 57.781842358410358 82.186697982251644 42.448096826672554 158.6549843326211 273.2716064080596 83.889447569847107 384.85999457538128 121.04488446563482 16.98764780163765 204.21710309386253 184.00131881982088 51.191305346786976 63.672434501349926 28.952743470668793 226.48978960514069 58.767547629773617 26.701314494013786 22.209194347262383
leaf_count=863 960 1520 428 193 1080 431 1388 794 114 56 710 110 269 614 174 813 1178 376 1603 504 122 871 891 300 320 136 1009 293 114 114
internal_value=-0.000146171 -0.0020454 -0.000906293 -0.00467538 -0.00343508 0.00250237 0.0011532 0.00489639 -0.00134768 -0.0178512 0.0130364 0.00502183 -0.0144155 0.0101989 -0.00937505 0.0158407 -0.00580315 -0.00992985 -0.0152946 0.00165602 0.00798538 0.00693528 0.0113942 0.00464386 -0.00833604 0.0207948 -0.00710748 0.00151819 -0.00899484 0.0182078
internal_weight=3859.31 3128.59 2846.52 1351.79 1305.05 1494.73 1398.25 962.232 544.532 151.637 417.7 392.896 82.6372 310.258 69.4166 240.842 1107.06 712.741 468.749 394.316 730.723 713.736 509.519 296.564 114.864 212.954 436.019 209.529 128.552 80.9767
internal_count=18348 14845 13325 5894 5701 7431 7000 5042 2944 850 2098 2094 379 1715 288 1427 4741 3059 1979 1682 3503 3381 2510 1483 620 1027 1958 949 542 407
is_linear=0
shrinkage=0.05


Tree=49
num_leaves=31
num_cat=0
split_feature=23 10 18 6 8 9 11 8 17 3 6 14 10 2 0 23 9 2 3 3 0 23 24 24 20 19 6 19 3 3
split_gain=21.5783 15.737 16.4164 15.1193 14.5927 18.8644 17.6703 16.4011 12.8917 13.0487 12.6366 12.8307 12.2276 11.7649 14.8058 11.6132 11.3438 14.4606 16.5592 18.5718 19.8531 15.0202 13.7541 13.0326 12.5505 12.2466 11.9268 11.3017 15.7806 20.9598
threshold=-1.0635074149542532 0.85424836601307197 0.45212023425518238 0.49934232153361718 -0.1524313688278198 13.575151072693393 -0.2640062686899653 -0.41889977455139155 0.40833333333333338 0.41822199162051893 0.50034467741138844 -0.0020341666666666663 0.23132664437012265 0.00089538924645665848 0.49928046020174388 0.54547872082228432 12.263047753191918 0.0088732374734366102 0.37493347288597062 0.43252136641009647 0.48060254307629235 -0.85458323751426069 0.36400000000000005 0.79600000000000015 0.88308528065681469 -0.036005364730954163 0.49424651836724315 0.032987531274557121 0.45214268138025032 0.20703218141384991
decision_type=8 10 2 2 10 10 2 8 2 2 2 2 8 2 2 10 8 2 2 2 2 10 2 2 2 2 2 2 2 2
left_child=10 2 4 -3 6 27 -2 8 9 -8 11 13 -4 14 -1 16 17 18 24 20 -20 -21 -19 -24 25 -14 -27 28 29 -6
right_child=1 3 12 -5 5 -7 7 -9 -10 -11 -12 -13 15 -15 -16 -17 -18 22 19 21 -22 -23 23 -25 -26 26 -28 -29 -30 -31
leaf_value=0.011077758762173741 0.048897127821368506 -0.022649976529765289 0.042725296176622039 0.028018050311418182 -0.019132781891828904 -0.0095169111442286007 0.0068195651933541717 -0.0080532378925217106 -0.0011995295431182381 0.04817468599054809 0.050767366446496758 -0.0039792272504841171 -0.0026083732225361568 0.019852126641502668 -0.014362986360932606 -0.02348657448139177 -0.0092407005277479679 -0.0065622623982332547 -0.053849653344830661 0.01721362245210049 0.017914953731669341 -0.01032761578717906 0.040615760499469439 0.0045801917681717371 0.0081774623983510795 -0.0018563826499645737 -0.030806597219320549 0.028194892054848888 -0.011374327243229336 0.020691378340631922
leaf_weight=218.54755766689777 16.864572755992413 140.90989471971989 13.737413063645361 16.441102832555771 38.563664361834526 107.22333218157291 43.17828094214201 463.31754434853792 117.46762745827436 34.168238133192062 16.574195586144924 204.26050057262182 113.49173499643803 211.9474351555109 77.457647643983364 77.993495255708694 596.93083846569061 55.758702829480171 10.137631282210348 61.509566694498062 195.2018214315176 253.65132668614388 55.611279159784317 45.716872036457062 68.276670165359974 47.755004063248634 139.49996468424797 104.88144397735596 71.944252848625183 230.64975003898144
leaf_count=1046 89 1032 66 73 163 460 199 2127 566 242 122 871 479 1027 437 349 2592 233 43 303 1065 1234 255 201 369 198 613 518 313 1063
internal_value=-0.000138326 -0.00194728 -0.00112915 -0.0173558 0.00329411 0.00931384 -0.00163998 -0.00293499 0.0092375 0.0250884 0.00760816 0.00660378 -0.00426002 0.0108595 0.00442051 -0.00463495 -0.00374036 -0.000603256 -0.00307306 0.00267111 0.0143719 -0.00495243 0.0133823 0.0243574 -0.0111751 -0.0155686 -0.0234235 0.0138406 0.00942765 0.0149867
internal_weight=3849.67 3120.88 2963.53 157.351 1228.26 553.262 674.996 658.132 194.814 77.3465 728.787 712.213 1735.27 507.953 296.005 1721.53 1643.54 1046.61 889.524 520.5 205.339 315.161 157.087 101.328 369.023 300.747 187.255 446.039 341.158 269.213
internal_count=18348 14845 13740 1105 5740 2517 3223 3134 1007 441 3503 3381 8000 2510 1483 7934 7585 4993 4304 2645 1108 1537 689 456 1659 1290 811 2057 1539 1226
is_linear=0
shrinkage=0.05


Tree=50
num_leaves=31
num_cat=0
split_feature=23 14 19 10 0 19 5 8 15 17 2 5 22 3 3 0 0 19 8 12 21 0 7 24 0 0 19 7 15 2
split_gain=18.3088 18.6013 15.8983 18.7996 18.8785 16.0745 17.9057 15.1951 13.8717 12.8631 12.8276 13.445 12.1624 11.8898 32.8399 32.6354 19.8253 16.2005 18.2987 14.5432 13.8797 13.4445 17.0019 13.7692 12.9849 12.5879 18.973 18.9085 15.7603 13.7612
threshold=-1.0566554336461926 -0.00057003333333333322 0.038697345182299621 0.61938296445338714 0.49221104866944154 -0.20324503630399701 12.601991176605226 -0.14108612388372418 -0.64094984531402577 0.45833333333333343 0.0028805146482628412 8.1802024841308612 1.8833694146013722 0.44316177315559646 0.38581053057056897 0.49894670313421391 0.47168955894199943 -0.15793292969465253 0.17509621381759646 0.39973285396574404 0.57633572816848766 0.48392839528654791 -0.062181301444952472 0.06266666666666669 0.49961538182747189 0.50033014228489436 -0.073731154203414903 -0.11637888416199782 -0.32432802021503443 0.00076753610895125013
decision_type=8 2 2 8 2 2 2 8 10 2 2 2 2 2 2 2 2 2 10 2 10 2 8 2 2 2 2 8 8 2
left_child=1 10 5 7 -5 8 13 -4 -2 -3 -1 -12 -8 14 17 21 -16 -7 20 -18 -19 22 -15 -23 -17 26 27 -21 29 -28
right_child=2 9 3 4 -6 6 12 -9 -10 -11 11 -13 -14 15 16 24 19 18 -20 25 -22 23 -24 -25 -26 -27 28 -29 -30 -31
leaf_value=0.004643867280869937 0.038040622617504252 -0.045783950943895313 0.0042263097891945276 -0.018475521115230265 0.0089560377736754952 -0.060235094942523132 -0.024536772143462688 0.040134301841584605 0.00022660271989880844 0.0010412377749684804 -0.021511137745374876 0.022592781695735378 0.0069706214000860196 -0.015347486085494945 -0.043171598251804062 -0.048963802513963296 -0.044253930507202902 0.019470784298741904 0.011415262967268256 0.047222079515148528 -0.0076195416953734971 -0.030410882503637184 0.029697559946972613 -0.0025021777743221719 -0.018232564284039708 0.051321817288251519 0.017814429279736293 -0.0098330400698921766 -0.0033802866955418747 0.044855488919094653
leaf_weight=444.07981941103935 43.526938281953335 26.121157363057137 52.584012746810913 88.64124596118927 214.47870455682278 12.890058070421217 154.51404741406441 67.002525344491005 54.771309301257133 33.445673674345016 18.776572659611702 216.81453764438629 38.201854310929775 31.06059955060482 16.243858173489571 49.380934007465839 10.805701017379759 49.626862958073616 168.39996635913849 16.541522607207298 1000.4298751205206 49.879119098186493 64.341849312186241 387.78473839908838 113.09862689673901 22.00218141824007 157.551642999053 118.90559607744217 57.829592749476433 67.0807820931077
leaf_count=2209 260 110 232 368 1034 54 807 303 257 147 92 1007 168 137 66 286 53 210 725 125 4420 207 268 1839 698 217 906 506 281 408
internal_value=0.00022656 0.00729898 -0.00145584 0.00755731 0.000934238 -0.00287488 -0.00362908 0.024345 0.0169708 -0.0194925 0.009647 0.0190777 -0.0182911 -0.00244872 -0.000193633 -0.00795496 0.0110969 -0.0044753 -0.00388542 0.0130527 -0.00633922 -0.00197552 0.015032 -0.00568284 -0.0275724 0.0144603 0.0125196 -0.00286517 0.019897 0.0258896
internal_weight=3846.81 739.238 3107.57 422.706 303.12 2684.87 2586.57 119.587 98.2982 59.5668 679.671 235.591 192.716 2393.85 1698.31 695.546 466.961 1231.35 1218.46 450.717 1050.06 533.066 95.4024 437.664 162.48 439.911 417.909 135.447 282.462 224.632
internal_count=18400 3565 14835 1937 1402 12898 12381 535 517 257 3308 1099 975 11406 7971 3435 2562 5409 5355 2496 4630 2451 405 2046 984 2443 2226 631 1595 1314
is_linear=0
shrinkage=0.05


Tree=51
num_leaves=31
num_cat=0
split_feature=13 7 10 19 15 7 5 11 2 23 24 3 12 19 6 7 10 10 12 6 7 2 10 24 20 15 24 19 23 5
split_gain=22.2209 20.0262 19.2953 17.864 20.9349 23.2743 24.9696 17.3804 22.771 16.679 16.2 15.7514 20.1057 13.3485 18.2893 17.6927 11.8338 11.3223 16.8979 17.6817 12.1856 17.2589 22.2688 11.4019 14.614 11.2937 14.2521 11.2907 10.9557 10.8486
threshold=-1.2447778582572935 -0.095372120756067949 0.76557112068965527 -0.11046007275581358 -0.28358666598796839 -0.1128549387135117 11.138949871063234 -0.093431290354618571 -0.0063488916158882898 -0.34628406322005229 0.75866666666666671 0.34073419772493813 0.49884080353635546 -0.073731154203414903 0.49866220409903456 -0.065599416029586272 0.46802721088435378 0.65039682539682553 0.46988148131370905 0.49990358657925188 -0.066903416836140081 0.0016953468713901845 0.46027742749054229 0.040000000000000001 0.26070210337638861 -0.49414770305156702 0.16400000000000001 -0.083575587719678865 -1.3781216539008267 8.0596575736999529
decision_type=2 8 10 2 10 10 2 2 2 8 2 2 2 2 2 10 10 8 2 2 10 2 10 2 2 8 2 2 10 2
left_child=1 2 -1 4 5 6 -2 8 16 17 11 -3 13 14 -13 -15 -5 18 19 23 21 22 -20 24 -9 -10 -27 -11 -25 -24
right_child=3 10 -4 7 -6 -7 -8 9 25 27 -12 12 -14 15 -16 -17 -18 -19 20 -21 -22 -23 29 28 -26 26 -28 -29 -30 -31
leaf_value=0.02306419577579491 0.035594801849611009 -0.016986637449215032 -0.016023997722397584 -0.065005876890626826 0.04915950326370528 -0.027844950922650907 -0.010994068877654454 0.020424795033022771 0.024768069347028285 0.020506661919662956 0.051288732203102386 -0.031115726909690083 -0.034283115362715791 0.0045967419824143301 0.012105071978842433 0.04565952500108697 -0.0082225904145917551 -0.0034445841122674758 0.046815727783328265 -0.033053160841948502 0.029907694743158849 -0.023624334765087934 -0.044648715863087565 0.038277228825534651 -0.025188796052426812 -0.0072458164749221775 0.013987546922796213 -0.010058507969094521 0.004163007157938106 0.0084201107416386374
leaf_weight=257.72173639386892 35.520653918385506 110.73677655309439 35.979409612715244 10.139456525444983 13.515206232666968 166.41196233779192 151.10388311743736 23.797362521290779 126.09933461993933 31.662049598991871 15.268506303429602 35.124416813254356 27.95245548337698 56.730565011501312 80.741633422672749 48.795760914683342 96.500899896025658 783.90120828151703 39.729336597025394 38.006294190883636 94.316565096378326 35.277770474553108 11.146698839962481 25.425853118300438 66.994620189070702 114.21743493527174 256.50856846570969 660.63589748740196 316.41468393802643 70.784673035144806
leaf_count=1450 233 471 190 44 57 951 891 97 678 141 76 147 217 263 447 272 417 3457 271 170 486 170 51 112 286 531 1242 2914 1357 311
internal_value=0.000216782 0.00849651 0.0182758 -0.00153176 -0.0119116 -0.0142496 -0.00212671 -0.000173669 0.00734251 -0.00223716 0.000844513 -0.00129447 0.0056746 0.0107196 -0.000997173 0.0235843 -0.0136216 0.000716055 0.00523407 -0.0003553 0.0157038 0.0071676 0.0160963 0.00251717 -0.0132331 0.0118423 0.00744573 -0.00866062 0.0067004 0.00120014
internal_weight=3837.16 669.051 293.701 3168.11 366.552 353.036 186.625 2801.56 603.466 2198.09 375.35 360.082 249.345 221.392 115.866 105.526 106.64 1505.8 721.894 470.639 251.255 156.938 121.661 432.633 90.792 496.825 370.726 692.298 341.841 81.9314
internal_count=18400 3533 1640 14867 2132 2075 1124 12735 2912 9823 1893 1817 1346 1129 594 535 461 6768 3311 2022 1289 803 633 1852 383 2451 1773 3055 1469 362
is_linear=0
shrinkage=0.05


Tree=52
num_leaves=31
num_cat=0
split_feature=13 7 19 0 15 22 2 24 23 8 4 17 0 6 20 19 17 16 19 19 0 20 0 23 15 19 6 6 7 15
split_gain=20.1672 18.55 16.2467 27.7599 24.0213 15.7619 20.9272 14.7677 12.8506 12.1515 13.8754 12.0878 16.8886 14.8165 11.8396 13.374 12.7702 13.8097 11.5462 11.427 12.9 11.3817 12.8912 11.244 11.2246 15.4614 11.1813 13.6014 10.9342 10.8309
threshold=-1.2447778582572935 -0.08233100417663046 -0.11046007275581358 0.49848975125511941 -0.27073305845260615 -0.15483720879430554 -0.0063488916158882898 0.75866666666666671 0.4816881151729886 -0.22785007953643796 -2.4566400051116939 0.75833333333333341 0.49937277637005684 0.49341999662076547 0.25235253572463995 -0.036005364730954163 0.091666666666666688 -0.017849120311439034 -0.15793292969465253 0.0072792924474924811 0.50023131683629563 0.58544129133224498 0.49818511647286778 -0.77958547305867909 -0.62846946716308583 -0.083575587719678865 0.49868809318712037 0.49972428985824541 -0.10704703023566711 -0.49414770305156702
decision_type=2 8 2 2 10 2 2 2 10 10 8 2 2 2 2 2 2 8 2 2 2 2 2 8 10 2 2 2 8 8
left_child=1 18 3 -2 23 6 28 19 9 10 -7 13 -13 -12 16 -16 -15 -18 -1 20 26 24 -23 -5 -20 -26 -3 -28 -4 -8
right_child=2 7 5 4 -6 8 29 -9 -10 -11 11 12 -14 14 15 -17 17 -19 21 -21 -22 22 -24 -25 25 -27 27 -29 -30 -31
leaf_value=0.039393285535125402 0.00093430819429254387 -0.0063944434067537389 0.010286776010560217 -0.05691446418749975 0.050371110512903244 0.017562382294763978 0.020467344136415461 0.048479059525705706 -0.024372495659496493 0.0020861291057689964 0.014857432569606447 -0.022462637810449222 0.017984198043179671 0.020160124232929531 0.013337808828384241 -0.0083291531963282373 -0.076694589996272711 -0.021742447114888892 -0.0058023049896191317 -0.035585892680134644 -0.028341357327843708 -0.0012636415066495754 0.036407427988348444 -0.024344529596904432 -0.0095471104272486576 0.038198075320569708 0.022562563320509453 -0.017225644905688498 -0.01578660420186603 0.0058879297707416928
leaf_weight=47.224236130714417 202.63732675462961 128.90593962371349 54.939260944724083 34.182917036116123 9.4793474823236448 58.12871365994215 167.32920027896762 14.885256454348562 66.371470853686333 916.84901721030474 88.992395803332329 204.57013708353043 29.534736670553684 13.159107491374014 88.875566832721233 358.5285907164216 14.615219876170157 52.506319060921669 102.98596962541342 24.085394650697708 34.831143014132977 32.15887950360775 77.292518578469753 117.88235028833151 27.445053607225418 44.367886900901794 103.99792691320181 27.069835901260376 149.98000808060169 533.66066079586744
leaf_count=343 1173 555 236 210 40 278 893 75 292 4054 373 877 172 57 402 1601 62 222 458 104 274 135 599 709 118 208 533 131 645 2571
internal_value=0.000207468 0.00812046 -0.00145722 -0.0113912 -0.0268521 -0.00016425 0.00525926 -0.000200003 -0.0027609 -0.00197526 -0.00607212 -0.00768692 -0.0173599 -0.00401486 -0.00719761 -0.00402507 -0.0248782 -0.0337079 0.0164987 -0.00247226 0.000233106 0.0126951 0.025339 -0.031666 0.00477801 0.0199511 0.0040615 0.014345 -0.00879628 0.0093681
internal_weight=3827.47 665.25 3162.22 364.182 161.545 2798.04 905.909 333.775 1892.13 1825.76 908.911 850.782 234.105 616.677 527.685 447.404 80.2806 67.1215 331.475 318.89 294.805 284.25 109.451 152.065 174.799 71.8129 259.974 131.068 204.919 700.99
internal_count=18400 3533 14867 2132 959 12735 4345 1672 8390 8098 4044 3766 1049 2717 2344 2003 341 284 1861 1597 1493 1518 734 919 784 326 1219 664 881 3464
is_linear=0
shrinkage=0.05


Tree=53
num_leaves=31
num_cat=0
split_feature=13 3 5 10 0 2 7 7 20 4 6 6 12 21 20 7 7 9 10 10 7 3 4 21 12 0 16 12 5 12
split_gain=18.6765 14.8878 14.7916 14.5111 19.4294 14.0279 16.9972 20.2139 19.06 14.2715 12.8252 24.3454 13.8307 17.1303 12.892 18.3954 18.2818 19.3335 15.0786 12.055 12.1446 11.9309 14.9596 11.4574 11.4135 11.1948 10.9547 12.2818 10.8864 10.5638
threshold=-1.3705263733863828 0.32855473450937805 11.280124187469484 0.65345368916797497 0.47838114746294735 0.023106193540001301 -0.083693895147875133 -0.0099883392843806099 0.55921122431755077 -1.8360352516174314 0.49916943292412047 0.49916195261353852 0.49224440374580491 0.68298786878585827 0.79965293407440197 -0.1231903452605187 -0.049335181210418716 12.404700946106553 0.68588039867109651 0.78153409090909098 -0.098432858340495991 0.44046992965674953 -0.18753656744956967 1.4507131576538088 0.49884080353635546 0.49961538182747189 -0.018488324247300621 0.4676610980439509 10.50001096725464 0.48355598272297473
decision_type=2 2 2 10 2 2 10 10 2 10 2 2 2 10 2 8 10 8 10 10 8 2 10 10 2 2 8 2 2 2
left_child=1 -1 5 4 21 9 -7 28 -9 -2 11 12 13 -11 15 18 23 -18 -12 20 -3 22 -4 -16 25 -22 -6 -28 -8 -5
right_child=2 19 3 29 26 6 7 8 -10 10 14 -13 -14 -15 16 -17 17 -19 -20 -21 24 -23 -24 -25 -26 -27 27 -29 -30 -31
leaf_value=-0.0091763385077886176 0.007379280385889718 0.026463563635128435 -0.014707966616961266 -0.0056817250513041774 -0.018084771075165037 0.047420569408568647 -0.057278612799536277 0.04919972191221425 0.0053282901526945682 0.012393343523700449 0.035543105384547705 0.050771502691103122 0.014206930250901834 -0.0054897352191314351 0.016935601097148489 -0.025552686029368693 -0.0032812720329312311 -0.049934710444497661 -0.013713924888558021 -0.019548131214007482 0.0052603367175924213 0.058926986841935758 0.05481736363785792 -0.028758970545324586 -0.035127749088957751 0.038994019327555425 -0.0067695683406534942 0.017139639306077269 0.00079694496380741566 -0.018701139593680718
leaf_weight=84.674007877707481 495.20559767261147 161.92376435548067 21.008383736014366 431.9979961887002 85.222891241312027 31.670011758804321 16.043973490595818 32.702867761254311 101.89335072040558 160.01158555597067 25.437007963657379 23.667004436254501 140.37481850385666 821.0135531052947 117.18127699941397 178.2862069606781 83.059180751442909 30.3105239123106 39.920276492834091 24.859955102205276 137.253472417593 21.154354333877563 12.247568219900129 15.537038810551165 14.372061632573603 29.962943106889725 131.45007064938545 90.823099292814732 16.234341353178024 243.69331551343203
leaf_count=367 2578 979 87 2104 379 156 68 149 452 698 151 177 736 3518 660 936 355 129 178 152 615 90 51 74 109 203 555 420 68 1206
internal_value=0.00019812 0.00972888 -0.00108462 -0.00604985 0.00202961 0.00112788 0.013839 0.00746579 0.0159877 -5.69617e-05 -0.00230951 0.000586722 -0.000472421 -0.00257289 -0.00908136 -0.0172344 -0.00100932 -0.0157545 0.00545688 0.0140744 0.0165077 0.0295707 0.010897 0.0115862 0.00762998 0.011305 -0.00284368 0.00299998 -0.0280696 -0.0103773
internal_weight=3819.19 453.046 3366.15 1037.6 361.906 2328.55 198.545 166.875 134.596 2130 1634.8 1145.07 1121.4 981.025 489.732 243.643 246.088 113.37 65.3573 368.372 343.512 54.4103 33.256 132.718 181.588 167.216 307.496 222.273 32.2783 675.691
internal_count=18400 2425 15975 4892 1582 11083 893 737 601 10190 7612 5129 4952 4216 2483 1265 1218 484 329 2058 1906 228 138 734 927 818 1354 975 136 3310
is_linear=0
shrinkage=0.05


Tree=54
num_leaves=31
num_cat=0
split_feature=13 10 7 23 19 0 19 18 0 3 15 15 0 13 12 0 3 3 3 24 0 9 7 4 3 19 21 7 3 7
split_gain=16.9897 16.1447 15.7864 14.4985 15.0032 29.8073 14.8016 19.6691 14.14 21.5103 14.8528 18.9843 14.3362 13.8195 13.4786 11.9284 11.8555 11.558 11.5568 10.7105 10.6994 10.2818 14.835 11.627 10.1391 14.1704 11.1364 10.2064 12.9706 10.0108
threshold=-1.2447778582572935 0.77167919799498763 -0.095372120756067949 -0.54740423396492555 -0.1391445770859718 0.49853310954954294 0.038697345182299621 0.59708509056397807 0.49485323226677852 0.44363314679747595 -0.4923479557037353 -0.23498817533254621 0.49702668872601646 -0.49768936634063715 0.4436606902297075 0.49930206506916036 0.45591973462766494 0.44520005777841981 0.44202444723602691 0.01066666666666667 0.49894670313421391 12.284888225314701 -0.1667536023349325 -1.5517780780792234 0.34073419772493813 -0.052738055586814873 1.685859799385071 -0.074645550641978184 0.37634109058935078 -0.0091030936077299042
decision_type=2 8 8 10 2 2 2 2 2 2 8 10 2 2 2 2 2 2 2 2 2 10 8 10 2 2 10 10 2 8
left_child=1 2 15 4 5 -2 8 17 29 10 12 -12 -10 -9 19 -1 18 -8 24 -6 -11 22 23 -16 -4 26 -26 28 -27 -5
right_child=3 -3 16 6 14 -7 7 13 9 20 11 -13 -14 -15 21 -17 -18 -19 -20 -21 -22 -23 -24 -25 25 27 -28 -29 -30 -31
leaf_value=0.024457876379764064 0.0079501120166650639 -0.015896993325633279 -0.0088009939077955245 -0.0073741465980617831 -0.032335311454930904 -0.05482574420024669 0.0062779600902772327 0.033180176715255964 -0.011880118171693614 -0.016405636397431859 -0.016848511652505414 0.025572915497303346 0.014823307131101623 -0.024436213225398046 -0.049780833245043669 -0.0017369625334424132 0.04129316961542695 0.033799063987689358 -0.029814641075967568 -0.0019284982702206495 -0.039902250078750694 0.000431768772111615 0.012047261272211063 0.0077044756827669165 0.0035606913232236049 -0.014875842070980217 -0.050797698367985179 0.041301961356463288 0.047461172577665744 0.0082141168908581447
leaf_weight=212.8943914398551 42.565818279981613 66.31330431997776 104.65775988996029 221.40844832360744 30.611212894320488 34.024288676679134 118.32871772348881 12.402117773890494 84.376242093741894 125.8884712010622 295.91517791152 28.953752443194389 124.31646525114775 64.705549165606499 17.801348328590393 54.607781879603863 18.749271780252457 56.301273636519909 28.794091872870922 537.12184029072523 78.762283600866795 482.33318942040205 587.20494857057929 17.388163596391678 77.484253216534853 24.698513872921467 10.726587899029253 46.467295631766319 12.602493517100809 192.57614067196846
leaf_count=1249 230 364 452 949 130 174 525 56 559 549 1395 125 634 279 73 286 95 292 200 2316 505 2176 3006 74 394 111 46 270 66 820
internal_value=0.000189811 0.00749772 0.0101197 -0.00133528 0.00170241 -0.0199374 -0.00511969 0.0058638 -0.00751941 -0.0116674 -0.00638149 -0.0130677 0.00402688 -0.0151691 0.0026934 0.0191105 0.00270084 0.0151509 0.0003318 -0.00356798 -0.0254486 0.0059112 0.0101576 -0.0213757 0.00346963 0.0109369 -0.00304938 0.0256649 0.0061853 -0.000122844
internal_weight=3810.98 657.996 591.682 3152.99 1749.05 76.5901 1403.93 251.738 1152.2 738.212 533.562 324.869 208.693 77.1077 1672.46 267.502 324.18 174.63 305.431 567.733 204.651 1104.73 622.394 35.1895 276.637 171.979 88.2108 83.7683 37.301 413.985
internal_count=18400 3533 3169 14867 8179 404 6688 1152 5536 3767 2713 1520 1193 335 7775 1535 1634 817 1539 2446 1054 5329 3153 147 1339 887 440 447 177 1769
is_linear=0
shrinkage=0.05


Tree=55
num_leaves=31
num_cat=0
split_feature=4 7 23 19 18 14 7 0 3 5 7 15 19 16 19 12 7 24 8 19 17 19 3 15 1 24 10 24 12 7
split_gain=20.4889 16.0414 15.6084 16.1674 12.164 15.5043 12.424 10.3463 9.93194 9.80464 11.1666 12.7694 9.47389 9.40557 9.04875 18.2582 13.1872 18.9389 11.0018 10.6048 13.0515 16.0129 10.7283 10.3663 9.74685 9.53464 17.5933 16.5023 11.2718 9.26957
threshold=-2.132232546806335 -0.1128549387135117 0.055898904974456265 -0.18124802410602567 0.39025472514520426 -0.0039848583333333323 0.05151727461933911 0.50020933846765481 0.34533568145691368 13.283571720123293 0.00612818510937889 -0.4923479557037353 -0.097994647920131669 -0.018182340078055855 -0.11046007275581358 0.48825831202916664 -0.12789474052026839 0.19466666666666668 -0.21891313791275022 -0.035150675103068345 0.62500000000000011 -0.050567816942930215 0.36111950953220801 -0.51004546880722035 1.0000000180025095e-35 0.10266666666666667 0.63117408906882599 0.30266666666666669 0.49915634785083979 -0.18825281930432267
decision_type=8 10 8 2 2 2 10 2 2 2 10 8 2 10 2 2 10 2 8 2 2 2 2 10 2 2 8 2 2 8
left_child=1 -1 4 -4 5 13 -7 9 -3 10 -5 -12 -10 -2 16 19 17 -6 -18 20 24 -22 -23 -19 -16 26 -17 -27 -29 -21
right_child=2 8 3 7 14 6 -8 -9 12 -11 11 -13 -14 -15 15 25 18 23 -20 29 21 22 -24 -25 -26 27 -28 28 -30 -31
leaf_value=0.02158760173148027 0.0034466754545487942 -0.011958167315297932 0.022151133802652861 -0.01326795325706959 0.050029943742733451 -0.005436546021493468 0.015213192088547997 -0.049803256961958538 -0.019663011797866139 -0.039277445720458895 0.030927693916227541 -0.0053693710494846884 0.017429321913701678 0.019165567836607902 -0.0068265233982139316 0.030115293324419281 -0.035711913356588618 0.0029800252431114362 -0.0087438217662243762 0.025871984704935087 -0.017908337086114359 -0.0059628840207698189 0.040325552511625375 -0.048284511171372405 0.015507446007816547 0.028888859482375313 -0.017823897783141994 -0.0055590977367936563 0.023932554703928605 -0.0069281424172962618
leaf_weight=179.53915873914957 167.75111696124077 85.023481406271458 38.103739395737648 338.45771799981594 18.307127565145493 360.58984086662531 91.278811439871788 17.140522330999374 21.101174734532833 27.521983198821545 32.968651935458183 91.424270547926426 93.466044843196869 219.93706528097391 64.648704946041107 26.591260775923729 63.564745977520943 44.334923461079597 93.370164208114147 22.017437562346458 117.23534672707319 26.588093042373657 23.653995625674725 12.68198139965534 199.90990584343672 109.80303163453937 68.28389011323452 105.84221410751343 46.691874973475933 993.64094778895378
leaf_count=1094 846 366 203 1699 134 1629 434 110 121 148 146 393 495 1121 277 139 409 222 507 100 510 112 112 54 900 750 300 482 277 4293
internal_value=-0.000284973 0.0107436 -0.00150673 -0.00926015 -3.6171e-05 0.00502846 -0.00126524 -0.0116185 0.000989085 -0.0102838 -0.00855975 0.00425067 0.0105976 0.0123641 -0.00212341 -0.000928017 -0.0114129 0.00578408 -0.0196669 -0.00342604 0.00313537 -0.00778715 0.0158297 -0.00842249 0.0100498 0.00919585 -0.00438768 0.0141084 0.00346853 -0.0062171
internal_weight=3801.47 379.13 3422.34 545.617 2876.72 839.557 451.869 507.513 199.591 490.373 462.851 124.393 114.567 387.688 2037.17 1804.91 232.259 75.324 156.935 1447.69 432.036 167.477 50.2421 57.0169 264.559 357.212 94.8752 262.337 152.534 1015.66
internal_count=18383 2076 16307 2699 13608 4030 2063 2496 982 2386 2238 539 616 1967 9578 8252 1326 410 916 6304 1911 734 224 276 1177 1948 439 1509 759 4393
is_linear=0
shrinkage=0.05


Tree=56
num_leaves=31
num_cat=0
split_feature=4 23 21 20 3 14 2 2 17 24 20 8 18 3 19 8 20 20 10 2 18 10 5 13 24 12 14 20 13 14
split_gain=18.583 14.7648 19.8322 12.3928 16.201 11.8471 17.4799 11.385 11.2438 14.7569 11.3966 12.115 12.2626 11.2852 11.0984 11.0828 10.7023 10.9174 10.8802 13.864 10.5212 10.3464 9.85889 9.45213 9.10445 9.06433 8.99549 8.84104 8.7328 13.3687
threshold=-2.132232546806335 -0.91820561779938548 0.53343576192855846 0.88051944971084606 0.34336967977621585 -0.0044011999999999983 0.0015732547314437158 0.020833212561451889 0.37500000000000006 0.11200000000000002 0.15708086639642718 1.607972323894501 0.78071775224696405 0.11862655119234068 -0.051842425018548959 0.30818186700344091 0.88753810524940502 0.74171060323715221 0.70337248957938625 0.00084246536452418821 0.53159962395452565 0.74854937139427091 8.2515978813171404 -0.25522680580615992 0.11200000000000002 0.49890112380644996 0.0011927666666666668 0.93154683709144603 -0.52488175034522999 -0.001105833333333333
decision_type=8 8 8 2 2 2 2 2 2 2 2 8 2 2 2 10 2 2 10 2 2 10 2 2 2 2 2 2 2 2
left_child=3 5 -3 4 22 6 14 26 13 15 20 12 -12 -4 24 16 17 18 19 -10 -11 -20 -1 25 -2 -6 28 -15 29 -7
right_child=1 2 8 -5 23 7 -8 -9 9 10 11 -13 -14 27 -16 -17 -18 -19 21 -21 -22 -23 -24 -25 -26 -27 -28 -29 -30 -31
leaf_value=0.029160445744261833 -0.03149798806203933 0.019298528807234025 -0.027927101662404637 0.032725441694302262 0.020131424769875641 -0.0020041352312143482 0.033050400620048742 0.021915534610334058 -0.014530599980871216 -0.007314040000837599 0.0031545906333344011 -0.018802670046072147 -0.013392282730129932 0.0026194458713094983 0.015236316075092314 0.026081052564067765 0.018904929251597504 -0.038738100096927269 -0.049919367732804504 0.026600350832862715 -0.030013406691231453 -0.0089044159602151909 -0.014604647832261834 -0.023852920075958239 0.0027664571279373581 -0.02754473840656925 -0.036092473283859693 -0.017891350910552547 0.007757942893252965 -0.033586484685217556
leaf_weight=14.836024418473242 28.813253819942474 92.043747834861279 34.468946516513824 52.799317479133606 187.23924549669027 356.72285427898169 75.703772082924843 55.776567503809929 161.38257430493832 184.59321482479572 664.99771248549223 91.875100269913673 134.63643227517605 791.59561003744602 112.93178702890873 14.923552662134169 18.570598125457764 63.112737223505974 37.862937487661839 23.466735489666462 70.561240762472153 25.88994886726141 97.007709622383118 14.78489965200424 59.258409667760134 10.530173264443873 18.416185989975929 56.273483697324991 204.86907427757978 36.981131367385387
leaf_count=69 173 451 154 396 1057 1668 426 247 712 1054 3029 422 611 3823 536 66 81 287 225 103 348 131 414 64 339 76 78 283 896 164
internal_value=-0.00027068 -0.00143369 -0.00347338 0.010261 0.00660467 0.0038644 0.0125731 0.00028251 -0.0043562 -0.00700238 -0.00427387 -0.00160715 0.000368552 0.000117999 0.00486082 -0.0160655 -0.0179699 -0.0201667 -0.015452 -0.009309 -0.0135914 -0.0332633 -0.00879923 0.01471 -0.00844339 0.0175929 -0.00167314 0.00125813 -0.000614168 -0.00497071
internal_weight=3792.92 3415.73 2466.25 377.197 324.398 949.473 276.707 672.766 2374.21 1491.87 1146.66 891.509 799.634 882.338 201.003 345.209 330.286 311.715 248.602 184.849 255.154 63.7529 111.844 212.554 88.0717 197.769 616.989 847.869 598.573 393.704
internal_count=18383 16307 11780 2076 1680 4527 1474 3053 11329 7069 5464 4062 3640 4260 1048 1605 1539 1458 1171 815 1402 356 483 1197 512 1133 2806 4106 2728 1832
is_linear=0
shrinkage=0.05


Tree=57
num_leaves=31
num_cat=0
split_feature=4 7 22 15 2 2 0 7 0 24 7 13 20 20 15 2 20 19 20 24 24 12 6 10 19 3 13 2 7 7
split_gain=16.8666 14.1227 10.9746 13.9865 19.1148 14.6442 12.4538 13.6864 11.7115 11.9347 11.3849 11.8836 10.8236 10.2525 9.54653 8.8669 11.6925 8.66429 11.2117 20.0573 15.2954 8.38989 16.8822 13.3179 20.493 13.7537 12.6938 8.37617 13.1884 12.7976
threshold=-2.132232546806335 -0.1128549387135117 -0.17213650413733908 -0.54656994342803944 0.023106193540001301 0.0027180773978640045 0.49909070200946798 -0.014088292650424132 0.50033134758998987 0.8626666666666668 -0.1772747909528154 -1.3006462454795835 0.88051944971084606 0.78733664751052868 -0.21171665936708448 0.028755317971430668 0.81853541731834423 -0.12596227973699567 0.7353842854499818 0.50400000000000011 0.33333333333333343 0.48825831202916664 0.49990358657925188 0.66141439205955344 -0.043571466580033295 0.43244861985466426 -0.83006337285041798 0.00075758271425816588 -0.14289280503362806 -0.04983205470500459
decision_type=8 10 2 8 2 2 2 10 2 2 8 2 2 2 8 2 2 2 2 2 2 2 2 8 2 2 2 2 8 8
left_child=1 17 3 5 10 6 -2 -8 9 15 -5 -12 13 -3 -6 21 -17 -1 19 20 -19 22 -4 24 25 -23 -26 -13 -29 -30
right_child=2 12 8 4 14 -7 7 -9 -10 -11 11 27 -14 -15 -16 16 -18 18 -20 -21 -22 23 -24 -25 26 -27 -28 28 29 -31
leaf_value=0.053509304900982102 0.014388911706026703 0.00097168257753668978 -0.0031907647362658612 -0.03146669641575979 0.030085061301462768 0.041515234829338055 -0.021774483877201555 0.04588989682803038 -0.02936720288875071 -0.019231221676964512 0.017132229900726367 -0.01009702916390388 0.029360307878900982 -0.033780149653610418 -0.0080443441538970272 0.025957768616655098 -0.0068219919532454473 0.0059031719013221372 0.034517954517804872 -0.051836178799286314 0.061454371977747439 -0.042620321305863296 -0.023307993886147703 -0.0043684074921889939 0.048531659045541832 0.0050762955223195823 0.012655051356133857 -0.04585850965639586 0.021002418394575409 -0.002021208916071248
leaf_weight=17.472006410360336 181.66832514107227 145.29442171752453 1387.7022340595722 33.778263941407204 69.808983594179153 37.335960067808628 51.184348277747631 8.7509034574031812 42.511590383946896 106.21630228310823 74.63110263645649 299.47506942600012 28.161093015223742 24.853670969605446 21.463068962097168 62.626405522227287 48.097197100520134 75.972447834908962 55.658561334013939 12.824895918369291 14.806090407073496 17.618448808789253 112.762106731534 290.04310497641563 44.712323881685734 106.33541970700026 54.962225891649723 14.286397203803061 77.898588895797729 268.01345402002335
leaf_count=198 987 658 6141 144 331 197 371 42 298 538 401 1435 217 107 97 269 213 362 391 56 87 80 513 1400 304 503 287 58 406 1292
internal_value=-0.000257313 0.00980729 -0.00136364 0.00264407 -0.00051359 0.0123722 0.00786857 -0.0118951 -0.00337014 -0.00287479 -0.00308418 -0.00177858 0.000647664 -0.00410455 0.0211187 -0.00205717 0.0117186 0.0200851 0.0164183 0.0066946 0.0149636 -0.00281447 -0.0047026 0.00270089 0.0118697 -0.00170317 0.0287487 -0.00391802 0.00121931 0.00316366
internal_weight=3786.93 375.043 3411.88 1138.29 859.355 278.94 241.604 59.9353 2273.59 2231.08 768.083 734.305 198.309 170.148 91.2721 2124.86 110.724 176.734 159.262 103.603 90.7785 2014.14 1500.46 513.672 223.628 123.954 99.6745 659.674 360.198 345.912
internal_count=18383 2076 16307 5761 4164 1597 1400 413 10546 10248 3736 3592 982 765 428 9710 482 1094 896 505 449 9228 6654 2574 1174 583 591 3191 1756 1698
is_linear=0
shrinkage=0.05


Tree=58
num_leaves=31
num_cat=0
split_feature=4 21 10 1 19 10 14 18 24 20 10 10 20 10 2 12 6 20 3 3 3 12 16 24 10 12 3 0 3 19
split_gain=15.3345 12.6947 11.5906 12.7677 24.5703 16.5271 16.3333 15.1078 14.7628 15.3719 14.4163 13.8324 12.7943 12.2284 11.7292 11.1784 10.6248 10.6111 14.0521 10.2696 10.2423 10.1021 11.7647 9.91548 9.9102 9.88012 12.8332 17.9819 16.5409 15.5653
threshold=-2.132232546806335 0.5595005750656129 0.70241518113858559 1.0000000180025095e-35 -0.004485855344682931 0.57463561735634128 -0.00012275833333333307 0.50223336263973739 0.013333333333333334 0.05060634762048722 0.4974226804123712 0.53476859313838376 0.21735446155071261 0.63702239789196324 0.020833212561451889 0.4520734857987822 0.49512926121209061 0.88051944971084606 0.34336967977621585 0.38808632232815471 0.45462251877963827 0.45828670591664938 0.0019853099947795276 0.62400000000000011 0.70357598978288649 0.4358099065103283 0.20210386147287804 0.49702668872601646 0.4097247817744713 -0.047762637957930558
decision_type=8 8 8 2 2 10 2 2 2 2 10 10 2 10 2 2 2 2 2 2 2 2 10 2 8 2 2 2 2 2
left_child=17 -2 3 4 12 11 8 10 19 -10 -6 -5 -3 15 24 -8 -14 18 -1 -7 -13 22 -16 -22 -4 -11 27 -27 29 -28
right_child=1 2 14 5 7 6 13 -9 9 25 -12 20 16 -15 21 -17 -18 -19 -20 -21 23 -23 -24 -25 -26 26 28 -29 -30 -31
leaf_value=-0.0083174914710325756 0.011205745131248099 0.0072136080109203339 -0.038271811423963284 0.0008487387902793175 -0.027900773300238896 -0.027600246659853996 0.046312249655554423 -0.0057500162813764535 -0.043914445909219696 0.025888136336819439 0.027359755364580823 -0.023996403633117946 -0.042914251811702199 -0.02621764243021641 0.0098850081051798985 -0.014405344548176753 -0.0145441332465076 0.030561746053549207 0.013645596595713808 0.021257814781335326 -0.01567666317279057 0.026952674550158234 -0.034309169519234378 0.036029965995112975 -0.0069023412547092435 -0.03907570256312648 0.0012864386017951476 0.033839946612844438 0.0045475807319027093 0.031693909758323646
leaf_weight=111.52236996591091 191.62167460471392 60.066039368510246 25.80585715919733 485.11566906422377 13.473081231117247 41.006671488285065 13.737883806228639 110.51416137814522 12.056239202618597 122.1566629037261 95.168354958295822 113.37668063491583 37.608066633343697 58.155764520168304 52.724690347909927 16.912372469902039 269.44004583358765 51.06224962323904 209.89311189576983 14.578990675508974 22.14690762758255 46.829232953488827 21.079410120844841 15.948550432920454 1033.5458952188492 28.014403566718102 58.697722993791103 12.110692486166952 286.39912265911698 148.71057733148336
leaf_count=483 892 258 260 2286 61 197 57 490 51 575 423 490 162 244 226 76 1161 396 1197 74 94 211 87 76 5093 119 253 59 1510 822
internal_value=-0.000243473 -0.00129653 -0.00204161 0.000244098 -0.00598186 0.00276292 0.00748924 0.00726614 0.00997247 0.0120322 0.0205067 -0.00326971 -0.0138905 -0.012748 -0.0059843 0.0128092 -0.018019 0.0093887 0.00602501 -0.0147858 -0.0164598 0.00878812 -0.00273742 0.00597016 -0.0076665 0.0130603 0.0101254 -0.0170681 0.0123351 0.0230884
internal_weight=3779.48 3407 3215.38 2035.39 586.27 1449.12 812.537 219.156 723.731 668.145 108.641 636.588 367.114 88.806 1179.99 30.6503 307.048 372.478 321.415 55.5857 151.472 120.633 73.8041 38.0955 1059.35 656.089 533.933 40.1251 493.807 207.408
internal_count=18383 16307 15415 9538 2555 6983 4037 974 3660 3389 484 2946 1581 377 5877 133 1323 2076 1680 271 660 524 313 170 5353 3338 2763 178 2585 1075
is_linear=0
shrinkage=0.05


Tree=59
num_leaves=31
num_cat=0
split_feature=4 23 7 10 17 11 24 24 7 10 6 10 20 6 19 24 24 13 16 6 5 23 24 5 7 6 7 19 21 12
split_gain=14.1002 15.4341 14.0873 16.556 11.7804 11.6631 11.3372 14.1814 12.6461 32.1999 23.3419 18.9168 16.5792 13.7263 13.7699 12.5085 11.2628 11.7646 10.5206 12.1917 15.0799 11.0201 10.1897 16.7523 10.0928 10.181 10.1987 11.8348 15.0483 10.3412
threshold=-1.1109320521354673 0.21443941712113326 0.18106468619142616 0.64414928292046947 0.44166666666666671 -0.091942357982156012 0.75866666666666671 0.81666666666666676 -0.08233100417663046 0.47247474747474755 0.49966644370241708 0.41588050314465413 0.42319040000438696 0.50009622786759056 -0.15793292969465253 0.36400000000000005 0.045333333333333344 -0.43156282603740687 -0.002384805004112422 0.49977608526448519 9.8109459877014178 -1.163348936420733 0.14533333333333334 11.120413780212404 -0.1128549387135117 0.49211451156462027 -0.098432858340495991 -0.050567816942930215 1.0608776807785036 0.44316749026654695
decision_type=8 10 8 10 2 2 2 2 8 8 2 8 2 2 2 2 2 2 10 2 2 10 2 2 10 2 10 2 10 2
left_child=1 6 3 -2 -3 -4 8 -8 9 -1 11 12 -10 14 -11 -14 17 -16 19 20 -18 -20 -5 24 -24 -26 -27 -28 29 -29
right_child=2 4 5 22 -6 -7 7 -9 10 13 -12 -13 15 -15 16 -17 18 -19 21 -21 -22 -23 23 -25 25 26 27 28 -30 -31
leaf_value=-0.029258094796643569 0.0043920242779544308 0.0042395835250379202 0.012781037523202428 -0.014402796093597143 -0.025555409306320016 -0.022236040908986635 0.042600357889247133 0.006484861276809111 -0.0060024621943627204 0.042656198957426228 -0.018208583554264298 0.00035713708498815122 0.0092684546438236114 0.044232014325788591 0.03450674732565874 0.063248021882762073 0.031036734501421588 -0.012206921588729908 -0.032595154978660015 -0.011784388272015103 0.0058175971510469274 0.0009256990412690769 0.03725117401766196 -0.0082953404630868779 -0.024495218079376865 -0.035855118561542908 0.03056853477686829 -0.0060169064261903623 -0.024062172147580725 0.022090807523178695
leaf_weight=52.591531470417976 655.97848968952894 56.405932426452637 28.284139074385166 255.53874762356281 80.551824815571308 149.28848814219236 41.535821996629238 78.651225104928017 24.650457575917244 30.239590212702751 158.34965128451586 702.77888245880604 16.418830595910549 30.449639819562435 66.135655395686626 30.986395612359047 92.552604205906391 16.927983492612839 30.06027440726757 51.411228209733963 164.86519632488489 132.99897788092494 24.586452476680279 529.01384060829878 28.461579695343971 13.057896345853804 51.898936152458191 53.534633800387383 38.876060351729393 84.178084030747414
leaf_count=247 2995 271 133 1153 367 694 308 388 104 271 872 3246 102 300 340 180 554 71 134 223 781 621 123 2673 117 58 250 232 181 394
internal_value=-0.000231338 0.00287018 -0.00324507 -0.00187235 -0.0132844 -0.0166584 0.00415531 0.0189661 0.00304375 0.00829443 -0.000716142 0.00285871 0.0272573 0.0115024 0.00979934 0.0445522 0.00800896 0.0249867 0.00502046 0.0104453 0.0148849 -0.00525393 -0.00568026 -0.00297394 0.00658191 0.00378922 0.007122 0.00957811 0.00340909 0.0111642
internal_weight=3771.26 1858.56 1912.7 1735.12 136.958 177.573 1721.6 120.187 1601.42 668.233 933.184 774.835 72.0557 615.641 585.192 47.4052 554.952 83.0636 471.888 308.829 257.418 163.059 1079.15 823.607 294.594 270.007 241.546 228.488 176.589 137.713
internal_count=18383 9380 9003 8176 638 827 8742 696 8046 3542 4504 3632 386 3295 2995 282 2724 411 2313 1558 1335 755 5181 4028 1355 1232 1115 1057 807 626
is_linear=0
shrinkage=0.05


end of trees

feature_importances:
STYLE_SIZE_RS60=205
MKT_RET20=156
MKT_SEAL_RATIO=136
macd_death_cross_rankpct=128
MKT_TURNOVER_PCTL_EQW=124
ma_arrangement_rankpct=116
MKT_NH_NL_DIFF=114
BREADTH_ADV5=107
doji_pattern_rankpct=104
macd_zero_cross_down_rankpct=77
DIST_52W_HIGH=66
MEAN_R_60=57
ABN_TURN_21_252=50
TREND_SLOPE_120=47
VOL_CONTRACTION60=41
AMT20=39
MACD_DIF_NORM=36
LN_FREE_MV=33
REGIME_CODE=32
RET120_20=24
volume_z=24
log_volume_z=24
STD_A_20=23
IDXMIN_R_60=19
SJV60=18

parameters:
[boosting: gbdt]
[objective: binary]
[metric: average_precision]
[tree_learner: serial]
[device_type: cpu]
[data_sample_strategy: bagging]
[data: ]
[valid: ]
[num_iterations: 60]
[learning_rate: 0.05]
[num_leaves: 31]
[num_threads: 8]
[seed: 20260902]
[deterministic: 1]
[force_col_wise: 1]
[force_row_wise: 0]
[histogram_pool_size: -1]
[max_depth: -1]
[min_data_in_leaf: 50]
[min_sum_hessian_in_leaf: 0.001]
[bagging_fraction: 0.8]
[pos_bagging_fraction: 1]
[neg_bagging_fraction: 1]
[bagging_freq: 5]
[bagging_seed: 20260902]
[bagging_by_query: 0]
[feature_fraction: 0.8]
[feature_fraction_bynode: 1]
[feature_fraction_seed: 20260902]
[extra_trees: 0]
[extra_seed: 2579]
[early_stopping_round: 0]
[early_stopping_min_delta: 0]
[first_metric_only: 0]
[max_delta_step: 0]
[lambda_l1: 0]
[lambda_l2: 0]
[linear_lambda: 0]
[min_gain_to_split: 0]
[drop_rate: 0.1]
[max_drop: 50]
[skip_drop: 0.5]
[xgboost_dart_mode: 0]
[uniform_drop: 0]
[drop_seed: 28913]
[top_rate: 0.2]
[other_rate: 0.1]
[min_data_per_group: 100]
[max_cat_threshold: 32]
[cat_l2: 10]
[cat_smooth: 10]
[max_cat_to_onehot: 4]
[top_k: 20]
[monotone_constraints: ]
[monotone_constraints_method: basic]
[monotone_penalty: 0]
[feature_contri: ]
[forcedsplits_filename: ]
[refit_decay_rate: 0.9]
[cegb_tradeoff: 1]
[cegb_penalty_split: 0]
[cegb_penalty_feature_lazy: ]
[cegb_penalty_feature_coupled: ]
[path_smooth: 0]
[interaction_constraints: ]
[verbosity: -1]
[saved_feature_importance_type: 0]
[use_quantized_grad: 0]
[num_grad_quant_bins: 4]
[quant_train_renew_leaf: 0]
[stochastic_rounding: 1]
[linear_tree: 0]
[max_bin: 255]
[max_bin_by_feature: ]
[min_data_in_bin: 3]
[bin_construct_sample_cnt: 200000]
[data_random_seed: 20260902]
[is_enable_sparse: 1]
[enable_bundle: 1]
[use_missing: 1]
[zero_as_missing: 0]
[feature_pre_filter: 1]
[pre_partition: 0]
[two_round: 0]
[header: 0]
[label_column: ]
[weight_column: ]
[group_column: ]
[ignore_column: ]
[categorical_feature: ]
[forcedbins_filename: ]
[precise_float_parser: 0]
[parser_config_file: ]
[objective_seed: 17236]
[num_class: 1]
[is_unbalance: 0]
[scale_pos_weight: 1]
[sigmoid: 1]
[boost_from_average: 1]
[reg_sqrt: 0]
[alpha: 0.9]
[fair_c: 1]
[poisson_max_delta_step: 0.7]
[tweedie_variance_power: 1.5]
[lambdarank_truncation_level: 30]
[lambdarank_norm: 1]
[label_gain: ]
[lambdarank_position_bias_regularization: 0]
[eval_at: ]
[multi_error_top_k: 1]
[auc_mu_weights: ]
[num_machines: 1]
[local_listen_port: 12400]
[time_out: 120]
[machine_list_filename: ]
[machines: ]
[gpu_platform_id: -1]
[gpu_device_id: -1]
[gpu_device_id_list: ]
[gpu_use_dp: 0]
[num_gpu: 1]

end of parameters

pandas_categorical:[]
