tree
version=v4
num_class=1
num_tree_per_iteration=1
label_index=0
max_feature_idx=9
objective=regression
feature_names=market_avg_amplitude_rankpct MKT_VOL20_PCT STYLE_SIZE_RS60 MKT_TURNOVER_PCTL LIMITUP_N_MKT_MA20 Q20_RETON_30 DELTA_OPEN_60 ILLIQ20 DIST_52W_HIGH MKT_MEDIAN_RET20
feature_infos=[0.50013312034078805:0.50092250922509229] [0.0020000000949949026:0.99800002574920654] [-0.41675051058741186:0.33642038960511672] [0.00066666666666666664:0.9993333333333333] [0.44999998807907104:431.39999389648438] [-0.32431825833239819:0.0017593278972078518] [-3.875834353007201:0.90000015121017063] [-26.646299362182617:-7.1894702911376953] [-0.93363684415817261:2.2204460492503131e-16] [-0.48009145259857178:0.41455554962158203]
tree_sizes=5690 5835 5845 5791 5799 5792 5792 5817 5803 5865 5836 5843 5830 5857 5813 5850 5847 5819 5878 5833 5852 5858 5860 5871 5867 5838 5857 5873

Tree=0
num_leaves=63
num_cat=0
split_feature=6 2 2 1 2 6 9 3 2 3 1 2 1 1 1 1 3 2 3 1 2 7 3 1 1 2 2 3 3 9 9 7 7 2 1 1 2 2 9 1 1 1 9 3 3 3 2 1 1 9 7 3 2 1 9 7 9 6 3 9 3 2
split_gain=190.993 82.3443 41.9524 35.3959 55.8332 29.6442 29.1503 23.67 28.475 22.2399 22.1983 18.271 31.9723 17.3012 14.1932 12.5146 11.3709 17.5115 10.9625 10.2811 9.20912 14.7685 12.8272 10.9468 9.07786 8.53539 7.52456 7.49665 7.1827 6.85148 8.93217 6.76402 6.68698 6.3443 5.53321 9.24099 5.28131 4.98575 4.66144 4.4849 4.40335 4.35617 6.92164 4.31245 4.30074 4.2 4.01051 21.2333 3.78898 4.16879 3.78043 3.71867 3.71119 3.67393 3.41324 3.30787 3.24074 3.06096 2.97886 2.97209 2.96197 2.80547
threshold=-0.9295308478051737 -0.21535749396098905 -0.1260321506616133 0.70399999618530285 -0.12184028878877549 -0.47360534338640631 -0.073226116597652421 0.90400000000000003 -0.068520777509383943 0.7506666666666667 0.59199997782707225 0.20178964289468179 0.2520000040531159 0.70799997448921215 0.67599999904632579 0.95600000023841869 0.53266666666666673 -0.093010490764286358 0.84400000000000019 0.44799999892711645 -0.14678903333356408 -21.253274917602536 0.36533333333333334 0.49599999189376837 0.97599998116493236 -0.067590799783239466 -0.0019359986809766026 0.96933333333333349 0.94933333333333347 -0.16809660196304319 -0.092766698449850069 -21.663710594177243 -21.123170852661129 0.039340600523756993 0.45600000023841863 0.092000000178813948 -0.097350351668287982 0.13082475996645523 0.099513635039329543 0.98399999737739574 0.80799999833107006 0.479999989271164 -0.038771862164139741 0.39866666666666672 0.0080000000000000019 0.32266666666666671 0.029905651792079376 0.43599998950958258 0.48800000548362737 -0.03904373571276664 -22.374935150146481 0.99600000000000011 0.032662728653983432 0.41200000047683721 -0.036151390522718423 -21.649327278137203 0.0023617697879672055 -0.25769845524965446 0.78933333333333344 0.023135157302021984 0.54400000000000015 0.03045348019129342
decision_type=8 8 8 2 8 8 2 2 8 2 2 10 2 2 2 2 2 10 2 2 10 2 2 2 2 8 10 2 2 2 2 2 2 10 2 2 8 10 2 2 2 2 2 2 2 2 10 2 2 2 2 2 10 2 2 2 2 10 2 2 2 10
left_child=2 18 10 5 9 6 19 11 -9 15 -1 20 -13 14 43 -5 29 27 -2 -3 23 37 26 54 -17 -21 41 36 -10 40 33 57 -20 -31 35 -28 -18 38 46 -32 -6 56 44 -4 -43 -15 48 -48 -22 -50 -19 -30 -37 -8 -7 -12 -23 -11 -33 -58 -52 -36
right_child=1 3 13 4 16 7 53 8 28 31 55 12 -14 45 -16 24 17 50 32 25 21 22 -24 -25 -26 -27 34 -29 51 30 39 58 -34 -35 61 52 -38 -39 -40 -41 -42 42 -44 -45 -46 -47 47 -49 49 -51 60 -53 -54 -55 -56 -57 59 -59 -60 -61 -62 -63
leaf_value=0.054324249452577314 0.022068363959924116 0.017995036147291109 0.012672318026213705 0.012660084977684154 0.0095441860059669297 0.012972104533295628 0.013598363760040833 0.052897207107156084 0.013909829872526768 0.021309686026224843 0.031173879610020307 0.040767352486758515 0.0093563487076017016 0.0098066587136894333 0.055261107638143167 0.030930914548525111 0.023525721793922906 0.012188233672953607 0.042075008953000141 0.039854997726466952 0.013602802143526322 0.015178741818518682 0.020590669160620911 0.01682714440455833 0.018685908111340157 0.027274062765327949 0.010906196058103782 0.024437013183168845 0.023365023901452491 0.015099614538365846 0.010040548608448751 0.032734596868326894 0.061437855157379505 0.003148491804695808 0.01625097253500327 0.015893272548091277 0.0094231125274443026 0.0087149126552935642 0.0084970281726223958 0.003413174228139932 0.0036881815544187856 0.015072301613835064 0.014791416645767877 0.033438750850059824 0.025583394239289077 0.024295462927283337 0.019620371694069022 0.0091738120536467935 0.020480968748898268 0.014395675958964071 0.029181670027412884 0.038282624358800039 0.023812448313494102 0.019711581214643489 0.0097668835700217786 0.037845582997691307 0.021627845070586637 0.031984180301783217 0.047112331802381134 0.0099020945543380617 0.018902521928045181 0.0090346615810230953
leaf_weight=193 50 137 50 858 660 1684 477 80 217 193 290 182 146 217 52 182 69 202 142 260 6427 1771 1983 1284 899 280 521 94 254 1350 4681 101 65 121 167 283 1753 394 319 270 625 122 373 50 481 65 1610 697 448 757 76 50 310 507 1639 517 380 103 56 63 900 696
leaf_count=193 50 137 50 858 660 1684 477 80 217 193 290 182 146 217 52 182 69 202 142 260 6427 1771 1983 1284 899 280 521 94 254 1350 4681 101 65 121 167 283 1753 394 319 270 625 122 373 50 481 65 1610 697 448 757 76 50 310 507 1639 517 380 103 56 63 900 696
internal_value=0.0155407 0.0148724 0.0334571 0.0146826 0.0125873 0.0157884 0.0222424 0.0153291 0.0251232 0.0194992 0.0390912 0.0150702 0.0267856 0.0204755 0.0340732 0.0171689 0.0110566 0.0136171 0.0430799 0.030228 0.0148987 0.0154143 0.0171721 0.0129062 0.0207475 0.0333315 0.0158602 0.0106676 0.0208585 0.0100287 0.0106955 0.0294738 0.0481551 0.0141166 0.0134364 0.0157646 0.00995718 0.0142345 0.0144465 0.00967913 0.00669593 0.0173623 0.0201451 0.0230555 0.0234568 0.0131463 0.0146374 0.0164642 0.0140852 0.0166581 0.0184143 0.0258186 0.0200331 0.0167482 0.0113912 0.0354481 0.0161355 0.0250241 0.037863 0.0199603 0.0197029 0.0104311
internal_weight=39883 38449 1434 38192 13193 24999 1661 23338 601 2392 1000 22737 328 434 152 1939 10801 3094 257 677 22409 17802 7150 4607 1081 540 5167 1916 521 7707 6422 453 207 1471 1977 1114 1822 10652 10258 4951 1285 3190 976 100 603 282 9939 2307 7632 1205 1178 304 593 984 3323 807 2214 296 157 443 976 863
internal_count=39883 38449 1434 38192 13193 24999 1661 23338 601 2392 1000 22737 328 434 152 1939 10801 3094 257 677 22409 17802 7150 4607 1081 540 5167 1916 521 7707 6422 453 207 1471 1977 1114 1822 10652 10258 4951 1285 3190 976 100 603 282 9939 2307 7632 1205 1178 304 593 984 3323 807 2214 296 157 443 976 863
is_linear=0
shrinkage=1


Tree=1
num_leaves=63
num_cat=0
split_feature=5 2 2 1 2 0 2 0 0 6 3 3 5 2 3 0 1 1 6 1 0 1 1 0 0 3 0 2 3 0 2 0 0 2 2 0 0 0 0 1 0 3 0 6 0 0 0 3 1 0 0 3 3 1 3 1 2 1 5 2 3 2
split_gain=176.481 74.3936 61.0752 34.3948 41.1066 21.7313 75.5961 29.1597 27.7193 21.2766 20.2951 18.5247 24.4169 17.1505 16.3712 21.4564 16.3061 14.9889 11.8088 10.5567 9.97602 13.5543 9.81408 9.47533 23.7666 17.8992 9.0143 8.91002 8.40884 8.3344 8.17768 8.09456 7.89639 7.67666 7.40182 6.31439 6.26056 6.23388 7.28913 6.03984 5.21658 5.17771 7.87795 5.10539 4.90584 4.81089 7.33082 4.73686 4.10469 4.09011 4.0692 3.70335 3.53543 3.40563 3.34829 3.30659 3.24107 3.09784 3.01679 2.96453 2.83273 2.70839
threshold=-0.022170264095106498 -0.21535749396098905 -0.044153139437704013 0.70399999618530285 -0.12184028878877549 0.50025361401580526 0.23301803918121927 0.50014310256686045 0.50013877325520861 -0.97602999530023549 0.7506666666666667 0.90400000000000003 -0.0060097500586360529 0.18106362903017473 0.35733333333333339 0.50021362957608162 0.44799999892711645 0.70799997448921215 -0.35011962579728489 0.51199999451637279 0.50021128249411384 0.70799997448921215 0.95600000023841869 0.5003299241533653 0.50037327366156525 0.44400000000000006 0.50032605155080201 -0.11052737381796218 0.88933333333333342 0.50033255740292482 0.0060630281611162859 0.50015351551953768 0.50020733983889498 -0.13857878616318095 -0.057154818075640469 0.50039793082305972 0.50038095243623804 0.50022629555356646 0.50023212632672498 0.75600001215934765 0.50021781747929539 0.70133333333333348 0.50020733983889498 -0.4990128863244801 0.5001602308350982 0.50021715527625554 0.50017137965112934 0.042666666666666679 0.095999997109174742 0.50018234867487321 0.5003288392331916 0.8693333333333334 0.79333333333333345 0.77199998497962963 0.048000000000000008 0.99200001358985912 0.019608243550653853 0.44400000572204595 -0.0037809458607618632 -0.12333497390719532 0.87733333333333341 0.042257174568235772
decision_type=2 8 8 2 8 2 8 2 2 10 2 2 2 10 2 2 2 2 10 2 2 2 2 2 2 2 2 10 2 2 10 2 2 10 10 2 2 2 2 2 2 2 2 10 2 2 2 2 2 2 2 2 2 2 2 2 10 2 2 10 2 10
left_child=2 36 9 5 10 7 11 8 -3 17 22 13 -13 16 27 41 43 50 33 -8 -11 -22 -5 25 -25 31 -24 32 39 -4 -10 34 44 -18 -6 -21 60 -33 -39 -26 -17 49 -43 -7 -9 46 57 -45 -15 -16 -1 -12 55 -40 56 -27 -47 -29 -53 -23 -2 -48
right_child=1 3 29 4 23 6 19 14 30 20 51 12 -14 48 15 40 18 -19 -20 35 21 59 26 24 28 52 -28 45 -30 -31 -32 37 -34 -35 -36 -37 -38 38 53 -41 -42 42 -44 47 -46 54 61 -49 -50 -51 -52 58 -54 -55 -56 -57 -58 -59 -60 -61 -62 -63
leaf_value=0.025940599738041293 0.012538334977132484 0.00033846402870948701 0.0027618549358224484 -0.0028274723510871187 -0.0042103727589074711 -0.013014359665275725 -0.0044404641580240052 -0.0055826528118338836 0.0068790210692901924 -0.0024645957489615629 0.010567580180698618 0.05266515228020794 0.011366310856343868 0.023977975899161882 -0.0058213463702722536 0.0094069778383983615 0.027723032761230528 0.020271182844473518 0.0048542005576708977 -0.006162150274602117 0.025951008793355813 0.012561254984086868 0.0023480868432528691 -0.011564369837572731 0.0016887983982113823 0.0033953882844950083 0.015190569698070915 -0.0061880451044895373 0.0046431492817724041 -0.011593572758307793 0.016248203172515442 0.00037381939105160907 0.0078659452137141445 0.011743831858831214 -0.0099196197166524398 0.0027898225605201346 0.040707501650248314 -0.0076049630682069455 -0.0029408815878222989 -0.0054212844974232278 -0.0068450350151836592 -0.012047383291308285 -0.00078029488829838619 -0.0088075325243613303 0.00028797067974038114 -0.0016355439018120596 -0.00044007241361962066 0.0033585706570015378 0.0086714189464100096 0.00080239065920744985 0.040316865610934442 0.029024373711323399 -0.0023860271513765027 0.0038623955345344768 -0.0080548204389883429 0.011481642194321268 -0.0066210995621840546 -0.0025150951770605817 0.012938007559013469 0.0031405863596037742 0.026492409712167399 -0.0040890728692295382
leaf_weight=74 52 2732 306 858 1603 54 2470 486 759 93 234 51 120 170 262 722 83 600 799 242 201 408 819 1379 345 414 164 1684 281 151 336 1225 271 796 879 1059 63 861 810 2225 53 245 423 85 1329 656 2250 1362 59 2110 147 62 166 238 918 182 648 871 55 105 121 657
leaf_count=74 52 2732 306 858 1603 54 2470 486 759 93 234 51 120 170 262 722 83 600 799 242 201 408 819 1379 345 414 164 1684 281 151 336 1225 271 796 879 1059 63 861 810 2225 53 245 423 85 1329 656 2250 1362 59 2110 147 62 166 238 918 182 648 871 55 105 121 657
internal_value=8.89301e-06 -0.000772274 0.0141703 -0.000948101 -0.00305251 0.000139712 0.00241953 -0.000822652 0.00303247 0.0187043 0.00318078 0.00762456 0.0236835 0.00681879 -0.00190867 0.000868998 0.0058668 0.0243714 0.00925364 -0.00252049 0.0129389 0.0149452 0.00108005 -0.00434053 -0.00617548 -0.00312357 0.00449068 -0.0029933 -0.00356892 -0.0019814 0.00975395 -0.00409925 -9.52949e-05 0.0132527 -0.0062323 0.00112466 0.0272125 -0.00240996 -0.0041963 -0.00446682 0.00829555 -0.00102428 -0.00491269 0.00208058 -0.001284 -0.00378003 -0.00298206 0.00264391 0.0200344 7.07637e-05 0.0355031 0.0141992 0.00406728 -0.00139586 -0.00574155 0.00586468 -0.00411303 -0.00493594 0.0214624 0.010633 0.0222981 -0.00126477
internal_weight=39883 37798 2085 37562 12800 24762 7350 17412 3827 1628 2192 3579 171 3408 13585 3815 3179 821 1678 3771 807 714 1841 10608 4230 6378 983 9770 2851 457 1095 5616 2086 879 2482 1301 236 3134 1909 2570 775 3040 668 1501 1815 7684 5462 1447 229 2372 221 351 762 1048 2222 596 1304 2555 117 513 173 2907
internal_count=39883 37798 2085 37562 12800 24762 7350 17412 3827 1628 2192 3579 171 3408 13585 3815 3179 821 1678 3771 807 714 1841 10608 4230 6378 983 9770 2851 457 1095 5616 2086 879 2482 1301 236 3134 1909 2570 775 3040 668 1501 1815 7684 5462 1447 229 2372 221 351 762 1048 2222 596 1304 2555 117 513 173 2907
is_linear=0
shrinkage=0.05


Tree=2
num_leaves=63
num_cat=0
split_feature=5 2 2 8 2 0 0 2 2 0 8 0 2 0 0 0 0 0 9 0 0 0 7 0 2 0 0 0 0 0 0 2 0 0 0 8 0 2 9 9 0 8 7 8 7 9 9 9 0 9 0 7 2 0 9 0 0 9 2 2 2 0
split_gain=159.274 67.1402 55.1204 27.3009 47.0557 23.762 23.8764 25.6108 19.7429 18.8582 16.3925 15.7133 12.8953 22.7582 20.9045 38.6345 22.3477 20.9722 11.8871 10.9209 10.1959 9.76624 9.73289 9.41404 9.02774 8.56014 8.09723 7.83388 8.38801 10.4103 7.5218 6.58155 5.94708 5.93841 5.65015 5.27369 5.23882 8.0781 5.19583 5.09888 5.03674 6.03016 4.99743 4.74809 4.48792 4.48266 4.20635 4.133 3.93538 3.8462 3.77242 3.70733 7.62923 3.52607 4.04608 3.52484 3.47875 3.43724 3.40926 3.33436 4.0825 3.16958
threshold=-0.022170264095106498 -0.21535749396098905 -0.044153139437704013 -0.6038379669189452 0.073878786072262267 0.50014310256686045 0.50015810277075057 -0.11729957755847487 -0.1260321506616133 0.50021128249411384 -0.60734429955482472 0.50020733983889498 0.15631233633817801 0.50037664788770764 0.5003299241533653 0.50026673781572406 0.50021781747929539 0.50021065937315734 -0.16809660196304319 0.50013877325520861 0.50035625227179048 0.50038669783377443 -19.914611816406246 0.50033613449176018 -0.023380682436076029 0.5002514458293249 0.5002787845212493 0.50037664788770764 0.50034459010164356 0.50032051295221613 0.50033255740292482 -0.042852693399331586 0.50045024772747559 0.50033057854852314 0.50038095243623804 -0.27931445837020868 0.50018234867487321 0.040924840579821327 -0.06901302188634871 0.060082204639911659 0.5003288392331916 -0.73119449615478505 -22.133908271789547 -0.5436895191669463 -22.168812751770016 -0.22002526372671125 0.039948007091879852 -0.10653861239552496 0.50019596316645154 -0.020096584223210808 0.5003696858176222 -18.71584320068359 -0.093010490764286358 0.50042069843373471 0.024562207981944088 0.50014731881066765 0.5003299241533653 -0.2086674943566322 -0.063579323586959793 0.10513473918273777 -0.013215999037099382 0.50037950669602493
decision_type=2 8 8 8 10 2 2 8 8 2 10 2 8 2 2 2 2 2 2 2 2 2 2 2 10 2 2 2 2 2 2 10 2 2 2 10 2 10 2 2 2 10 2 8 2 2 2 2 2 2 2 2 10 2 2 2 2 2 10 10 10 2
left_child=2 34 9 4 8 19 31 11 22 -1 33 -8 13 14 15 16 17 36 56 -5 -16 23 -3 39 58 38 -17 28 29 -14 -4 -7 47 40 -2 -19 -9 -38 -18 -13 45 -42 -6 -15 -12 -11 -44 -29 -39 61 -30 -20 -53 54 -51 -33 -10 -24 -21 60 -28 -49
right_child=1 3 30 5 42 6 7 12 18 10 44 21 27 43 20 26 25 35 51 24 -22 -23 57 -25 -26 -27 59 32 50 -31 -32 55 -34 -35 -36 -37 37 48 -40 -41 41 -43 46 -45 -46 -47 -48 49 -50 53 -52 52 -54 -55 -56 -57 -58 -59 -60 -61 -62 -63
leaf_value=-0.0018420943437887586 0.02118321552446531 0.0044193661977317694 0.0026237621927387355 0.00021944788317913735 0.0085490896686108084 -0.0038173156159119928 0.000289171579315887 -0.0041766372562044886 -0.0024036759852354107 0.023892855505029235 0.0042764468284518893 0.0078453375547008104 -0.0039787162000696763 0.016127505682558173 -0.012125990868042089 0.010335808934576965 -0.0031943777847527723 0.0012287331327565714 0.00092874958973962463 0.0008643249985143544 -0.0025954776747824215 0.02717001865582111 0.028033366567287291 -0.0036021599108131512 0.012995520687186672 0.0014504113261697563 -0.0010607776955074682 0.0035212742187661315 -0.014827213987896066 0.016521899986917665 -0.011013894064339582 -0.0021623152389581486 -0.0069078058944810356 0.010880471043492435 0.038672126365441178 0.0057646432451814913 0.0010543875749529279 0.0010819889019438081 -0.0073876169407506636 0.019638795010692808 0.032921375557181824 0.019078177483347447 0.030056027034048124 0.0049871261362865764 0.014800799295160778 0.014302291303776835 0.01531696464482914 0.00096690644448723404 -0.0053678560869487232 0.0030074452818884085 -0.0075195026039258555 -0.0040459015525963577 0.013512381366668162 -0.0060642855205095166 -0.0034201371055883425 -0.0088845580405674095 -0.0093765649758857997 0.014260388939345087 0.0060498453075495361 -0.0054860597211575397 0.0076014128794853007 -0.0039250194715038439
leaf_weight=114 173 318 306 2696 51 3535 1432 1955 375 412 148 677 604 106 638 770 1133 1351 1577 609 501 65 61 168 317 447 219 330 218 69 151 232 671 96 63 1219 2047 305 2123 106 249 115 168 979 321 173 68 380 1053 789 930 96 174 208 355 1223 342 176 661 102 359 2574
leaf_count=114 173 318 306 2696 51 3535 1432 1955 375 412 148 677 604 106 638 770 1133 1351 1577 609 501 65 61 168 317 447 219 330 218 69 151 232 671 96 63 1219 2047 305 2123 106 249 115 168 979 321 173 68 380 1053 789 930 96 174 208 355 1223 342 176 661 102 359 2574
internal_value=8.44836e-06 -0.00073366 0.0134618 -0.000900696 0.003368 -0.00132637 -0.00182572 -0.00119271 0.00158527 0.0177691 0.0192457 0.00366339 -0.00172258 -0.000904569 -0.00143708 -0.00087147 -0.00183074 -0.000333193 -0.000265514 0.00215656 -0.0079339 0.00841919 0.0101355 0.00713758 0.00544732 -0.00503776 0.00682455 -0.00347923 -0.00630895 -0.00187687 -0.00188233 -0.0049823 -0.00250826 0.0227312 0.0258519 0.0033802 -0.00211368 -0.000929226 -0.00592848 0.0094419 0.02393 0.0285478 0.0227421 0.0060755 0.0114797 0.0210567 0.0258092 -0.00187148 -0.00391925 -0.00228477 -0.0089072 0.00185565 0.00726944 -7.59214e-05 0.00101287 -0.0078127 -0.00572966 0.0178053 0.00356325 0.00284856 0.00431937 -0.00329573
internal_weight=39883 37798 2085 37562 3406 34156 29873 24883 3119 1628 1514 2448 22435 15307 14222 13083 11633 7930 2564 4283 1139 1016 555 951 1587 3703 1450 7128 1821 673 457 4990 5307 1045 236 2570 5360 3405 3256 783 949 364 287 1085 469 585 236 4636 1358 4306 1148 1847 270 1352 1144 1455 717 237 1270 680 578 2954
internal_count=39883 37798 2085 37562 3406 34156 29873 24883 3119 1628 1514 2448 22435 15307 14222 13083 11633 7930 2564 4283 1139 1016 555 951 1587 3703 1450 7128 1821 673 457 4990 5307 1045 236 2570 5360 3405 3256 783 949 364 287 1085 469 585 236 4636 1358 4306 1148 1847 270 1352 1144 1455 717 237 1270 680 578 2954
is_linear=0
shrinkage=0.05


Tree=3
num_leaves=63
num_cat=0
split_feature=2 0 0 3 2 4 8 0 8 3 4 2 3 0 0 3 0 0 4 0 2 0 8 3 4 0 0 0 4 7 4 3 2 4 2 7 3 3 0 3 8 4 3 4 2 3 0 4 0 4 3 2 0 4 4 0 7 0 0 8 8 2
split_gain=118.988 152.805 24.6334 27.9639 32.0881 24.7782 22.8419 20.1677 18.5769 35.152 18.0149 14.6839 12.691 11.9811 46.7395 24.2594 25.6907 20.9112 20.2283 14.3677 9.61107 9.48635 8.80676 8.55335 7.98539 7.77758 7.34007 7.3062 7.25906 7.25461 6.0427 5.93493 5.56117 5.53829 5.46842 4.67111 4.6221 4.41891 4.33802 4.33528 3.98103 3.97986 4.69371 3.71902 3.64355 4.78471 4.55117 3.39264 3.46017 3.38358 3.24884 4.34218 3.2343 3.12546 3.10606 2.90858 2.81542 3.22956 5.26938 2.76585 2.75761 2.57588
threshold=-0.12238356257934095 0.50020733983889498 0.50014279594750699 0.34400000000000003 0.23301803918121927 35.649999618530281 -0.5436895191669463 0.50013877325520861 -0.60734429955482472 0.8693333333333334 36.074998855590827 0.08382424139268517 0.068000000000000019 0.50033057854852314 0.50025361401580526 0.15866666666666671 0.50028977129982799 0.50035625227179048 26.175000190734867 0.50021715527625554 -0.010592003320467806 0.50021510003146241 -0.51323768496513356 0.96933333333333349 40.925001144409187 0.50038834957313227 0.50040112320934627 0.50033112597303897 55.975000381469734 -21.620169639587399 1.9750000238418581 0.97466666666666679 0.001923896551973236 139.65000152587893 -0.060513717123225327 -19.82906341552734 0.060000000000000005 0.11866666666666668 0.50023132085438571 0.01066666666666667 -0.5080507993698119 71.375000000000014 0.43733333333333341 5.0750000476837167 -0.093010490764286358 0.66800000000000004 0.50021003991684887 42.274999618530281 0.50015401204581522 15.525000095367433 0.69333333333333347 0.081858700483612129 0.50040666944505097 8.0750002861022967 25.024999618530277 0.50033411296746799 -21.780777931213375 0.50021987691147396 0.50021574974035565 -0.75101694464683522 -0.13611664623022077 -0.028832849640126234
decision_type=8 2 2 2 8 2 8 2 10 2 2 10 2 2 2 2 2 2 2 2 8 2 8 2 2 2 2 2 2 2 2 2 10 2 10 2 2 2 2 2 10 2 2 2 10 2 2 2 2 2 2 8 2 2 2 2 2 2 2 8 10 10
left_child=1 47 7 10 5 6 11 -2 12 21 13 25 -3 14 19 16 32 39 -17 -4 35 40 33 26 -9 43 -6 37 52 60 -19 44 -16 50 -21 -12 -18 -14 -36 -15 -10 42 -24 -5 45 -8 -46 48 -1 -38 51 55 -28 -54 -13 -7 -48 58 -58 -20 -11 -43
right_child=2 8 3 4 23 22 31 24 9 29 20 54 27 17 15 18 36 30 59 34 -22 -23 41 -25 -26 -27 28 -29 -30 -31 -32 -33 -34 -35 38 -37 49 -39 -40 -41 -42 61 -44 -45 46 -47 56 -49 -50 -51 -52 -53 53 -55 -56 -57 57 -59 -60 -61 -62 -63
leaf_value=-0.0036012698932916158 0.00020035348749787303 0.030261193899458035 -0.0010505908536420957 0.011644089146668498 -0.0057680095273435475 0.001825701758386995 0.0082992563444171472 0.01463344632461667 0.014469095343071968 0.022674468712995888 -0.0046574549058750244 0.035943026333024694 0.013755040838698144 0.0024878906367241213 0.010870493483289043 0.0032598760189521386 -0.0054181966457076949 -0.0042797867132119477 0.034000502020502706 0.0014971976244930914 -0.0091710933324855009 0.0017959256210127142 -0.0063841647477825324 0.0080045656624625067 0.005465001522970192 0.026431898313140585 0.0062052206868039713 0.00062627391251284751 -0.011508092674111922 0.033415593777019054 0.00029840191585406013 0.011337786600293262 0.0030539267914504952 0.014097917301498437 -0.0077217460909755082 0.0020878433029221407 -0.0047360950662412599 0.020848005917584796 -0.0040148661968444259 -0.012291929058169053 0.0068311955854782058 0.001015141608069542 9.6788444208649026e-05 0.0024579064243007453 -0.00142997040212395 -0.0099826011717474711 0.0012042484334525889 0.0018504958109470085 0.00017661650650759836 0.0086115250947856846 -0.0090419811592760708 0.014643506097444704 -0.0022540997891274798 0.0055772546679527767 0.02124926388248435 -0.010679504956759046 0.0047452211525800285 0.0028494819464161747 0.013390016046418041 0.022352007861394865 0.0092910895234025598 -0.0089275051120241526
leaf_weight=1232 2796 230 4850 197 2185 664 51 325 375 134 3079 51 340 53 688 163 664 1727 78 274 1291 473 424 154 882 55 203 62 142 156 1237 205 340 91 1577 280 79 620 1580 777 313 77 819 250 509 120 831 901 1193 119 72 63 695 156 122 50 777 1180 228 147 54 423
leaf_count=1232 2796 230 4850 197 2185 664 51 325 375 134 3079 51 340 53 688 163 664 1727 78 274 1291 473 424 154 882 55 203 62 142 156 1237 205 340 91 1577 280 79 620 1580 777 313 77 819 250 509 120 831 901 1193 119 72 63 695 156 122 50 777 1180 228 147 54 423
internal_value=8.02595e-06 0.00644568 -0.00115056 -0.00164531 0.000387062 0.00228949 0.00452632 0.00253215 0.0151497 0.0114063 -0.00279972 0.0130187 0.0196497 -0.00192347 -0.00105753 0.00528504 0.00294718 -0.00433343 0.0166731 -0.0028023 -0.00550443 0.00724681 -0.00152556 -0.0035195 0.00793372 0.00868948 -0.00404441 0.0172616 -0.000895516 0.0254446 -0.00236912 0.00305686 0.00828525 0.00237523 -0.00527848 -0.00409518 -0.00341887 0.0183359 -0.00586654 -0.0113482 0.0109943 -0.00362925 -0.00211393 0.0065064 0.00259756 -0.00453012 0.00294333 -0.000769322 -0.00174271 0.00328596 0.00111874 0.00206027 0.000534262 -0.000818505 0.025581 0.000949987 0.00368139 0.0046235 0.00670643 0.0263902 0.0188303 -0.00739634
internal_weight=39883 6083 33800 29797 10794 7259 4576 4003 2757 1505 19003 675 1252 14353 10559 2278 1890 3794 388 8281 4650 1161 2683 3535 1207 502 3381 1022 1196 344 2964 3901 1028 940 3431 3359 862 960 3157 830 688 1743 1243 447 3696 171 3525 3326 2425 198 849 777 1054 851 173 714 3016 2185 1005 225 188 500
internal_count=39883 6083 33800 29797 10794 7259 4576 4003 2757 1505 19003 675 1252 14353 10559 2278 1890 3794 388 8281 4650 1161 2683 3535 1207 502 3381 1022 1196 344 2964 3901 1028 940 3431 3359 862 960 3157 830 688 1743 1243 447 3696 171 3525 3326 2425 198 849 777 1054 851 173 714 3016 2185 1005 225 188 500
is_linear=0
shrinkage=0.05


Tree=4
num_leaves=63
num_cat=0
split_feature=6 3 0 4 3 0 4 0 0 0 0 9 3 1 1 4 3 0 1 0 4 1 0 4 1 0 4 9 4 1 1 3 4 0 4 4 9 4 0 1 9 4 1 4 1 9 0 0 0 0 3 9 3 4 0 3 4 4 0 0 3 3
split_gain=131.757 51.5623 27.9066 34.1865 27.6151 24.0607 23.44 21.6157 27.1897 52.9021 37.9534 26.7264 20.001 16.9108 14.9958 13.9945 13.8189 12.4635 11.7425 11.5722 11.2735 15.7081 9.77474 9.40891 8.89841 8.47448 11.9685 9.42816 8.37844 7.6254 6.56537 6.48856 5.829 5.75216 5.48498 5.39973 5.28934 5.0957 8.54818 5.09013 4.8942 4.74662 6.79082 7.64732 4.5735 4.08742 4.44137 3.66123 3.58311 3.52945 3.55475 3.37304 3.35536 3.31225 3.29938 3.08002 3.04026 4.6505 2.87213 2.83368 2.76489 2.68588
threshold=-0.8555169231329911 0.90400000000000003 0.50033112597303897 20.07499980926514 0.081333333333333355 0.50014310256686045 92.974998474121108 0.50015351551953768 0.50033255740292482 0.50026673781572406 0.50035625227179048 -0.14385087788105008 0.35733333333333339 0.80399999022483837 0.76799997687339794 4.7249999046325692 0.044000000000000004 0.50013877325520861 0.51199999451637279 0.50021362957608162 23.000000000000004 0.39599999785423284 0.5002111932512362 68.474998474121108 0.82799997925758373 0.50021715527625554 40.425001144409187 -0.10212757438421248 76.700000762939467 0.20000000298023227 0.65599998831748974 0.54400000000000015 37.975000381469734 0.50025361401580526 40.925001144409187 31.500000000000004 -0.13256064057350156 1.6250000000000002 0.50037523457440947 0.98800000548362743 -0.14046970009803769 25.024999618530277 0.52799999713897716 13.375000000000002 0.41200000047683721 -0.036151390522718423 0.50020828994863265 0.5002134471815497 0.50018234867487321 0.50021500753520287 0.79333333333333345 0.0088656414300203341 0.32266666666666671 8.8249998092651385 0.50036403353932313 0.14266666666666669 51.95000076293946 11.97499990463257 0.50039793082305972 0.50037664788770764 0.75733333333333352 0.19466666666666668
decision_type=8 2 2 2 2 2 2 2 2 2 2 2 2 2 2 2 2 2 2 2 2 2 2 2 2 2 2 2 2 2 2 2 2 2 2 2 2 2 2 2 2 2 2 2 2 2 2 2 2 2 2 2 2 2 2 2 2 2 2 2 2 2
left_child=2 5 3 -1 -5 17 15 32 9 12 -10 16 25 19 18 -3 -11 -2 37 28 21 61 -6 31 34 26 45 -27 48 -21 -18 -22 -7 53 -19 -24 -20 -12 -39 41 -16 42 44 -44 -17 -9 -47 -37 -14 50 -15 -43 -25 -29 -4 -55 57 59 -38 -42 -40 -13
right_child=1 6 54 4 22 7 -8 8 10 11 14 20 13 49 40 39 30 24 36 29 23 -23 35 52 -26 27 -28 33 -30 -31 -32 -33 -34 -35 -36 47 58 38 60 -41 56 51 43 -45 -46 46 -48 -49 -50 -51 -52 -53 -54 55 -56 -57 -58 -59 -60 -61 -62 -63
leaf_value=0.032480239754915236 0.00025237594021306983 -0.0084815185206631831 -0.010168363289291955 -0.0030654604611752723 0.00096746987210102756 -0.0027115263252596635 -0.0084640710862962706 0.0017590474851197663 -0.012896618119563139 -0.0052151837707892987 -0.0051518128768012284 -0.0083233743981615486 -0.005228054901895424 0.0091665254875023354 0.0048948270736888701 0.016269073686621425 0.018263488187405624 0.013908557492481681 0.0077508164578617075 0.0098561603513561483 0.01946035386857986 0.00931727057283286 0.029431009148976891 0.012479538051697192 0.0015234822153191994 0.0031200341421508179 -0.0043649342630092758 -0.0088718772104181606 -0.0089919749070186874 -0.0033282204048494658 0.0030449979891748898 0.0025261244250259552 -0.0063773936111683879 0.0026313014914071033 0.0061516414462827393 0.021962511717487077 -0.0012310592623874996 -0.0071154736570308713 0.00025662512599263003 0.023581472360260355 -0.0087890212566959364 0.017850610069081087 0.0065770811373169289 0.025752192774983258 0.033821015006729536 0.00051539512472520465 -0.0034810312952010501 0.014376628708671766 0.0005277888840477268 0.002591607868566942 0.023109657898545268 0.0071717606381574532 0.0028364366900733681 -0.003595224741510545 0.0040773870840278125 -0.0072585613632587158 -0.010826874454073118 0.0015641979942457457 0.0027618109754590225 -0.0046544877838638086 0.0083743786972359218 0.00092696486397471746
leaf_weight=250 2780 81 118 239 102 1985 167 2185 911 632 1190 154 300 533 114 79 95 323 358 460 487 934 83 163 809 408 2095 582 286 144 279 64 2390 236 774 206 767 433 1313 104 591 88 211 69 70 1711 1171 698 2739 195 50 463 202 1879 62 826 259 234 1091 1387 114 160
leaf_count=250 2780 81 118 239 102 1985 167 2185 911 632 1190 154 300 533 114 79 95 323 358 460 487 934 83 163 809 408 2095 582 286 144 279 64 2390 236 774 206 767 433 1313 104 591 88 211 69 70 1711 1171 698 2739 195 50 463 202 1879 62 826 259 234 1091 1387 114 160
internal_value=7.62464e-06 -0.000609492 0.0133908 0.0155184 0.0123253 -0.000959357 0.00905461 -0.00144783 -0.00093254 0.000131479 -0.00323617 0.00602632 -0.00105122 0.00167977 -0.00211521 0.0115659 -0.000707167 0.00238752 -0.000584186 0.00034616 0.00915658 0.00606478 0.015703 0.013369 0.00550175 -0.00221004 -0.00118619 -0.00407542 -0.000810378 0.00671286 0.00691066 0.0174934 -0.00471414 -0.00490873 0.00843558 0.0172259 0.00218579 -0.00259673 -0.000962028 0.0130639 -0.00523413 0.0119477 0.0158914 0.0113024 0.024515 0.000128098 -0.00110841 0.0161053 -4.04089e-05 0.00841466 0.0103623 0.00887728 0.00714281 -0.00545009 -0.00526149 -0.00471386 -0.00570143 -0.00510129 0.00111352 -0.00588983 0.000905135 -0.00360983
internal_weight=39883 38125 1758 1578 1328 36793 1332 32107 27732 18970 8762 3170 15800 4707 7851 1165 1006 4686 5266 3929 2164 1248 1089 916 1906 11093 7162 3931 3325 604 374 551 4375 3523 1097 987 2216 3050 1860 1084 2585 980 429 280 149 5067 2882 904 3039 778 583 551 365 3287 180 2705 2471 2212 1858 1978 1427 314
internal_count=39883 38125 1758 1578 1328 36793 1332 32107 27732 18970 8762 3170 15800 4707 7851 1165 1006 4686 5266 3929 2164 1248 1089 916 1906 11093 7162 3931 3325 604 374 551 4375 3523 1097 987 2216 3050 1860 1084 2585 980 429 280 149 5067 2882 904 3039 778 583 551 365 3287 180 2705 2471 2212 1858 1978 1427 314
is_linear=0
shrinkage=0.05


Tree=5
num_leaves=63
num_cat=0
split_feature=8 3 3 1 3 4 1 4 4 1 4 4 4 4 8 9 1 3 4 4 7 1 1 3 4 4 4 9 4 3 7 3 3 1 1 4 7 9 9 3 9 1 4 4 9 7 1 9 7 9 9 3 3 8 3 7 4 1 9 4 9 1
split_gain=76.8692 45.1545 32.2456 25.6664 23.3693 24.4495 22.6877 25.0947 17.0649 12.8608 16.1195 14.9896 10.3314 10.0424 9.61752 9.28308 10.4335 8.02726 9.58421 7.92769 7.67285 7.10395 6.86705 6.71376 6.70915 5.87207 5.39404 9.58642 13.6088 6.12555 5.36027 4.49854 4.36638 4.71724 4.11954 3.81452 4.88403 3.75744 3.75239 4.27172 3.91454 3.65615 3.65443 3.60855 3.38683 3.3823 3.25535 3.23138 3.17433 2.98375 3.03094 2.98094 2.8919 2.70613 2.69483 2.67925 2.64076 2.56064 2.51021 2.50751 2.50712 2.4495
threshold=-0.6038379669189452 0.75733333333333352 0.048000000000000008 0.70399999618530285 0.06533333333333334 92.174999237060561 0.70399999618530285 30.32499980926514 4.1749999523162851 0.90000000596046459 17.175000190734867 56.875000000000007 42.274999618530281 80.750000000000014 -0.50561597943305958 -0.056507498025894158 0.44799999892711645 0.90400000000000003 4.7249999046325692 13.97499990463257 -20.779406547546383 0.04800000041723252 0.57199999690055858 0.092000000000000012 169.02500152587893 88.375000000000014 36.074998855590827 -0.2086674943566322 10.375000000000002 0.29866666666666669 -21.326786041259762 0.26266666666666671 0.32666666666666672 0.21199999749660495 0.21199999749660495 6.8250000476837167 -18.492927551269528 0.058495737612247474 -0.1890478581190109 0.17466666666666669 -0.078345090150833116 0.76000002026557933 31.175000190734867 8.5250000953674334 -0.0084992307238280756 -21.253274917602536 0.4160000085830689 -0.23095455765724179 -18.750201225280758 -0.16809660196304319 -0.10055037960410117 0.80400000000000016 0.98666666666666669 -0.69865688681602467 0.097333333333333341 -21.462131500244137 41.725000381469734 0.13199999928474429 -0.10212757438421248 76.700000762939467 0.058495737612247474 0.80399999022483837
decision_type=8 2 2 2 2 2 2 2 2 2 2 2 2 2 10 2 2 2 2 2 2 2 2 2 2 2 2 2 2 2 2 2 2 2 2 2 2 2 2 2 2 2 2 2 2 2 2 2 2 2 2 2 2 10 2 2 2 2 2 2 2 2
left_child=2 3 47 15 20 6 7 8 -6 13 -11 52 49 17 45 16 46 34 -19 31 -4 -10 23 -18 -15 26 27 -5 41 -30 59 57 37 -34 43 -23 53 56 -28 40 -40 -29 -20 -3 -33 -13 -2 -1 -24 -8 -51 -36 60 -37 -9 -31 -32 -17 -50 -21 -12 -41
right_child=1 9 4 25 5 -7 12 54 21 10 11 14 -14 24 -16 19 22 18 42 30 -22 35 48 -25 -26 -27 38 28 29 55 32 44 33 -35 51 36 -38 -39 39 61 -42 -43 -44 -45 -46 -47 -48 -49 58 50 -52 -53 -54 -55 -56 -57 -58 -59 -60 -61 -62 -63
leaf_value=-0.0056828248588797307 -0.00029461117861608261 0.018205675480162931 0.0071100687623907952 -0.0095335899541378801 -0.0043771954873591317 0.016126954614998221 -0.01026880871671576 0.011498987931711009 0.0034945284771556793 -0.0028496290230450093 0.020244550619313455 0.0087294887677478086 0.0035246075274286089 -0.0099151492275014047 -3.3880109308791681e-05 -0.0075080454712533346 0.0094311820792395695 -0.0083865457258242015 0.011639229776770918 -0.00094784448258805956 0.02766467940334413 0.011460578157354824 0.00036518430097167988 -0.00053586901709639766 0.0063347000678795453 0.012835536130111326 0.0047115781648440188 0.00025907601946553049 -0.0012156590057094195 -0.000590344512077921 -0.00037236677895006852 -0.0024621769336297451 0.0074991204999688907 0.0012510004149913429 -0.005249636282524615 0.02312593266038138 0.03656925957323983 -0.010040206524015018 -0.001502761258783859 -0.00048538865125242705 -0.0058598967389035224 -0.0056749417723763757 0.0039057123983087891 0.0032456979319546958 0.0018432540844498986 0.017934365558903664 -0.013163023014552891 0.00028456657370816858 0.0090468055659550291 0.0080774229849604039 -0.0057207899686747832 0.0012905934023861351 0.013722153109105706 0.015162948096376781 0.0017647674420940838 0.0060246521438026626 0.0034601057165650757 -0.0033972304838315068 -0.0024031460122299203 -0.0086179867050507012 0.031965462810624005 -0.0089611700100496929
leaf_weight=343 2877 54 59 477 96 628 230 79 74 242 143 277 678 243 266 465 751 85 516 7966 197 110 1032 218 86 55 93 294 2794 222 2245 1340 480 815 255 281 50 89 819 94 1391 2217 217 159 693 156 50 670 210 55 144 550 102 172 711 493 562 2044 62 108 67 915
leaf_count=343 2877 54 59 477 96 628 230 79 74 242 143 277 678 243 266 465 751 85 516 7966 197 110 1032 218 86 55 93 294 2794 222 2245 1340 480 815 255 281 50 89 819 94 1391 2217 217 159 693 156 50 670 210 55 144 550 102 172 711 493 562 2044 62 108 67 915
internal_value=3.94965e-05 -0.00075121 0.0061359 -0.00133693 0.00837334 0.00724702 0.0051662 0.00902549 0.015369 0.0047103 0.00874184 0.0115165 -0.000317685 0.00237703 0.00744895 -0.00038698 0.00145922 0.00381856 0.00750676 -0.000958185 0.0229275 0.0181283 0.00400075 0.00718885 -0.00566747 -0.00345631 -0.00354766 -0.00271051 -0.00216987 -0.000158864 -0.000297358 -0.00274265 0.00115347 0.00356691 0.000854952 0.0198948 0.0217393 7.42533e-05 -0.00518985 -0.00547592 -0.00424519 -0.00498016 0.00934977 0.00703837 -0.000994561 0.0120458 -0.000514434 -0.00173598 0.00163168 -0.00639012 -0.00190721 -0.000781156 0.0206292 0.0201025 0.00273819 0.00397077 0.000394947 -0.0041591 0.00643689 -0.00105044 0.0239841 -0.00817155
internal_weight=39866 35289 4577 31871 3564 3308 2680 1573 783 3418 1253 1011 1107 2165 699 22007 5200 1836 818 16807 256 687 2273 969 329 9864 9809 6497 6020 3509 12265 4542 4191 1295 1018 613 503 2896 3312 3219 2210 2511 733 213 2033 433 2927 1013 1304 429 199 805 312 453 790 715 2807 2509 272 8074 210 1009
internal_count=39866 35289 4577 31871 3564 3308 2680 1573 783 3418 1253 1011 1107 2165 699 22007 5200 1836 818 16807 256 687 2273 969 329 9864 9809 6497 6020 3509 12265 4542 4191 1295 1018 613 503 2896 3312 3219 2210 2511 733 213 2033 433 2927 1013 1304 429 199 805 312 453 790 715 2807 2509 272 8074 210 1009
is_linear=0
shrinkage=0.05


Tree=6
num_leaves=63
num_cat=0
split_feature=6 0 4 8 0 0 1 0 1 4 0 0 0 1 0 4 1 1 1 1 0 0 7 0 7 1 0 4 1 4 0 4 0 7 4 4 0 0 0 1 4 0 4 0 1 4 4 0 0 0 0 4 0 0 1 7 4 4 4 4 0 4
split_gain=106.532 25.4414 28.5048 19.6728 14.3609 19.8702 13.7857 18.8959 13.0775 12.4957 12.1832 9.21619 28.4807 17.0903 19.2908 16.3028 12.9717 10.8824 9.2099 10.8538 8.62455 13.0298 7.74075 7.4611 7.3973 7.24798 7.24312 7.10116 6.01915 5.52638 5.07752 4.86514 4.76771 4.76384 4.76102 8.71342 10.3749 6.6551 5.58392 4.64925 4.6465 4.27855 4.19316 4.04708 3.97614 3.90325 3.82478 3.7927 4.97708 3.63899 11.054 3.62982 5.94515 4.14328 3.61413 3.53997 3.33502 3.17799 8.39869 2.59554 2.58011 2.64929
threshold=-0.8555169231329911 0.50033112597303897 20.07499980926514 -0.58540624380111683 0.50014310256686045 0.50015351551953768 0.70399999618530285 0.50032051295221613 0.93999999761581432 88.375000000000014 0.50033112597303897 0.50021781747929539 0.50021326509820485 0.75600001215934765 0.5002514458293249 4.1749999523162851 0.97200000286102306 0.5639999806880952 0.70799997448921215 0.67200002074241649 0.50038669783377443 0.5003288392331916 -18.271856307983395 0.50013877325520861 -21.012041091918942 0.80399999022483837 0.50036403353932313 40.725000381469734 0.33599999547004705 16.425000190734867 0.50033255740292482 4.4249999523162851 0.50020828994863265 -21.649327278137203 27.22500038146973 11.97499990463257 0.50037893146782475 0.50040112320934627 0.50033255740292482 0.50399997830390941 55.975000381469734 0.50039603966607826 76.700000762939467 0.50017137965112934 0.70799997448921215 37.975000381469734 2.3249999284744267 0.50014310256686045 0.50013877325520861 0.50036403353932313 0.50043535053963006 1.6250000000000002 0.50042863274055993 0.50037636437397459 0.11199999973177911 -22.204868316650387 40.925001144409187 47.524999618530281 60.024999618530281 5.0750000476837167 0.50033411296746799 21.274999618530277
decision_type=8 2 2 8 2 2 2 2 2 2 2 2 2 2 2 2 2 2 2 2 2 2 2 2 2 2 2 2 2 2 2 2 2 2 2 2 2 2 2 2 2 2 2 2 2 2 2 2 2 2 2 2 2 2 2 2 2 2 2 2 2 2
left_child=1 2 -1 6 23 45 7 47 40 18 -9 12 17 14 -13 39 29 27 19 -4 21 24 -12 -5 28 56 30 32 -17 -14 44 -24 -7 -11 35 -15 60 -38 -36 51 -8 -22 43 -29 -23 -6 -41 48 -2 -40 -51 -16 53 -53 -43 -31 -25 -19 -59 -28 61 -37
right_child=3 -3 9 4 5 11 8 10 -10 33 22 13 16 34 15 20 -18 57 -20 -21 41 26 31 25 -26 -27 59 42 -30 55 -32 -33 -34 -35 38 36 37 -39 49 46 -42 54 -44 -45 -46 -47 -48 -49 -50 50 -52 52 -54 -55 -56 -57 -58 58 -60 -61 -62 -63
leaf_value=0.029090816561600105 -0.0005502335538250813 -0.0055380314696781537 0.00024991063745057382 0.00025088109679922223 -0.0027729433146621821 0.001250067119693484 -0.0046145406493117202 0.017604757312904874 0.0054431865228888434 0.0098309494551538281 -0.0005118544209297462 -0.0045172474788624326 -0.00081520596266823001 -0.0047020620557982947 -0.0047495545002196665 -0.002750437586083631 0.019904095386169877 0.0012975082906418658 -0.0018636942334323905 0.024747157096862794 0.017148664236625994 0.0071832960156157991 0.0053882552258006332 0.012311966601656926 0.0096280501636329067 0.00029256301599236062 0.0037992819629610389 -0.0044816561645587396 0.0050277432467947074 0.0026899967473247069 -0.012895876545413191 0.026815773267075061 -0.0021699898384764812 0.017371795458883135 0.00052444307748467122 -0.0014761955652656774 0.020187187489538797 0.0029136056870144485 -0.011536519495261712 0.0025815208944350103 0.0029094381921822791 0.018677327592201805 -0.0095023211416519465 -0.00053709649107903717 -0.0064845892883540123 -0.005916248044383619 -0.0040866665677874283 0.00034795968028743539 0.011996575124763154 0.015679810589856721 -0.008928560178619184 -0.0064735596942479198 0.011307422585947358 -7.9759434801438201e-05 0.0048646902672904125 0.0082766332807733909 0.0055601139443762692 0.023260845588978198 0.0030218034934718888 -0.0014646599364841321 -0.0074307778747995977 0.010524783258908429
leaf_weight=263 138 185 88 2713 1736 2094 1034 423 681 339 223 2207 344 2762 1189 353 156 2110 259 93 122 79 54 251 576 588 433 1755 842 434 193 52 1985 548 195 573 95 135 504 927 256 54 274 1033 163 2291 280 931 185 55 268 351 92 911 385 818 674 61 321 510 172 50
leaf_count=263 138 185 88 2713 1736 2094 1034 423 681 339 223 2207 344 2762 1189 353 156 2110 259 93 122 79 54 251 576 588 433 1755 842 434 193 52 1985 548 195 573 95 135 504 927 256 54 274 1033 163 2291 280 931 185 55 268 351 92 911 385 818 674 61 321 510 172 50
internal_value=3.75217e-05 0.012011 0.0140529 -0.000520431 -0.000908406 -0.00129416 0.00280755 0.00572554 -0.000162257 0.0110725 0.0119921 -0.000785426 0.000278916 -0.0016225 -0.000410784 0.000804091 0.0061429 -0.000787595 0.00418359 0.0128369 0.00315405 0.00213652 0.00477581 0.0018198 0.00497358 0.00463308 -0.00150965 -0.00178036 0.00273009 0.00479782 -0.00684692 0.0158999 -0.000414266 0.0144898 -0.00405829 -0.00324101 0.000696005 0.0100483 -0.0070867 -0.0015208 -0.00312141 0.00886563 -0.00360018 -0.00302013 -0.00202276 -0.0045612 0.00103463 0.00196761 0.00663602 -0.00888134 -0.00473828 -0.00273371 -0.000963514 -0.00185807 0.00656374 0.00634005 0.00739224 0.00205724 0.00625369 0.000952399 -0.0020097 -0.000513035
internal_weight=39866 1775 1590 38091 34114 29888 3977 2006 1971 1327 752 25861 11385 14476 9667 7460 1752 9633 440 181 3710 3149 329 4226 1771 1513 1378 7141 1195 1596 435 106 4079 887 4809 3787 1025 230 1022 3750 1290 561 3062 2788 242 4027 1207 1254 323 827 323 2543 1354 1262 439 1252 925 2492 382 943 795 623
internal_count=39866 1775 1590 38091 34114 29888 3977 2006 1971 1327 752 25861 11385 14476 9667 7460 1752 9633 440 181 3710 3149 329 4226 1771 1513 1378 7141 1195 1596 435 106 4079 887 4809 3787 1025 230 1022 3750 1290 561 3062 2788 242 4027 1207 1254 323 827 323 2543 1354 1262 439 1252 925 2492 382 943 795 623
is_linear=0
shrinkage=0.05


Tree=7
num_leaves=63
num_cat=0
split_feature=6 2 2 8 2 0 0 2 2 0 2 0 0 0 0 0 8 0 0 0 0 2 5 0 0 0 0 0 0 0 0 0 0 0 0 8 7 6 2 0 2 0 2 5 2 7 2 0 0 6 2 0 0 2 0 0 0 6 0 0 2 2
split_gain=96.1453 49.9905 27.9737 19.3698 20.1185 14.672 15.8154 16.7271 9.50219 9.3074 8.77452 15.7513 14.1623 25.6257 11.8135 13.8029 8.43031 8.06576 7.99408 7.63149 8.89677 7.1752 6.21708 5.9652 6.51985 5.91036 5.79248 5.28119 8.59642 4.99062 4.76364 4.7246 4.6649 9.12071 4.52129 4.34462 4.28064 5.98036 3.9432 3.8696 3.80603 3.80439 3.62114 3.60599 3.3804 3.19737 3.01401 4.06117 4.56084 2.88078 2.84874 5.56902 3.77481 2.82666 2.71212 2.61759 4.07877 2.5124 2.47612 2.3033 2.25653 2.74153
threshold=-0.8555169231329911 -0.21535749396098905 -0.1260321506616133 -0.58540624380111683 0.12851363498697957 0.50014310256686045 0.50015351551953768 -0.11729957755847487 -0.1260321506616133 0.50020733983889498 0.15631233633817801 0.50037664788770764 0.50033057854852314 0.50026673781572406 0.50021781747929539 0.50021362957608162 -0.6518891155719756 0.50036403353932313 0.50040666944505097 0.50033057854852314 0.5003303601285557 0.073878786072262267 -0.013211885630962792 0.50038669783377443 0.50021500753520287 0.50018234867487321 0.50037664788770764 0.50033057854852314 0.50037664788770764 0.5002514458293249 0.5002787845212493 0.5003303601285557 0.50034459010164356 0.50032051295221613 0.50045024772747559 -0.20523510128259656 -17.86429405212402 -0.20139702947919849 -0.085435295756308954 0.50013877325520861 0.073878786072262267 0.50038095243623804 -0.063579323586959793 -0.0058547020022426165 -0.060513717123225327 -21.253274917602536 -0.10704703023566711 0.50019168104978762 0.50027762388484154 0.079133966388789931 0.040924840579821327 0.50021003991684887 0.5001933861994583 -0.0004016185452804881 0.5003696858176222 0.50033057854852314 0.5003288392331916 -0.5711057453199766 0.50014970061222186 0.50023132085438571 0.13082475996645523 -0.050309060523090109
decision_type=8 8 8 8 10 2 2 8 8 2 8 2 2 2 2 2 10 2 2 2 2 10 2 2 2 2 2 2 2 2 2 2 2 2 2 8 2 10 10 2 10 2 10 2 10 2 10 2 2 8 10 2 2 10 2 2 2 10 2 2 10 10
left_child=2 41 16 4 8 21 53 9 22 -8 11 12 13 14 15 25 55 -14 27 20 46 39 -3 24 35 38 32 31 -29 44 -15 40 33 49 -28 -11 -13 -38 -9 -5 -10 -2 -41 -17 -16 -18 -4 -48 -49 -12 -27 52 -52 -7 -34 56 -1 -33 -42 -46 61 -32
right_child=1 3 19 5 -6 6 7 10 18 23 26 36 17 30 29 43 45 -19 -20 -21 -22 -23 -24 -25 -26 50 34 28 -30 -31 60 57 54 -35 -36 -37 37 -39 -40 42 58 -43 -44 -45 59 -47 47 48 -50 -51 51 -53 -54 -55 -56 -57 -58 -59 -60 -61 -62 -63
leaf_value=0.017740775979366376 0.018617842183821901 0.012049115003756442 -0.0042520686461431706 0.00023833705435803059 0.01871652213496066 -0.0037685785991542287 0.0003993455291510343 -0.00095859879553883702 0.00060712340243267084 0.0072781999431982356 -0.0019390041842110369 0.0039384171590260706 -0.010204185902442493 0.0083085914024598126 0.0016366750768538104 -3.8950332820096669e-05 0.0085415297258748038 -0.0012763159834858345 0.020386614064302516 -0.0057423601029491381 0.023947392951982518 0.012358822175156093 0.0021180295992925535 0.021064822997814463 0.0019526562500810638 0.00095852957369152274 -0.0014638213885271548 -0.006855144530379294 0.0051954403158687235 0.0011156170627162009 -0.0025491845117158688 0.018833826221365098 -0.012348613027324326 0.016461822308874767 -0.0059840181459972722 0.018957950875887444 0.026959034228496548 0.0049401104074861049 -0.004675716776257082 0.00044114695259630816 0.017772229378331558 0.033373174298015472 0.0056779503343265189 0.0060393713428870304 -0.0061964707597278214 0.016672432272619494 -0.0018429144184188087 0.019839816215423894 0.0035042461070285448 -0.010140674957827993 0.0022176040376315972 0.0017158443728310128 -0.0048887041747397216 -0.0074414220589215088 -0.006070949946278402 0.010407726284689629 0.026562826510500882 0.0036983912904711008 0.0028311162149500953 -0.0034621216790221968 -0.0063538958565914072 0.0052300196408529287
leaf_weight=354 187 341 94 2713 186 3408 1457 1275 2168 303 466 950 648 750 211 333 349 415 51 184 62 153 293 67 529 2556 4591 507 209 452 146 58 211 61 629 108 51 78 1620 564 54 57 796 913 1630 185 101 77 96 139 228 804 1036 619 932 65 208 52 57 1460 64 505
leaf_count=354 187 341 94 2713 186 3408 1457 1275 2168 303 466 950 648 750 211 333 349 415 51 184 62 153 293 67 529 2556 4591 507 209 452 146 58 211 61 629 108 51 78 1620 564 54 57 796 913 1630 185 101 77 96 139 228 804 1036 619 932 65 208 52 57 1460 64 505
internal_value=3.56456e-05 -0.000494409 0.0114105 -0.000639848 0.00266162 -0.0010274 -0.0014203 -0.000962423 0.0018737 0.0029541 -0.00137921 -0.000736575 -0.00115506 -0.000732104 -0.00146435 -0.000459263 0.0159752 -0.00671871 0.000751585 0.00277913 0.00642554 0.00172881 0.00745951 0.0066505 0.00562309 -0.00126698 -0.00285346 0.000429077 -0.00333759 -0.00381171 0.00552476 0.00155797 -0.00529168 -0.0019654 -0.0020085 0.0103473 0.00509892 0.0136453 -0.00303864 0.0013295 0.00106947 0.0220648 0.00350622 0.00441491 -0.0044864 0.0113584 0.00347349 0.00612387 0.010775 -0.00382335 -0.000157773 -0.0015375 -0.00360687 -0.00433314 -0.00722982 0.0199072 0.0210059 0.0116789 0.0100998 -0.00490451 0.00260466 0.00348537
internal_weight=39866 38091 1775 37847 3976 33871 29645 25618 3790 2464 23154 16125 15046 13983 12518 8765 1161 1063 3156 614 430 4226 634 1007 940 7519 7029 3105 716 3753 1465 2389 1809 666 5220 411 1079 129 2895 4073 2279 244 1360 1246 3301 534 368 274 173 605 4624 2068 1264 4027 1143 627 562 110 111 3090 715 651
internal_count=39866 38091 1775 37847 3976 33871 29645 25618 3790 2464 23154 16125 15046 13983 12518 8765 1161 1063 3156 614 430 4226 634 1007 940 7519 7029 3105 716 3753 1465 2389 1809 666 5220 411 1079 129 2895 4073 2279 244 1360 1246 3301 534 368 274 173 605 4624 2068 1264 4027 1143 627 562 110 111 3090 715 651
is_linear=0
shrinkage=0.05


Tree=8
num_leaves=63
num_cat=0
split_feature=5 3 0 0 4 4 0 0 0 0 3 9 0 4 9 0 8 5 8 4 0 0 0 5 0 0 3 0 3 4 0 0 4 3 4 0 0 4 0 9 4 4 0 9 4 0 0 4 0 8 0 4 8 5 5 3 0 9 3 4 3 4
split_gain=86.5903 36.3915 28.9206 18.398 17.5909 17.2114 15.0551 16.4907 30.9204 21.0632 15.6345 13.3434 13.814 12.0614 10.235 9.87924 9.82776 9.51676 16.0502 9.0969 7.7832 7.51307 6.60459 5.90984 5.58838 5.5463 5.91228 5.16787 6.8872 4.76721 4.73558 4.50962 5.76035 4.24064 4.21835 7.29704 4.17813 4.11749 5.458 3.97773 3.92411 3.92124 4.68257 3.75967 3.41908 3.31541 3.27071 5.90222 5.71951 3.22041 3.02722 2.91973 2.8458 2.78989 3.6365 2.67699 2.66531 2.63589 2.59624 5.62286 2.48199 3.97628
threshold=-0.022170264095106498 0.90400000000000003 0.50033255740292482 0.50014310256686045 80.750000000000014 27.774999618530277 0.50015351551953768 0.50033057854852314 0.50026673781572406 0.50037327366156525 0.0080000000000000019 -0.10499002411961554 0.50021781747929539 4.7249999046325692 -0.13256064057350156 0.50013877325520861 -0.50561597943305958 -0.0083244482045283525 -0.37049657106399531 40.074998855590827 0.50018234867487321 0.50020828994863265 0.50014007564359464 -0.0065171066307430072 0.50039793082305972 0.50021621622632428 0.36266666666666675 0.50032948932736854 0.094666666666666691 51.95000076293946 0.5003288392331916 0.50032051295221613 43.000000000000007 0.040000000000000001 39.024999618530281 0.50038669783377443 0.50023132085438571 76.700000762939467 0.50017137965112934 -0.036151390522718423 40.925001144409187 1.3249999880790713 0.50040112320934627 -0.28770059347152704 2.2749999761581425 0.50019219681663274 0.50033255740292482 39.675001144409187 0.50035625227179048 -0.63755291700363148 0.5002787845212493 13.775000095367433 -0.57204362750053395 -0.0035240172680206286 -0.0047208420289393859 0.55066666666666675 0.50036403353932313 -0.23938677459955213 0.081333333333333355 46.774999618530281 0.36533333333333334 4.0750000476837167
decision_type=2 2 2 2 2 2 2 2 2 2 2 2 2 2 2 2 10 2 10 2 2 2 2 2 2 2 2 2 2 2 2 2 2 2 2 2 2 2 2 2 2 2 2 2 2 2 2 2 2 10 2 2 8 2 2 2 2 2 2 2 2 2
left_child=2 3 5 15 13 30 33 8 11 46 -10 45 19 -3 -11 -2 20 18 -15 25 -7 37 40 27 34 39 -27 31 -29 41 57 50 49 -5 35 -19 -14 38 -21 -13 -17 -16 60 -22 -44 -8 47 -9 -48 -33 -12 -41 -47 54 -36 -50 -4 -1 -45 -60 -43 -62
right_child=1 4 56 6 -6 16 7 9 10 14 23 12 36 17 29 22 -18 24 -20 21 43 -23 -24 -25 -26 26 -28 28 -30 -31 -32 32 -34 -35 53 -37 -38 -39 -40 51 -42 42 44 58 -46 52 48 -49 55 -51 -52 -53 -54 -55 -56 -57 -58 -59 59 -61 61 -63
leaf_value=0.021900493263314336 0.00022550933015486562 -0.0081265295733870986 -0.011682629196002381 -0.0026447098818632338 -0.0082329154762862209 -0.002571207385820647 8.3421228093955724e-05 -0.005746213168465456 -0.0028569836975825286 0.0059654308479723259 0.0087040696911260193 0.0019186484664454519 -0.0057008878584943572 0.046241259895730767 -0.0043301591034574519 0.012136595878060244 -0.0006833721480826371 0.0050765836722821908 0.0098596992795113719 -0.0041025506607687686 0.018757460996325841 0.011785437198289271 0.0016424178484593097 0.0020483147652600817 0.0039771477542284023 0.00015604993604302121 0.0092746278826398281 -0.0027152386221525309 0.013245798841194071 -0.0089441513340928567 0.0253867733198129 0.019461153910620501 0.0058020033506774021 -0.0057762472806520406 0.015461776113528529 0.020040328700334429 -0.0022929184839884445 -0.0092481870073560773 2.7733752047685011e-05 -0.0052073890515109246 0.0055106009818369668 0.00072662600572188745 -0.0011117391399252346 0.00092787009178816032 0.0025847428159971003 0.011372878535537 -0.010667755804080291 0.012324628827831988 -0.0021512473652672264 0.010781223930865275 0.0014841776602763127 -0.0003031869495949773 0.0042595354857388077 0.010618607673221772 0.032032264223588368 -0.0077908186239377016 0.0012565815101631664 0.0079698979427575978 0.027473270429192849 0.010700332027458466 -0.006915436727369698 -0.0019327456699481727
leaf_weight=59 2809 86 144 2650 152 96 395 218 520 459 560 2249 1725 50 1027 323 205 292 77 1845 186 91 861 511 300 343 369 213 99 223 251 253 215 1826 81 113 1879 229 1412 330 725 519 1347 60 1168 171 889 57 429 185 196 3778 791 83 56 413 55 80 53 873 525 1687
leaf_count=59 2809 86 144 2650 152 96 395 218 520 459 560 2249 1725 50 1027 323 205 292 77 1845 186 91 861 511 300 343 369 213 99 223 251 253 215 1826 81 113 1879 229 1412 330 725 519 1347 60 1168 171 889 57 429 185 196 3778 791 83 56 413 55 80 53 873 525 1687
internal_value=3.38633e-05 -0.000510362 0.0100115 -0.000801948 0.0077431 0.0119468 -0.00123428 -0.000793898 6.43309e-05 -0.00255221 0.00495089 -0.000797322 -0.00124848 0.00987697 -0.00125033 0.00211168 0.00947393 0.0113487 0.0241831 -0.0003427 0.0111161 -0.00239737 0.00488708 0.00676993 0.00958662 0.00069699 0.00488183 0.00817187 0.00234932 -0.00176019 0.0212867 0.00946118 0.0125048 -0.00392223 0.0122792 0.00925165 -0.00392409 -0.00276761 -0.00231196 0.000228278 0.00755277 -0.0015048 -0.000951689 0.0122372 0.000604957 0.00394031 -0.00706595 -0.00200062 -0.00787067 0.015795 0.00683225 -0.000697147 0.00552397 0.0178525 0.0222351 -0.00491745 -0.00810647 0.0138829 0.0110072 0.0116603 -0.00238522 -0.00311535
internal_weight=39866 37804 2062 36514 1290 1863 31796 27320 18359 8961 2752 15607 14250 1138 6955 4718 1473 1052 127 10646 1268 3577 1909 2232 925 7069 712 1721 312 6496 390 1409 653 4476 625 405 3604 3486 3257 6357 1048 6273 5246 1172 2515 1357 2006 275 1731 438 756 4108 962 220 137 842 199 139 986 926 2731 2212
internal_count=39866 37804 2062 36514 1290 1863 31796 27320 18359 8961 2752 15607 14250 1138 6955 4718 1473 1052 127 10646 1268 3577 1909 2232 925 7069 712 1721 312 6496 390 1409 653 4476 625 405 3604 3486 3257 6357 1048 6273 5246 1172 2515 1357 2006 275 1731 438 756 4108 962 220 137 842 199 139 986 926 2731 2212
is_linear=0
shrinkage=0.05


Tree=9
num_leaves=63
num_cat=0
split_feature=5 2 2 0 0 2 4 0 9 8 2 4 2 0 0 2 0 2 0 4 0 4 0 0 0 9 0 8 0 0 0 2 4 0 0 9 2 4 0 4 2 9 0 0 0 9 0 2 9 0 9 4 9 0 4 9 0 0 9 9 4 0
split_gain=78.1477 41.3263 31.254 14.1408 15.5917 22.2928 13.1366 13.0039 9.8051 13.7285 18.4608 12.368 10.6898 20.7089 13.6616 9.66161 9.29432 9.08579 12.6154 8.14114 7.31925 5.70691 5.6218 5.06075 5.02432 5.58316 4.87878 4.48797 4.13455 8.29393 4.02425 4.01232 3.87759 3.82679 3.79506 3.91155 3.58044 3.65308 3.40612 3.16537 3.13776 3.12812 3.06997 3.04936 2.95428 2.84167 4.02035 2.79723 2.756 2.66544 2.64252 2.52055 2.39613 2.39273 2.30392 2.53512 3.18957 2.28503 2.26025 2.61533 2.45727 2.13442
threshold=-0.022170264095106498 -0.21535749396098905 -0.044153139437704013 0.50014310256686045 0.50015351551953768 -0.11729957755847487 19.675000190734867 0.50020733983889498 -0.2086674943566322 -0.54695522785186756 0.08382424139268517 36.850000381469734 0.05079346718333292 0.50025361401580526 0.50021781747929539 0.073878786072262267 0.50041373610723117 -0.053080400596430238 0.50043535053963006 27.22500038146973 0.50019040368336154 20.07499980926514 0.50033112597303897 0.50013877325520861 0.50021574974035565 0.0009920522279571744 0.50033255740292482 -0.53793233633041371 0.50038669783377443 0.50033613449176018 0.50037664788770764 0.15631233633817801 37.975000381469734 0.5003299241533653 0.50028977129982799 -0.10499002411961554 -0.049585293813308583 5.0750000476837167 0.50032051295221613 1.3249999880790713 -0.063579323586959793 -0.063430059701204286 0.50038095243623804 0.50033112597303897 0.5002514458293249 0.069856688380241408 0.50032605155080201 -0.067590799783239466 0.069856688380241408 0.5002084636321571 -0.28770059347152704 23.625000000000004 -0.009207713417708872 0.50016906171235542 92.974998474121108 0.13312075287103656 0.50033255740292482 0.50021427041909405 0.035027574747800834 -0.009666624013334511 4.7249999046325692 0.50033255740292482
decision_type=2 8 8 2 2 8 2 2 2 8 10 2 8 2 2 10 2 10 2 2 2 2 2 2 2 2 2 10 2 2 2 8 2 2 2 2 8 2 2 2 10 2 2 2 2 2 2 10 2 2 2 2 2 2 2 2 2 2 2 2 2 2
left_child=2 42 6 15 32 7 -1 -6 33 10 16 12 13 14 24 23 36 -15 48 52 -8 30 38 -3 49 -26 -4 50 29 45 34 53 -5 -7 35 -14 37 -10 -23 -32 -25 -16 -2 -39 -37 46 57 -34 -19 -11 -22 -48 -12 -13 55 56 -55 -9 59 60 -41 -38
right_child=1 3 26 4 5 8 20 28 9 11 19 31 21 17 41 -17 -18 18 -20 -21 27 22 -24 40 25 -27 -28 -29 -30 -31 39 -33 47 -35 -36 44 61 43 -40 58 -42 -43 -44 -45 -46 -47 51 -49 -50 -51 -52 -53 -54 54 -56 -57 -58 -59 -60 -61 -62 -63
leaf_value=0.023239716710340159 0.017397508087616437 0.00015830772806936302 0.0018006951312294853 -0.0020849708823817152 0.00061898438029920765 -0.002203876027117628 -0.0026727054653669239 0.0083146818025103264 0.0094139860795746776 0.00126214765893508 0.029569514024431909 -0.0049924550122765962 0.0062045300275146527 0.00038064573983683252 -0.0020300840408114407 0.01252148216138187 0.01884025783721073 0.006264230385326937 0.029592148135095066 0.0044431554084631468 0.019014768614534314 0.0015977860943497163 -0.010152340311266016 0.001270515626342849 0.0001642048083012219 0.0083086639399572969 -0.0089900344951406308 0.0047920020359666334 0.019320938512956836 -0.003666130900161252 -0.0040713663919909344 -0.0077518585241124777 -0.0037165119743799327 -0.0079261289861656294 -0.0062089449630069469 -0.0042127883859984297 0.00022621560767756754 0.0031978058267354489 0.014348983367989688 -0.0020380248198553336 0.0055592479575073232 -0.0055216611645521807 0.030866578985504541 -0.0061312982713197014 0.001610371342546536 0.017953977651211997 0.019237318675247177 -0.0071662295496980931 -0.0046691931039094933 -0.0016390246617215218 0.01207555515978811 0.0092430318796528892 0.017173186018841251 -0.001270972159673494 -0.0079519126566799155 0.0086848160749750918 -0.0087866298987477592 0.0026285108537887087 -0.0056283746674945026 0.0017368815177353778 0.0019024341224576349 -0.0042363955532945955
leaf_weight=255 173 2847 307 1995 1642 514 93 369 189 1783 62 1133 122 886 1275 206 72 1464 58 114 162 1096 100 787 413 429 159 190 68 168 1018 564 1525 677 1119 1163 1112 446 55 2368 931 1291 56 109 268 71 96 956 60 1424 896 184 105 1582 155 58 155 339 242 882 475 353
leaf_count=255 173 2847 307 1995 1642 514 93 369 189 1783 62 1133 122 886 1275 206 72 1464 58 114 162 1096 100 787 413 429 159 190 68 168 1018 564 1525 677 1119 1163 1112 446 55 2368 931 1291 56 109 268 71 96 956 60 1424 896 184 105 1582 155 58 155 339 242 882 475 353
internal_value=3.21702e-05 -0.000484844 0.00951093 -0.000613901 -0.000983814 -0.000550512 0.0128372 0.00357361 -0.00102755 -0.00080958 0.00265135 -0.00121936 -0.000681155 0.000525832 -0.000932449 0.00192951 0.00116166 0.00443447 0.00670482 0.0147438 0.0108591 -0.00191185 0.00121913 0.00145154 0.000876432 0.00431382 -0.00188112 0.0118674 0.00731995 0.00665485 -0.00242339 -0.0038744 -0.00372612 -0.00545658 -0.00398905 -0.00238953 0.000585449 0.00341015 0.0022071 -0.00158419 0.00359462 -0.00378676 0.0206913 0.0013656 -0.00312222 0.00829218 0.00759786 -0.00504579 0.00583378 -2.60561e-05 0.0131381 0.0126696 0.0217754 -0.00316506 -0.0021033 -0.00159827 -0.00194163 0.00559207 -0.000945935 -0.000641733 -0.00137966 -0.000849076
internal_weight=39866 37804 2062 37575 32804 28328 1596 2937 25391 24200 2562 21638 17991 9083 6615 4771 2281 2468 1582 281 1341 8908 1251 4565 4049 842 466 1248 1295 1227 7657 3647 4476 1191 2672 1553 2209 744 1151 4985 1718 2566 229 555 1431 1059 988 2481 1524 3207 1058 280 167 3083 1950 1795 1737 708 3967 3725 2843 1465
internal_count=39866 37804 2062 37575 32804 28328 1596 2937 25391 24200 2562 21638 17991 9083 6615 4771 2281 2468 1582 281 1341 8908 1251 4565 4049 842 466 1248 1295 1227 7657 3647 4476 1191 2672 1553 2209 744 1151 4985 1718 2566 229 555 1431 1059 988 2481 1524 3207 1058 280 167 3083 1950 1795 1737 708 3967 3725 2843 1465
is_linear=0
shrinkage=0.05


Tree=10
num_leaves=63
num_cat=0
split_feature=6 5 0 0 0 0 0 0 1 9 9 0 9 1 7 0 1 0 1 0 1 6 9 1 9 9 5 0 0 9 6 9 7 0 6 0 9 6 0 9 9 9 1 0 0 0 1 9 9 0 1 0 0 0 0 0 1 0 1 1 0 1
split_gain=78.6206 19.7366 10.787 17.8328 14.1131 31.1948 20.6605 22.2508 18.6401 16.5313 9.27026 8.10074 7.93325 8.01252 7.77801 7.51126 7.21556 6.69543 5.95681 6.16192 5.98537 5.46479 5.18064 5.15514 5.11034 5.51377 12.1147 4.63513 5.89717 4.58229 4.52263 4.41401 4.26551 4.13141 3.96822 3.56842 3.16392 3.09324 3.06598 2.91564 2.86074 2.79833 2.79776 2.54939 2.71416 2.53613 2.52009 2.51024 2.50212 2.35759 2.34789 2.26309 2.20082 2.84228 2.19525 2.18977 2.1744 2.16883 2.03994 2.00421 1.91586 1.85387
threshold=-0.8555169231329911 -0.023747036179265182 0.50014310256686045 0.50018234867487321 0.50033255740292482 0.50037523457440947 0.50026673781572406 0.50021781747929539 0.90800002217292797 -0.21662451326847074 -0.020096584223210808 0.50013877325520861 -0.12632705271244046 0.77199998497962963 -21.677315711975094 0.50035625227179048 0.70799997448921215 0.50021362957608162 0.70799997448921215 0.50021003991684887 0.90000000596046459 0.047134647406328008 -0.10212757438421248 0.6120000183582307 -0.017872946336865422 0.065973673015832915 -0.0082101386454554431 0.50039603966607826 0.50038669783377443 -0.00014867530626361256 -1.0889622913795065 -0.040818873792886727 -22.479710578918453 0.50013945056748665 -0.5578920233003255 0.50040666944505097 -0.28770059347152704 0.14215323642907654 0.50023685462444367 -0.039622547104954713 -0.14385087788105008 -0.023875388316810128 0.78800001740455639 0.50015351551953768 0.50016542601262082 0.5001933861994583 0.82400000095367443 0.044134473428130157 -0.14385087788105008 0.50042069843373471 0.80799999833107006 0.50020889911085009 0.50038669783377443 0.50039603966607826 0.50041823512125505 0.5002787845212493 0.34799998998641973 0.50032051295221613 0.10399999842047693 0.5560000240802766 0.50014560280792109 0.93200001120567333
decision_type=8 2 2 2 2 2 2 2 2 2 2 2 2 2 2 2 2 2 2 2 2 10 2 2 2 2 2 2 2 2 10 2 2 2 10 2 2 8 2 2 2 2 2 2 2 2 2 2 2 2 2 2 2 2 2 2 2 2 2 2 2 2
left_child=1 16 11 41 6 15 7 8 17 -8 12 -2 59 35 55 50 -1 31 19 -3 -20 34 -9 33 -12 49 -27 28 -28 39 -21 51 -10 -13 -16 -14 -18 42 -24 -19 -17 43 45 60 -45 -33 -44 -34 -36 52 -6 -5 -26 -54 -37 -11 -40 -57 -23 -7 -4 -50
right_child=2 18 3 4 5 10 9 22 32 14 24 23 13 -15 21 40 36 29 20 30 -22 58 38 -25 25 26 27 -29 -30 -31 -32 37 47 -35 48 54 -38 -39 56 -41 -42 -43 46 44 -46 -47 -48 -49 61 -51 -52 -53 53 -55 -56 57 -58 -59 -60 -61 -62 -63
leaf_value=0.022280688472337239 7.6070171160543931e-05 -0.00056236141921237482 -0.0019409110617940404 0.003921027308612276 -0.014901453649728141 -0.0041453116111427784 -0.0036249944993578757 0.001931788717806677 0.002783357618883894 0.0053962415048268986 0.015009085389028771 0.004466351724493548 0.0015976642994292929 -0.0051711767200142223 0.010854789045733752 0.004691350091450725 0.019388800042489655 0.0039376476167155726 -0.0039579529660958577 0.028890294919687289 0.0064050179656976458 0.017669952903610574 -0.0046554717310728138 0.0015366989944522267 -0.0018639765880642456 0.030410001079008892 0.0018327448880721504 -0.00079191791719206367 0.023852310170504182 0.0067776927580578353 0.010768548134273213 0.0012097350125101465 0.0098211049572124037 0.011235439517776209 0.0011685618681585011 -0.0034511512491876648 0.010862355436395722 -0.0055972320380046695 -0.0029680989757954468 -0.0032958742224674267 -0.0048675255058877121 -0.0039630268758601558 0.013268696783164231 0.00033823896027355575 -0.0028044697007851885 -0.0018127187495244536 0.0017331990321874987 0.018692373148431734 0.0075953581557061571 -0.0019403728747032904 -0.0087665345943582947 6.7721529169694511e-05 0.011190779279318773 0.0023051029181731103 0.00033871511292785507 -0.0037201407145210962 0.0019062797449480445 0.0033300160687350418 0.0083940992438858684 0.0053045077106895454 -0.0044998417469747079 0.0022212166943314389
leaf_weight=266 2800 71 1615 896 199 63 525 458 193 233 80 665 1195 1341 422 83 136 310 248 54 318 170 2552 890 284 51 68 189 55 684 95 957 428 341 289 1001 544 314 746 253 1374 2969 52 1618 1194 2526 529 98 766 479 721 663 98 1102 618 246 330 196 91 513 1337 203
leaf_count=266 2800 71 1615 896 199 63 525 458 193 233 80 665 1195 1341 422 83 136 310 248 54 318 170 2552 890 284 51 68 189 55 684 95 957 428 341 289 1001 544 314 746 253 1374 2969 52 1618 1194 2526 529 98 766 479 721 663 98 1102 618 246 330 196 91 513 1337 203
internal_value=1.5157e-05 0.0104336 -0.000458796 -0.000774479 -8.6489e-05 -0.0015954 0.00086234 -8.33824e-05 0.00146545 0.0044721 5.68898e-05 0.00178494 -0.00122819 -0.00199052 0.00609709 -0.00655644 0.0152988 0.000697242 0.0045781 0.0115598 0.00186435 0.00770486 -0.00307908 0.00430858 0.00258378 0.00215643 0.00781747 0.00412446 0.0116789 0.00402787 0.0173362 -2.31896e-06 0.00914113 0.00676084 0.00665916 -0.000474793 0.0125676 -0.000815877 -0.00371166 0.00068706 -0.00432299 -0.00271595 -0.000446451 -0.00207358 -0.000996183 -0.00098226 0.00276564 0.0114739 0.00525172 0.00110958 -0.0100935 0.00228232 0.00209404 0.00303077 -0.00200449 0.00147386 -0.00147317 -0.000593827 0.0144358 0.00427093 -0.00309988 0.00646951
internal_weight=39805 1732 38073 33377 24644 9514 15130 11989 7903 3141 7137 4696 4731 4155 2616 2377 946 7184 786 220 566 1941 4086 1896 2406 2326 363 312 123 1247 149 5937 719 1006 1680 2814 680 4378 3628 563 1457 8733 4064 5764 2812 3483 581 526 1258 1963 920 1559 1484 1200 1619 675 1076 442 261 576 2952 969
internal_count=39805 1732 38073 33377 24644 9514 15130 11989 7903 3141 7137 4696 4731 4155 2616 2377 946 7184 786 220 566 1941 4086 1896 2406 2326 363 312 123 1247 149 5937 719 1006 1680 2814 680 4378 3628 563 1457 8733 4064 5764 2812 3483 581 526 1258 1963 920 1559 1484 1200 1619 675 1076 442 261 576 2952 969
is_linear=0
shrinkage=0.05


Tree=11
num_leaves=63
num_cat=0
split_feature=6 2 0 4 2 0 0 4 9 0 2 0 3 3 0 6 0 4 2 0 0 0 0 3 6 0 0 3 0 3 2 0 6 4 9 0 0 9 9 4 3 2 3 0 9 2 3 2 0 4 2 4 3 4 4 0 4 3 9 0 4 0
split_gain=71.0174 28.2904 14.4774 18.0977 13.1335 22.5748 12.0117 14.8451 12.8385 11.8557 11.1202 29.8042 15.1878 10.9917 8.73524 12.8986 11.4502 9.91475 9.3639 7.82642 6.94415 9.67492 6.29479 6.09553 7.48004 5.79652 5.77917 4.49455 4.41947 4.30347 4.13513 3.76373 3.73196 4.49872 3.70235 3.40048 4.42931 3.50943 3.35142 3.3383 3.28701 3.16691 3.15001 2.9152 2.83885 2.75801 2.72435 2.47899 2.44659 2.34621 2.17794 2.1564 3.06569 2.28529 2.07121 2.0695 2.01831 1.98923 1.97937 2.278 1.81888 1.77188
threshold=-0.9295308478051737 -0.21535749396098905 0.50033112597303897 20.07499980926514 -0.11729957755847487 0.50020733983889498 0.50014279594750699 36.074998855590827 -0.2086674943566322 0.50013906271997488 0.23301803918121927 0.50026673781572406 0.35733333333333339 0.081333333333333355 0.50041373610723117 -0.17448546570513365 0.50033057854852314 24.47500038146973 0.087649636724862853 0.50037243953024635 0.50033255740292482 0.50017035792926501 0.50037664788770764 0.8600000000000001 -0.48147625496761565 0.5002111932512362 0.50021715527625554 0.13066666666666668 0.50038095243623804 0.41866666666666669 -0.023380682436076029 0.5002514458293249 -0.40686733309529316 80.750000000000014 0.17853167653083804 0.50021362957608162 0.50021987691147396 -0.10499002411961554 -0.06901302188634871 5.2249999046325692 0.96933333333333349 0.023705718970450311 0.070666666666666683 0.50038669783377443 -0.10055037960410117 -0.067590799783239466 0.84933333333333338 -0.11052737381796218 0.5002134471815497 42.675001144409187 0.087649636724862853 1.3249999880790713 0.47200000000000003 1.9750000238418581 54.175001144409187 0.5003303601285557 15.174999713897707 0.029333333333333336 -0.040818873792886727 0.50015368065523569 4.4249999523162851 0.50020828994863265
decision_type=8 8 2 2 8 2 2 2 2 2 8 2 2 2 2 10 2 2 10 2 2 2 2 2 8 2 2 2 2 2 10 2 8 2 2 2 2 2 2 2 2 10 2 2 2 10 2 10 2 2 10 2 2 2 2 2 2 2 2 2 2 2
left_child=2 28 3 -1 5 49 9 8 57 -6 11 12 26 -5 16 -16 17 18 -13 50 21 45 -12 24 42 -15 58 -19 -2 -29 -11 38 -23 34 -34 37 -37 -14 -28 -21 44 -35 -7 -41 -24 -9 -22 48 -27 -3 -18 -46 53 -53 -25 -26 -20 -8 59 -10 -54 -60
right_child=1 4 -4 13 6 23 7 20 10 30 22 14 35 25 15 -17 19 27 56 39 46 32 40 54 55 47 31 29 -30 -31 -32 -33 33 41 -36 36 -38 -39 -40 43 -42 -43 -44 -45 51 -47 -48 -49 -50 -51 -52 52 60 -55 -56 -57 -58 -59 61 -61 -62 -63
leaf_value=0.026010169708103787 0.012318379153813501 -0.0011236964688240481 -0.0050728542983209286 -0.002009040502476345 0.00035614794179430033 0.018499376383963331 -0.0035315006780284432 -0.002868802265822059 -0.0019514378525746863 0.0039081518050312911 -0.0055336288136902684 0.0061704929417650484 0.009030181531961173 -0.00072870786460498503 0.030607358084297806 0.006489438341658698 -0.0037054590756509689 -0.0010868190638369548 -0.0070055084712887811 0.0047052834467756662 -0.00891460623392289 0.0034858322652829192 0.0019740847483316164 0.019549399641563454 0.0038974010476790521 0.018239025496207942 -0.0017751847040128072 0.017073883304762404 0.027347117083880941 0.0047106523500082811 0.011188708478657848 0.0013131075371452319 -0.00061592819070996796 -2.6029958020328952e-05 0.012431930266653322 0.0066357473296591897 -0.0041025793918739867 0.0005964667056236367 -0.0051167474284808997 -0.0039575199536384864 0.006436913452202906 -0.0083523626859373281 0.0082943668811302877 0.0033786965922931707 -0.0040325908285977884 -0.0056938095645062501 0.0016839944455188825 0.021400900315872374 0.011020663013695958 0.0017502053503371494 -0.012990247577876797 -0.0020391988799071063 -0.0045013749332519703 0.0012862316709895639 0.0074068207198288291 -0.0022061138972276242 0.0035616897997619995 -0.0080432638318375053 -0.00054055556509045855 0.001599691036448581 -0.00071965894283314703 -0.0030471528542760609
leaf_weight=211 189 2552 127 162 3091 87 427 1545 672 427 1091 1082 134 80 74 221 315 53 193 730 638 479 511 118 502 146 1166 323 66 90 359 383 1865 173 56 712 111 1552 2105 285 132 336 578 258 980 1960 67 86 599 984 79 919 916 1180 50 192 59 571 1674 1377 487 1218
leaf_count=211 189 2552 127 162 3091 87 427 1545 672 427 1091 1082 134 80 74 221 315 53 193 730 638 479 511 118 502 146 1166 323 66 90 359 383 1865 173 56 712 111 1552 2105 285 132 336 578 258 980 1960 67 86 599 984 79 919 916 1180 50 192 59 571 1674 1377 487 1218
internal_value=1.43991e-05 -0.000390471 0.0110311 0.0126239 -0.00050145 0.00187008 -0.000864464 -0.00121166 -0.000571506 0.00175042 -0.000309183 0.000433372 -0.000869739 0.0099916 0.00427967 0.0125394 0.00357686 0.0063421 0.00414884 0.000591013 -0.00319716 -0.00267943 -0.00208506 0.00695068 0.00583996 0.0121256 -0.00186883 0.0126206 0.0162082 0.0143797 0.0072335 -0.00337649 -0.000547852 -0.00134297 -0.000235564 0.00255282 0.00518744 0.00126676 -0.00392559 0.00249699 -0.00135093 -0.00552239 0.00962946 -0.000471804 -0.00155682 -0.00444855 -0.00790736 0.0133631 0.0124353 -0.000323946 -0.00556713 -0.00195938 -0.00137921 -0.000169733 0.0159355 0.00220882 -0.00453144 -0.00611288 -0.000753879 0.000435046 -0.00318869 -0.00159624
internal_weight=39805 38394 1411 1284 38139 5063 33076 29199 22080 3877 21082 14866 11104 1073 3762 295 3467 1800 1334 1667 7119 6414 6216 1527 1359 911 8595 466 255 413 786 3654 2909 2430 1921 2509 823 1686 3271 1273 5125 509 665 543 4993 3505 705 831 745 3536 394 4482 3502 2099 168 694 252 998 4941 2049 1403 2892
internal_count=39805 38394 1411 1284 38139 5063 33076 29199 22080 3877 21082 14866 11104 1073 3762 295 3467 1800 1334 1667 7119 6414 6216 1527 1359 911 8595 466 255 413 786 3654 2909 2430 1921 2509 823 1686 3271 1273 5125 509 665 543 4993 3505 705 831 745 3536 394 4482 3502 2099 168 694 252 998 4941 2049 1403 2892
is_linear=0
shrinkage=0.05


Tree=12
num_leaves=63
num_cat=0
split_feature=6 2 2 2 4 6 4 9 2 7 9 2 9 4 4 9 6 9 4 2 7 7 9 4 6 4 4 4 2 7 6 4 9 2 6 2 4 9 4 6 4 4 4 5 4 4 9 9 4 2 9 9 4 4 4 2 4 7 9 6 9 5
split_gain=64.1517 25.5272 17.0741 9.37509 9.2929 8.53415 8.07649 11.0137 9.90787 8.72085 6.9371 6.6291 6.70419 5.65145 8.24076 5.59314 5.51845 10.8829 5.39587 4.84922 4.42654 3.77502 4.08073 5.66296 4.48264 3.74779 3.51982 3.48541 3.72528 2.82698 2.63326 2.35157 5.70633 4.80004 3.77362 2.84084 3.41521 2.59653 3.01355 2.31233 2.25555 2.23784 2.16697 4.45257 2.10991 3.32601 1.84558 1.71602 1.68664 1.66545 1.61964 1.54828 1.51043 1.49898 1.92905 1.47863 1.45139 2.06479 1.43272 1.40692 1.39352 1.36794
threshold=-0.8555169231329911 -0.21535749396098905 -0.1260321506616133 -0.11729957755847487 20.07499980926514 -0.66838357792570779 43.299999237060554 -0.2086674943566322 0.23301803918121927 -18.362105369567868 -0.17453605681657788 0.20178964289468179 -0.048498135060071938 28.925000190734867 11.97499990463257 0.060082204639911659 -0.19421057673240891 -0.023148183710873124 20.07499980926514 0.087649636724862853 -21.196333885192868 -20.968370437622067 1.0000000180025095e-35 7.7750000953674325 -0.32579445335569696 42.675001144409187 87.074996948242202 58.074998855590827 -0.0082536019948248867 -21.012041091918942 -1.0889622913795065 16.425000190734867 -0.064966592937707887 0.002877421773832389 -0.35011962579728489 0.15631233633817801 21.57499980926514 -0.060697797685861581 29.97500038146973 -0.15780716282345325 51.175001144409187 17.175000190734867 35.649999618530281 -0.018657238021478024 4.2750000953674325 8.8249998092651385 -0.063430059701204286 -0.021107303909957405 6.8250000476837167 -0.14237699312661126 -0.096343457698822008 -0.06176400184631347 8.5250000953674334 35.649999618530281 35.024999618530281 -0.03651397187389159 139.65000152587893 -19.407752037048336 0.044134473428130157 -0.42459230727469194 -0.14046970009803769 -0.023747036179265182
decision_type=8 8 8 8 2 8 2 2 8 2 2 8 2 2 2 2 10 2 2 8 2 2 2 2 8 2 2 2 10 2 10 2 2 8 8 10 2 2 2 10 2 2 2 2 2 2 2 2 2 10 2 2 2 2 2 10 2 2 2 8 2 2
left_child=2 20 4 5 -1 29 7 -5 9 11 -4 21 -13 14 -12 18 17 -11 48 27 -2 31 24 -24 42 -20 -15 40 -29 -3 61 32 34 -33 -9 36 -35 38 -38 47 -8 -25 43 -23 -26 50 55 52 -7 -27 -46 -37 -10 54 -39 -45 57 -32 -42 -50 -31 -6
right_child=1 3 10 6 30 15 19 8 39 16 13 12 -14 26 -16 -17 -18 -19 25 -21 -22 22 23 41 44 49 -28 28 -30 60 56 33 -34 35 -36 51 37 53 -40 -41 58 -43 -44 46 45 -47 -48 -49 59 -51 -52 -53 -54 -55 -56 -57 -58 -59 -60 -61 -62 -63
leaf_value=0.021616231223036138 0.010378423930693464 0.0044966293083864286 -0.0041795656145336381 -0.0057711190325568876 0.014097457030890603 0.012417805913502156 -0.0021170633519829118 0.0052234066182949316 -0.001992397031393086 0.0068340151668878192 0.0023166615760228672 -0.003487767384369643 0.012961400616025923 -0.0012369361975819023 0.028000125856488013 0.01253291774543445 0.00083452350163575831 0.032321269029460385 -0.0011511818621556329 -0.0064986934552305475 0.024111328729157968 0.014942525572529654 0.016336588491088686 -0.0010428097209649637 0.0040573120844183928 0.0042767873804945792 0.013273885082453491 0.0011789780607433069 -0.0037720048574424224 0.016953154991491522 0.0030722312659174386 -0.0011089346920644025 -0.0033330239276747916 -0.00074174892530680771 -0.00080120638335585503 -0.0094363757941979352 0.01620728530356964 0.0027682761395717444 0.0034828033988984924 -0.0030247000723240946 -0.0058867774947775568 0.0035924677804870181 -0.0032353424382460709 0.0018832860894931844 -0.00047680076807417988 -8.1824662150177551e-05 -0.00047822099251348076 0.00086726150665723399 0.0098706404036232112 0.00051304396488333602 -0.0056744456431943556 -0.0011193138489713852 0.0041328345948741544 -0.00015244259146915415 0.011782235247007902 0.0065164224134407825 0.012920889634244896 0.014222427787115941 -0.0010909618713004438 0.0029544585848833727 0.0083973286732281043 0.0082092744833516928
leaf_weight=245 159 208 234 932 430 67 3061 368 2427 258 61 91 194 174 64 101 238 50 2583 648 93 82 78 340 247 545 55 1382 524 101 206 4698 2005 902 885 78 76 1391 120 2838 758 1112 124 339 226 3510 297 842 87 638 445 198 105 449 62 350 83 52 196 475 90 128
leaf_count=245 159 208 234 932 430 67 3061 368 2427 258 61 91 194 174 64 101 238 50 2583 648 93 82 78 340 247 545 55 1382 524 101 206 4698 2005 902 885 78 76 1391 120 2838 758 1112 124 339 226 3510 297 842 87 638 445 198 105 449 62 350 83 52 196 475 90 128
internal_value=1.36792e-05 -0.000414446 0.00942476 -0.000520127 0.0129839 0.00152154 -0.000823654 -0.000432711 -0.000237022 0.000324217 0.00250024 0.000142033 0.00770921 0.00691571 0.0154666 0.0008996 0.00655285 0.0109716 0.000632258 -0.00239225 0.0154465 2.47088e-05 0.000922775 0.00321211 0.000299523 -8.37312e-05 0.0022482 -0.00194283 -0.000182153 0.00852964 0.0106313 -0.000546977 -0.00167881 -8.45348e-05 0.000968193 0.00138452 0.00183112 0.00293728 0.00841679 -0.00197287 -0.00277866 0.00250707 0.00302119 0.0037476 -0.000433138 -0.000698419 0.00281658 -0.00108813 0.00491909 0.00224697 -0.00392382 -0.00346979 -0.00173839 0.00237262 0.0031529 0.00423684 0.00716974 0.00531956 -0.00490147 0.00402511 0.0129216 0.0127468
internal_weight=39805 38073 1732 37821 1144 4895 32926 26357 25425 19213 588 18667 285 354 125 4496 546 308 4395 6569 252 18382 7150 1530 5620 3766 229 5921 1906 399 899 11232 3258 7974 1253 3276 3000 2098 196 6212 4015 1452 1192 1068 4428 4181 986 3374 629 1183 671 276 2532 1902 1453 689 341 258 954 562 191 558
internal_count=39805 38073 1732 37821 1144 4895 32926 26357 25425 19213 588 18667 285 354 125 4496 546 308 4395 6569 252 18382 7150 1530 5620 3766 229 5921 1906 399 899 11232 3258 7974 1253 3276 3000 2098 196 6212 4015 1452 1192 1068 4428 4181 986 3374 629 1183 671 276 2532 1902 1453 689 341 258 954 562 191 558
is_linear=0
shrinkage=0.05


Tree=13
num_leaves=63
num_cat=0
split_feature=5 3 8 1 8 1 3 9 9 3 9 9 8 7 1 1 3 1 9 1 1 3 8 7 3 1 1 7 8 7 3 1 7 7 1 9 5 9 1 3 1 8 8 8 9 3 9 8 1 8 5 9 3 1 1 9 3 3 3 8 3 9
split_gain=57.5721 22.3388 11.7261 11.6702 16.0651 6.26918 9.55422 7.49702 6.23715 6.69336 9.18338 5.64238 5.61375 4.65422 4.20473 4.1977 4.12379 3.26995 3.76766 3.49939 3.09354 2.96968 2.90953 2.85956 2.75452 3.57402 3.17911 2.7269 3.19771 2.65049 2.63745 8.75429 4.54751 3.39898 3.34165 2.89048 2.18379 3.36649 2.04851 1.93609 1.92806 2.63204 1.82142 1.81015 1.77681 2.15456 1.77497 1.70913 1.60009 2.07639 1.69995 1.49773 2.34675 2.01662 1.43407 2.09655 1.89792 1.81614 1.41112 1.32803 1.32792 1.31088
threshold=-0.022993567978095198 0.88933333333333342 -0.53187492489814747 0.70399999618530285 -0.62809795141220082 0.70000001788139354 0.7506666666666667 -0.071040246635675416 -0.10055037960410117 0.52533333333333343 -0.16809660196304319 -0.051437376067042344 -0.5436895191669463 -20.355833053588864 0.96400001645088207 0.42800000309944158 0.0026666666666666674 0.91200000047683727 0.023135157302021984 0.14400000125169757 0.4160000085830689 0.84400000000000019 -0.51589766144752491 -20.99882888793945 0.085333333333333344 0.58000001311302196 0.63600000739097606 -22.436365127563473 -0.29148635268211359 -21.477165222167965 0.35733333333333339 0.22800000011920932 -22.081223487854 -22.133908271789547 0.043999999761581428 0.055022152140736587 -0.017653116672524557 -0.011098523158580063 0.87200000882148754 0.60133333333333339 0.93600001931190502 -0.47691354155540461 -0.49861994385719294 -0.72332122921943653 -0.026851608417928215 0.13066666666666668 -0.24875220656394956 -0.65729734301567067 0.20799999684095385 -0.63755291700363148 -0.0082101386454554431 0.017735829576849941 0.28666666666666668 0.055999999865889556 0.90400001406669628 -0.021107303909957405 0.79333333333333345 0.39333333333333337 0.018666666666666668 -0.60734429955482472 0.081333333333333355 -0.26798360049724573
decision_type=2 2 10 2 8 2 2 2 2 2 2 2 8 2 2 2 2 2 2 2 2 2 8 2 2 2 2 2 10 2 2 2 2 2 2 2 2 2 2 2 2 8 8 10 2 2 2 8 2 10 2 2 2 2 2 2 2 2 2 10 2 2
left_child=2 3 5 4 13 7 14 43 9 10 46 15 -3 48 -7 20 -17 18 -14 -20 -6 40 38 -23 25 -18 -26 -19 -29 47 34 32 -32 -33 44 51 -15 -38 -11 -28 54 -42 60 -1 45 -13 -5 -8 50 -50 -2 53 -53 -36 55 56 58 -57 -10 -40 -12 -31
right_child=1 12 -4 8 11 6 29 -9 21 22 42 30 17 36 -16 16 24 27 19 -21 -22 23 -24 -25 26 -27 39 28 -30 61 31 33 -34 -35 35 -37 37 -39 59 -41 41 -43 -44 -45 -46 -47 -48 -49 49 -51 -52 52 -54 -55 -56 57 -58 -59 -60 -61 -62 -63
leaf_value=0.020861631298508005 0.0093545414455281015 0.020794980066226952 0.00034371983222792387 -0.0074100822630827415 5.4144978673876147e-05 -0.0026043066281929289 0.015786788930858463 0.0041481996782951882 -0.0018934490924725244 0.0028862115103912441 0.00081176008482602762 -0.0025661177159809318 0.0081014677593718824 0.014950687724479434 0.0073359788124005053 -0.0063807401353598485 0.0066822895432381291 0.0029692991307770015 0.014158494390780109 0.00038722169435807292 -0.011794077966936 0.012101489515749343 0.0013468502101854289 -0.0034131254759375697 -0.0013059582911241537 0.00069640770476667993 0.0015941794915866514 0.0035910529393083992 0.01614768720990754 0.020657705344669725 -0.00014271858475547081 -0.0041989624636356226 0.0045253004189876999 -0.00050949071959780249 0.0025407131741097509 -0.0064285408952187983 0.0041172183640215392 0.016172041899017706 0.017482168642947309 0.0068265673054697263 0.0017753244569346386 -0.0025904599085474684 -0.00040999904361934379 0.013023053308236688 -0.0040502950096780862 0.0023695418235143333 -0.0033814107173632197 0.0071160895357797009 -0.00052705414614346734 0.0099732332716865307 0.0027022421545810343 0.0016072700643984502 -0.0047140148535640128 -0.0010831948251388442 -0.0047808686589981787 -0.0021573468143528548 -0.009221168462333838 0.002108392362912772 -0.0039542178741963493 0.0079958793443080413 0.005039083832728321 0.01345171845096409
leaf_weight=265 167 60 352 376 3398 206 74 117 1263 154 385 952 318 138 220 124 778 116 50 596 56 66 637 54 594 367 463 73 166 92 886 868 1269 2223 406 218 217 79 52 286 495 1141 1008 102 1331 288 1002 245 327 55 226 1271 166 7050 1163 1186 138 316 2427 127 359 201
leaf_count=265 167 60 352 376 3398 206 74 117 1263 154 385 952 318 138 220 124 778 116 50 596 56 66 637 54 594 367 463 73 166 92 886 868 1269 2223 406 218 217 79 52 286 495 1141 1008 102 1331 288 1002 245 327 55 226 1271 166 7050 1163 1186 138 316 2427 127 359 201
internal_value=1.29952e-05 -0.000409668 0.00856799 -0.000645352 -7.18548e-06 0.0104701 0.0082788 0.0151695 -0.0018961 -0.000302223 -0.00142686 -0.000302567 0.0058374 0.00561069 0.00252917 0.00100585 0.00251836 0.005157 0.00364624 0.00145311 -0.000137951 -0.00268831 0.00332677 0.00511991 0.00296188 0.00476367 0.00142574 0.00925944 0.0123124 0.012281 -0.000771426 0.000159905 0.00260611 -0.00154555 -0.00118966 -0.000740435 0.00975627 0.00733455 0.00711419 0.00359213 -0.00280358 -0.00126952 0.000975045 0.0186831 -0.00278159 -0.00141977 -0.00448067 0.00912747 0.00328916 0.000984767 0.00552905 -0.000600999 0.000877045 -0.000885863 -0.0031901 -0.002843 -0.00346417 -0.00125989 -0.00324887 0.0107517 0.00285156 0.0157143
internal_weight=39805 37931 1874 36552 24203 1522 1038 484 12349 4100 3130 22994 1379 1209 426 6066 2612 1319 964 646 3454 8249 970 120 2488 1145 1343 355 239 612 16928 5246 2155 3091 11682 9111 434 296 333 749 8129 1636 1752 367 2571 1240 1378 319 775 382 393 8893 1437 7456 6493 5330 3828 1502 3690 179 744 293
internal_count=39805 37931 1874 36552 24203 1522 1038 484 12349 4100 3130 22994 1379 1209 426 6066 2612 1319 964 646 3454 8249 970 120 2488 1145 1343 355 239 612 16928 5246 2155 3091 11682 9111 434 296 333 749 8129 1636 1752 367 2571 1240 1378 319 775 382 393 8893 1437 7456 6493 5330 3828 1502 3690 179 744 293
is_linear=0
shrinkage=0.05


Tree=14
num_leaves=63
num_cat=0
split_feature=5 0 4 0 0 0 0 0 0 1 1 7 4 1 0 5 4 0 4 4 9 9 0 0 1 0 9 4 7 0 4 0 9 9 0 0 5 4 1 4 1 9 0 0 0 4 0 0 9 7 4 0 7 7 9 4 0 5 1 4 9 0
split_gain=51.9588 16.7183 10.3179 8.22607 12.5295 10.1685 20.5323 14.3502 17.2183 12.9933 8.62002 9.3968 7.43396 9.56184 7.36718 16.751 7.1116 6.04495 6.02481 5.68202 6.70818 4.76226 4.65437 4.57823 4.42472 4.13046 4.0955 3.96458 3.82709 3.56274 3.18309 3.54502 3.64103 3.0684 2.97974 2.96064 2.85513 2.69093 2.64173 2.5838 3.98419 2.58944 3.68513 2.57215 2.60162 2.55802 2.54023 2.39567 2.39077 2.37562 2.32522 2.32013 2.29521 2.28156 2.27167 2.25237 2.2292 2.14421 2.09439 2.38583 2.06462 2.03603
threshold=-0.022993567978095198 0.50033255740292482 27.774999618530277 0.50014310256686045 0.50018372221821694 0.50033057854852314 0.50037523457440947 0.50026673781572406 0.50021781747929539 0.90800002217292797 0.70799997448921215 -20.99882888793945 4.1749999523162851 0.70399999618530285 0.50041373610723117 -0.0055645381169549734 76.700000762939467 0.50013877325520861 37.975000381469734 48.125000000000007 0.10904522985219957 -0.10212757438421248 0.50038669783377443 0.5002111932512362 0.64000001549720775 0.50021659087002646 -0.2086674943566322 40.925001144409187 -22.569369316101071 0.50021687270592807 88.375000000000014 0.50036403353932313 -0.10499002411961554 0.0009920522279571744 0.50023132085438571 0.50033255740292482 -0.006718726690501318 51.175001144409187 0.70399999618530285 1.3249999880790713 0.73200002312660228 0.022542862221598629 0.50041893597633325 0.5002084636321571 0.50021003991684887 2.6750000715255742 0.50032051295221613 0.5003288392331916 -0.23938677459955213 -21.392232894897457 7.2750000953674325 0.50035348183985495 -22.479710578918453 -20.650598526000973 -0.16809660196304319 14.325000286102297 0.5001560549465377 -0.034512040527318717 0.41200000047683721 5.4500000476837167 0.044134473428130157 0.50040966823753719
decision_type=2 2 2 2 2 2 2 2 2 2 2 2 2 2 2 2 2 2 2 2 2 2 2 2 2 2 2 2 2 2 2 2 2 2 2 2 2 2 2 2 2 2 2 2 2 2 2 2 2 2 2 2 2 2 2 2 2 2 2 2 2 2
left_child=1 2 47 17 18 7 30 8 9 16 11 36 39 14 50 -16 25 -2 -5 20 22 -10 -15 -4 27 43 -12 -19 -25 49 31 35 -33 -27 -23 54 -9 56 -31 -8 41 42 -41 -6 -45 -44 -13 48 -1 57 58 -3 -11 -52 -7 -46 -20 -30 -14 -60 -54 -24
right_child=3 51 23 4 5 6 12 10 21 52 26 46 13 19 15 -17 -18 24 37 -21 -22 34 61 28 -26 33 -28 -29 29 38 -32 32 -34 -35 -36 -37 -38 -39 -40 40 -42 -43 45 44 55 -47 -48 -49 -50 -51 53 -53 60 -55 -56 -57 -58 -59 59 -61 -62 -63
leaf_value=0.019421956807167996 9.3795758794184785e-05 -0.011084449694155613 0.00089966576889270928 -0.00079204392473483274 0.0018731881244018998 -0.0057742559059809056 -0.0033760146533727991 0.0051140038184518555 0.0021936856132055839 0.0026495131644119017 -0.0029371457108412873 0.0068739121418934825 0.00067371424110003301 -0.0022950577560491938 0.039112960400346383 0.0033936466276122445 -0.0065950847175555525 0.010433670862216898 -0.0039410589592329221 -0.0070684907194680721 0.018501638657114697 -0.0047819806218250419 0.0066740965886400404 0.0007959295177442983 0.00095814710152965612 -0.00057695590988193388 0.0033153228369575865 0.0038499338775106078 0.015625121570521535 0.01632470260213675 0.0070361856786305757 0.0018746573144415466 -0.0048057956103138653 0.0075590597847622126 -0.0018907499275514822 -0.0084271502759373559 -0.00036584042276246602 -0.0062047347120937962 0.004826318407851634 -0.00061406028829112007 -0.0036763290156056811 -0.0060223051250481198 0.0024561349044732819 -0.0020274201696329733 -0.0030643688926433482 0.011039261817213444 0.012387549913401333 0.020483748316388963 0.0051365294973948041 0.015798708257305928 0.0079096328316697866 0.0007056035994858523 0.0078802980522905165 -0.0021585310490616866 0.0043581624260349647 0.0014774375935139956 -0.0016453559516269951 0.0067829011462972356 0.0058082753057553792 0.014687382928423177 0.015874918031373194 0.00097256479956503666
leaf_weight=54 2794 108 209 3896 2587 162 1037 530 448 170 500 382 139 748 52 89 318 328 2407 254 53 1710 284 128 810 164 550 755 99 58 53 252 1070 395 1861 1017 431 736 360 1625 775 148 760 1256 319 98 461 223 64 280 77 68 459 209 84 1892 1886 223 357 96 98 349
leaf_count=54 2794 108 209 3896 2587 162 1037 530 448 170 500 382 139 748 52 89 318 328 2407 254 53 1710 284 128 810 164 550 755 99 58 53 252 1070 395 1861 1017 431 736 360 1625 775 148 760 1256 319 98 461 223 64 280 77 68 459 209 84 1892 1886 223 357 96 98 349
internal_value=1.23455e-05 0.00813959 0.00966003 -0.000389185 -0.000665663 -7.76154e-05 -0.00132335 0.000761507 -1.52983e-05 0.00137562 0.00393977 0.00603616 6.76421e-05 0.00213312 0.00595781 0.0165667 0.000708591 0.00157182 -0.00226798 -0.000175737 0.00104515 -0.00266561 0.00037521 0.00770621 0.00375332 0.0010598 0.000337957 0.0058439 0.00894538 0.00996806 -0.00509349 -0.00534218 -0.00353237 0.00517211 -0.00327524 -0.00723654 0.00265634 -0.0034114 0.00642179 -0.0011908 -0.000525483 0.000402646 0.000785607 0.000680092 -0.000210171 0.00343649 0.00988908 0.0174352 0.0116739 0.0124304 0.0042541 -0.0065292 0.00773482 0.000552128 -0.00231441 0.000822152 -0.00293251 0.00950147 0.00604255 0.00768994 0.00928689 0.0035306
internal_weight=39805 1874 1698 37931 33244 24319 9788 14531 11677 7658 2854 1804 7150 2707 1019 141 6931 4687 8925 1688 1434 4019 1381 1357 1893 6613 1050 1083 1148 1020 2638 2585 1322 559 3571 1263 961 5029 418 4443 3406 2631 2483 6054 3467 858 843 341 118 602 878 176 727 286 246 2211 4293 322 592 453 557 633
internal_count=39805 1874 1698 37931 33244 24319 9788 14531 11677 7658 2854 1804 7150 2707 1019 141 6931 4687 8925 1688 1434 4019 1381 1357 1893 6613 1050 1083 1148 1020 2638 2585 1322 559 3571 1263 961 5029 418 4443 3406 2631 2483 6054 3467 858 843 341 118 602 878 176 727 286 246 2211 4293 322 592 453 557 633
is_linear=0
shrinkage=0.05


Tree=15
num_leaves=63
num_cat=0
split_feature=6 3 5 0 8 0 0 0 0 0 9 0 0 3 0 9 5 9 0 3 0 0 3 3 8 0 0 0 6 5 9 8 0 9 0 0 0 3 3 3 0 3 0 8 8 9 0 0 6 8 6 3 8 5 3 0 3 6 3 0 3 9
split_gain=47.5398 17.7293 13.8824 10.6009 10.0174 9.75508 7.36621 7.91289 16.6807 13.6294 8.87467 6.5781 6.10774 6.40288 5.4732 5.36977 5.17614 4.96022 4.46239 5.17219 4.41838 3.91224 3.63953 4.1595 3.60068 3.56647 3.31536 5.9249 4.2341 3.77362 3.25736 3.14858 3.04142 2.88096 2.54441 2.52254 4.03126 3.56135 2.89372 2.52013 2.46037 2.43522 2.30755 3.24025 2.24797 2.19912 1.8827 1.87367 1.80526 1.79991 1.74862 1.68891 1.68402 1.70146 1.66158 2.19209 1.65994 2.09204 1.65555 1.58569 2.31605 1.6587
threshold=-1.0889622913795065 0.90400000000000003 -0.021483268981261922 0.50014310256686045 -0.5436895191669463 0.50033255740292482 0.50015302219180058 0.50033057854852314 0.50026673781572406 0.50037523457440947 -0.14385087788105008 0.50021781747929539 0.50033112597303897 0.048000000000000008 0.50013877325520861 -0.13256064057350156 -0.0040995229076047452 -0.10212757438421248 0.50021065937315734 0.20000000000000004 0.50021128249411384 0.50021137181244535 0.048000000000000008 0.77600000000000013 -0.63755291700363148 0.50014007564359464 0.50039603966607826 0.50038270193129009 -0.26019983350187309 -0.0069927361105623911 -0.048498135060071938 -0.61534765362739552 0.50023132085438571 -0.040818873792886727 0.50044903466620216 0.50035625227179048 0.50033255740292482 0.081333333333333355 0.58266666666666678 0.048000000000000008 0.50019197543422067 0.040000000000000001 0.50043535053963006 -0.4117902517318725 -0.21900197863578794 -0.0054034923668950787 0.5001560549465377 0.50036403353932313 -0.59924577382896738 -0.51051068305969227 -0.16925154311642884 0.80800000000000016 -0.094857208430767045 -0.0035240172680206286 0.70133333333333348 0.50020733983889498 0.06533333333333334 -1.2237111554135083 0.27866666666666673 0.50021659087002646 0.30266666666666669 -0.045116595923900597
decision_type=8 2 2 2 8 2 2 2 2 2 2 2 2 2 2 2 2 2 2 2 2 2 2 2 8 2 2 2 10 2 2 10 2 2 2 2 2 2 2 2 2 2 2 8 10 2 2 2 10 8 10 2 10 2 2 2 2 10 2 2 2 2
left_child=12 2 5 14 -3 20 41 8 11 35 39 18 13 -1 -4 49 24 -13 33 -20 50 -6 -22 -24 30 -16 27 29 -28 -23 -12 56 -19 40 42 36 37 -9 -37 -10 -8 -5 45 -44 -31 51 -35 -7 -41 -11 -2 -17 53 -46 -48 -56 -15 -58 -59 61 -61 -21
right_child=1 4 3 6 21 47 7 9 10 15 16 17 -14 31 25 34 -18 32 19 59 22 26 23 -25 -26 -27 28 -29 -30 44 -32 -33 -34 46 -36 38 -38 -39 -40 48 -42 -43 43 -45 52 -47 54 -49 -50 -51 -52 -53 -54 -55 55 -57 57 58 -60 60 -62 -63
leaf_value=-0.0008734062657018767 0.002852705215821504 0.024798386375094572 0.0001225790130802016 -0.0019722223454390407 -0.0044217451329788436 -0.0091992295892422971 -0.00035542147860785883 -0.0046307091956202051 -0.0029721943219372816 0.0084201882929364983 0.0061942201446203923 0.0026756873507319747 -0.0040175781790388844 0.021310401118703581 0.0055697225185235661 -0.0017622660967285678 -0.0015995155331971736 -0.004592125155378669 -0.0030352128986833385 0.0038198202201768297 -0.0055640439901217895 -0.0015911941980423572 0.010296384806612829 0.0030547011413294429 0.0052233153467533128 0.0012305907076186626 0.015483072562434246 0.018099603014653205 2.3887590067875187e-05 0.0029266729102723917 0.016207863770287306 0.0078963263515930745 -0.001683493971482451 -0.004850256122473434 -0.0039167877942366891 -0.00078718027900213949 -0.0085604669027312084 0.0092424959060735997 -0.0054854502207467735 0.0096851432287733859 0.0027734766634735348 -0.0044322050029225986 0.013618560447715797 0.00047157517188419921 0.017499802712024181 0.0010066930778769099 -0.00088137714436115153 0.0010679504360516811 0.00052877254940274102 0.0018572504891684123 -0.0063755105716756903 0.0025228031462697521 0.0053387638573738272 0.0082298327200914356 -0.0074547375779695606 0.0019708241311292667 0.012442104322920811 0.014299366212899574 0.02646513308605386 -0.0030326090215654303 0.006628467546477306 0.00068711911615073826
leaf_weight=86 154 63 2761 2510 115 136 2060 202 516 185 166 418 63 95 1045 3743 232 1727 487 708 51 147 668 282 1332 866 50 108 388 171 159 192 1874 353 708 537 837 60 841 73 904 1679 65 168 99 1122 5310 66 205 240 77 245 119 99 212 87 404 58 54 73 413 1048
leaf_count=86 154 63 2761 2510 115 136 2060 202 516 185 166 418 63 95 1045 3743 232 1727 487 708 51 147 668 282 1332 866 50 108 388 171 159 192 1874 353 708 537 837 60 841 73 904 1679 65 168 99 1122 5310 66 205 240 77 245 119 99 212 87 404 58 54 73 413 1048
internal_value=-1.24854e-05 -0.000282205 -0.000484959 -0.000676242 0.00532824 0.00433991 -0.0010059 -0.00070644 -0.000112066 -0.00192513 0.00353091 -0.000735652 0.0110267 0.0120929 0.00154634 -0.000718614 0.00539527 -0.00247998 -0.000134155 0.00163524 0.00600978 0.00438178 0.0074482 0.00814675 0.00637462 0.00360338 0.00523902 0.00727303 0.00178863 0.00543166 0.0110932 0.0134815 -0.00307844 -0.000675122 -0.00110019 -0.00507951 -0.00686621 -0.00145364 -0.00365456 -0.000904582 0.000598871 -0.00295821 -0.000726958 0.00413919 0.00754715 -0.000948839 -0.00130849 -0.00584461 0.00293314 0.00471406 -0.000223367 -0.00149902 0.0100396 0.0128648 -0.00108559 -0.00471218 0.0152366 0.0141184 0.020165 0.00264974 0.00517732 0.00195019
internal_weight=39916 38964 37605 36171 1359 1434 31499 27310 18357 8953 2683 15674 952 889 4672 6476 1889 4019 11655 2729 1232 1296 1001 950 1657 1911 1181 743 438 635 325 803 3601 8926 6051 2477 1099 262 1378 794 2964 4189 5343 233 488 5110 5962 202 278 425 231 3988 317 198 5609 299 611 516 112 2242 486 1756
internal_count=39916 38964 37605 36171 1359 1434 31499 27310 18357 8953 2683 15674 952 889 4672 6476 1889 4019 11655 2729 1232 1296 1001 950 1657 1911 1181 743 438 635 325 803 3601 8926 6051 2477 1099 262 1378 794 2964 4189 5343 233 488 5110 5962 202 278 425 231 3988 317 198 5609 299 611 516 112 2242 486 1756
is_linear=0
shrinkage=0.05


Tree=16
num_leaves=63
num_cat=0
split_feature=6 2 0 1 4 8 0 2 4 0 0 0 4 0 0 1 0 0 0 6 4 1 8 2 4 0 2 1 0 1 8 4 6 2 0 4 2 8 6 4 8 0 2 1 4 0 0 8 2 6 4 4 4 0 2 0 8 0 0 0 0 0
split_gain=42.9047 17.5122 23.6864 15.0211 7.40378 6.42959 9.24113 9.39032 5.84366 5.0302 5.7719 5.00972 6.26633 4.9 5.55026 4.73702 4.24655 5.66367 5.14235 4.42405 4.26899 4.10399 3.96637 3.58697 3.88683 3.72865 3.47862 3.2617 3.18445 3.1338 3.18088 2.88367 2.74311 2.63212 2.59964 2.45352 2.29574 2.05211 2.19239 1.96006 1.91378 1.86737 2.53963 2.10244 1.80759 1.83468 1.79863 1.78048 1.64524 1.61649 1.60936 2.3468 1.58716 1.56379 1.47871 1.4369 1.41625 1.39901 4.01383 2.45643 3.27177 2.04127
threshold=-1.0889622913795065 -0.11729957755847487 0.50020733983889498 0.76000002026557933 20.07499980926514 -0.5080507993698119 0.50041373610723117 0.13082475996645523 88.375000000000014 0.50033255740292482 0.50037327366156525 0.50015302219180058 15.525000095367433 0.50038669783377443 0.50033613449176018 0.21599999815225604 0.50014310256686045 0.50017035792926501 0.50013883104529711 -0.32579445335569696 12.924999713897707 0.5600000023841859 -0.25339081883430475 -0.093010490764286358 5.2249999046325692 0.50033057854852314 -0.0019359986809766026 0.70799997448921215 0.5003299241533653 0.5639999806880952 -0.23130821436643598 76.700000762939467 -0.22989024520733814 -0.05222882397940206 0.50014007564359464 23.000000000000004 0.091128101456234609 -0.094857208430767045 -0.53107229557241109 38.774999618530281 -0.46235059201717371 0.50041893597633325 -0.05222882397940206 0.16000000387430194 30.32499980926514 0.50020889911085009 0.50013906271997488 -0.79533514380455006 -0.086550331433206298 -0.73565827032485387 51.95000076293946 6.3750000000000009 42.675001144409187 0.50021381228259909 -0.078044198024844844 0.50040866373804915 -0.50561597943305958 0.5002514458293249 0.50021781747929539 0.5003303601285557 0.50035625227179048 0.50021574974035565
decision_type=8 8 2 2 2 8 2 10 2 2 2 2 2 2 2 2 2 2 2 8 2 2 10 10 2 2 8 2 2 2 8 2 8 10 2 2 8 8 8 2 10 2 10 2 2 2 2 10 8 10 2 2 2 2 10 2 10 2 2 2 2 2
left_child=4 2 52 5 21 6 7 23 27 11 -11 33 -13 14 29 -9 18 39 -7 20 26 47 31 -3 -25 28 -19 -6 34 49 53 41 -14 -5 46 -16 -24 -32 -39 -18 -41 55 43 -43 45 -34 -26 -1 -12 -4 51 -50 -2 -31 -30 57 -55 58 61 -59 -61 -21
right_child=1 3 13 9 8 16 -8 15 -10 10 48 12 32 -15 35 -17 17 19 -20 22 -22 -23 36 24 25 -27 -28 -29 54 30 37 -33 44 -35 -36 -37 -38 38 -40 40 -42 42 -44 -45 -46 -47 -48 -49 50 -51 -52 -53 -54 56 -56 -57 -58 59 -60 60 -62 -63
leaf_value=0.019523426967755178 -0.00078577565316944708 -0.0022069516223132131 0.017075551172085809 -0.0020369539614430534 0.0095742502285144013 0.0002455836185977279 0.017074563257537145 0.014061950215151687 0.011103448001571706 -0.0070354999750029141 -0.0086610194717786308 -0.0033883651049137218 0.00391737840295829 0.016690929156417646 -0.0061477748060598976 -0.003119105399120599 -0.0012109949176483123 0.0064218623498993157 0.0053583354419625079 -0.0012157539407444034 -0.0010607033207504109 0.0078488798504695294 0.0016973608261421757 0.0070271198627678035 0.001874472194392034 -0.0048373825916810439 0.00029985614075861005 -0.0031490272864123149 0.013147344805277239 0.007924372360675988 0.014133502230057335 -0.0072587496263322509 8.2167810355680902e-05 -0.0055330022170912282 0.00025706554979742271 0.0052442484821719855 -0.00088278302617323659 0.014936735155956391 0.0025648311897099995 -0.0083076457327428428 -0.0034508965236277073 -0.0075938608002247693 0.011085365516983234 0.0009001532734209327 -0.0015393581025245576 0.0056509955776515167 0.0076640894198135362 0.031748133639471147 -0.003257136371211083 0.0079636311256844131 -0.0061975905712218574 0.00015856478704944166 0.0015378316549429314 0.0052962543700491513 0.0031866337884676414 -0.0037408375143742935 0.0010220644325491485 0.0022991972140438631 -0.0037340758148161099 -0.010915493664432722 -0.00074655867654988483 0.0022873739839590766
leaf_weight=68 2584 825 106 1564 79 2521 95 203 563 1049 107 1038 699 114 125 50 776 614 611 2846 671 50 2185 288 354 255 373 139 81 320 178 197 421 821 2080 76 1424 52 115 251 1057 79 57 936 774 228 216 53 1242 90 240 845 1027 565 69 609 295 687 1626 83 1683 487
leaf_count=68 2584 825 106 1564 79 2521 95 203 563 1049 107 1038 699 114 125 50 776 614 611 2846 671 50 2185 288 354 255 373 139 81 320 178 197 421 821 2080 76 1424 52 115 251 1057 79 57 936 774 228 216 53 1242 90 240 845 1027 565 69 609 295 687 1626 83 1683 487
internal_value=-1.18611e-05 -0.000268094 0.00230664 -0.000704495 0.0104754 -5.72348e-05 0.00164499 0.00131343 0.00841215 -0.00244589 -0.00393505 -0.0015105 -0.000204848 0.00661921 0.00602182 0.0106665 -0.000446009 -0.000763896 0.00124299 -0.000414883 0.00201637 0.0198988 -0.000727389 0.000745695 0.00147436 0.000950895 0.00410828 0.0014617 0.00147804 0.00694007 0.00617516 -0.00127387 0.00135241 -0.00324042 0.00107687 -0.00184034 0.000679316 0.0103983 0.00641716 -0.0032018 -0.00438289 -0.00114421 0.00081576 0.000239043 9.24501e-05 0.00203855 0.00406843 0.0248781 -0.00259882 0.0128915 -0.00232007 -0.00187416 -0.000124921 0.00494042 0.00856542 -0.00140615 0.00383011 -0.00121433 -0.00169746 -0.000237626 -0.00122449 -0.000703896
internal_weight=39916 38964 5647 33317 952 24289 4516 4421 781 9028 3483 5545 3160 2036 1922 253 19773 16641 3132 14557 1658 171 12899 4168 3343 3055 987 218 2800 1721 1525 9290 2122 2385 2650 201 3609 345 167 2084 1308 9093 1072 1015 1423 649 570 121 2434 196 2327 2087 3611 1180 150 8021 860 7412 4959 2453 1766 3333
internal_count=39916 38964 5647 33317 952 24289 4516 4421 781 9028 3483 5545 3160 2036 1922 253 19773 16641 3132 14557 1658 171 12899 4168 3343 3055 987 218 2800 1721 1525 9290 2122 2385 2650 201 3609 345 167 2084 1308 9093 1072 1015 1423 649 570 121 2434 196 2327 2087 3611 1180 150 8021 860 7412 4959 2453 1766 3333
is_linear=0
shrinkage=0.05


Tree=17
num_leaves=63
num_cat=0
split_feature=6 3 8 8 0 0 1 3 0 1 1 3 0 0 6 1 0 0 3 7 0 1 0 0 0 0 0 6 8 8 0 3 0 1 1 1 7 7 7 1 3 0 1 7 6 0 0 0 3 0 3 0 0 0 1 3 1 0 1 8 7 3
split_gain=38.7215 15.0412 11.0814 8.95628 8.2081 8.7805 6.35171 6.09729 14.6711 9.77679 5.96849 4.84983 3.75377 4.62707 3.90321 3.59648 3.52587 7.92489 3.32266 3.62179 3.29202 3.26932 2.79306 3.14317 2.75224 2.7431 4.84246 3.83529 3.14298 2.59314 2.4147 2.83408 2.36714 2.1673 3.493 2.14487 1.77317 1.82815 1.70995 1.56512 3.94743 1.54718 1.54373 1.52729 1.62535 1.513 1.75804 1.80717 1.49396 1.47668 2.33095 1.45092 1.47038 3.26412 2.27335 2.07794 1.44049 1.392 1.35052 1.33201 1.3047 1.30015
threshold=-1.0889622913795065 0.90400000000000003 -0.5080507993698119 -0.5436895191669463 0.50033255740292482 0.50037355253625015 0.68799999356269848 0.044000000000000004 0.50026673781572406 0.71999999880790722 0.70799997448921215 0.7506666666666667 0.50014310256686045 0.50013883104529711 -0.32579445335569696 0.49199999868869787 0.50022711788589214 0.50020802996531655 0.74400000000000011 -22.3348274230957 0.50021137181244535 0.96400001645088207 0.50014560280792109 0.5001560549465377 0.50032776142491897 0.50039603966607826 0.50038270193129009 -0.26019983350187309 -0.21900197863578794 -0.26978765428066248 0.50041893597633325 0.57333333333333336 0.50024727998135265 0.76000002026557933 0.59199997782707225 0.24800000339746478 -21.067192077636715 -19.47675800323486 -22.117094039916989 0.16799999773502353 0.30266666666666669 0.50033613449176018 0.96400001645088207 -20.764627456665036 -0.10334112391311562 0.50015810277075057 0.50016504374108595 0.50017035792926501 0.96933333333333349 0.50021381228259909 0.84400000000000019 0.50037721619852593 0.50033255740292482 0.5002787845212493 0.73999997973442089 0.068000000000000019 0.19600000232458117 0.50013877325520861 0.97599998116493236 -0.65729734301567067 -20.252408027648922 0.16000000000000003
decision_type=8 2 8 8 2 2 2 2 2 2 2 2 2 2 8 2 2 2 2 2 2 2 2 2 2 2 2 10 10 10 2 2 2 2 2 2 2 2 2 2 2 2 2 2 10 2 2 2 2 2 2 2 2 2 2 2 2 2 2 10 2 2
left_child=10 2 4 -3 7 -6 12 24 18 60 -1 21 13 -4 15 -14 17 58 22 -20 -5 -12 57 -24 -2 26 28 -27 -22 30 45 35 -17 34 -7 -32 -31 39 -13 40 -38 -34 -11 -42 -45 56 -47 61 -29 50 -19 52 53 -18 -54 -55 -16 -9 -8 -40 -10 -48
right_child=1 3 6 20 5 33 16 8 9 42 11 38 14 -15 29 32 51 49 19 -21 25 -23 23 -25 -26 27 -28 48 -30 36 31 -33 41 -35 -36 -37 37 -39 59 -41 43 -43 -44 44 -46 46 47 -49 -50 -51 -52 -53 54 55 -56 -57 -58 -59 -60 -61 -62 -63
leaf_value=0.016808790080552579 0.00094267984206768119 0.023323073833885176 0.00025502415298167655 -0.0040575708489379156 -0.0064741773430221326 -0.0012144756939529476 -0.0027987900479088004 8.8195046076097885e-05 0.0093998537434913047 0.00097121017365390876 -0.0030647860191363313 0.0047317148120415336 -0.00054394381496731951 0.0050990171236069831 -0.0063523345625734213 -0.00038872868591529686 -0.0038825453842369854 0.0028860698165162737 -0.0023334793159959927 0.0085243264718349188 0.00076527764926700352 0.008842418436584662 -0.0050612421504642987 0.00047679665460623015 -0.0029678111963663497 0.014699435761664062 0.016442306530263052 -0.0031809319916646928 0.0079188939877940963 -0.0007307227224715992 -0.0066189930570851032 0.012702315213158727 0.0066295095528101826 -0.0029926689877050657 0.0065881043591741453 0.0013923424502632169 -0.00035730847397732199 -0.0010598356309928932 0.016805955368343145 0.0012127300155935603 0.0041130730090662834 0.0010084169092334815 0.0060700092582178164 0.020164279068846536 0.0084069972644404811 0.0010059747984874675 -0.0021430566443556794 -0.0014333241709592048 0.0030255544981995664 4.0836902974930769e-05 0.013629615442240957 -0.0020029578514376965 0.0019666419565069057 -0.0036303929024462966 -0.0059107117857658507 0.0058117135010961876 -0.0022473327612751448 0.0041835087213966072 -0.00049782865076021901 0.010232302294368943 0.014104364957423319 -0.0072368316537349377
leaf_weight=238 1330 63 2588 115 661 270 2699 299 253 346 140 99 1119 609 302 258 1101 776 105 286 260 98 298 1827 680 50 108 190 375 2921 95 50 501 211 306 693 166 550 108 785 65 162 260 53 66 686 267 7218 198 455 54 2064 101 91 983 162 731 678 835 269 353 236
leaf_count=238 1330 63 2588 115 661 270 2699 299 253 346 140 99 1119 609 302 258 1101 776 105 286 260 98 298 1827 680 50 108 190 375 2921 95 50 501 211 306 693 166 550 108 785 65 162 260 53 66 686 267 7218 198 455 54 2064 101 91 983 162 731 678 835 269 353 236
internal_value=-1.12681e-05 -0.00025469 -0.000441442 0.00491296 0.00118861 -0.00222571 -0.000893387 0.00192487 0.00290964 0.00764954 0.00995163 0.00766591 -0.000393539 0.00117776 -0.000690362 0.00136068 -0.0019724 -0.00103247 0.00126498 0.00560855 0.00401802 0.00183818 0.000717488 -0.000299832 -0.000380272 0.00480439 0.00665454 0.00166588 0.00498985 -0.000971478 -0.00141328 0.00115896 0.00367476 0.00134256 0.00293064 0.000426509 1.43829e-05 0.00130605 0.0105798 0.00245251 0.00523316 0.00525603 0.00315881 0.0102767 0.0136434 -0.00164162 -0.00141974 -0.00163526 -1.37043e-05 0.00233009 0.00358505 -0.00297851 -0.00380441 -0.00270572 -0.00517675 0.00241554 -0.00344744 0.00293018 -0.00225513 0.0121155 0.0121403 -0.00453298
internal_weight=39916 38964 37605 1359 8163 1448 29442 6715 4705 1212 952 714 20121 3197 16924 2040 9321 4819 3493 391 1296 238 3102 2125 2010 1181 743 438 635 14884 10278 838 921 787 576 788 4606 1685 476 1135 350 663 606 184 119 9440 8407 7721 388 1285 830 4502 2438 1354 1084 253 1033 977 3534 377 606 503
internal_count=39916 38964 37605 1359 8163 1448 29442 6715 4705 1212 952 714 20121 3197 16924 2040 9321 4819 3493 391 1296 238 3102 2125 2010 1181 743 438 635 14884 10278 838 921 787 576 788 4606 1685 476 1135 350 663 606 184 119 9440 8407 7721 388 1285 830 4502 2438 1354 1084 253 1033 977 3534 377 606 503
is_linear=0
shrinkage=0.05


Tree=18
num_leaves=63
num_cat=0
split_feature=5 2 2 1 2 4 4 4 0 2 0 5 0 0 9 2 1 0 1 0 0 9 0 9 9 4 0 0 0 2 4 9 0 0 0 0 0 4 2 9 4 4 9 9 9 4 2 0 9 0 2 4 0 0 4 2 0 5 0 5 4 4
split_gain=33.7686 14.2191 12.8543 8.16953 9.20714 6.0505 5.88512 5.75551 5.0476 18.8621 9.90386 44.012 6.31026 6.77472 6.03109 4.5404 6.48098 4.49343 4.07499 4.055 6.01623 3.50354 3.48245 3.34111 3.27499 2.75542 2.74928 2.67684 7.01809 2.63122 2.61397 2.5977 2.41323 2.89642 2.65992 2.40777 2.37808 2.20558 2.13767 2.44923 2.09894 3.06593 2.09889 2.05719 2.03817 2.01994 2.0137 1.95116 1.92597 1.79697 1.78736 1.69405 1.67387 2.22493 1.75395 1.6642 1.65485 1.64494 1.55709 1.44471 1.60578 1.42781
threshold=-0.022170264095106498 -0.21535749396098905 -0.08810908389441488 0.70399999618530285 -0.12184028878877549 43.299999237060554 76.700000762939467 19.125000000000004 0.5002514458293249 0.23301803918121927 0.50041373610723117 -0.0064745102169701165 0.50014310256686045 0.50013883104529711 0.049384038895368583 0.18106362903017473 0.37600000202655798 0.50033255740292482 0.51199999451637279 0.50021781747929539 0.50021510003146241 0.0009920522279571744 0.50015810277075057 -0.056507498025894158 -0.13652067631483075 16.625000000000004 0.50014279594750699 0.50022773856794933 0.50015351551953768 -0.05222882397940206 41.225000381469734 -0.075265020132064805 0.50037664788770764 0.5003303601285557 0.50023212632672498 0.50039793082305972 0.5003290556460277 12.125000000000002 -0.092658094217343043 -0.28770059347152704 48.125000000000007 4.7249999046325692 -0.074120756238698945 0.023135157302021984 -0.032479194924235337 19.774999618530277 -0.11729957755847487 0.50038095243623804 -0.039622547104954713 0.50038834957313227 0.087649636724862853 3.3750000000000004 0.50018234867487321 0.50020794344837616 51.175001144409187 0.0060630281611162859 0.50020889911085009 -0.0051316181667840337 0.50023132085438571 -0.019751584374242199 28.925000190734867 13.625000000000002
decision_type=2 8 8 2 8 2 2 2 2 8 2 2 2 2 2 10 2 2 2 2 2 2 2 2 2 2 2 2 2 10 2 2 2 2 2 2 2 2 10 2 2 2 2 2 2 2 10 2 2 2 10 2 2 2 2 10 2 2 2 2 2 2
left_child=2 47 7 6 5 -5 8 -1 12 10 14 -12 13 -3 15 16 23 36 44 20 22 48 -14 25 -21 -10 -7 28 29 -6 50 38 33 34 -29 -20 -4 57 39 -9 41 -34 -38 -37 51 -25 -39 -2 -22 59 -16 -11 54 -54 -48 -15 -55 -24 -26 -18 -61 -58
right_child=1 3 17 4 27 26 -8 31 9 18 11 -13 19 55 30 -17 49 -19 35 24 21 -23 37 45 58 -27 -28 32 -30 -31 -32 -33 40 -35 -36 43 42 46 -40 -41 -42 -43 -44 -45 -46 -47 52 -49 -50 -51 -52 -53 53 56 -56 -57 61 -59 -60 60 -62 -63
leaf_value=0.016091586220199648 0.0093510771980961898 0.00033275751736064731 0.0005411571117245683 -0.00097270846288213017 -0.0017558305358865549 0.00077206678534398826 -0.0071699709217275757 0.012536375250406757 -0.0022500487297694746 -0.0024038694948704019 0.053753226353207006 0.001341878210915616 -0.0027599910173839205 0.0036268346452950941 -0.0009100591764648879 0.011309167852577491 0.010944065310814906 -0.0066875051023427739 -0.0034982148752570989 0.0039576325776797166 0.0029845438651924876 0.005741690513867157 0.010148067633096173 0.00056984894373976382 -0.0049001361627853584 -0.014806240668795149 0.0062229719898933113 -0.0047057054569857827 0.00093359716747326441 -0.0051335924596259686 0.008372613372208149 -0.0019608139456924645 -0.0027219653785627326 -0.005031061704700056 -0.00075366447397414923 0.002566282681098311 0.0024352629449115033 0.0010241359641240302 0.016074630783798248 0.006305068524772077 -0.0059288341713172564 0.0011056833367379907 0.015558723591157567 -0.0067429605880216324 -0.004359536541839285 0.011019617969206736 -0.0013526185913868742 0.02003775102036473 -0.0035234129738388152 0.011488882727565763 -0.0077568028331221721 0.0011399807550363651 0.001126486107572059 -0.0036999142889825687 -0.0050810230974420393 0.0080782530391327999 -0.0036180651360177211 0.00025015239557322323 -0.002107942448255799 0.0045641581930573778 -0.0022380236274010122 -2.0668420399783015e-05
leaf_weight=230 180 2932 310 1145 1627 355 275 193 154 1145 53 164 1844 557 238 195 84 172 241 167 240 588 86 496 886 61 664 669 2155 893 51 69 1172 1752 1171 1023 63 1751 77 862 242 945 59 63 870 51 1566 56 216 97 159 478 1609 541 395 337 328 82 1144 1863 91 1734
leaf_count=230 180 2932 310 1145 1627 355 275 193 154 1145 53 164 1844 557 238 195 84 172 241 167 240 588 86 496 886 61 664 669 2155 893 51 69 1172 1752 1171 1023 63 1751 77 862 242 945 59 63 870 51 1566 56 216 97 159 478 1609 541 395 337 328 82 1144 1863 91 1734
internal_value=-1.07047e-05 -0.000347778 0.00626383 -0.000424479 -0.00145128 0.00152144 0.000103898 0.00884557 0.000185278 0.00125861 0.00377413 0.0141428 -0.00029303 0.00149455 0.00313853 0.00392411 0.00342701 0.000147176 -0.00121542 -0.000812063 -0.000419715 0.00319095 -0.000799096 -0.000531552 -0.00277291 -0.0058125 0.00432398 -0.00205668 -0.00116131 -0.00295279 -0.00228331 0.0074579 -0.00276006 -0.00357602 -0.00219058 0.00102293 0.00286839 -0.000352249 0.00803201 0.00744501 -0.00151761 -0.00101336 0.00878185 0.00202624 -0.00240687 0.00154414 -0.000472444 0.0118869 -9.81725e-05 0.00483985 -0.00365221 -0.00136015 -0.000896956 -0.000335162 -0.00210362 0.00530483 -0.00123865 0.00531694 -0.0033266 0.00452339 0.00424737 -0.000592902
internal_weight=39916 37881 2035 37645 12790 2164 24855 1431 24580 7577 3757 217 17003 3826 3540 3092 2897 604 3820 13177 10980 1044 9936 762 2197 215 1019 10626 4675 2520 448 1201 5951 3592 1840 1327 432 8092 1132 1055 2359 2117 122 1086 2493 547 7924 236 456 2135 397 1623 6173 4212 1961 894 2603 168 2030 2038 1954 2062
internal_count=39916 37881 2035 37645 12790 2164 24855 1431 24580 7577 3757 217 17003 3826 3540 3092 2897 604 3820 13177 10980 1044 9936 762 2197 215 1019 10626 4675 2520 448 1201 5951 3592 1840 1327 432 8092 1132 1055 2359 2117 122 1086 2493 547 7924 236 456 2135 397 1623 6173 4212 1961 894 2603 168 2030 2038 1954 2062
is_linear=0
shrinkage=0.05


Tree=19
num_leaves=63
num_cat=0
split_feature=6 3 8 7 0 0 3 0 0 0 3 9 9 9 6 0 0 0 0 0 0 7 0 3 7 7 0 7 0 9 9 0 0 0 9 3 3 7 9 0 0 0 0 7 8 7 3 8 6 9 7 9 9 6 6 6 7 0 3 0 6 7
split_gain=32.4343 12.4671 9.29769 8.58207 6.93431 7.55047 5.10432 12.0523 4.56977 4.54509 4.36805 4.25706 3.96304 3.92715 3.7515 3.7454 3.6349 3.37248 8.60171 8.05223 5.0281 4.23909 3.65411 4.06883 3.27635 2.95016 2.8908 2.63898 2.38715 2.28742 3.00864 2.36581 4.08073 2.16854 2.29989 2.1602 2.04454 1.84316 1.84165 1.83268 2.28183 1.59957 2.28817 1.87099 1.53983 1.49534 1.49317 1.45053 1.72984 1.40302 1.40147 1.46724 1.38564 1.2917 1.26571 2.80848 1.25686 1.17774 1.17638 1.15052 1.14878 1.14621
threshold=-1.0889622913795065 0.90400000000000003 -0.50561597943305958 -18.271856307983395 0.50033255740292482 0.50037355253625015 0.044000000000000004 0.50026673781572406 0.50033112597303897 0.50014007564359464 0.048000000000000008 -0.13256064057350156 -0.048498135060071938 -0.28770059347152704 -0.38617494897139931 0.5001560549465377 0.50013883104529711 0.5003303601285557 0.50036403353932313 0.50026673781572406 0.50021781747929539 -21.836307525634762 0.50021065937315734 0.15333333333333335 -22.117094039916989 -21.635254859924313 0.50020872470122446 -22.720494270324703 0.50032776142491897 -0.16809660196304319 0.022098775021731857 0.50039603966607826 0.50038270193129009 0.5002514458293249 -0.06901302188634871 0.020000000000000004 0.68000000000000005 -18.961770057678219 -0.085401050746440874 0.50014560280792109 0.5001560549465377 0.50045024772747559 0.50041893597633325 -18.016102790832516 -0.21644090861082074 -19.82906341552734 0.96133333333333348 -0.023498616181313988 0.12966916730555877 -0.091929670423269258 -21.932307243347164 -0.12802056223154065 -0.098423995077610002 0.1562570951737953 -0.16925154311642884 -0.22766653547913432 -19.964895248413082 0.50039603966607826 0.024000000000000004 0.50042069843373471 -0.3672034599636082 -19.739501953124996
decision_type=8 2 8 2 2 2 2 2 2 2 2 2 2 2 10 2 2 2 2 2 2 2 2 2 2 2 2 2 2 2 2 2 2 2 2 2 2 2 2 2 2 2 2 2 10 2 2 10 10 2 2 2 2 10 10 10 2 2 2 2 10 2
left_child=8 2 4 26 6 -6 28 13 10 16 -1 -7 14 -8 -9 49 56 19 -19 20 22 60 35 -24 -12 -25 -3 -15 38 -28 54 32 44 34 -22 -17 39 50 -2 -29 -41 42 45 59 -32 -20 -33 48 -46 -11 -26 -52 -47 -37 55 -31 -4 -56 -30 -44 -21 -14
right_child=1 3 9 -5 5 11 7 12 -10 15 24 -13 61 27 -16 17 -18 18 41 21 33 -23 23 25 37 -27 29 36 58 30 31 46 -34 -35 -36 53 -38 -39 -40 40 -42 -43 43 -45 47 52 -48 -49 -50 -51 51 -53 -54 -55 57 -57 -58 -59 -60 -61 -62 -63
leaf_value=-0.00067926569906778117 0.0037607302276930913 -0.00669909961858366 3.4436165093693687e-05 0.024004580243921807 -0.0059460652687156265 0.007201382064649306 0.01070364111324861 0.0071799676438829745 -0.0039049637367642148 -0.00056918713898709123 0.0032442563142727264 -0.00098661265497144534 0.010424292977444459 -0.0022213729488175251 -0.000188358000004528 0.0065157769487347765 0.0046539617992441013 -0.0070548713666342454 0.00036023010804039993 0.0051964815976601603 -0.00086806994155962124 0.0051030361673376143 -0.0038314044859835469 0.00019069515540772082 0.019478989015333355 0.0037555438806888236 -0.005325781107336904 0.0028069948777113092 -0.0017767145572582601 0.0065819169805395638 -0.00057361845329178759 -0.0050441353340283969 0.017145037546288221 0.0010475436615715135 -0.0036836870535036891 -0.00071269346413261128 0.0051370197250973776 0.019136192263362724 -0.00030156775033001642 -0.0041221318406091554 0.00085545694487723471 -0.0034608397905989811 0.0024447376016441223 0.010263380619660751 0.0043249356234053762 0.00060540821822173147 0.0024612035571654153 -0.002266283843246307 0.013464782543620733 -0.0027821438276532835 0.011914105804661583 0.0050836220105319584 -0.002229289317850804 -0.0044919079814126038 0.0088384623794117954 0.021035718074482349 0.0079613538723730601 0.0016528772382551561 -0.0071439753416925669 -0.0005085073865467736 -0.0015515442074108018 0.018212678781473788
leaf_weight=86 391 64 2565 54 672 218 105 685 63 892 112 584 237 570 231 101 552 664 966 74 1100 976 319 1037 50 1318 60 916 557 89 166 120 60 432 2129 5969 341 90 974 277 1364 646 506 51 178 498 148 51 73 3635 456 95 3209 235 150 54 51 92 125 947 427 59
leaf_count=86 391 64 2565 54 672 218 105 685 63 892 112 584 237 570 231 101 552 664 966 74 1100 976 319 1037 50 1318 60 916 557 89 166 120 60 432 2129 5969 341 90 974 277 1364 646 506 51 178 498 148 51 73 3635 456 95 3209 235 150 54 51 92 125 947 427 59
internal_value=-1.01694e-05 -0.000232954 -0.000402978 0.00447177 0.00107363 -0.00203666 0.00174467 0.00263856 0.0091081 -0.000821583 0.0100303 0.00123905 0.00694709 0.00117706 0.0053218 -0.00103842 0.000966965 -0.000764399 -0.00162222 -0.000309453 -0.000717654 0.00318388 -8.08812e-05 0.00146797 0.0111773 0.0021858 0.00366352 0.000888628 -0.00034485 0.00419793 0.00468178 0.00292667 0.00486869 -0.00227941 -0.00272451 -0.000737759 0.00150033 0.0124631 0.000862065 0.00101534 1.52424e-05 -0.00109352 -0.000845945 0.000850341 0.0032948 -0.00139189 -0.000899396 0.00542115 0.00698314 -0.0023461 0.0114638 0.0107364 -0.00184847 -0.000855846 0.00831053 0.01204 0.000188975 0.00610675 -0.00276045 0.000519945 -0.00055483 0.0119767
internal_weight=39916 38964 37605 1359 8306 1474 6832 4785 952 29299 889 802 1212 3573 916 26131 3168 21604 7487 14117 12640 1477 8979 2674 803 2355 1305 3468 2047 1241 1181 796 528 3661 3229 6305 2898 691 1365 2557 1641 6823 6177 1504 468 4673 268 302 251 4527 601 551 3707 6204 385 143 2616 242 682 1453 501 296
internal_count=39916 38964 37605 1359 8306 1474 6832 4785 952 29299 889 802 1212 3573 916 26131 3168 21604 7487 14117 12640 1477 8979 2674 803 2355 1305 3468 2047 1241 1181 796 528 3661 3229 6305 2898 691 1365 2557 1641 6823 6177 1504 468 4673 268 302 251 4527 601 551 3707 6204 385 143 2616 242 682 1453 501 296
is_linear=0
shrinkage=0.05


Tree=20
num_leaves=63
num_cat=0
split_feature=2 0 8 2 0 0 2 0 0 0 3 3 8 9 7 9 2 0 7 2 8 3 3 8 0 0 3 2 0 8 0 0 0 7 0 8 7 9 0 3 3 7 9 0 0 0 0 0 8 9 0 9 8 2 3 3 3 7 7 7 7 9
split_gain=24.6874 31.9976 5.27846 12.9386 5.10406 5.82335 6.15031 6.95066 5.64004 8.55344 5.94093 5.03834 8.1364 4.49958 4.39677 3.65335 3.61462 6.7367 3.41706 4.21734 3.17258 3.16137 3.14701 3.03919 3.00254 2.89125 3.26077 3.29227 2.82685 2.808 2.44661 2.39527 2.21195 2.03686 1.98861 1.98144 1.93607 1.86132 1.80781 1.71606 1.69355 1.63712 1.62244 1.62215 1.98707 1.98258 1.98209 1.99264 1.49325 1.48435 1.43344 1.41116 1.38861 1.60777 1.3975 1.38587 1.37874 1.37209 1.35371 1.34918 1.32789 3.23916
threshold=-0.12238356257934095 0.50020733983889498 -0.61085352301597584 0.073878786072262267 0.50014279594750699 0.50017035792926501 0.05079346718333292 0.50037664788770764 0.5003299241533653 0.50026673781572406 0.34400000000000003 0.84400000000000019 -0.6038379669189452 -0.17453605681657788 -22.099144935607907 -0.031192287802696225 -0.034986369847750352 0.50032948932736854 -17.86429405212402 -0.053080400596430238 -0.66785070300102223 0.025333333333333336 0.068000000000000019 -0.094857208430767045 0.50013877325520861 0.50035625227179048 0.62533333333333341 1.0000000180025095e-35 0.5002084636321571 -0.5436895191669463 0.50032776142491897 0.50037188551070999 0.50033112597303897 -18.271856307983395 0.50018372221821694 -0.73119449615478505 -22.3348274230957 -0.015611645765602587 0.50021987691147396 0.27600000000000008 0.22133333333333335 -20.51021575927734 -0.24875220656394956 0.50045024772747559 0.50039793082305972 0.50038834957313227 0.50040666944505097 0.50041545499484963 -0.24255172163248059 -0.071040246635675416 0.50033411296746799 -0.040201278403401368 -0.28483217954635615 0.15631233633817801 0.6213333333333334 0.91733333333333344 0.63466666666666682 -22.569369316101071 -18.271856307983395 -20.747715950012203 -22.133908271789547 0.069856688380241408
decision_type=8 2 8 10 2 2 8 2 2 2 2 2 10 2 2 2 8 2 2 10 10 2 2 10 2 2 2 10 2 8 2 2 2 2 2 10 2 2 2 2 2 2 2 2 2 2 2 2 10 2 2 2 10 10 2 2 2 2 2 2 2 2
left_child=1 -1 3 13 24 21 7 8 9 10 28 12 22 -2 -12 -5 17 -15 29 -20 33 59 -3 60 56 49 27 -27 34 -9 57 36 42 35 -7 -19 -14 40 -16 -26 -30 -17 -24 44 45 52 -46 -48 -31 -10 -18 -28 54 -54 -8 -49 -4 -11 -44 -6 -13 -62
right_child=2 11 4 15 5 6 43 18 25 30 14 23 31 16 38 41 50 20 19 -21 -22 -23 32 -25 39 26 51 -29 37 48 -32 -33 -34 -35 -36 -37 -38 -39 -40 -41 -42 -43 58 -45 46 -47 47 55 -50 -51 -52 -53 53 -55 -56 -57 -58 -59 -60 -61 61 -63
leaf_value=-0.00032636186364008279 -0.0028129899658072455 0.014297203914361387 0.00037018361053642296 0.022736685350738018 -0.0018134110581313819 -0.001202409206413719 -0.0015227982587248735 0.012194208061383077 -0.0047592503557535755 -0.00039849804644472898 -0.00054803605600439807 0.0096112483234631011 -0.00071531719353226067 0.00098431122824810388 0.0046269216068097309 0.0052761845399538496 0.00039563766345717175 0.014381562198825599 0.0036161691766895664 0.021592005134522682 0.0027950701542632204 -0.0035266082678188566 0.011582412243356811 0.0011439327212085701 0.0038908239278376174 0.0063604889504332573 -0.00783664500899613 -0.0071926768315185245 -0.001562799563227143 0.0011097112850561722 -0.00066790583733977249 -0.0047092024296363621 -0.0018605660115626006 0.021665417996476977 0.0021090682277216423 0.0029686529013245385 0.0047989835683693895 -0.003540947051483806 -0.0046782899254255673 -0.0029921212296176239 0.0025115464268023599 0.013874538934728859 0.0062743113455454901 -0.0039328254888704199 0.0023801543289746195 -0.005744569022373156 -0.0026998276340795889 0.00044906304078378952 0.0067555608522550728 -0.011484701738491193 -0.0044062133450601783 -0.00045656090022563596 0.00013533845330885089 -0.0035652855617505949 -0.0034476465513877917 -0.0062517425893334512 -0.0046405380372568196 0.0057758072190038602 0.014083449147855405 0.00096638038766380099 0.012017687702482731 0.024815310968414134
leaf_weight=3348 781 221 2580 58 1516 874 2851 76 532 100 923 113 201 777 1024 139 590 107 73 59 116 3033 267 53 959 197 150 58 2971 647 220 94 57 52 942 59 765 1167 55 100 279 92 615 646 557 311 976 1629 143 97 211 114 1589 360 1409 81 145 898 61 613 149 74
leaf_count=3348 781 221 2580 58 1516 874 2851 76 532 100 923 113 201 777 1024 139 590 107 73 59 116 3033 267 53 959 197 150 58 2971 647 220 94 57 52 942 59 765 1167 55 100 279 92 615 646 557 311 976 1629 143 97 211 114 1589 360 1409 81 145 898 61 613 149 74
internal_value=-2.19258e-05 0.0029295 -0.000545313 0.00146377 -0.000738861 -0.000978468 -0.000623957 0.000167856 -0.000207691 0.000194214 -0.000384211 0.00701212 0.00611517 0.000384845 0.00198543 0.0115176 0.00169107 0.00353701 0.00415701 0.0116508 0.00947547 -0.00248992 0.00889756 0.0122716 0.000981576 -0.00351711 -0.000754728 0.00327781 -0.00114532 0.00301477 0.004105 0.00291017 0.00770424 0.0130302 0.000515329 0.0103252 0.0036516 -0.00182808 0.00415261 0.00324088 -0.00121303 0.00870064 0.00828239 -0.00150629 -0.00134573 -0.00184881 -0.000334306 -0.000897207 0.00213168 -0.0057964 -0.000869269 -0.00464979 -0.00165368 -0.000548204 -0.00215944 0.000131656 0.000103558 0.00515714 0.00697898 -0.00101303 0.0140269 0.0162644
internal_weight=39954 6018 33936 2982 30954 27170 22008 11599 10601 9453 8235 2670 2281 2693 2002 289 1912 1111 998 132 334 5162 1221 389 3784 1148 519 255 6233 866 1218 1060 1000 218 1816 166 966 4417 1079 1059 3250 231 943 10409 9763 6520 3243 2686 790 629 801 264 6209 1949 4260 1710 2725 998 676 2129 336 223
internal_count=39954 6018 33936 2982 30954 27170 22008 11599 10601 9453 8235 2670 2281 2693 2002 289 1912 1111 998 132 334 5162 1221 389 3784 1148 519 255 6233 866 1218 1060 1000 218 1816 166 966 4417 1079 1059 3250 231 943 10409 9763 6520 3243 2686 790 629 801 264 6209 1949 4260 1710 2725 998 676 2129 336 223
is_linear=0
shrinkage=0.05


Tree=21
num_leaves=63
num_cat=0
split_feature=6 2 2 1 4 2 0 2 0 6 0 0 1 4 4 6 1 2 1 4 4 0 0 4 3 6 4 6 2 4 0 6 1 4 0 4 3 0 4 0 2 0 4 1 1 4 0 2 6 4 1 4 3 3 3 4 3 2 0 0 0 6
split_gain=24.6136 15.6268 9.45283 6.84184 5.69761 5.56063 4.33884 13.757 6.79124 16.8966 5.50388 4.85369 4.20318 6.32926 3.54681 3.36416 3.35997 3.11511 5.06221 3.34368 2.98954 5.49994 3.51077 3.10662 2.8056 2.52277 2.49856 2.40738 2.32812 2.2697 2.26084 2.24532 2.02738 1.85282 1.61549 2.45693 2.11215 1.61478 1.60884 3.84848 3.48785 2.67829 2.36384 2.22255 1.98993 1.60237 2.59469 2.07234 1.59954 1.5987 1.58168 1.56366 1.54591 2.11104 1.49886 1.3562 1.3555 1.91565 1.35517 1.29644 1.23836 1.23445
threshold=-0.73565827032485387 -0.21535749396098905 -0.12333497390719532 0.70399999618530285 19.375000000000004 -0.097350351668287982 0.5002514458293249 0.23301803918121927 0.50041373610723117 -0.17448546570513365 0.50014310256686045 0.50013877325520861 0.70799997448921215 28.925000190734867 162.5249938964844 0.071768228467502984 0.51199999451637279 0.18106362903017473 0.40000000596046453 33.524999618530281 38.274999618530281 0.50021781747929539 0.50021510003146241 14.325000286102297 0.26933333333333337 -0.97602999530023549 89.799999237060561 -0.3459648386612823 -0.018587192978781267 28.07499980926514 0.50039793082305972 -0.30272176912869952 0.14400000125169757 139.65000152587893 0.5002084636321571 19.675000190734867 0.20400000000000004 0.5003288392331916 36.074998855590827 0.50022711788589214 -0.010592003320467806 0.50037664788770764 4.7249999046325692 0.99600002169609081 0.76000002026557933 80.750000000000014 0.50017035792926501 -0.098319859741590215 -0.015773273248946215 37.425001144409187 0.5600000023841859 13.625000000000002 0.31733333333333341 0.38533333333333336 0.90400000000000003 26.175000190734867 0.36266666666666675 -0.013215999037099382 0.50038669783377443 0.50013363635909058 0.5001602308350982 -1.4638044781692077
decision_type=8 8 8 2 2 8 2 8 2 10 2 2 2 2 2 10 2 10 2 2 2 2 2 2 2 10 2 8 10 2 2 10 2 2 2 2 2 2 2 2 8 2 2 2 2 2 2 10 10 2 2 2 2 2 2 2 2 10 2 2 2 10
left_child=2 48 4 6 50 15 10 8 17 -10 11 59 13 25 -14 26 -9 18 24 27 21 22 34 -24 31 -4 37 -20 -23 -26 -18 -8 -33 61 35 -12 -37 -5 39 43 60 -41 -43 -7 -42 46 47 -22 54 -13 -1 -36 -53 -54 -2 -45 57 -25 -29 -3 -40 -6
right_child=1 3 12 5 33 38 7 16 9 -11 20 49 14 -15 -16 -17 30 -19 19 -21 45 28 23 56 29 -27 -28 58 -30 -31 -32 32 -34 -35 51 36 -38 -39 40 41 44 42 -44 55 -46 -47 -48 -49 -50 -51 -52 52 53 -55 -56 -57 -58 -59 -60 -61 -62 -63
leaf_value=0.016004641895117456 0.0074811884800196973 0.004672818631929419 0.020223747078853195 0.00034545273601468957 0.0088551564076961645 -1.7604555555458841e-05 -0.011390208589691151 -0.0021636295260694339 0.036087860062704112 0.0033829763127695995 0.0039495125748246459 0.0075448865063342521 -0.0022927102055293001 -0.00095798802358331163 0.011572466491837987 0.013168349752847391 -0.0034074407556298316 0.008397027319257273 0.0061246372027274057 -0.0070621002559968539 -0.0012948012884659156 -0.00045780233248320979 -0.0060839832440928322 0.0037012455313002349 0.00043545152889131459 0.0077795692952349789 0.0045820594426890264 0.0021425001524297445 -0.0038272465107776366 0.0092357684929128287 0.0019237289983149539 -0.0068099469628858924 0.0015867438200895534 0.0094523590100432844 -0.0036381877596880102 -0.0014075852271599014 0.0013691671578449323 -0.0032061769715658532 -0.0021205202185011047 -0.0032933361951313824 0.0029369603847174274 -0.002393057087911325 0.0010431102769588719 0.010289118364793405 -0.0049735553188640872 -0.0055737138875026314 -0.00031040293101250048 -0.0043377992826798472 0.0047604635454200472 0.0030525141882748724 0.0070505308986867025 -0.0019100044108916422 0.0055258468845381572 -0.00018503418628886082 0.017070648722761875 0.00083043050606537499 0.0054620213557288735 -0.0040147556098810303 0.0080394430107776534 -7.7732283141299124e-05 0.00085076819767178477 0.0038561768587805734
leaf_weight=215 58 152 64 2118 151 1552 79 2434 54 147 476 261 595 184 50 52 243 226 872 69 1116 835 86 307 688 112 308 1089 1328 82 1095 123 173 283 474 1297 1451 377 1287 2585 84 1126 901 89 1484 280 1907 1122 58 821 64 991 195 951 137 66 550 109 107 2604 482 678
leaf_count=215 58 152 64 2118 151 1552 79 2434 54 147 476 261 595 184 50 52 243 226 872 69 1116 835 86 307 688 112 308 1089 1328 82 1095 123 173 283 474 1297 1451 377 1287 2585 84 1126 901 89 1484 280 1907 1122 58 821 64 991 195 951 137 66 550 109 107 2604 482 678
internal_value=-2.08295e-05 -0.000334281 0.00489261 -0.000418271 0.00756209 -0.00137151 6.27294e-05 0.00106894 0.00323121 0.0121694 -0.000372058 0.00129838 0.00119783 0.005526 -0.00121789 0.000567064 -0.00105721 0.00271907 0.00232809 0.00376547 -0.000847838 -0.000327076 0.000363701 0.0030224 -0.000354602 0.0123047 0.000333291 0.00412673 -0.00252651 0.00137263 0.000955512 -0.00390118 -0.00190242 0.0059592 -0.000115639 0.000633062 5.85966e-05 -0.000191206 -0.00194469 -0.00147568 -0.00283281 -0.00222637 -0.000865683 0.000552559 -0.00454978 -0.0019129 -0.00166561 -0.00282038 0.0120502 0.00413616 0.0139507 -0.00104012 -0.000463847 0.000786713 0.0142184 0.00626155 0.00383311 0.0016795 0.00267007 0.000184272 -0.00131093 0.00476673
internal_weight=39954 37558 2396 37305 1391 12511 24794 7481 3709 201 17313 3838 1005 360 645 2855 3772 3508 3282 2137 13475 9050 6887 1052 1145 176 2803 2068 2163 770 1338 375 296 1112 5835 3224 2748 2495 9656 6319 3337 4612 2027 1707 1568 4425 4145 2238 253 1082 279 2611 2137 1146 195 155 966 416 1196 2756 1769 829
internal_count=39954 37558 2396 37305 1391 12511 24794 7481 3709 201 17313 3838 1005 360 645 2855 3772 3508 3282 2137 13475 9050 6887 1052 1145 176 2803 2068 2163 770 1338 375 296 1112 5835 3224 2748 2495 9656 6319 3337 4612 2027 1707 1568 4425 4145 2238 253 1082 279 2611 2137 1146 195 155 966 416 1196 2756 1769 829
is_linear=0
shrinkage=0.05


Tree=22
num_leaves=63
num_cat=0
split_feature=5 2 2 1 2 0 2 0 0 0 4 4 5 3 0 0 0 3 1 3 1 4 2 0 2 1 4 0 4 0 1 2 0 4 0 0 0 0 1 1 4 0 4 2 3 3 0 4 2 1 4 4 4 4 0 0 0 1 5 0 5 5
split_gain=21.6505 12.6049 7.91313 6.0614 6.90734 4.54593 13.6896 5.88901 4.6733 4.51584 4.40303 3.68228 3.67311 8.69928 5.78712 5.2803 3.0171 3.61054 2.98362 2.96748 4.51254 3.06525 2.82283 2.75994 2.72814 2.65754 2.61481 2.50606 2.23656 2.23261 2.14646 2.44918 2.07879 2.31601 2.06619 2.03081 1.81558 3.68816 3.30225 2.67354 2.19693 1.99329 2.35037 2.2482 1.72595 1.71792 1.81463 1.52432 1.50087 1.4976 1.34452 1.96511 1.2534 1.23854 1.2086 1.20629 1.19067 1.18819 1.15505 1.14908 1.0851 1.04804
threshold=-0.024669772571556628 -0.21535749396098905 -0.045587268062885995 0.70399999618530285 -0.12184028878877549 0.5002514458293249 0.23301803918121927 0.50044189138102879 0.50014310256686045 0.50013877325520861 43.299999237060554 22.125000000000004 -0.0060535203476949732 0.87733333333333341 0.50033057854852314 0.50035625227179048 0.50032051295221613 0.048000000000000008 0.51199999451637279 0.32666666666666672 0.21199999749660495 33.524999618530281 0.13082475996645523 0.50019040368336154 -0.015753483352118947 0.1840000003576279 31.375000000000004 0.50033255740292482 80.750000000000014 0.5002134471815497 0.70799997448921215 -0.12333497390719532 0.50020828994863265 41.925001144409187 0.50039793082305972 0.50014279594750699 0.5003299241533653 0.50037327366156525 0.99600002169609081 0.75600001215934765 26.175000190734867 0.50019040368336154 15.525000095367433 -0.06138343604242761 0.84400000000000019 0.90400000000000003 0.50021500753520287 37.425001144409187 -0.10631363825436718 0.5560000240802766 48.125000000000007 6.3750000000000009 3.7250000238418584 51.175001144409187 0.50015810277075057 0.50037950669602493 0.50013363635909058 0.04800000041723252 -0.0052727945889012185 0.50021715527625554 -0.0069462243868839806 -0.011269367803972283
decision_type=2 8 8 2 8 2 8 2 2 2 2 2 2 2 2 2 2 2 2 2 2 2 10 2 10 2 2 2 2 2 2 10 2 2 2 2 2 2 2 2 2 2 2 10 2 2 2 2 10 2 2 2 2 2 2 2 2 2 2 2 2 2
left_child=2 45 11 5 10 8 7 12 9 56 -5 -1 13 14 16 27 25 -18 52 24 21 57 -14 -13 26 -7 -10 -16 59 -25 -31 -32 33 -26 -20 -12 38 -38 41 -39 -40 43 -43 -6 48 -2 -47 -11 -44 60 51 55 -8 54 -28 -41 -3 -21 -55 -22 -17 -51
right_child=1 3 -4 4 36 6 18 -9 19 47 35 23 22 -15 15 49 17 -19 34 20 28 -23 -24 29 32 -27 53 -29 -30 30 31 -33 -34 -35 -36 -37 37 39 40 50 -42 42 44 -45 -46 46 -48 -49 -50 61 -52 -53 -54 58 -56 -57 -58 -59 -60 -61 -62 -63
leaf_value=0.013859059064028165 0.0037758653904750301 0.0044251779686306529 -0.0012012854305915362 -0.00098071284266404717 -0.0014113635665725091 -0.0072498862703259176 -0.0024778981816995808 0.017945203124093752 0.00055942465015811538 0.0072260284091738101 0.00027266699636301555 -0.0033318949498884055 0.001743631268073239 0.023998469573066193 0.00062332894520035812 -0.0013269381349871182 -0.0037021376904337096 0.0095089650087644383 -0.003259336215074063 0.0054897518637971252 -0.00034706798897552425 -0.0005735323829706235 -0.0052935959169796362 0.011632959251771491 0.0015448920316409099 0.0044063746189372402 -0.0028550125285059917 -0.011280953632667661 -0.005498620688677857 0.011404706719483154 0.0055279679985452551 -0.0054938562070442872 -0.0032247144698700964 -0.003391435717650812 0.0018371708504573232 0.0047193426117423665 -0.0046581357332753847 0.0021609041946529083 0.0096241882519098008 -0.006599546657619697 0.001089717165414577 -0.0023682040795120259 -0.0034885256720926581 -0.004314541531172454 -0.0061253934181877412 0.0097007162120734541 0.020019837031696939 0.0028759558072258338 0.0012411475852102884 0.0085908017229110786 -0.0056329500631791124 0.00013953801415477962 0.00079753195729493341 -0.0096588887780536588 -0.00066826556636666898 -0.002328427260253826 -0.00011313006411152263 0.0022937340964108445 -0.0023817308531877204 -0.0071479910737252796 0.0059272671816870577 0.002851909967575921
leaf_weight=192 61 153 331 1132 1738 52 2110 67 2633 266 370 69 1184 54 70 265 57 558 243 533 2102 632 162 207 579 820 878 120 255 141 603 55 2324 403 1095 839 1387 422 90 194 465 1268 187 1082 96 117 67 829 1628 119 249 838 339 86 2254 1118 2609 640 149 64 64 240
leaf_count=192 61 153 331 1132 1738 52 2110 67 2633 266 370 69 1184 54 70 265 57 558 243 533 2102 632 162 207 579 820 878 120 255 141 603 55 2324 403 1095 839 1387 422 90 194 465 1268 187 1082 96 117 67 829 1628 119 249 838 339 86 2254 1118 2609 640 149 64 64 240
internal_value=-1.9788e-05 -0.00025736 0.00568254 -0.000330035 -0.00120117 0.000126398 0.00114483 0.00325176 -0.000319826 0.0012155 0.00126025 0.00748092 0.00299028 0.00415524 0.00370216 0.000483359 0.0056027 0.00828452 -0.000987145 -0.000757437 0.000341315 0.00223355 0.000896654 0.00634176 -0.0012564 0.00371128 -0.000620925 -0.00689517 -0.00106946 0.00700526 0.00580634 0.00460669 -0.00240971 -0.000480913 0.000911572 0.00335849 -0.00173659 -0.00254708 -0.00121622 -0.00150913 0.00247369 -0.00155759 -0.000699178 -0.00252528 0.000408266 0.0110475 0.0134582 0.00393269 0.000753848 0.00252103 -0.00215472 -0.00175189 -0.0020245 -0.00154396 -0.00128128 -0.00295998 0.000138268 0.00374597 -0.00504486 -0.000548019 8.42143e-05 0.00475422
internal_weight=39954 38356 1598 38111 13103 25008 7619 3832 17389 3857 2341 1267 3765 2419 2365 878 1487 615 3787 13532 4226 1805 1346 1075 9306 872 6000 190 2421 1006 799 658 3306 982 1338 1209 10762 4208 6554 2821 555 5999 3179 2820 1911 245 184 1095 1815 688 2399 2150 2449 3367 3132 1312 2762 1173 235 2166 329 359
internal_count=39954 38356 1598 38111 13103 25008 7619 3832 17389 3857 2341 1267 3765 2419 2365 878 1487 615 3787 13532 4226 1805 1346 1075 9306 872 6000 190 2421 1006 799 658 3306 982 1338 1209 10762 4208 6554 2821 555 5999 3179 2820 1911 245 184 1095 1815 688 2399 2150 2449 3367 3132 1312 2762 1173 235 2166 329 359
is_linear=0
shrinkage=0.05


Tree=23
num_leaves=63
num_cat=0
split_feature=5 2 2 2 0 4 0 7 0 9 4 2 0 0 5 0 0 4 2 2 0 2 0 4 0 7 9 4 7 7 4 9 0 2 4 9 4 0 4 7 0 0 7 2 4 4 0 0 5 5 0 0 0 9 0 5 2 4 7 4 0 5
split_gain=19.5396 11.3759 7.14933 4.63949 8.00978 4.47075 4.29793 3.58548 3.54537 3.38384 3.58383 4.43911 9.68503 6.09413 3.98207 17.7606 3.52069 3.98819 3.33649 3.2705 2.83251 2.82364 2.80331 2.76566 2.6011 2.36476 2.11364 2.08976 1.93948 1.82888 1.79973 1.7211 1.94944 1.67564 1.61205 2.14897 1.55152 1.53216 1.51212 1.5079 2.16139 2.28429 2.00096 1.53345 1.47498 1.43433 1.77451 1.4034 1.38702 1.38185 1.28755 1.63798 1.35811 1.26186 1.65781 1.25867 4.93596 1.24788 1.2402 1.3154 1.23168 1.22737
threshold=-0.024669772571556628 -0.21535749396098905 -0.037960309097656658 -0.11729957755847487 0.50019197543422067 47.524999618530281 0.50014279594750699 -22.3348274230957 0.50019168104978762 -0.2086674943566322 36.074998855590827 0.23301803918121927 0.50026673781572406 0.50021781747929539 -0.0083244482045283525 0.50040966823753719 0.50033112597303897 30.32499980926514 0.037745133378872538 0.12472830966674946 0.50037664788770764 0.087649636724862853 0.50021510003146241 14.325000286102297 0.50033057854852314 -18.750201225280758 0.018217150121927265 23.625000000000004 -20.61550140380859 -20.208043098449703 5.0750000476837167 -0.063430059701204286 0.50025361401580526 -0.052642039222344263 1.2250000238418581 0.035027574747800834 24.47500038146973 0.50021244955282251 4.7249999046325692 -21.635254859924313 0.50033112597303897 0.50038834957313227 -18.643440246582028 -0.16927347712071844 24.47500038146973 58.074998855590827 0.50034459010164356 0.50021574974035565 -0.0068044343723868668 -0.0064745102169701165 0.50041893597633325 0.50037950669602493 0.50043535053963006 -0.094698533415794359 0.5002134471815497 -0.012136905243738836 0.064109128328306494 44.274999618530281 -21.338298797607418 76.700000762939467 0.50013783597780825 -0.0064004718328711891
decision_type=2 8 8 8 2 2 2 2 2 2 2 8 2 2 2 2 2 2 10 10 2 8 2 2 2 2 2 2 2 2 2 2 2 10 2 2 2 2 2 2 2 2 2 10 2 2 2 2 2 2 2 2 2 2 2 2 10 2 2 2 2 2
left_child=2 28 7 4 -3 6 18 -1 -9 -8 11 12 13 22 15 16 27 30 60 33 -13 25 29 -24 36 45 37 -14 49 55 -18 -15 -33 -16 -22 38 -10 -12 50 -6 42 -42 43 -41 -21 48 58 -28 -7 -2 51 -36 -52 54 -38 56 -11 -51 59 -47 -5 -25
right_child=1 3 -4 5 39 21 9 8 24 10 26 20 14 31 19 -17 17 -19 -20 44 34 -23 23 61 -26 -27 47 -29 -30 -31 -32 32 -34 -35 35 -37 53 -39 -40 40 41 -43 -44 -45 -46 46 -48 -49 -50 57 52 -53 -54 -55 -56 -57 -58 -59 -60 -61 -62 -63
leaf_value=-4.1529553138527171e-05 0.0023375037198561724 -0.00033302709048874107 -0.0015155590420426331 0.00028213620547585719 0.0016026057152090255 -0.0048201824675576429 -0.0032204925791495028 -0.0038322536208822084 0.013521393288203794 -0.00026969134917137884 -0.0021933483115321672 -0.0036146095360559227 0.0035917561176098001 -0.0006659175744266366 -5.6822522302188904e-05 0.029583430852143291 0.0046667179678362928 -0.011992378231009534 0.0068819376712395538 -0.0059848704163912025 -0.0027853493553800968 -0.0056319000052294432 -0.0057681538727740907 -9.2599290286164097e-05 0.00046889458000110566 0.0053901001344872955 -0.00052712131124046154 0.0085907078887026006 0.019171645362660583 0.0020559024556137092 -0.00078190988985755083 -0.0034258686573009423 0.00098827943724596459 0.0031036235089695742 0.0017943845915925659 -0.004851381453154462 0.011941582211988181 -0.0068565025235767718 0.0021486659488061653 0.0098090689478562681 -0.0020222742737161987 0.010015874113450993 0.01185029298191142 0.0040689156896741912 0.0032714730266619613 -0.0004351726037834984 -0.006111238020160962 0.0051241855002444941 -0.0018848669571883199 0.0059054835342360126 0.0020677240113047375 -0.0017933163196805315 -0.0017774973480867849 0.012544236140590664 0.0060561762168272887 -0.00048800376399870196 0.017194701941451059 0.015809506657229657 0.0014246455529632067 -0.005009193092324558 0.0026538398181312293 0.004458925362469556
leaf_weight=158 66 3355 303 1847 520 561 1102 60 185 212 2591 1063 614 1397 697 67 281 58 264 212 835 484 86 183 89 118 775 317 51 951 329 2044 285 1053 382 253 158 189 630 139 186 50 122 714 54 721 141 128 1424 59 755 1903 330 152 493 5237 50 69 646 201 778 777
leaf_count=158 66 3355 303 1847 520 561 1102 60 185 212 2591 1063 614 1397 697 67 281 58 264 212 835 484 86 183 89 118 775 317 51 951 329 2044 285 1053 382 253 158 189 630 139 186 50 122 714 54 721 141 128 1424 59 755 1903 330 152 493 5237 50 69 646 201 778 777
internal_value=-1.87986e-05 -0.000244492 0.00539841 -0.000313533 0.00109223 -0.000530027 -0.000305065 0.00701612 0.00799687 -0.000509552 -0.000388788 -0.000137088 0.000329316 -0.000400773 0.00255448 0.00436328 0.00330653 0.000536739 0.00152393 0.00105971 -0.00126719 -0.00203444 0.000420708 0.00282178 0.00865588 -0.00157768 -0.00182771 0.00529387 0.0104951 3.13253e-05 0.00172803 -0.00205344 -0.00288571 0.00184486 -0.000776764 -0.000382414 0.00939337 -0.00251038 -9.97522e-05 0.00385465 0.00482168 0.000528181 0.00586093 0.0050043 -0.00410576 -0.00180026 -0.000738426 0.00027395 -0.00271444 0.0082142 -0.00052008 -0.00119353 0.00089821 0.00844233 0.00748459 -0.000318806 0.00306321 0.0112444 -0.000255285 -0.00143233 0.000985064 0.00359129
internal_weight=39954 38356 1598 38111 5086 33025 28729 1295 1137 25840 24738 21055 14904 11222 3682 1666 1599 668 2889 2016 6151 4296 7496 1046 1077 3812 3683 931 245 6450 610 3726 2329 1750 5088 4253 988 2780 4000 1731 1211 236 975 853 266 3694 1709 903 1985 194 3370 2285 1085 803 651 5499 262 128 1568 922 2625 960
internal_count=39954 38356 1598 38111 5086 33025 28729 1295 1137 25840 24738 21055 14904 11222 3682 1666 1599 668 2889 2016 6151 4296 7496 1046 1077 3812 3683 931 245 6450 610 3726 2329 1750 5088 4253 988 2780 4000 1731 1211 236 975 853 266 3694 1709 903 1985 194 3370 2285 1085 803 651 5499 262 128 1568 922 2625 960
is_linear=0
shrinkage=0.05


Tree=24
num_leaves=63
num_cat=0
split_feature=5 2 2 8 2 1 2 2 0 1 0 3 5 3 5 0 0 2 0 5 0 2 8 0 0 0 3 1 0 1 2 3 8 0 5 1 1 0 0 3 2 2 0 3 8 0 1 1 2 3 2 0 3 0 5 0 0 0 3 0 0 3
split_gain=17.6345 10.2668 6.48841 5.85913 9.02953 4.63544 4.51764 3.77451 2.78102 3.12901 2.68053 2.65449 7.33634 2.64376 2.52503 2.23478 2.65414 6.17148 2.37339 2.16326 4.66205 2.14998 1.96934 2.53492 1.95443 4.15919 2.65951 1.78867 3.04671 1.59859 1.55582 1.52539 2.13886 1.60015 1.48848 1.45037 2.13612 1.4737 1.44548 2.25907 1.82542 1.29281 1.27522 1.26696 1.25275 1.42346 1.23504 2.05368 1.22029 1.21861 1.42049 1.2013 1.19197 1.19141 1.18605 1.10797 1.09348 1.32494 1.31507 1.10374 1.2556 1.38379
threshold=-0.024669772571556628 -0.21535749396098905 -0.045587268062885995 -0.60734429955482472 0.066815602759257714 0.75600001215934765 -0.097350351668287982 -0.1260321506616133 0.50019040368336154 0.70799997448921215 0.5002134471815497 0.92000000000000004 -0.0083244482045283525 0.8693333333333334 -0.0039929310563162944 0.50014310256686045 0.5002514458293249 0.067858436312424303 0.50013883104529711 -0.0073582448112763923 0.5003245699790152 -0.12333497390719532 -0.45422142744064326 0.50042863274055993 0.50021781747929539 0.50021574974035565 0.36266666666666675 0.51199999451637279 0.50039793082305972 0.39599999785423284 -0.05930777211118992 0.90400000000000003 -0.18633946776390073 0.50021427041909405 -0.017653116672524557 0.70399999618530285 0.6799999773502351 0.5003299241533653 0.50015810277075057 0.020000000000000004 -0.1004899279863456 0.039340600523756993 0.50019278967363956 0.081333333333333355 -0.44425359368324274 0.50033613449176018 0.43199999630451208 0.70799997448921215 0.20427457482999217 0.15333333333333335 -0.013215999037099382 0.50040666944505097 0.36400000000000005 0.50022711788589214 -0.0066362455955444747 0.50037327366156525 0.50017137965112934 0.50016542601262082 0.66800000000000004 0.50020794344837616 0.50021065937315734 0.13066666666666668
decision_type=2 8 8 8 10 2 8 8 2 2 2 2 2 2 2 2 2 8 2 2 2 10 10 2 2 2 2 2 2 2 10 2 8 2 2 2 2 2 2 2 10 10 2 2 10 2 2 2 10 2 10 2 2 2 2 2 2 2 2 2 2 2
left_child=2 31 8 4 7 11 13 34 -1 -10 -11 15 -13 44 -15 18 24 22 -5 20 -6 -12 46 29 25 38 49 -19 -29 41 -26 -2 33 -33 43 36 -9 -37 -17 -40 42 -24 54 -3 45 53 52 -48 -8 -27 -51 -30 -18 -7 -41 -49 57 -42 59 -58 -61 -62
right_child=1 3 -4 5 19 6 48 35 9 10 21 12 -14 14 -16 16 17 27 -20 -21 -22 -23 23 -25 30 26 -28 28 51 -31 -32 32 -34 -35 -36 37 -38 -39 39 40 56 -43 -44 -45 -46 -47 47 55 -50 50 -52 -53 -54 -55 -56 -57 58 -59 -60 60 61 -63
leaf_value=-0.0030039034950027268 0.003118315858567958 0.013059512213138598 -0.0011049078682910938 0.00027682197715730468 0.023201981171715652 0.0013792762268976383 -0.0019133092961490573 0.00072625559259312722 0.01132897376737411 0.010890474214344675 0.0050470191835970679 0.021420001400652908 0.0014559180567485569 0.015134649586832248 0.00024281573989851912 -0.0021020652345802369 -0.0080038583178287121 -0.0015487408453282116 0.0033958911750565229 0.0017272478734542216 0.0076850692938196952 -0.0051940753180783113 -0.00066521689316704276 0.014010165583162093 0.0013577500453292861 -0.00560484950515643 0.0059013736290017349 -0.0031203566124968002 0.0049172850330092294 0.0037314767561921823 -0.0026790143485134811 0.010448319813944042 0.0058157391525654883 0.022628877380131081 0.0019389097719145606 0.00013255318184973895 0.0089686612839646202 -0.0032294688700970492 0.0061712082352383228 -0.0019889981865272013 0.00096650935513324621 0.0064563391379779209 0.0038432467642701669 0.0051444151663872619 -0.0011202403109973949 -0.0046704134246612471 0.0032833680322999666 -0.0035226182337993227 -0.0090713471363839445 0.0031871181549919035 -0.0035471872365641817 0.0010148695299997176 -0.00039452570158169894 0.009201614337165237 0.0010277299188017962 0.0042544951891167124 0.00051348958627536561 -0.0033811041016114118 -0.0026479148586647399 -0.0022248537933397799 -0.0035095776967549543 0.0010505888267470945
leaf_weight=69 61 63 331 2836 68 1069 7782 1045 346 192 604 51 471 59 55 1856 74 2894 777 63 168 56 424 52 272 74 381 417 252 1308 1949 52 76 56 336 926 85 503 123 457 219 75 276 256 1048 94 506 233 60 292 107 907 169 51 1135 57 1816 877 778 1226 208 831
leaf_count=69 61 63 331 2836 68 1069 7782 1045 346 192 604 51 471 59 55 1856 74 2894 777 63 168 56 424 52 272 74 381 417 252 1308 1949 52 76 56 336 926 85 503 123 457 219 75 276 256 1048 94 506 233 60 292 107 907 169 51 1135 57 1816 877 778 1226 208 831
internal_value=-1.78587e-05 -0.000232268 0.00512849 -0.000297856 0.00164772 -0.000495405 -0.00138938 0.000874545 0.00675695 0.00731914 0.00569073 -0.000120729 0.00340643 0.000520622 0.00794999 -0.000197902 -0.000402332 0.00035451 0.000947599 0.00995867 0.012156 0.00417808 0.0021517 0.00312613 -0.000835384 -0.000554162 0.00279245 -0.000810649 0.000544704 0.00281292 -0.00218464 0.00997038 0.012242 0.0167642 0.00426136 7.65717e-06 0.00134626 -0.00105086 -0.000845736 -0.000552287 -0.000657999 0.000405157 0.000705695 0.00670758 0.000146197 0.00123946 0.000408239 0.0013607 -0.00196808 0.000288225 0.00138118 0.00186337 -0.00271177 0.00173547 0.000161747 -0.00199401 -0.00108577 -0.00251237 -0.000763985 -0.000404834 -0.00114111 0.000137678
internal_weight=39954 38356 1598 38111 3513 34598 10218 3214 1267 1198 852 24380 522 2376 114 23858 20245 7368 3613 299 236 660 2898 1859 12877 10656 854 4470 1576 1807 2221 245 184 108 655 2559 1130 1429 9802 7946 7823 499 1868 319 2262 1214 1039 796 7842 473 399 1159 243 1120 1592 290 5955 1096 4859 4081 2265 1039
internal_count=39954 38356 1598 38111 3513 34598 10218 3214 1267 1198 852 24380 522 2376 114 23858 20245 7368 3613 299 236 660 2898 1859 12877 10656 854 4470 1576 1807 2221 245 184 108 655 2559 1130 1429 9802 7946 7823 499 1868 319 2262 1214 1039 796 7842 473 399 1159 243 1120 1592 290 5955 1096 4859 4081 2265 1039
is_linear=0
shrinkage=0.05


Tree=25
num_leaves=63
num_cat=0
split_feature=5 0 8 8 7 0 4 7 5 8 7 0 0 0 0 0 4 7 5 4 4 0 4 7 4 0 4 7 6 0 0 6 4 0 4 5 8 0 0 0 8 6 7 0 0 4 0 0 0 8 4 0 8 0 8 4 4 0 4 5 0 5
split_gain=18.7886 5.9927 4.93691 4.01451 3.86348 5.03905 4.69715 3.15824 3.1322 3.67409 2.86953 3.57689 6.26869 5.7686 3.10967 4.00388 4.59912 2.53075 2.2774 2.17002 2.85856 4.51048 1.90855 1.82751 1.77244 1.68337 1.61811 1.5602 1.47597 1.42413 1.38609 1.33737 1.41484 1.23972 1.38352 1.29818 1.2358 1.75099 1.87857 1.68759 1.11217 1.10789 1.07261 1.04394 1.8018 1.53147 1.03971 0.960427 1.14876 0.953027 0.947442 3.85734 1.51381 1.92111 2.05705 1.29553 1.05527 3.78572 2.56548 2.02169 0.946657 1.21358
threshold=-0.024669772571556628 0.50033255740292482 -0.6038379669189452 -0.47467555105686182 -18.271856307983395 0.50033255740292482 26.675000190734867 -18.122778892517086 -0.012136905243738836 -0.67344039678573597 -21.663710594177243 0.5003299241533653 0.50026673781572406 0.50037523457440947 0.50021781747929539 0.50021065937315734 16.425000190734867 -22.569369316101071 -0.0091026980668510865 48.125000000000007 18.774999618530277 0.50043535053963006 1.3249999880790713 -22.720494270324703 24.47500038146973 0.50021390375310271 22.125000000000004 -20.272307395935055 -0.20139702947919849 0.50033411296746799 0.50035348183985495 -0.067742886147412432 92.774997711181655 0.50014407146243445 19.125000000000004 -0.0085079864053833037 -0.22199998050928113 0.50014007564359464 0.50013917884751169 0.50015810277075057 -0.74067553877830494 -0.2551629107942614 -23.245743751525875 0.50035625227179048 0.5003696858176222 24.47500038146973 0.50021510003146241 0.50023132085438571 0.50022773856794933 -0.33726489543914789 4.4249999523162851 0.50038669783377443 -0.53187492489814747 0.50039603966607826 -0.34927606582641596 5.2249999046325692 3.1750000715255742 0.50038834957313227 3.0249999761581425 -0.0057853612365939876 0.50033255740292482 -0.013909318995725414
decision_type=2 2 8 10 2 2 2 2 2 10 2 2 2 2 2 2 2 2 2 2 2 2 2 2 2 2 2 2 10 2 2 10 2 2 2 2 10 2 2 2 10 10 2 2 2 2 2 2 2 8 2 2 8 2 10 2 2 2 2 2 2 2
left_child=1 3 4 17 5 6 8 -6 9 -2 18 12 14 43 15 27 -17 -1 28 20 22 -22 -15 -8 -19 41 -10 -12 29 -4 -3 32 -25 35 -35 -29 37 38 -20 -39 -9 -18 -41 45 -45 -13 -27 48 49 -16 56 55 -53 54 -54 -52 58 -58 -24 -60 61 -47
right_child=2 30 10 -5 7 -7 23 40 26 -11 11 13 -14 19 47 16 25 24 36 -21 21 -23 50 31 -26 46 -28 33 -30 -31 -32 -33 -34 34 -36 -37 -38 39 -40 42 -42 -43 -44 44 -46 60 -48 -49 -50 -51 51 52 53 -55 -56 -57 57 -59 59 -61 -62 -63
leaf_value=-0.00064302592500284014 0.0072754370201489615 -0.0086990134063653825 -0.00065808426409305544 -0.0029787688167922412 0.017876198869375262 -0.0038800033797191085 -0.0032817643309611677 0.010404166446256816 -0.0013244621394343475 0.022747577461501901 -0.00024090789061944823 -0.01177713155326709 0.004123603076420619 -0.0020976189640140148 7.2524733409632896e-05 -0.0017552049178081227 0.0060763189804104705 0.012065171703995604 -1.5326361072134152e-06 -0.0048513273049695105 0.019125657938187945 0.0004323906168612846 8.2048812213355462e-05 0.00080519768605225451 0.006878524123268618 0.01105717880327391 0.0084987575528837397 0.0093136841784983593 -0.0036073633528059682 -0.0074092379561902597 0.0014524700148684675 0.0057130323765025312 0.0060078619504513753 0.003245398618090021 -0.00071423060687820692 0.0023918748497117294 0.0003779912941353452 -0.002533314764349117 0.0056767822016449516 -0.0024735391888657523 0.0023521303154000195 0.001974356632938819 -0.00043678368311643684 0.0024517781109933416 -0.0031566431126816524 0.00489331552392391 0.0052625860055026431 -0.00027977664450636866 -0.0038449844817580511 -0.0034009932166953472 0.0017058515022452957 0.011945171927001473 0.001735432984595023 0.0018913275555885343 0.013497310055124508 -0.0024737318237078119 0.00063018236796123263 -0.0047069778403710464 0.0153300368495984 0.0019115195702397614 -0.0050711215500921173 -0.0045212409357564187
leaf_weight=98 139 82 1115 107 56 441 219 59 112 53 6757 71 1074 1037 610 456 209 196 951 237 50 91 1969 1962 1032 99 67 91 1208 84 57 174 140 344 615 265 2226 1884 172 771 157 775 4000 166 1043 61 355 1154 622 292 271 51 68 654 82 587 943 513 50 64 484 78
leaf_count=98 139 82 1115 107 56 441 219 59 112 53 6757 71 1074 1037 610 456 209 196 951 237 50 91 1969 1962 1032 99 67 91 1208 84 57 174 140 344 615 265 2226 1884 172 771 157 775 4000 166 1043 61 355 1154 622 292 271 51 68 654 82 587 943 513 50 64 484 78
internal_value=1.86799e-05 0.00537604 -0.000201336 0.00633752 0.00156674 0.0010956 0.00186122 0.00729484 0.00711047 0.0115464 -0.000383703 -4.44018e-05 0.000456246 -0.000845789 0.000144735 0.000551207 0.00262016 0.00708929 -0.000993028 -0.000152732 2.04512e-05 0.00706121 -0.000137403 0.00108067 0.00770636 0.00400762 0.00235239 6.57511e-05 -0.00237384 -0.00113106 -0.00453617 0.00150042 0.00115171 0.00164149 0.000706116 0.00416121 -0.0006608 -0.000958093 0.000868165 -0.00126627 0.00455153 0.00284561 -0.000765926 -0.00327386 -0.00238659 -0.00481954 0.00652616 -0.00136792 -0.00219188 -0.00105194 0.000249639 0.0012149 0.00359172 0.00306184 0.00816526 -0.00115361 -0.000217582 -0.00125029 0.000504269 0.00779683 -0.00402663 -0.000389673
internal_weight=39850 1572 38278 1433 3579 3307 2866 272 371 192 34699 22288 13718 8570 12644 9966 1894 1326 12411 6667 6430 141 6289 2495 1228 1438 179 8072 2407 1199 139 2276 2102 1315 959 356 10004 7778 1123 6655 216 984 4771 1903 1209 694 454 2678 1524 902 5252 1713 855 804 150 858 3539 1456 2083 114 623 139
internal_count=39850 1572 38278 1433 3579 3307 2866 272 371 192 34699 22288 13718 8570 12644 9966 1894 1326 12411 6667 6430 141 6289 2495 1228 1438 179 8072 2407 1199 139 2276 2102 1315 959 356 10004 7778 1123 6655 216 984 4771 1903 1209 694 454 2678 1524 902 5252 1713 855 804 150 858 3539 1456 2083 114 623 139
is_linear=0
shrinkage=0.05


Tree=26
num_leaves=63
num_cat=0
split_feature=2 0 1 3 1 7 2 0 7 2 1 0 0 0 9 0 0 3 3 7 1 7 0 7 0 2 0 0 0 9 1 7 3 2 0 7 9 7 1 9 9 3 7 7 0 9 2 0 2 0 3 1 1 2 3 0 0 1 3 1 0 9
split_gain=15.5819 18.8453 5.93404 3.9657 4.76567 3.53933 5.67061 6.90854 10.7165 4.38616 3.9531 2.94341 2.75889 6.18911 3.27019 2.65429 4.42993 2.58064 2.7957 2.45952 2.30107 2.02631 1.84971 2.09628 1.86788 1.78957 1.66151 1.53236 2.56097 1.71214 1.73476 1.51583 2.01939 2.29292 1.81853 2.49479 1.46873 1.44558 1.38828 1.3813 1.32596 1.15319 2.25879 1.24276 1.15077 1.12773 1.1183 1.11534 1.10109 1.0664 2.11037 2.16453 1.65655 1.35437 1.18218 1.14588 1.07007 1.05139 1.03957 1.33517 0.968928 0.937621
threshold=-0.12238356257934095 0.50020733983889498 0.70399999618530285 0.84400000000000019 0.5600000023841859 -21.123170852661129 0.001923896551973236 0.50041373610723117 -19.14765644073486 0.11676505402833644 0.63600000739097606 0.50037188551070999 0.50022711788589214 0.50015351551953768 0.17853167653083804 0.50014310256686045 0.50013906271997488 0.15866666666666671 0.47200000000000003 -22.436365127563473 0.21199999749660495 -22.099144935607907 0.50018234867487321 -22.720494270324703 0.50019323672219151 -0.06138343604242761 0.50020794344837616 0.50037664788770764 0.5003303601285557 -0.13652067631483075 0.75600001215934765 -21.932307243347164 0.45066666666666672 0.13082475996645523 0.50021128249411384 -21.432981491088864 0.044134473428130157 -20.61550140380859 0.52799999713897716 -0.020696651190519329 0.065973673015832915 0.32666666666666672 -19.213309288024899 -21.392232894897457 0.50013363635909058 -0.023875388316810128 -0.022494628859927521 0.50023212632672498 -0.095813259342974813 0.5002514458293249 0.35733333333333339 0.21199999749660495 0.37600000202655798 -0.013215999037099382 0.26266666666666671 0.50033411296746799 0.50037950669602493 0.71599999070167553 0.25733333333333336 0.24400000274181369 0.50038834957313227 0.039948007091879852
decision_type=8 2 2 2 2 2 8 2 2 10 2 2 2 2 2 2 2 2 2 2 2 2 2 2 2 10 2 2 2 2 2 2 2 10 2 2 2 2 2 2 2 2 2 2 2 2 10 2 10 2 2 2 2 10 2 2 2 2 2 2 2 2
left_child=1 45 5 4 38 15 7 10 -9 26 -7 19 13 25 27 16 44 -12 -19 -6 37 40 -17 -24 -25 -4 -8 28 47 -29 -31 -15 -33 34 -34 -36 -23 -11 -3 60 -5 42 -21 -43 -2 -1 -18 -14 -49 50 53 -52 54 -26 -51 -54 -57 -30 59 -28 -32 -60
right_child=2 3 12 21 11 6 9 8 -10 20 17 -13 14 31 -16 22 46 18 -20 41 -22 36 23 24 49 -27 58 29 57 30 39 32 33 -35 35 -37 -38 -39 -40 -41 -42 43 -44 -45 -46 -47 -48 48 -50 52 51 -53 55 -55 -56 56 -58 -59 61 -61 -62 -63
leaf_value=0.00045336042032743853 0.0046472127714520719 0.005375697729544735 -0.0010810171622209568 0.0097645050816936429 -0.00078062740094200886 0.0010512886663398844 0.0027777559300086394 0.0028017493206741917 0.028727958229268793 0.002153674894869919 -0.00017656427997913537 -0.0045644338709098526 -0.0029407452110081951 -0.00067090951988851009 0.010452300318194411 -0.0019822372028774891 0.0025849803496054268 0.012001130434231518 0.0041495967456198169 0.0016488945333596743 0.00084003193603296358 0.0087989309341262242 -0.0019980975748123565 0.0025038405491504823 -0.00029497246996525536 -0.0037716309865585742 -0.0030126650603991452 0.0058386719569235163 0.0013463393719319037 0.0020081050059489142 -0.0010229653750522111 0.0010015960294133721 0.0039889521662244635 0.0005758631344726287 0.020412730827461929 0.0068429516067373616 0.016710846665462912 0.011234487144146342 0.012725479330989409 -6.8422246532736896e-05 0.00046839274479733669 0.0042290676181864443 0.0073026484245377957 0.0080177781923240141 -0.00045954084121589597 -0.0015591199937071247 0.0071288435667562272 -0.0034994305587754335 0.00021338428763378555 -0.0040739286002421937 0.0030316839431126963 -0.0010045883064591329 0.0033130505684693628 -0.0032213045896263229 0.0008432230144214426 -0.0053686286465837122 0.002930584571432731 -0.0043459790354813252 0.00011007824600126513 -0.00064597680106560267 -0.0039017230380333709 -0.0029847116040548796
leaf_weight=2362 117 92 1653 88 216 3686 340 115 61 63 161 100 824 594 52 2824 264 183 298 534 189 109 1650 675 661 987 979 85 85 322 448 1069 198 211 50 105 127 144 213 646 68 426 264 440 1931 987 278 252 962 222 552 834 615 984 272 83 73 1777 2616 1523 841 270
leaf_count=2362 117 92 1653 88 216 3686 340 115 61 63 161 100 824 594 52 2824 264 183 298 534 189 109 1650 675 661 987 979 85 85 322 448 1069 198 211 50 105 127 144 213 646 68 426 264 440 1931 987 278 252 962 222 552 834 615 984 272 83 73 1777 2616 1523 841 270
internal_value=1.77459e-05 0.00236016 -0.000399573 0.00548761 0.00469052 6.5184e-05 0.000730103 0.00207682 0.0117875 -0.000260366 0.00168193 0.00379432 -0.00134329 -0.000449326 -0.00203456 -0.000522 0.000895986 0.00530274 0.00713677 0.00423894 0.00482882 0.0101339 -0.000910839 -0.000453865 5.87049e-05 -0.00208694 -0.000612202 -0.00213859 -0.00274567 -0.00112764 -0.00139 0.00149199 0.00227873 0.00469941 0.00716419 0.0112203 0.0130566 0.00847076 0.0105085 -0.00195547 0.00571235 0.00489051 0.00351931 0.00615405 -0.000167798 -0.000139747 0.0049156 -0.00152098 -0.000557315 -0.000325482 -0.000834404 0.000602931 0.000893919 -0.00204543 -0.00136651 0.00234223 -0.00148502 -0.00408613 -0.000826119 -0.00157203 -0.00290119 -0.000179455
internal_weight=39850 6026 33824 2677 2285 22663 10628 4504 176 6124 4328 1980 11161 4867 6294 12035 2590 642 481 1880 396 392 9445 6621 4971 2640 5728 6242 3900 2342 2257 2227 1633 564 353 155 236 207 305 1935 156 1664 798 866 2048 3349 542 2038 1214 4296 3031 1386 1265 1645 494 771 156 1862 5388 2502 1289 2886
internal_count=39850 6026 33824 2677 2285 22663 10628 4504 176 6124 4328 1980 11161 4867 6294 12035 2590 642 481 1880 396 392 9445 6621 4971 2640 5728 6242 3900 2342 2257 2227 1633 564 353 155 236 207 305 1935 156 1664 798 866 2048 3349 542 2038 1214 4296 3031 1386 1265 1645 494 771 156 1862 5388 2502 1289 2886
is_linear=0
shrinkage=0.05


Tree=27
num_leaves=63
num_cat=0
split_feature=5 2 2 7 2 7 0 2 0 1 0 0 0 9 1 7 0 0 0 9 0 9 5 5 1 0 0 5 2 1 0 0 0 5 1 0 2 0 0 1 9 1 2 5 0 0 5 5 0 0 9 1 9 2 2 5 7 2 0 7 2 2
split_gain=15.5203 8.52038 5.47075 3.64149 4.91511 4.43655 4.6709 2.72323 4.30337 3.36899 5.22624 2.82372 2.80928 2.75949 2.57605 2.33367 2.19964 2.12015 2.84665 2.0777 2.04658 1.79978 1.74911 1.74025 1.70303 1.69283 2.1261 1.59892 1.55405 1.62008 1.49821 1.49046 1.79333 2.02927 1.533 1.46058 1.40035 1.38182 1.56418 2.0806 1.39348 1.74786 1.31011 2.29608 1.25992 1.91355 1.25585 2.12626 1.25426 1.24717 1.22137 1.089 1.67512 1.02346 0.993616 0.987995 1.06448 0.987667 0.983993 0.941849 0.926396 0.996424
threshold=-0.024669772571556628 -0.21535749396098905 -0.045587268062885995 -22.044668197631832 0.23301803918121927 -18.271856307983395 0.5004046945219659 -0.11729957755847487 0.50019197543422067 0.71599999070167553 0.5002514458293249 0.5003303601285557 0.50021781747929539 -0.13256064057350156 0.98800000548362743 -22.415793418884274 0.50037664788770764 0.50014007564359464 0.50013906271997488 0.11576950177550317 0.50021326509820485 0.027110155671834949 -0.013909318995725414 -0.007078402256132774 0.24000000208616259 0.50014310256686045 0.50013783597780825 -0.011983860230121964 0.18106362903017473 0.095999997109174742 0.50039200319626287 0.50017373209376281 0.50020828994863265 -0.012820396139061737 0.21199999749660495 0.50032051295221613 0.010362659920123489 0.50033057854852314 0.5003288392331916 0.70799997448921215 -0.2444227188825607 0.80399999022483837 -0.16638789157704736 -0.0053077218419823923 0.50032776142491897 0.5002514458293249 -0.0062030462741131751 -0.0035982152936961712 0.50033112597303897 0.50020889911085009 -0.10055037960410117 0.99600002169609081 -0.094698533415794359 0.081858700483612129 0.018044325621327406 -0.034512040527318717 -21.392232894897457 -0.0039365271679286584 0.5001560549465377 -20.545731544494625 -0.018587192978781267 0.081858700483612129
decision_type=2 8 8 2 8 2 2 10 2 2 2 2 2 2 2 2 2 2 2 2 2 2 2 2 2 2 2 2 10 2 2 2 2 2 2 2 10 2 2 2 2 2 10 2 2 2 2 2 2 2 2 2 2 8 10 2 2 10 2 2 10 10
left_child=2 46 15 17 5 7 22 8 -5 10 12 14 20 -12 -11 -1 -6 18 -3 28 25 -13 -7 44 36 26 -9 -16 29 35 -23 34 -33 -34 -27 -15 57 38 40 -40 55 -42 43 -10 45 -19 -2 -48 -21 -35 -24 52 -18 58 -4 -17 -57 -22 -25 -29 -14 -62
right_child=1 3 54 4 16 6 -8 9 42 11 13 21 60 19 27 37 51 23 -20 48 24 30 50 53 -26 31 -28 59 -30 -31 -32 32 33 49 -36 -37 -38 -39 39 -41 41 -43 -44 -45 -46 -47 47 -49 -50 -51 -52 -53 -54 -55 -56 56 -58 -59 -60 -61 61 -63
leaf_value=0.00019996655995354934 0.0048259279578924189 -0.00035179476115061373 0.0012724563156148684 0.00017720885393242251 -0.0032711998239034132 0.0065375548267325792 0.017627115152960567 2.8803808606178511e-05 0.0047655150274766604 -0.00088345950854877206 -0.0012399774706052143 -0.0039711921682546629 -0.00042770166268066821 -0.0079614794835923056 0.009136995848539416 0.012963536003819451 0.0022154064640283531 -0.0025489129251937224 0.0057770130327245333 0.0014399628998944536 0.00258936764966284 0.0064580055092824861 0.0032554117762954755 -0.0018182705254290344 -0.0020526618974753288 -0.0042711580677031579 0.0030690182191076272 0.0001785855430196142 0.0080306875515296795 0.0036407543218514131 -0.0029616163037456413 0.0022278129453699165 0.009153075354098452 -0.0031683708365402284 -0.00077994634964308196 0.001240943858022785 0.0060962584550478191 0.0011980078857029893 0.012903807559911929 0.001820373103300181 -0.0018232345387257419 0.0061906161100062189 0.0029065914533128803 0.016430150248575956 -0.0064100435017557496 0.0023310523021990034 0.01725462809138532 0.0049308398249559111 -0.0093987378415049012 -0.00021022819915433359 -0.0022985457828823734 -0.0031091112086845609 -0.00086479489337191887 -0.0027833590915515524 -0.0044352784225221483 0.0028436532874560258 0.00999842059314251 -0.0049001625739037991 -0.00020590345148350939 0.004440623159416646 -0.0033923079732192892 0.0017483318634636123
leaf_weight=136 100 929 198 2173 1056 231 60 1748 270 4178 439 997 627 51 79 104 491 2312 238 56 368 82 257 1281 163 461 857 399 168 1735 87 723 51 476 989 279 318 90 228 52 85 341 987 50 184 220 84 60 51 1417 161 456 4369 620 124 89 125 50 3621 192 922 105
leaf_count=136 100 929 198 2173 1056 231 60 1748 270 4178 439 997 627 51 79 104 491 2312 238 56 368 82 257 1281 163 461 857 399 168 1735 87 723 51 476 989 279 318 90 228 52 85 341 987 50 184 220 84 60 51 1417 161 456 4369 620 124 89 125 50 3621 192 922 105
internal_value=1.68586e-05 -0.000183108 0.00488603 -0.000242858 3.75564e-05 0.000388097 0.0042798 0.000260047 0.00154083 1.33614e-05 0.000495621 -0.000953242 -7.42633e-05 0.00239763 -0.000421909 0.00638309 -0.00118686 -0.00109644 0.000898125 0.00308007 0.000331126 -0.00316242 0.00304584 -0.001379 0.00257164 3.14794e-05 0.00102898 0.00245624 0.0034062 0.00302997 0.00160885 -0.000599683 0.000101791 -0.000688905 -0.00188991 -0.000181249 0.00359577 0.00713794 0.00766001 0.0108455 0.00646118 0.00459161 0.00380796 0.00658811 -0.00241521 -0.0021249 0.00913046 0.0121197 -0.00372615 -0.000954061 0.00111621 -0.000772814 -0.000553606 -0.000869334 -0.000925553 0.00896571 0.00702284 0.00169349 -0.00062725 0.00156321 -0.00194214 -0.00286673
internal_weight=39850 38278 1572 38034 28629 22257 709 21548 3480 18068 12054 6014 9275 2779 4848 1250 6372 9405 1167 2340 7621 1166 649 8238 899 6722 2605 670 2233 2065 169 4117 2667 1944 1450 330 736 1114 1024 280 744 426 1307 320 2716 2532 244 144 107 1893 418 5316 4860 5522 322 318 214 418 4902 591 1654 1027
internal_count=39850 38278 1572 38034 28629 22257 709 21548 3480 18068 12054 6014 9275 2779 4848 1250 6372 9405 1167 2340 7621 1166 649 8238 899 6722 2605 670 2233 2065 169 4117 2667 1944 1450 330 736 1114 1024 280 744 426 1307 320 2716 2532 244 144 107 1893 418 5316 4860 5522 322 318 214 418 4902 591 1654 1027
is_linear=0
shrinkage=0.05


end of trees

feature_importances:
market_avg_amplitude_rankpct=557
LIMITUP_N_MKT_MA20=217
STYLE_SIZE_RS60=182
MKT_VOL20_PCT=163
MKT_TURNOVER_PCTL=161
MKT_MEDIAN_RET20=158
ILLIQ20=97
DIST_52W_HIGH=77
Q20_RETON_30=63
DELTA_OPEN_60=61

parameters:
[boosting: gbdt]
[objective: regression]
[metric: rmse]
[tree_learner: serial]
[device_type: cpu]
[data_sample_strategy: bagging]
[data: ]
[valid: ]
[num_iterations: 28]
[learning_rate: 0.05]
[num_leaves: 63]
[num_threads: 8]
[seed: 20260902]
[deterministic: 1]
[force_col_wise: 1]
[force_row_wise: 0]
[histogram_pool_size: -1]
[max_depth: -1]
[min_data_in_leaf: 50]
[min_sum_hessian_in_leaf: 0.001]
[bagging_fraction: 0.8]
[pos_bagging_fraction: 1]
[neg_bagging_fraction: 1]
[bagging_freq: 5]
[bagging_seed: 20260902]
[bagging_by_query: 0]
[feature_fraction: 0.6]
[feature_fraction_bynode: 1]
[feature_fraction_seed: 20260902]
[extra_trees: 0]
[extra_seed: 2579]
[early_stopping_round: 0]
[early_stopping_min_delta: 0]
[first_metric_only: 0]
[max_delta_step: 0]
[lambda_l1: 0]
[lambda_l2: 0]
[linear_lambda: 0]
[min_gain_to_split: 0]
[drop_rate: 0.1]
[max_drop: 50]
[skip_drop: 0.5]
[xgboost_dart_mode: 0]
[uniform_drop: 0]
[drop_seed: 28913]
[top_rate: 0.2]
[other_rate: 0.1]
[min_data_per_group: 100]
[max_cat_threshold: 32]
[cat_l2: 10]
[cat_smooth: 10]
[max_cat_to_onehot: 4]
[top_k: 20]
[monotone_constraints: ]
[monotone_constraints_method: basic]
[monotone_penalty: 0]
[feature_contri: ]
[forcedsplits_filename: ]
[refit_decay_rate: 0.9]
[cegb_tradeoff: 1]
[cegb_penalty_split: 0]
[cegb_penalty_feature_lazy: ]
[cegb_penalty_feature_coupled: ]
[path_smooth: 0]
[interaction_constraints: ]
[verbosity: -1]
[saved_feature_importance_type: 0]
[use_quantized_grad: 0]
[num_grad_quant_bins: 4]
[quant_train_renew_leaf: 0]
[stochastic_rounding: 1]
[linear_tree: 0]
[max_bin: 255]
[max_bin_by_feature: ]
[min_data_in_bin: 3]
[bin_construct_sample_cnt: 200000]
[data_random_seed: 20260902]
[is_enable_sparse: 1]
[enable_bundle: 1]
[use_missing: 1]
[zero_as_missing: 0]
[feature_pre_filter: 1]
[pre_partition: 0]
[two_round: 0]
[header: 0]
[label_column: ]
[weight_column: ]
[group_column: ]
[ignore_column: ]
[categorical_feature: ]
[forcedbins_filename: ]
[precise_float_parser: 0]
[parser_config_file: ]
[objective_seed: 17236]
[num_class: 1]
[is_unbalance: 0]
[scale_pos_weight: 1]
[sigmoid: 1]
[boost_from_average: 1]
[reg_sqrt: 0]
[alpha: 0.9]
[fair_c: 1]
[poisson_max_delta_step: 0.7]
[tweedie_variance_power: 1.5]
[lambdarank_truncation_level: 30]
[lambdarank_norm: 1]
[label_gain: ]
[lambdarank_position_bias_regularization: 0]
[eval_at: ]
[multi_error_top_k: 1]
[auc_mu_weights: ]
[num_machines: 1]
[local_listen_port: 12400]
[time_out: 120]
[machine_list_filename: ]
[machines: ]
[gpu_platform_id: -1]
[gpu_device_id: -1]
[gpu_device_id_list: ]
[gpu_use_dp: 0]
[num_gpu: 1]

end of parameters

pandas_categorical:[]
