cell_id,pool,H,sel,pos,exit,family,total_signals,entered,n_trades,dropped_slot_full,dropped_limitup,dropped_no_quote,dropped_cash,truncated_no_next,truncated_window,truncated_exhausted,deferred_exits,open_at_end,vol_fallback_mid,p3_atr_fallback,p4_atr_fallback,e4_lot_skip,e7_atr_missing,exits_E0,exits_tp,exits_sl,exits_horizon,exits_trail_tp,exits_scale_out,exits_breakeven_sl,exits_time_stop,exits_chandelier_sl,neg_equity_idx_days,neg_equity_cash_days,signal_days,signal_days_burst,signal_max,p6_days_diluted,p6_days_cashbound,coverage,capital_utilization,final_equity_cash,final_equity_idx,annualized_cash,annualized_idx,bench_annualized,excess_cash,excess_idx,per_cash,per_idx,sharpe_cash,sharpe_idx,maxdd_cash,maxdd_idx,cluster_t,passed,runtime_sec
ALL__H10__S0__P6K3__E0,ALL,10,S0,P6K3,E0,E0,76471,12375,12341,0,461,0,63553,82,24,10,103,34,0,0,0,0,0,12341,0,0,0,0,0,0,0,0,3,0,3395,1706,488,2693,3346,0.161826,0.361042,167159.113397,18012.329384,-0.116479,-0.242763,0.031245,-0.147724,-0.274008,-0.409159,-0.758935,-0.339455,,-0.854060,-1.000380,-1.409107,False,1.843000
ALL__H10__S0__P6K3__E1_A1,ALL,10,S0,P6K3,E1_A1,E1,76471,18000,17948,0,461,0,57928,82,41,11,543,52,0,0,0,0,0,0,1100,3182,13666,0,0,0,0,0,0,0,3395,1706,488,2693,3376,0.235383,0.218375,71553.386781,114633.637094,-0.166885,-0.139253,0.031245,-0.198129,-0.170498,-0.907288,-0.780756,-0.506157,-0.366532,-0.933825,-0.900257,-5.234832,False,2.131000
ALL__H10__S0__P6K3__E1_A10,ALL,10,S0,P6K3,E1_A10,E1,76471,14431,14412,0,461,0,61497,82,6,13,518,19,0,0,0,0,0,0,185,2687,11540,0,0,0,0,0,0,0,3395,1706,488,2693,3377,0.188712,0.209615,49836.567583,91790.255334,-0.187487,-0.152395,0.031245,-0.218732,-0.183639,-1.043493,-0.876079,-0.545086,-0.386033,-0.951772,-0.916905,-5.270716,False,1.334000
ALL__H10__S0__P6K3__E1_A11,ALL,10,S0,P6K3,E1_A11,E1,76471,17751,17707,0,461,0,58177,82,29,15,461,44,0,0,0,0,0,0,293,1584,15830,0,0,0,0,0,0,0,3395,1706,488,2693,3349,0.232127,0.370287,194870.515422,122508.478045,-0.107047,-0.135285,0.031245,-0.138292,-0.166529,-0.373472,-0.449731,-0.379412,-0.393312,-0.854848,-0.931835,-3.357647,False,2.134000
ALL__H10__S0__P6K3__E1_A12,ALL,10,S0,P6K3,E1_A12,E1,76471,15882,15823,0,461,0,60046,82,46,13,279,59,0,0,0,0,0,0,232,688,14903,0,0,0,0,0,0,0,3395,1706,488,2693,3353,0.207687,0.387560,184201.407451,76367.590936,-0.110521,-0.163120,0.031245,-0.141766,-0.194365,-0.365790,-0.501509,-0.180074,-0.250693,-0.907119,-0.961935,-2.707693,False,2.016000
ALL__H10__S0__P6K3__E1_A2,ALL,10,S0,P6K3,E1_A2,E1,76471,20316,20224,0,461,0,55612,82,76,16,482,92,0,0,0,0,0,0,1341,1724,17159,0,0,0,0,0,0,0,3395,1706,488,2693,3356,0.265669,0.347381,206932.554178,130937.279782,-0.103327,-0.131292,0.031245,-0.134571,-0.162537,-0.387387,-0.467892,-0.367234,-0.371283,-0.828006,-0.922552,-3.286574,False,3.457000
ALL__H10__S0__P6K3__E1_A3,ALL,10,S0,P6K3,E1_A3,E1,76471,20775,20695,0,461,0,55153,82,68,12,375,80,0,0,0,0,0,0,1357,911,18427,0,0,0,0,0,0,0,3395,1706,488,2693,3361,0.271672,0.383694,214095.736422,61646.912254,-0.101212,-0.175436,0.031245,-0.132456,-0.206680,-0.345212,-0.538658,-0.101798,-0.188516,-0.880371,-0.968504,-2.981676,False,3.697000
ALL__H10__S0__P6K3__E1_A4,ALL,10,S0,P6K3,E1_A4,E1,76471,16425,16377,0,461,0,59503,82,35,13,495,48,0,0,0,0,0,0,572,3043,12762,0,0,0,0,0,0,0,3395,1706,488,2693,3378,0.214787,0.219847,70014.614514,130011.548805,-0.168138,-0.131719,0.031245,-0.199382,-0.162964,-0.906912,-0.741258,-0.499998,-0.346018,-0.934157,-0.879280,-5.422038,False,2.989000
ALL__H10__S0__P6K3__E1_A5,ALL,10,S0,P6K3,E1_A5,E1,76471,17315,17203,0,461,0,58613,82,94,18,413,112,0,0,0,0,0,0,596,1427,15180,0,0,0,0,0,0,0,3395,1706,488,2693,3365,0.226426,0.325726,132263.296215,183368.785384,-0.130686,-0.110800,0.031245,-0.161931,-0.142045,-0.497138,-0.436086,-0.506317,-0.348605,-0.885585,-0.886042,-3.741117,False,3.132000
ALL__H10__S0__P6K3__E1_A6,ALL,10,S0,P6K3,E1_A6,E1,76471,18633,18591,0,461,0,57295,82,29,13,340,42,0,0,0,0,0,0,755,830,17006,0,0,0,0,0,0,0,3395,1706,488,2693,3375,0.243661,0.384286,283259.695809,212794.641752,-0.083623,-0.101591,0.031245,-0.114867,-0.132835,-0.298911,-0.345668,-0.017054,-0.024725,-0.847470,-0.887556,-2.150587,False,3.414000
ALL__H10__S0__P6K3__E1_A7,ALL,10,S0,P6K3,E1_A7,E1,76471,14985,14971,0,461,0,60943,82,2,12,540,14,0,0,0,0,0,0,321,2774,11876,0,0,0,0,0,0,0,3395,1706,488,2693,3378,0.195957,0.209670,51985.767137,90652.868301,-0.185109,-0.153126,0.031245,-0.216353,-0.184371,-1.031874,-0.879336,-0.538088,-0.394933,-0.949396,-0.917093,-5.289770,False,1.941000
ALL__H10__S0__P6K3__E1_A8,ALL,10,S0,P6K3,E1_A8,E1,76471,17318,17218,0,461,0,58610,82,85,15,417,100,0,0,0,0,0,0,384,1402,15432,0,0,0,0,0,0,0,3395,1706,488,2693,3350,0.226465,0.359474,124450.086421,15410.231778,-0.134343,-0.250899,0.031245,-0.165588,-0.282143,-0.460638,-0.784877,-0.508288,-0.549320,-0.908359,-0.995932,-2.984319,False,2.174000
ALL__H10__S0__P6K3__E1_A9,ALL,10,S0,P6K3,E1_A9,E1,76471,16199,16066,0,461,0,59729,82,118,15,321,133,0,0,0,0,0,0,382,667,15017,0,0,0,0,0,0,0,3395,1706,488,2693,3353,0.211832,0.379088,168328.962080,31327.571076,-0.116053,-0.213186,0.031245,-0.147297,-0.244431,-0.388557,-0.644787,-0.175518,-0.317594,-0.908576,-0.989682,-2.432303,False,2.144000
ALL__H10__S0__P6K3__E2_B1,ALL,10,S0,P6K3,E2_B1,E2,76471,17186,17115,0,461,0,58742,82,57,14,399,71,463,0,0,0,0,0,577,1449,15089,0,0,0,0,0,0,0,3395,1706,488,2693,3358,0.224739,0.331139,132576.493406,131704.211919,-0.130544,-0.130941,0.031245,-0.161788,-0.162186,-0.488582,-0.489782,-0.502601,-0.428854,-0.881948,-0.911066,-3.823969,False,3.600000
ALL__H10__S0__P6K3__E2_B10,ALL,10,S0,P6K3,E2_B10,E2,76471,21300,21206,0,461,0,54628,82,81,13,468,94,521,0,0,0,0,0,1403,1788,18015,0,0,0,0,0,0,0,3395,1706,488,2693,3355,0.278537,0.386040,236940.983556,107411.528301,-0.094881,-0.143122,0.031245,-0.126125,-0.174367,-0.326716,-0.451681,-0.320512,-0.372822,-0.813524,-0.936956,-2.967333,False,3.102000
ALL__H10__S0__P6K3__E2_B11,ALL,10,S0,P6K3,E2_B11,E2,76471,16313,16238,0,461,0,59615,82,61,14,411,75,466,0,0,0,0,0,348,1335,14555,0,0,0,0,0,0,0,3395,1706,488,2693,3350,0.213323,0.314008,101451.824316,78339.301180,-0.146502,-0.161642,0.031245,-0.177746,-0.192887,-0.566056,-0.614273,-0.573842,-0.530109,-0.911074,-0.946303,-3.657104,False,2.451000
ALL__H10__S0__P6K3__E2_B12,ALL,10,S0,P6K3,E2_B12,E2,76471,15978,15935,0,461,0,59950,82,28,15,368,43,480,0,0,0,0,0,213,1356,14366,0,0,0,0,0,0,0,3395,1706,488,2693,3353,0.208942,0.315895,97382.962086,26881.734743,-0.148917,-0.221479,0.031245,-0.180162,-0.252724,-0.570321,-0.800025,-0.592242,-0.736772,-0.918287,-0.984365,-4.361815,False,2.898000
ALL__H10__S0__P6K3__E2_B13,ALL,10,S0,P6K3,E2_B13,E2,76471,17654,17593,0,461,0,58274,82,50,11,554,61,452,0,0,0,0,0,616,3201,13776,0,0,0,0,0,0,0,3395,1706,488,2693,3375,0.230859,0.248825,75487.914532,127348.663496,-0.163791,-0.132962,0.031245,-0.195036,-0.164207,-0.783828,-0.659928,-0.476976,-0.336301,-0.929140,-0.882060,-5.070362,False,3.882000
ALL__H10__S0__P6K3__E2_B14,ALL,10,S0,P6K3,E2_B14,E2,76471,18730,18685,0,461,0,57198,82,25,20,378,45,490,0,0,0,0,0,682,768,17235,0,0,0,0,0,0,0,3395,1706,488,2693,3366,0.244929,0.374598,194901.413591,125722.593688,-0.107037,-0.133733,0.031245,-0.138282,-0.164978,-0.369147,-0.440413,-0.095293,-0.115320,-0.897630,-0.936215,-2.050745,False,2.809000
ALL__H10__S0__P6K3__E2_B18,ALL,10,S0,P6K3,E2_B18,E2,76471,16937,16849,0,461,0,58991,82,73,15,389,88,473,0,0,0,0,0,570,1406,14873,0,0,0,0,0,0,0,3395,1706,488,2693,3362,0.221483,0.320549,124837.318826,155213.065558,-0.134157,-0.121003,0.031245,-0.165401,-0.152248,-0.515993,-0.474958,-0.530371,-0.393668,-0.891125,-0.902040,-3.679280,False,2.368000
ALL__H10__S0__P6K3__E2_B19,ALL,10,S0,P6K3,E2_B19,E2,76471,17349,17220,0,461,0,58579,82,110,19,399,129,497,0,0,0,0,0,249,1447,15524,0,0,0,0,0,0,0,3395,1706,488,2693,3348,0.226870,0.354239,162278.481840,74150.720563,-0.118290,-0.164826,0.031245,-0.149535,-0.196070,-0.422129,-0.553497,-0.419294,-0.488875,-0.874214,-0.959342,-3.217329,False,2.532000
ALL__H10__S0__P6K3__E2_B2,ALL,10,S0,P6K3,E2_B2,E2,76471,16883,16804,0,461,0,59045,82,63,16,391,79,455,0,0,0,0,0,557,1435,14812,0,0,0,0,0,0,0,3395,1706,488,2693,3362,0.220777,0.319161,123165.606240,162283.026902,-0.134965,-0.118288,0.031245,-0.166209,-0.149533,-0.520769,-0.468518,-0.531016,-0.381303,-0.887892,-0.892412,-3.848707,False,2.586000
ALL__H10__S0__P6K3__E2_B20,ALL,10,S0,P6K3,E2_B20,E2,76471,16464,16392,0,461,0,59464,82,54,18,406,72,468,0,0,0,0,0,551,1360,14481,0,0,0,0,0,0,0,3395,1706,488,2693,3363,0.215297,0.306875,107248.847853,123642.086058,-0.143212,-0.134733,0.031245,-0.174457,-0.165978,-0.568494,-0.540864,-0.568952,-0.444529,-0.905574,-0.915537,-3.986317,False,2.095000
ALL__H10__S0__P6K3__E2_B3,ALL,10,S0,P6K3,E2_B3,E2,76471,17277,17171,0,461,0,58651,82,90,16,395,106,485,0,0,0,0,0,579,1479,15113,0,0,0,0,0,0,0,3395,1706,488,2693,3361,0.225929,0.333378,133677.550948,195351.193866,-0.130046,-0.106895,0.031245,-0.161290,-0.138139,-0.483807,-0.414362,-0.507638,-0.335576,-0.884315,-0.881479,-3.907251,False,3.811000
ALL__H10__S0__P6K3__E2_B4,ALL,10,S0,P6K3,E2_B4,E2,76471,17186,17115,0,461,0,58742,82,57,14,399,71,463,0,0,0,0,0,577,1449,15089,0,0,0,0,0,0,0,3395,1706,488,2693,3358,0.224739,0.331139,132576.493406,131704.211919,-0.130544,-0.130941,0.031245,-0.161788,-0.162186,-0.488582,-0.489782,-0.502601,-0.428854,-0.881948,-0.911066,-3.823969,False,3.805000
ALL__H10__S0__P6K3__E2_B5,ALL,10,S0,P6K3,E2_B5,E2,76471,17186,17115,0,461,0,58742,82,57,14,399,71,463,0,0,0,0,0,577,1449,15089,0,0,0,0,0,0,0,3395,1706,488,2693,3358,0.224739,0.331139,132576.493406,131704.211919,-0.130544,-0.130941,0.031245,-0.161788,-0.162186,-0.488582,-0.489782,-0.502601,-0.428854,-0.881948,-0.911066,-3.823969,False,3.441000
ALL__H10__S0__P6K3__E2_B6,ALL,10,S0,P6K3,E2_B6,E2,76471,16987,16905,0,461,0,58941,82,66,16,365,82,460,0,0,0,0,0,575,1422,14908,0,0,0,0,0,0,0,3395,1706,488,2693,3362,0.222136,0.316785,115334.260391,119366.240761,-0.138890,-0.136839,0.031245,-0.170134,-0.168084,-0.537065,-0.530591,-0.545230,-0.450101,-0.899726,-0.920487,-3.682279,False,3.792000
ALL__H10__S0__P6K3__E2_B7,ALL,10,S0,P6K3,E2_B7,E2,76471,16818,16739,0,461,0,59110,82,64,15,421,79,459,0,0,0,0,0,567,1384,14788,0,0,0,0,0,0,0,3395,1706,488,2693,3357,0.219927,0.320915,126970.430895,109697.062147,-0.133141,-0.141872,0.031245,-0.164385,-0.173117,-0.512238,-0.539447,-0.506041,-0.464636,-0.885824,-0.926260,-3.350301,False,2.491000
ALL__H10__S0__P6K3__E2_B8,ALL,10,S0,P6K3,E2_B8,E2,76471,17439,17357,0,461,0,58489,82,67,15,422,82,468,0,0,0,0,0,569,1507,15281,0,0,0,0,0,0,0,3395,1706,488,2693,3359,0.228047,0.327169,125483.664574,157528.924829,-0.133847,-0.120101,0.031245,-0.165092,-0.151346,-0.504607,-0.462592,-0.529731,-0.391743,-0.884009,-0.890965,-4.010695,False,1.835000
ALL__H10__S0__P6K3__E2_B9,ALL,10,S0,P6K3,E2_B9,E2,76471,19564,19522,0,461,0,56364,82,30,12,432,42,501,0,0,0,0,0,1066,1633,16823,0,0,0,0,0,0,0,3395,1706,488,2693,3359,0.255836,0.350732,186791.831996,177034.733404,-0.109661,-0.112961,0.031245,-0.140905,-0.144206,-0.401746,-0.411157,-0.377944,-0.316349,-0.837303,-0.880119,-3.098466,False,2.564000
ALL__H10__S0__P6K3__E3,ALL,10,S0,P6K3,E3,E3,76471,16384,16344,0,461,0,59544,82,28,12,6491,40,0,0,0,0,0,0,0,0,10702,5642,0,0,0,0,0,0,3395,1706,488,2693,3374,0.214251,0.222006,44015.149201,43148.825407,-0.194444,-0.195552,0.031245,-0.225689,-0.226797,-1.016590,-1.021580,-0.888588,-0.753282,-0.959205,-0.960301,-6.385760,False,2.833000
ALL__H10__S0__P6K3__E4,ALL,10,S0,P6K3,E4,E4,76471,21122,23955,0,461,0,54806,82,70,18,4262,88,0,0,0,1407,0,0,0,0,19695,1339,2921,0,0,0,0,0,3395,1706,488,2693,3368,0.276209,0.376625,177050.690307,221678.011516,-0.112956,-0.099043,0.031245,-0.144200,-0.130288,-0.382875,-0.345935,-0.445988,-0.313270,-0.844475,-0.853301,3.489199,False,3.249000
ALL__H10__S0__P6K3__E5,ALL,10,S0,P6K3,E5,E5,76471,17500,17453,0,461,0,58428,82,34,13,5553,47,0,0,0,0,0,0,0,0,14504,0,0,2949,0,0,0,0,3395,1706,488,2693,3361,0.228845,0.286875,63930.259905,70454.153764,-0.173357,-0.167777,0.031245,-0.204601,-0.199022,-0.713206,-0.693757,-0.536629,-0.446886,-0.942140,-0.948611,-5.817357,False,2.079000
ALL__H10__S0__P6K3__E6,ALL,10,S0,P6K3,E6,E6,76471,19216,19206,0,461,0,56712,82,1,9,3071,10,0,0,0,0,0,0,0,0,6085,0,0,0,13121,0,0,0,3395,1706,488,2693,3386,0.251285,0.187453,19205.461994,11124.746800,-0.239393,-0.267609,0.031245,-0.270638,-0.298853,-1.443760,-1.594280,-0.992213,-0.946778,-0.981179,-0.989347,-6.758419,False,1.793000
ALL__H10__S0__P6K3__E7,ALL,10,S0,P6K3,E7,E7,76471,14392,14363,0,461,0,61536,82,15,14,3352,29,0,0,0,0,0,0,0,0,12758,0,0,0,0,1605,0,0,3395,1706,488,2693,3373,0.188202,0.281162,72443.533417,39438.362251,-0.166171,-0.200544,0.031245,-0.197416,-0.231789,-0.702142,-0.824396,-0.431093,-0.468001,-0.930006,-0.963508,-4.742557,False,2.009000
ALL__H10__S0__P6K5__E0,ALL,10,S0,P6K5,E0,E0,76471,13456,13424,0,461,0,62472,82,24,8,181,32,0,0,0,0,0,13424,0,0,0,0,0,0,0,0,0,0,3395,1706,488,2355,3293,0.175962,0.384877,165194.970021,86641.462502,-0.117202,-0.155776,0.031245,-0.148447,-0.187020,-0.385699,-0.485922,-0.337980,-0.323809,-0.878971,-0.947286,-1.715435,False,1.886000
ALL__H10__S0__P6K5__E1_A1,ALL,10,S0,P6K5,E1_A1,E1,76471,19697,19635,0,461,0,56231,82,49,13,561,62,0,0,0,0,0,0,1232,3554,14849,0,0,0,0,0,0,0,3395,1706,488,2355,3347,0.257575,0.248463,96766.489134,94121.989838,-0.149291,-0.150921,0.031245,-0.180536,-0.182166,-0.726610,-0.733172,-0.459677,-0.392055,-0.911869,-0.915740,-4.989866,False,2.276000
ALL__H10__S0__P6K5__E1_A10,ALL,10,S0,P6K5,E1_A10,E1,76471,14996,14983,0,461,0,60932,82,1,12,490,13,0,0,0,0,0,0,194,2820,11969,0,0,0,0,0,0,0,3395,1706,488,2355,3348,0.196100,0.214654,55252.274650,57540.307818,-0.181663,-0.179361,0.031245,-0.212908,-0.210606,-0.991866,-0.981142,-0.555659,-0.479780,-0.945902,-0.944365,-5.501704,False,1.860000
ALL__H10__S0__P6K5__E1_A11,ALL,10,S0,P6K5,E1_A11,E1,76471,15373,15302,0,461,0,60555,82,57,14,401,71,0,0,0,0,0,0,210,1334,13758,0,0,0,0,0,626,0,3395,1706,488,2355,3331,0.201030,0.252881,84943.622384,-72340.771715,-0.156931,-1.000000,0.031245,-0.188176,-1.031245,-0.744129,-4.077989,-0.625547,,-0.920023,-1.080917,-3.453991,False,1.939000
ALL__H10__S0__P6K5__E1_A12,ALL,10,S0,P6K5,E1_A12,E1,76471,15011,14935,0,461,0,60917,82,63,13,298,76,0,0,0,0,0,0,212,687,14036,0,0,0,0,0,180,0,3395,1706,488,2355,3320,0.196297,0.303452,88970.163019,-12319.377850,-0.154224,-1.000000,0.031245,-0.185468,-1.031245,-0.611195,-3.398375,-0.346866,,-0.936031,-1.018486,-3.571733,False,1.932000
ALL__H10__S0__P6K5__E1_A2,ALL,10,S0,P6K5,E1_A2,E1,76471,20808,20760,0,461,0,55120,82,34,14,493,48,0,0,0,0,0,0,1356,1807,17597,0,0,0,0,0,150,0,3395,1706,488,2355,3308,0.272103,0.329870,181448.733366,-29414.235909,-0.111448,-1.000000,0.031245,-0.142692,-1.031245,-0.432571,-3.126211,-0.410070,,-0.842319,-1.040755,-3.571305,False,3.581000
ALL__H10__S0__P6K5__E1_A3,ALL,10,S0,P6K5,E1_A3,E1,76471,22838,22658,0,461,0,53090,82,165,15,410,180,0,0,0,0,0,0,1624,940,20094,0,0,0,0,0,0,0,3395,1706,488,2355,3318,0.298649,0.409003,303433.408928,151048.634495,-0.079248,-0.122657,0.031245,-0.110492,-0.153901,-0.270150,-0.376284,-0.077421,-0.117800,-0.832269,-0.898571,-1.759618,False,3.962000
ALL__H10__S0__P6K5__E1_A4,ALL,10,S0,P6K5,E1_A4,E1,76471,16307,16264,0,461,0,59621,82,32,11,518,43,0,0,0,0,0,0,541,3084,12639,0,0,0,0,0,0,0,3395,1706,488,2355,3354,0.213244,0.212872,65468.063690,123738.412267,-0.171995,-0.134687,0.031245,-0.203240,-0.165931,-0.954749,-0.779487,-0.540661,-0.369336,-0.937874,-0.884393,-5.838302,False,2.023000
ALL__H10__S0__P6K5__E1_A5,ALL,10,S0,P6K5,E1_A5,E1,76471,17704,17619,0,461,0,58224,82,67,18,389,85,0,0,0,0,0,0,616,1490,15513,0,0,0,0,0,0,0,3395,1706,488,2355,3324,0.231513,0.294819,123412.614884,93207.653563,-0.134845,-0.151495,0.031245,-0.166089,-0.182740,-0.563360,-0.619838,-0.453674,-0.423417,-0.884091,-0.929867,-3.927056,False,2.119000
ALL__H10__S0__P6K5__E1_A6,ALL,10,S0,P6K5,E1_A6,E1,76471,17767,17641,0,461,0,58161,82,110,16,328,126,0,0,0,0,0,0,621,747,16273,0,0,0,0,0,0,0,3395,1706,488,2355,3332,0.232336,0.317763,117510.361216,84189.560701,-0.137775,-0.157452,0.031245,-0.169019,-0.188696,-0.531903,-0.593826,-0.254775,-0.259907,-0.912249,-0.938020,-2.986915,False,1.446000
ALL__H10__S0__P6K5__E1_A7,ALL,10,S0,P6K5,E1_A7,E1,76471,15091,15075,0,461,0,60837,82,5,11,547,16,0,0,0,0,0,0,313,2835,11927,0,0,0,0,0,0,0,3395,1706,488,2355,3347,0.197343,0.203236,52006.059645,69606.434092,-0.185087,-0.168474,0.031245,-0.216331,-0.199719,-1.064431,-0.982691,-0.568085,-0.454268,-0.950161,-0.934125,-5.508545,False,1.906000
ALL__H10__S0__P6K5__E1_A8,ALL,10,S0,P6K5,E1_A8,E1,76471,15613,15580,0,461,0,60315,82,19,14,347,33,0,0,0,0,0,0,316,1326,13938,0,0,0,0,0,1029,0,3395,1706,488,2355,3327,0.204169,0.268898,74852.400398,-125148.511306,-0.164281,-1.000000,0.031245,-0.195525,-1.031245,-0.727137,-3.835082,-0.419882,,-0.928381,-1.135059,-3.477537,False,2.976000
ALL__H10__S0__P6K5__E1_A9,ALL,10,S0,P6K5,E1_A9,E1,76471,15866,15781,0,461,0,60062,82,71,14,318,85,0,0,0,0,0,0,326,737,14718,0,0,0,0,0,142,0,3395,1706,488,2355,3321,0.207477,0.310423,80944.753420,-5626.735185,-0.159741,-1.000000,0.031245,-0.190986,-1.031245,-0.615244,-3.322063,-0.428032,,-0.937639,-1.010590,-4.103028,False,1.999000
ALL__H10__S0__P6K5__E2_B1,ALL,10,S0,P6K5,E2_B1,E2,76471,17357,17289,0,461,0,58571,82,53,15,423,68,521,0,0,0,0,0,591,1511,15187,0,0,0,0,0,0,0,3395,1706,488,2355,3314,0.226975,0.292335,101610.866878,79041.774922,-0.146409,-0.161124,0.031245,-0.177654,-0.192369,-0.607706,-0.658041,-0.424503,-0.402457,-0.904243,-0.939905,-3.901395,False,2.614000
ALL__H10__S0__P6K5__E2_B10,ALL,10,S0,P6K5,E2_B10,E2,76471,21281,21200,0,461,0,54647,82,68,13,524,81,552,0,0,0,0,0,1374,1834,17992,0,0,0,0,0,0,0,3395,1706,488,2355,3308,0.278289,0.351690,217667.486594,45821.458763,-0.100181,-0.192198,0.031245,-0.131426,-0.223443,-0.373698,-0.635340,-0.353241,-0.453636,-0.799489,-0.975397,-3.281685,False,3.021000
ALL__H10__S0__P6K5__E2_B11,ALL,10,S0,P6K5,E2_B11,E2,76471,15059,15019,0,461,0,60869,82,27,13,365,40,470,0,0,0,0,0,281,1280,13458,0,0,0,0,0,1157,0,3395,1706,488,2355,3332,0.196924,0.243776,63630.908688,-115671.980300,-0.173625,-1.000000,0.031245,-0.204870,-1.031245,-0.840402,-4.230295,-0.562770,,-0.940242,-1.124659,-3.643420,False,2.304000
ALL__H10__S0__P6K5__E2_B12,ALL,10,S0,P6K5,E2_B12,E2,76471,14807,14737,0,461,0,61121,82,56,14,392,70,471,0,0,0,0,0,193,1250,13294,0,0,0,0,0,1253,0,3395,1706,488,2355,3331,0.193629,0.244813,72464.913607,-101603.835558,-0.166154,-1.000000,0.031245,-0.197399,-1.031245,-0.806325,-4.212382,-0.528710,,-0.932551,-1.110909,-3.216610,False,3.106000
ALL__H10__S0__P6K5__E2_B13,ALL,10,S0,P6K5,E2_B13,E2,76471,16474,16434,0,461,0,59454,82,29,11,551,40,452,0,0,0,0,0,570,3035,12829,0,0,0,0,0,0,0,3395,1706,488,2355,3351,0.215428,0.224584,61454.846975,122914.079690,-0.175614,-0.135087,0.031245,-0.206858,-0.166332,-0.921073,-0.740621,-0.595184,-0.392484,-0.942733,-0.885317,-4.914727,False,2.290000
ALL__H10__S0__P6K5__E2_B14,ALL,10,S0,P6K5,E2_B14,E2,76471,18204,18139,0,461,0,57724,82,49,16,399,65,472,0,0,0,0,0,605,899,16635,0,0,0,0,0,0,0,3395,1706,488,2355,3326,0.238051,0.311022,128972.442063,75517.426403,-0.132201,-0.163769,0.031245,-0.163446,-0.195013,-0.525512,-0.627008,-0.238706,-0.249731,-0.898344,-0.938615,-4.660304,False,2.716000
ALL__H10__S0__P6K5__E2_B18,ALL,10,S0,P6K5,E2_B18,E2,76471,17567,17490,0,461,0,58361,82,59,18,445,77,540,0,0,0,0,0,596,1537,15357,0,0,0,0,0,0,0,3395,1706,488,2355,3315,0.229721,0.299545,113441.852649,96205.794612,-0.139876,-0.149633,0.031245,-0.171120,-0.180878,-0.571267,-0.603842,-0.478945,-0.428797,-0.893972,-0.930364,-4.326226,False,3.980000
ALL__H10__S0__P6K5__E2_B19,ALL,10,S0,P6K5,E2_B19,E2,76471,14762,14721,0,461,0,61166,82,27,14,378,41,486,0,0,0,0,0,199,1287,13235,0,0,0,0,0,1213,0,3395,1706,488,2355,3334,0.193040,0.241126,68399.223205,-101299.980468,-0.169481,-1.000000,0.031245,-0.200725,-1.031245,-0.832449,-4.276784,-0.672436,,-0.936011,-1.109826,-3.553330,False,3.506000
ALL__H10__S0__P6K5__E2_B2,ALL,10,S0,P6K5,E2_B2,E2,76471,17429,17352,0,461,0,58499,82,63,14,404,77,529,0,0,0,0,0,582,1502,15268,0,0,0,0,0,0,0,3395,1706,488,2355,3318,0.227916,0.290327,95700.879729,73287.163521,-0.149943,-0.165503,0.031245,-0.181188,-0.196747,-0.624080,-0.677673,-0.486514,-0.458068,-0.909898,-0.943624,-3.757613,False,3.868000
ALL__H10__S0__P6K5__E2_B20,ALL,10,S0,P6K5,E2_B20,E2,76471,17088,17025,0,461,0,58840,82,46,17,404,63,533,0,0,0,0,0,570,1451,15004,0,0,0,0,0,0,0,3395,1706,488,2355,3320,0.223457,0.287033,102720.185934,79513.575124,-0.145767,-0.160778,0.031245,-0.177012,-0.192023,-0.616694,-0.668991,-0.479880,-0.450760,-0.902487,-0.937597,-3.981310,False,2.535000
ALL__H10__S0__P6K5__E2_B3,ALL,10,S0,P6K5,E2_B3,E2,76471,17802,17721,0,461,0,58126,82,64,17,416,81,550,0,0,0,0,0,589,1565,15567,0,0,0,0,0,0,0,3395,1706,488,2355,3314,0.232794,0.306992,126939.722571,110156.248291,-0.133155,-0.141624,0.031245,-0.164400,-0.172869,-0.535519,-0.563105,-0.404079,-0.362981,-0.881669,-0.920675,-4.339517,False,2.611000
ALL__H10__S0__P6K5__E2_B4,ALL,10,S0,P6K5,E2_B4,E2,76471,17357,17289,0,461,0,58571,82,53,15,423,68,521,0,0,0,0,0,591,1511,15187,0,0,0,0,0,0,0,3395,1706,488,2355,3314,0.226975,0.292335,101610.866878,79041.774922,-0.146409,-0.161124,0.031245,-0.177654,-0.192369,-0.607706,-0.658041,-0.424503,-0.402457,-0.904243,-0.939905,-3.901395,False,3.715000
ALL__H10__S0__P6K5__E2_B5,ALL,10,S0,P6K5,E2_B5,E2,76471,17357,17289,0,461,0,58571,82,53,15,423,68,521,0,0,0,0,0,591,1511,15187,0,0,0,0,0,0,0,3395,1706,488,2355,3314,0.226975,0.292335,101610.866878,79041.774922,-0.146409,-0.161124,0.031245,-0.177654,-0.192369,-0.607706,-0.658041,-0.424503,-0.402457,-0.904243,-0.939905,-3.901395,False,2.517000
ALL__H10__S0__P6K5__E2_B6,ALL,10,S0,P6K5,E2_B6,E2,76471,17726,17634,0,461,0,58202,82,78,14,431,92,545,0,0,0,0,0,620,1524,15490,0,0,0,0,0,0,0,3395,1706,488,2355,3326,0.231800,0.269825,97268.775649,57757.220640,-0.148986,-0.179148,0.031245,-0.180231,-0.210392,-0.667954,-0.779735,-0.544724,-0.530984,-0.910666,-0.958198,-4.433045,False,2.419000
ALL__H10__S0__P6K5__E2_B7,ALL,10,S0,P6K5,E2_B7,E2,76471,17627,17539,0,461,0,58301,82,73,15,413,88,523,0,0,0,0,0,576,1494,15469,0,0,0,0,0,0,0,3395,1706,488,2355,3314,0.230506,0.288558,105379.868667,51424.473952,-0.144254,-0.185721,0.031245,-0.175499,-0.216965,-0.608191,-0.751894,-0.478267,-0.526498,-0.901817,-0.963173,-3.823708,False,3.828000
ALL__H10__S0__P6K5__E2_B8,ALL,10,S0,P6K5,E2_B8,E2,76471,16180,16120,0,461,0,59748,82,44,16,377,60,498,0,0,0,0,0,536,1289,14295,0,0,0,0,0,78,0,3395,1706,488,2355,3317,0.211583,0.254493,72134.370530,-1742.870476,-0.166418,-1.000000,0.031245,-0.197663,-1.031245,-0.776692,-4.052154,-0.643888,,-0.933000,-1.007103,-3.881339,False,2.247000
ALL__H10__S0__P6K5__E2_B9,ALL,10,S0,P6K5,E2_B9,E2,76471,18395,18326,0,461,0,57533,82,55,14,400,69,534,0,0,0,0,0,923,1496,15907,0,0,0,0,0,348,0,3395,1706,488,2355,3315,0.240549,0.299285,103775.751146,-24827.848894,-0.145163,-1.000000,0.031245,-0.176407,-1.031245,-0.589428,-3.445692,-0.529959,,-0.903338,-1.028476,-3.829370,False,2.631000
ALL__H10__S0__P6K5__E3,ALL,10,S0,P6K5,E3,E3,76471,18065,18019,0,461,0,57863,82,33,13,6876,46,0,0,0,0,0,0,0,0,11742,6277,0,0,0,0,442,0,3395,1706,488,2355,3325,0.236233,0.247861,56394.552290,-22970.523780,-0.180503,-1.000000,0.031245,-0.211748,-1.031245,-0.854301,-4.160577,-0.819393,,-0.947390,-1.023876,-6.728391,False,3.026000
ALL__H10__S0__P6K5__E4,ALL,10,S0,P6K5,E4,E4,76471,20844,23472,0,461,0,55084,82,41,16,3569,57,0,0,0,1488,0,0,0,0,19504,1283,2685,0,0,0,0,0,3395,1706,488,2355,3330,0.272574,0.340951,119326.814876,64767.228573,-0.136859,-0.172612,0.031245,-0.168103,-0.203857,-0.493042,-0.597906,-0.560498,-0.595696,-0.887958,-0.949159,2.742674,False,2.422000
ALL__H10__S0__P6K5__E5,ALL,10,S0,P6K5,E5,E5,76471,17441,17391,0,461,0,58487,82,37,13,5571,50,0,0,0,0,0,0,0,0,14472,0,0,2919,0,0,0,0,3395,1706,488,2355,3327,0.228073,0.264024,70620.342095,70797.207160,-0.167641,-0.167497,0.031245,-0.198886,-0.198742,-0.753287,-0.752741,-0.634368,-0.528179,-0.933412,-0.944911,-5.907030,False,2.119000
ALL__H10__S0__P6K5__E6,ALL,10,S0,P6K5,E6,E6,76471,25387,25368,0,461,0,50541,82,6,13,4648,19,0,0,0,0,0,0,0,0,7582,0,0,0,17786,0,0,0,3395,1706,488,2355,3346,0.331982,0.261587,44471.081933,15854.835320,-0.193869,-0.249422,0.031245,-0.225114,-0.280667,-0.860569,-1.072936,-0.780657,-0.851603,-0.957019,-0.986268,-8.102290,False,3.489000
ALL__H10__S0__P6K5__E7,ALL,10,S0,P6K5,E7,E7,76471,17482,17435,0,461,0,58446,82,31,16,3988,47,0,0,0,0,0,0,0,0,15448,0,0,0,0,1987,110,0,3395,1706,488,2355,3309,0.228610,0.395084,203150.339423,-7116.252611,-0.104471,-1.000000,0.031245,-0.135715,-1.031245,-0.343510,-2.610189,-0.333942,,-0.844110,-1.023937,-3.626697,False,2.360000
ALL__H10__S0__P6K7__E0,ALL,10,S0,P6K7,E0,E0,76471,12990,12972,0,461,0,62938,82,7,11,176,18,0,0,0,0,0,12972,0,0,0,0,0,0,0,0,0,0,3395,1706,488,2065,3279,0.169868,0.308675,65270.115082,44126.165517,-0.172169,-0.194304,0.031245,-0.203413,-0.225548,-0.658989,-0.730699,-0.679955,-0.631340,-0.937530,-0.960696,-1.623653,False,1.725000
ALL__H10__S0__P6K7__E1_A1,ALL,10,S0,P6K7,E1_A1,E1,76471,19915,19854,0,461,0,56013,82,49,12,510,61,0,0,0,0,0,0,1235,3595,15024,0,0,0,0,0,0,0,3395,1706,488,2065,3288,0.260426,0.260055,94954.620663,26120.402358,-0.150404,-0.223026,0.031245,-0.181648,-0.254271,-0.698499,-0.977757,-0.482133,-0.576387,-0.913229,-0.981541,-4.962075,False,2.268000
ALL__H10__S0__P6K7__E1_A10,ALL,10,S0,P6K7,E1_A10,E1,76471,14711,14699,0,461,0,61217,82,0,12,474,12,0,0,0,0,0,0,182,2673,11844,0,0,0,0,0,0,0,3395,1706,488,2065,3305,0.192374,0.212494,50809.033439,5151.508743,-0.186399,-0.305623,0.031245,-0.217644,-0.336867,-1.024233,-1.585299,-0.784504,-0.711251,-0.950034,-0.997086,-5.649743,False,1.824000
ALL__H10__S0__P6K7__E1_A11,ALL,10,S0,P6K7,E1_A11,E1,76471,15355,15271,0,461,0,60573,82,71,13,326,84,0,0,0,0,0,0,215,1357,13699,0,0,0,0,0,145,0,3395,1706,488,2065,3283,0.200795,0.277047,106292.304477,-9534.340022,-0.143743,-1.000000,0.031245,-0.174988,-1.031245,-0.631618,-3.722272,-0.305521,,-0.900619,-1.017866,-3.162941,False,1.879000
ALL__H10__S0__P6K7__E1_A12,ALL,10,S0,P6K7,E1_A12,E1,76471,16508,16410,0,461,0,59420,82,85,13,346,98,0,0,0,0,0,0,232,772,15406,0,0,0,0,0,0,0,3395,1706,488,2065,3258,0.215873,0.354378,160729.357176,58967.669352,-0.118875,-0.177968,0.031245,-0.150120,-0.209213,-0.423615,-0.590366,-0.435770,-0.517377,-0.861721,-0.957977,-2.788916,False,2.050000
ALL__H10__S0__P6K7__E1_A2,ALL,10,S0,P6K7,E1_A2,E1,76471,21440,21345,0,461,0,54488,82,80,15,461,95,0,0,0,0,0,0,1420,1800,18125,0,0,0,0,0,0,0,3395,1706,488,2065,3260,0.280368,0.362256,217434.131625,55015.592485,-0.100248,-0.181907,0.031245,-0.131493,-0.213151,-0.362983,-0.588399,-0.323949,-0.409199,-0.806508,-0.969409,-3.303589,False,2.516000
ALL__H10__S0__P6K7__E1_A3,ALL,10,S0,P6K7,E1_A3,E1,76471,23403,23365,0,461,0,52525,82,24,14,447,38,0,0,0,0,0,0,1566,1055,20744,0,0,0,0,0,0,0,3395,1706,488,2065,3253,0.306038,0.418997,251700.322146,131061.786352,-0.091086,-0.131235,0.031245,-0.122331,-0.162480,-0.291961,-0.387782,-0.232110,-0.268377,-0.818138,-0.910478,-3.157292,False,4.050000
ALL__H10__S0__P6K7__E1_A4,ALL,10,S0,P6K7,E1_A4,E1,76471,15386,15359,0,461,0,60542,82,15,12,523,27,0,0,0,0,0,0,509,2876,11974,0,0,0,0,0,0,0,3395,1706,488,2065,3315,0.201200,0.204167,51206.742972,58436.687673,-0.185960,-0.178483,0.031245,-0.217205,-0.209727,-1.063858,-1.027234,-0.537603,-0.454914,-0.950751,-0.944699,-5.534288,False,2.851000
ALL__H10__S0__P6K7__E1_A5,ALL,10,S0,P6K7,E1_A5,E1,76471,17781,17689,0,461,0,58147,82,76,16,413,92,0,0,0,0,0,0,631,1477,15581,0,0,0,0,0,0,0,3395,1706,488,2065,3266,0.232520,0.303424,122487.707484,62086.036638,-0.135295,-0.175030,0.031245,-0.166540,-0.206275,-0.548868,-0.679824,-0.511570,-0.532697,-0.887673,-0.957888,-3.788639,False,3.237000
ALL__H10__S0__P6K7__E1_A6,ALL,10,S0,P6K7,E1_A6,E1,76471,19046,18916,0,461,0,56882,82,114,16,415,130,0,0,0,0,0,0,701,835,17380,0,0,0,0,0,0,0,3395,1706,488,2065,3261,0.249062,0.351170,131457.628198,52865.924551,-0.131054,-0.184161,0.031245,-0.162298,-0.215406,-0.462165,-0.613394,-0.397168,-0.459738,-0.889532,-0.969148,-3.205250,False,2.299000
ALL__H10__S0__P6K7__E1_A7,ALL,10,S0,P6K7,E1_A7,E1,76471,15056,15040,0,461,0,60872,82,3,13,514,16,0,0,0,0,0,0,316,2782,11942,0,0,0,0,0,0,0,3395,1706,488,2065,3316,0.196885,0.209502,46805.265141,9920.407661,-0.191009,-0.273395,0.031245,-0.222254,-0.304640,-1.060870,-1.454117,-0.614437,-0.727273,-0.954880,-0.992610,-5.516211,False,2.789000
ALL__H10__S0__P6K7__E1_A8,ALL,10,S0,P6K7,E1_A8,E1,76471,15860,15779,0,461,0,60068,82,64,17,393,81,0,0,0,0,0,0,366,1346,14067,0,0,0,0,0,651,0,3395,1706,488,2065,3274,0.207399,0.265535,86729.338464,-55390.181258,-0.155716,-1.000000,0.031245,-0.186961,-1.031245,-0.704092,-3.883652,-0.655241,,-0.918723,-1.061595,-3.682284,False,2.032000
ALL__H10__S0__P6K7__E1_A9,ALL,10,S0,P6K7,E1_A9,E1,76471,16474,16354,0,461,0,59454,82,107,13,315,120,0,0,0,0,0,0,379,733,15242,0,0,0,0,0,0,0,3395,1706,488,2065,3262,0.215428,0.342973,156927.315584,58257.824409,-0.120334,-0.178657,0.031245,-0.151579,-0.209902,-0.441956,-0.612006,-0.344663,-0.390359,-0.856959,-0.958636,-2.020944,False,2.061000
ALL__H10__S0__P6K7__E2_B1,ALL,10,S0,P6K7,E2_B1,E2,76471,16588,16545,0,461,0,59340,82,26,17,393,43,529,0,0,0,0,0,565,1351,14629,0,0,0,0,0,178,0,3395,1706,488,2065,3277,0.216919,0.270649,60522.266660,-6483.791508,-0.176486,-1.000000,0.031245,-0.207730,-1.031245,-0.767528,-3.810270,-0.579092,,-0.943249,-1.010423,-3.627394,False,2.254000
ALL__H10__S0__P6K7__E2_B10,ALL,10,S0,P6K7,E2_B10,E2,76471,22556,22459,0,461,0,53372,82,82,15,485,97,585,0,0,0,0,0,1518,1845,19096,0,0,0,0,0,122,0,3395,1706,488,2065,3244,0.294961,0.390573,246364.119071,-21172.201268,-0.092434,-1.000000,0.031245,-0.123678,-1.031245,-0.316658,-2.640337,-0.323334,,-0.799827,-1.029806,-2.744261,False,3.070000
ALL__H10__S0__P6K7__E2_B11,ALL,10,S0,P6K7,E2_B11,E2,76471,15037,15003,0,461,0,60891,82,21,13,385,34,522,0,0,0,0,0,288,1285,13430,0,0,0,0,0,723,0,3395,1706,488,2065,3285,0.196637,0.255109,58392.202232,-74299.758863,-0.178526,-1.000000,0.031245,-0.209771,-1.031245,-0.822277,-4.042361,-0.784043,,-0.945132,-1.078836,-4.321979,False,2.339000
ALL__H10__S0__P6K7__E2_B12,ALL,10,S0,P6K7,E2_B12,E2,76471,14647,14576,0,461,0,61281,82,57,14,403,71,505,0,0,0,0,0,198,1271,13107,0,0,0,0,0,588,0,3395,1706,488,2065,3281,0.191537,0.257227,73743.133409,-69187.763296,-0.165144,-1.000000,0.031245,-0.196389,-1.031245,-0.763484,-4.009084,-0.678608,,-0.931079,-1.074192,-3.631382,False,2.654000
ALL__H10__S0__P6K7__E2_B13,ALL,10,S0,P6K7,E2_B13,E2,76471,16517,16470,0,461,0,59411,82,33,14,511,47,453,0,0,0,0,0,547,2995,12928,0,0,0,0,0,0,0,3395,1706,488,2065,3314,0.215990,0.225451,62010.317597,18325.594731,-0.175100,-0.241859,0.031245,-0.206344,-0.273103,-0.915251,-1.211363,-0.729640,-0.815352,-0.941333,-0.984806,-5.133517,False,3.243000
ALL__H10__S0__P6K7__E2_B14,ALL,10,S0,P6K7,E2_B14,E2,76471,19389,19256,0,461,0,56539,82,115,18,408,133,560,0,0,0,0,0,693,873,17690,0,0,0,0,0,0,0,3395,1706,488,2065,3264,0.253547,0.351414,165334.857072,79564.938385,-0.117150,-0.160741,0.031245,-0.148395,-0.191985,-0.422279,-0.546322,-0.333238,-0.383921,-0.855459,-0.946863,-3.683306,False,4.172000
ALL__H10__S0__P6K7__E2_B18,ALL,10,S0,P6K7,E2_B18,E2,76471,17624,17541,0,461,0,58304,82,68,15,420,83,533,0,0,0,0,0,622,1468,15451,0,0,0,0,0,0,0,3395,1706,488,2065,3268,0.230466,0.291604,112735.209882,58388.202070,-0.140248,-0.178530,0.031245,-0.171492,-0.209774,-0.588100,-0.719382,-0.510838,-0.533868,-0.894590,-0.959554,-3.731682,False,3.761000
ALL__H10__S0__P6K7__E2_B19,ALL,10,S0,P6K7,E2_B19,E2,76471,15939,15897,0,461,0,59989,82,28,14,391,42,520,0,0,0,0,0,223,1437,14237,0,0,0,0,0,525,0,3395,1706,488,2065,3285,0.208432,0.283448,87495.210383,-59838.227286,-0.155202,-1.000000,0.031245,-0.186447,-1.031245,-0.657781,-3.638213,-0.307293,,-0.918864,-1.063583,-3.999357,False,2.417000
ALL__H10__S0__P6K7__E2_B2,ALL,10,S0,P6K7,E2_B2,E2,76471,17104,17032,0,461,0,58824,82,55,17,387,72,528,0,0,0,0,0,585,1391,15056,0,0,0,0,0,0,0,3395,1706,488,2065,3282,0.223666,0.277462,90014.076118,16414.163691,-0.153541,-0.247618,0.031245,-0.184785,-0.278863,-0.665983,-1.005047,-0.461980,-0.560233,-0.915817,-0.991346,-3.595967,False,3.813000
ALL__H10__S0__P6K7__E2_B20,ALL,10,S0,P6K7,E2_B20,E2,76471,17950,17836,0,461,0,57978,82,99,15,409,114,536,0,0,0,0,0,611,1428,15797,0,0,0,0,0,328,0,3395,1706,488,2065,3273,0.234730,0.285606,99291.752248,-32690.592437,-0.147773,-1.000000,0.031245,-0.179017,-1.031245,-0.626796,-3.610720,-0.519722,,-0.906943,-1.038430,-3.642759,False,2.585000
ALL__H10__S0__P6K7__E2_B3,ALL,10,S0,P6K7,E2_B3,E2,76471,17558,17477,0,461,0,58370,82,66,15,393,81,532,0,0,0,0,0,615,1503,15359,0,0,0,0,0,0,0,3395,1706,488,2065,3268,0.229603,0.298562,120941.193341,63777.696128,-0.136055,-0.173493,0.031245,-0.167300,-0.204738,-0.560352,-0.685746,-0.511434,-0.529979,-0.887449,-0.955439,-4.065424,False,2.625000
ALL__H10__S0__P6K7__E2_B4,ALL,10,S0,P6K7,E2_B4,E2,76471,16588,16545,0,461,0,59340,82,26,17,393,43,529,0,0,0,0,0,565,1351,14629,0,0,0,0,0,178,0,3395,1706,488,2065,3277,0.216919,0.270649,60522.266660,-6483.791508,-0.176486,-1.000000,0.031245,-0.207730,-1.031245,-0.767528,-3.810270,-0.579092,,-0.943249,-1.010423,-3.627394,False,3.811000
ALL__H10__S0__P6K7__E2_B5,ALL,10,S0,P6K7,E2_B5,E2,76471,16588,16545,0,461,0,59340,82,26,17,393,43,529,0,0,0,0,0,565,1351,14629,0,0,0,0,0,178,0,3395,1706,488,2065,3277,0.216919,0.270649,60522.266660,-6483.791508,-0.176486,-1.000000,0.031245,-0.207730,-1.031245,-0.767528,-3.810270,-0.579092,,-0.943249,-1.010423,-3.627394,False,3.689000
ALL__H10__S0__P6K7__E2_B6,ALL,10,S0,P6K7,E2_B6,E2,76471,17544,17455,0,461,0,58384,82,70,19,413,89,518,0,0,0,0,0,595,1450,15410,0,0,0,0,0,0,0,3395,1706,488,2065,3281,0.229420,0.286104,114398.013870,51323.062948,-0.139376,-0.185832,0.031245,-0.170620,-0.217077,-0.596357,-0.758733,-0.371566,-0.419379,-0.892718,-0.959203,-3.669663,False,3.876000
ALL__H10__S0__P6K7__E2_B7,ALL,10,S0,P6K7,E2_B7,E2,76471,17320,17235,0,461,0,58608,82,67,18,390,85,519,0,0,0,0,0,569,1429,15237,0,0,0,0,0,0,0,3395,1706,488,2065,3278,0.226491,0.283431,101790.353729,29937.732555,-0.146305,-0.215654,0.031245,-0.177549,-0.246899,-0.626428,-0.871106,-0.408471,-0.495488,-0.904383,-0.979219,-3.821703,False,2.855000
ALL__H10__S0__P6K7__E2_B8,ALL,10,S0,P6K7,E2_B8,E2,76471,16563,16511,0,461,0,59365,82,37,15,381,52,520,0,0,0,0,0,530,1309,14672,0,0,0,0,0,555,0,3395,1706,488,2065,3277,0.216592,0.270916,68663.810214,-46680.170082,-0.169259,-1.000000,0.031245,-0.200503,-1.031245,-0.740095,-3.806515,-0.634240,,-0.935833,-1.048779,-3.688817,False,2.424000
ALL__H10__S0__P6K7__E2_B9,ALL,10,S0,P6K7,E2_B9,E2,76471,18960,18851,0,461,0,56968,82,97,12,381,109,551,0,0,0,0,0,989,1499,16363,0,0,0,0,0,544,0,3395,1706,488,2065,3257,0.247937,0.317265,127398.004552,-69924.265821,-0.132939,-1.000000,0.031245,-0.164183,-1.031245,-0.517496,-3.250417,-0.535726,,-0.882101,-1.072898,-3.587905,False,2.619000
ALL__H10__S0__P6K7__E3,ALL,10,S0,P6K7,E3,E3,76471,16225,16186,0,461,0,59703,82,28,11,6857,39,0,0,0,0,0,0,0,0,10590,5596,0,0,0,0,402,0,3395,1706,488,2065,3301,0.212172,0.214399,43793.650683,-17619.969602,-0.194726,-1.000000,0.031245,-0.225970,-1.031245,-1.053972,-4.809938,-0.938546,,-0.958501,-1.021024,-6.633698,False,2.742000
ALL__H10__S0__P6K7__E4,ALL,10,S0,P6K7,E4,E4,76471,21137,23794,0,461,0,54791,82,71,17,3584,88,0,0,0,1492,0,0,0,0,19725,1324,2745,0,0,0,0,0,3395,1706,488,2065,3295,0.276405,0.335948,147019.282083,27278.336140,-0.124297,-0.220690,0.031245,-0.155542,-0.251934,-0.462994,-0.749920,-0.511652,-0.657053,-0.858650,-0.981464,3.183612,False,1.697000
ALL__H10__S0__P6K7__E5,ALL,10,S0,P6K7,E5,E5,76471,16062,16018,0,461,0,59866,82,32,12,4436,44,0,0,0,0,0,0,0,0,13218,0,0,2800,0,0,0,0,3395,1706,488,2065,3305,0.210040,0.236878,62093.895698,19115.168559,-0.175023,-0.239641,0.031245,-0.206268,-0.270886,-0.870774,-1.143565,-0.730394,-0.772099,-0.941338,-0.985266,-6.155464,False,1.926000
ALL__H10__S0__P6K7__E6,ALL,10,S0,P6K7,E6,E6,76471,28521,28491,0,461,0,47407,82,14,16,5765,30,0,0,0,0,0,0,0,0,8567,0,0,0,19924,0,0,0,3395,1706,488,2065,3293,0.372965,0.298663,85548.414412,32090.274203,-0.156517,-0.211875,0.031245,-0.187762,-0.243120,-0.628674,-0.814026,-0.451504,-0.527127,-0.928021,-0.974172,-6.591150,False,3.659000
ALL__H10__S0__P6K7__E7,ALL,10,S0,P6K7,E7,E7,76471,19558,19469,0,461,0,56370,82,72,17,4086,89,0,0,0,0,0,0,0,0,17392,0,0,0,0,2077,59,0,3395,1706,488,2065,3235,0.255757,0.476107,327228.963390,54.661639,-0.074422,-0.493107,0.031245,-0.105667,-0.524351,-0.221940,-1.101331,-0.197582,,-0.772173,-1.019177,-2.522326,False,3.660000
ALL__H20__S0__P6K3__E0,ALL,20,S0,P6K3,E0,E0,76471,11743,11709,0,461,0,64185,82,18,16,235,34,0,0,0,0,0,11709,0,0,0,0,0,0,0,0,0,0,3395,1706,488,2693,3386,0.153561,0.555320,400058.791959,395244.887804,-0.061456,-0.062242,0.031245,-0.092700,-0.093487,-0.166931,-0.168347,-0.047510,-0.040039,-0.774137,-0.804428,1.409222,False,2.560000
ALL__H20__S0__P6K3__E1_A1,ALL,20,S0,P6K3,E1_A1,E1,76471,23398,23302,0,461,0,52530,82,82,14,916,96,0,0,0,0,0,0,3346,7455,12501,0,0,0,0,0,0,0,3395,1706,488,2693,3373,0.305972,0.452414,173312.376143,76468.309216,-0.114265,-0.163044,0.031245,-0.145510,-0.194289,-0.321630,-0.429449,-0.201839,-0.280011,-0.895561,-0.956774,-2.424750,False,3.974000
ALL__H20__S0__P6K3__E1_A10,ALL,20,S0,P6K3,E1_A10,E1,76471,19047,18960,0,461,0,56881,82,72,15,863,87,0,0,0,0,0,0,885,6210,11865,0,0,0,0,0,0,0,3395,1706,488,2693,3375,0.249075,0.414317,137945.216604,207506.111197,-0.128151,-0.103155,0.031245,-0.159396,-0.134399,-0.384719,-0.324388,-0.452999,-0.313320,-0.890941,-0.871780,-2.314211,False,4.863000
ALL__H20__S0__P6K3__E1_A11,ALL,20,S0,P6K3,E1_A11,E1,76471,14628,14573,0,461,0,61300,82,37,18,613,55,0,0,0,0,0,0,626,2743,11204,0,0,0,0,0,0,0,3395,1706,488,2693,3387,0.191288,0.322928,126147.757682,139282.213900,-0.133531,-0.127569,0.031245,-0.164775,-0.158813,-0.510254,-0.491792,-0.534518,-0.449881,-0.889716,-0.894693,-2.012501,False,2.249000
ALL__H20__S0__P6K3__E1_A12,ALL,20,S0,P6K3,E1_A12,E1,76471,13920,13861,0,461,0,62008,82,37,22,498,59,0,0,0,0,0,0,645,1623,11593,0,0,0,0,0,0,0,3395,1706,488,2693,3376,0.182030,0.386608,142175.428207,134450.139508,-0.126326,-0.129699,0.031245,-0.157571,-0.160943,-0.407572,-0.416295,-0.520333,-0.480708,-0.902842,-0.914581,-1.578846,False,2.811000
ALL__H20__S0__P6K3__E1_A2,ALL,20,S0,P6K3,E1_A2,E1,76471,19024,18916,0,461,0,56904,82,90,18,667,108,0,0,0,0,0,0,2778,3475,12663,0,0,0,0,0,0,0,3395,1706,488,2693,3379,0.248774,0.362765,178490.141269,78284.225713,-0.112458,-0.161683,0.031245,-0.143703,-0.192928,-0.396133,-0.531826,-0.300435,-0.359453,-0.864269,-0.955039,-2.218417,False,5.258000
ALL__H20__S0__P6K3__E1_A3,ALL,20,S0,P6K3,E1_A3,E1,76471,18506,18408,0,461,0,57422,82,79,19,556,98,0,0,0,0,0,0,2834,1945,13629,0,0,0,0,0,0,0,3395,1706,488,2693,3380,0.242000,0.397537,194877.096816,46609.703710,-0.107045,-0.191244,0.031245,-0.138289,-0.222488,-0.347865,-0.559667,-0.337111,-0.452470,-0.863952,-0.981897,-1.326636,False,5.074000
ALL__H20__S0__P6K3__E1_A4,ALL,20,S0,P6K3,E1_A4,E1,76471,22273,22146,0,461,0,53655,82,111,16,931,127,0,0,0,0,0,0,2137,7365,12644,0,0,0,0,0,0,0,3395,1706,488,2693,3374,0.291261,0.463034,187956.860284,152357.668031,-0.109277,-0.122132,0.031245,-0.140522,-0.153377,-0.303481,-0.331243,-0.265992,-0.265394,-0.872665,-0.908711,-2.354754,False,3.608000
ALL__H20__S0__P6K3__E1_A5,ALL,20,S0,P6K3,E1_A5,E1,76471,16733,16636,0,461,0,59195,82,80,17,648,97,0,0,0,0,0,0,1556,3087,11993,0,0,0,0,0,0,0,3395,1706,488,2693,3375,0.218815,0.349897,150475.421961,172315.816290,-0.122887,-0.114619,0.031245,-0.154132,-0.145864,-0.440506,-0.416875,-0.390154,-0.310309,-0.890157,-0.893942,-2.085989,False,4.638000
ALL__H20__S0__P6K3__E1_A6,ALL,20,S0,P6K3,E1_A6,E1,76471,16921,16826,0,461,0,59007,82,73,22,479,95,0,0,0,0,0,0,1681,1765,13380,0,0,0,0,0,0,0,3395,1706,488,2693,3381,0.221273,0.367986,170915.683496,110408.285281,-0.115119,-0.141488,0.031245,-0.146363,-0.172733,-0.397742,-0.469400,-0.379048,-0.422245,-0.865097,-0.924936,-1.265196,False,3.406000
ALL__H20__S0__P6K3__E1_A7,ALL,20,S0,P6K3,E1_A7,E1,76471,20580,20460,0,461,0,55348,82,105,15,918,120,0,0,0,0,0,0,1379,6728,12353,0,0,0,0,0,0,0,3395,1706,488,2693,3375,0.269122,0.436004,142922.610444,137815.561913,-0.126009,-0.128208,0.031245,-0.157253,-0.159452,-0.360670,-0.365713,-0.330698,-0.305797,-0.898827,-0.916260,-2.067392,False,5.298000
ALL__H20__S0__P6K3__E1_A8,ALL,20,S0,P6K3,E1_A8,E1,76471,17025,16915,0,461,0,58903,82,93,17,614,110,0,0,0,0,0,0,1117,3122,12676,0,0,0,0,0,0,0,3395,1706,488,2693,3388,0.222633,0.362559,159552.371748,57262.679579,-0.119324,-0.179636,0.031245,-0.150568,-0.210881,-0.415292,-0.581645,-0.412724,-0.531120,-0.873508,-0.965963,-1.374534,False,2.853000
ALL__H20__S0__P6K3__E1_A9,ALL,20,S0,P6K3,E1_A9,E1,76471,17663,17577,0,461,0,58265,82,64,22,619,86,0,0,0,0,0,0,1267,1971,14339,0,0,0,0,0,0,0,3395,1706,488,2693,3374,0.230976,0.441828,195098.135588,80368.973765,-0.106975,-0.160156,0.031245,-0.138219,-0.191401,-0.312835,-0.433202,-0.334202,-0.443310,-0.888457,-0.964084,-0.897666,False,5.161000
ALL__H20__S0__P6K3__E2_B1,ALL,20,S0,P6K3,E2_B1,E2,76471,17029,16917,0,461,0,58899,82,94,18,628,112,913,0,0,0,0,0,1591,3105,12221,0,0,0,0,0,0,0,3395,1706,488,2693,3377,0.222686,0.350254,160051.625944,124181.019965,-0.119133,-0.134473,0.031245,-0.150378,-0.165717,-0.429339,-0.473134,-0.357069,-0.355363,-0.883027,-0.922338,-1.912366,False,3.441000
ALL__H20__S0__P6K3__E2_B10,ALL,20,S0,P6K3,E2_B10,E2,76471,20379,20254,0,461,0,55549,82,106,19,717,125,926,0,0,0,0,0,3037,3719,13498,0,0,0,0,0,0,0,3395,1706,488,2693,3378,0.266493,0.396003,228362.544551,154618.901096,-0.097188,-0.121236,0.031245,-0.128433,-0.152481,-0.324323,-0.385050,-0.220031,-0.231176,-0.824102,-0.901504,-1.698756,False,7.130000
ALL__H20__S0__P6K3__E2_B11,ALL,20,S0,P6K3,E2_B11,E2,76471,15781,15704,0,461,0,60147,82,60,17,585,77,877,0,0,0,0,0,993,2929,11782,0,0,0,0,0,0,0,3395,1706,488,2693,3384,0.206366,0.341377,108890.931093,86298.084783,-0.142310,-0.156008,0.031245,-0.173555,-0.187252,-0.508396,-0.548520,-0.517474,-0.506498,-0.913468,-0.940461,-1.982195,False,4.186000
ALL__H20__S0__P6K3__E2_B12,ALL,20,S0,P6K3,E2_B12,E2,76471,14057,14014,0,461,0,61871,82,27,16,602,43,899,0,0,0,0,0,553,2619,10842,0,0,0,0,0,0,0,3395,1706,488,2693,3384,0.183821,0.327240,108289.412488,61345.428300,-0.142639,-0.175715,0.031245,-0.173884,-0.206960,-0.531365,-0.632441,-0.555160,-0.621765,-0.913650,-0.957846,-2.792617,False,4.752000
ALL__H20__S0__P6K3__E2_B13,ALL,20,S0,P6K3,E2_B13,E2,76471,21941,21812,0,461,0,53987,82,114,15,844,129,943,0,0,0,0,0,2069,7187,12556,0,0,0,0,0,0,0,3395,1706,488,2693,3375,0.286919,0.451194,183733.109533,145779.000748,-0.110678,-0.124811,0.031245,-0.141922,-0.156055,-0.314548,-0.345872,-0.250828,-0.253703,-0.878309,-0.907282,-2.225523,False,4.775000
ALL__H20__S0__P6K3__E2_B14,ALL,20,S0,P6K3,E2_B14,E2,76471,19739,19627,0,461,0,56189,82,90,22,592,112,939,0,0,0,0,0,2014,2150,15463,0,0,0,0,0,0,0,3395,1706,488,2693,3380,0.258124,0.432204,240596.155980,200401.299806,-0.093921,-0.105315,0.031245,-0.125165,-0.136560,-0.289598,-0.315962,-0.312158,-0.309617,-0.826401,-0.866409,-1.128389,False,6.370000
ALL__H20__S0__P6K3__E2_B18,ALL,20,S0,P6K3,E2_B18,E2,76471,16850,16758,0,461,0,59078,82,74,18,624,92,905,0,0,0,0,0,1578,3136,12044,0,0,0,0,0,0,0,3395,1706,488,2693,3372,0.220345,0.354416,159875.792746,104641.214569,-0.119200,-0.144671,0.031245,-0.150445,-0.175915,-0.424486,-0.496353,-0.368492,-0.393787,-0.887271,-0.938509,-2.246598,False,6.137000
ALL__H20__S0__P6K3__E2_B19,ALL,20,S0,P6K3,E2_B19,E2,76471,15530,15449,0,461,0,60398,82,65,16,627,81,942,0,0,0,0,0,668,2835,11946,0,0,0,0,0,0,0,3395,1706,488,2693,3387,0.203084,0.329114,119599.888194,54261.486167,-0.136722,-0.182688,0.031245,-0.167967,-0.213933,-0.510360,-0.650025,-0.505438,-0.596050,-0.898316,-0.962191,-2.166217,False,4.692000
ALL__H20__S0__P6K3__E2_B2,ALL,20,S0,P6K3,E2_B2,E2,76471,15995,15914,0,461,0,59933,82,64,17,621,81,914,0,0,0,0,0,1432,2955,11527,0,0,0,0,0,0,0,3395,1706,488,2693,3376,0.209164,0.333571,131572.220357,117921.113518,-0.131001,-0.137567,0.031245,-0.162246,-0.168811,-0.486391,-0.506072,-0.442809,-0.407081,-0.898647,-0.921444,-2.303515,False,5.835000
ALL__H20__S0__P6K3__E2_B20,ALL,20,S0,P6K3,E2_B20,E2,76471,17618,17488,0,461,0,58310,82,110,20,656,130,915,0,0,0,0,0,1730,3243,12515,0,0,0,0,0,0,0,3395,1706,488,2693,3377,0.230388,0.373138,200136.301728,129477.831250,-0.105397,-0.131966,0.031245,-0.136642,-0.163211,-0.366197,-0.437401,-0.322197,-0.345441,-0.845488,-0.914906,-1.285654,False,3.951000
ALL__H20__S0__P6K3__E2_B3,ALL,20,S0,P6K3,E2_B3,E2,76471,17135,17038,0,461,0,58793,82,78,19,632,97,905,0,0,0,0,0,1642,3188,12208,0,0,0,0,0,0,0,3395,1706,488,2693,3372,0.224072,0.356991,158638.201664,142890.639766,-0.119674,-0.126022,0.031245,-0.150918,-0.157267,-0.422752,-0.440535,-0.383792,-0.349107,-0.889301,-0.913607,-2.046638,False,6.265000
ALL__H20__S0__P6K3__E2_B4,ALL,20,S0,P6K3,E2_B4,E2,76471,17029,16917,0,461,0,58899,82,94,18,628,112,913,0,0,0,0,0,1591,3105,12221,0,0,0,0,0,0,0,3395,1706,488,2693,3377,0.222686,0.350254,160051.625944,124181.019965,-0.119133,-0.134473,0.031245,-0.150378,-0.165717,-0.429339,-0.473134,-0.357069,-0.355363,-0.883027,-0.922338,-1.912366,False,4.129000
ALL__H20__S0__P6K3__E2_B5,ALL,20,S0,P6K3,E2_B5,E2,76471,17029,16917,0,461,0,58899,82,94,18,628,112,913,0,0,0,0,0,1591,3105,12221,0,0,0,0,0,0,0,3395,1706,488,2693,3377,0.222686,0.350254,160051.625944,124181.019965,-0.119133,-0.134473,0.031245,-0.150378,-0.165717,-0.429339,-0.473134,-0.357069,-0.355363,-0.883027,-0.922338,-1.912366,False,6.114000
ALL__H20__S0__P6K3__E2_B6,ALL,20,S0,P6K3,E2_B6,E2,76471,18322,18181,0,461,0,57606,82,121,20,634,141,924,0,0,0,0,0,1789,3333,13059,0,0,0,0,0,0,0,3395,1706,488,2693,3377,0.239594,0.387846,221357.967347,140133.934360,-0.099134,-0.127200,0.031245,-0.130378,-0.158445,-0.336159,-0.408525,-0.298135,-0.329153,-0.835471,-0.912798,-1.299258,False,3.150000
ALL__H20__S0__P6K3__E2_B7,ALL,20,S0,P6K3,E2_B7,E2,76471,15860,15773,0,461,0,60068,82,69,18,618,87,916,0,0,0,0,0,1418,2947,11408,0,0,0,0,0,0,0,3395,1706,488,2693,3376,0.207399,0.332740,126628.630916,62824.783305,-0.133302,-0.174354,0.031245,-0.164547,-0.205599,-0.494522,-0.617897,-0.428498,-0.491850,-0.904213,-0.961096,-2.492340,False,3.777000
ALL__H20__S0__P6K3__E2_B8,ALL,20,S0,P6K3,E2_B8,E2,76471,16424,16327,0,461,0,59504,82,79,18,616,97,917,0,0,0,0,0,1487,2997,11843,0,0,0,0,0,0,0,3395,1706,488,2693,3378,0.214774,0.346094,137268.218378,114247.085787,-0.128448,-0.139454,0.031245,-0.159693,-0.170699,-0.461414,-0.493216,-0.436219,-0.415721,-0.900052,-0.928499,-2.319598,False,3.872000
ALL__H20__S0__P6K3__E2_B9,ALL,20,S0,P6K3,E2_B9,E2,76471,18184,18074,0,461,0,57744,82,97,13,625,110,936,0,0,0,0,0,2307,3345,12422,0,0,0,0,0,0,0,3395,1706,488,2693,3372,0.237789,0.359886,173607.152063,141421.010363,-0.114161,-0.126648,0.031245,-0.145406,-0.157892,-0.404033,-0.438729,-0.342702,-0.329778,-0.875600,-0.913969,-2.624445,False,4.198000
ALL__H20__S0__P6K3__E3,ALL,20,S0,P6K3,E3,E3,76471,17187,17132,0,461,0,58741,82,39,16,7567,55,0,0,0,0,0,0,0,0,5752,11380,0,0,0,0,0,0,3395,1706,488,2693,3379,0.224752,0.267279,70674.156620,6894.907578,-0.167597,-0.291468,0.031245,-0.198842,-0.322712,-0.743949,-1.207399,-0.698963,-0.323017,-0.934580,-0.999337,-6.007536,False,2.531000
ALL__H20__S0__P6K3__E4,ALL,20,S0,P6K3,E4,E4,76471,22324,26627,0,461,0,53604,82,76,33,5023,109,0,0,0,3412,0,0,0,0,17847,4368,4412,0,0,0,0,0,3395,1706,488,2693,3381,0.291928,0.468683,249522.957982,346396.584516,-0.091633,-0.070768,0.031245,-0.122877,-0.102012,-0.262176,-0.217657,-0.299054,-0.185305,-0.818145,-0.795248,5.367037,False,3.907000
ALL__H20__S0__P6K3__E5,ALL,20,S0,P6K3,E5,E5,76471,19494,19371,0,461,0,56434,82,104,19,7527,123,0,0,0,0,0,0,0,0,12184,0,0,7187,0,0,0,0,3395,1706,488,2693,3384,0.254920,0.374276,178279.249938,229293.008287,-0.112531,-0.096934,0.031245,-0.143776,-0.128179,-0.384143,-0.342471,-0.418959,-0.312979,-0.832319,-0.811345,-2.604177,False,3.084000
ALL__H20__S0__P6K3__E6,ALL,20,S0,P6K3,E6,E6,76471,17407,17339,0,461,0,58521,82,52,16,5168,68,0,0,0,0,0,0,0,0,5175,0,0,0,12164,0,0,0,3395,1706,488,2693,3373,0.227629,0.370393,75556.918466,32285.657952,-0.163739,-0.211544,0.031245,-0.194983,-0.242788,-0.526422,-0.655488,-0.642121,-0.679759,-0.948865,-0.981095,-1.852387,False,2.169000
ALL__H20__S0__P6K3__E7,ALL,20,S0,P6K3,E7,E7,76471,23775,23623,0,461,0,52153,82,127,25,7901,152,0,0,0,0,0,0,0,0,14652,0,0,0,0,8971,0,0,3395,1706,488,2693,3377,0.310902,0.635372,344150.180722,528382.200490,-0.071186,-0.043204,0.031245,-0.102431,-0.074448,-0.161214,-0.117173,-0.171648,-0.055200,-0.777783,-0.705672,-0.756309,False,4.621000
ALL__H20__S0__P6K5__E0,ALL,20,S0,P6K5,E0,E0,76471,11993,11960,0,461,0,63935,82,18,15,235,33,0,0,0,0,0,11960,0,0,0,0,0,0,0,0,0,0,3395,1706,488,2355,3346,0.156831,0.648012,444885.061729,413166.959342,-0.054530,-0.059359,0.031245,-0.085774,-0.090603,-0.132365,-0.139817,-0.037154,-0.040032,-0.778277,-0.814512,1.540050,False,2.600000
ALL__H20__S0__P6K5__E1_A1,ALL,20,S0,P6K5,E1_A1,E1,76471,25848,25735,0,461,0,50080,82,99,14,980,113,0,0,0,0,0,0,3722,8095,13918,0,0,0,0,0,0,0,3395,1706,488,2355,3345,0.338010,0.515388,241145.685347,147654.546359,-0.093778,-0.124036,0.031245,-0.125022,-0.155280,-0.242579,-0.301288,-0.150303,-0.190079,-0.869288,-0.921041,-1.866511,False,4.348000
ALL__H20__S0__P6K5__E1_A10,ALL,20,S0,P6K5,E1_A10,E1,76471,19739,19638,0,461,0,56189,82,85,16,889,101,0,0,0,0,0,0,906,6507,12225,0,0,0,0,0,0,0,3395,1706,488,2355,3349,0.258124,0.434141,156921.096037,192173.797930,-0.120337,-0.107908,0.031245,-0.151581,-0.139153,-0.349153,-0.320524,-0.421248,-0.324852,-0.887141,-0.888547,-2.302968,False,3.400000
ALL__H20__S0__P6K5__E1_A11,ALL,20,S0,P6K5,E1_A11,E1,76471,14777,14706,0,461,0,61151,82,53,18,620,71,0,0,0,0,0,0,618,2796,11292,0,0,0,0,0,0,0,3395,1706,488,2355,3362,0.193237,0.323729,115006.731388,124823.722474,-0.139059,-0.134163,0.031245,-0.170304,-0.165408,-0.526070,-0.510946,-0.576217,-0.482327,-0.907249,-0.916512,-2.853852,False,2.785000
ALL__H20__S0__P6K5__E1_A12,ALL,20,S0,P6K5,E1_A12,E1,76471,15691,15619,0,461,0,60237,82,49,23,579,72,0,0,0,0,0,0,771,1747,13101,0,0,0,0,0,0,0,3395,1706,488,2355,3352,0.205189,0.420571,149757.311453,77071.569636,-0.123178,-0.162589,0.031245,-0.154422,-0.193833,-0.367174,-0.460881,-0.495238,-0.582666,-0.912946,-0.959319,-1.028958,False,3.017000
ALL__H20__S0__P6K5__E1_A2,ALL,20,S0,P6K5,E1_A2,E1,76471,19981,19864,0,461,0,55947,82,99,18,731,117,0,0,0,0,0,0,2971,3668,13225,0,0,0,0,0,0,0,3395,1706,488,2355,3362,0.261289,0.384749,217415.162053,172079.883195,-0.100254,-0.114703,0.031245,-0.131498,-0.145948,-0.341777,-0.379332,-0.305045,-0.293988,-0.835448,-0.894992,-1.853095,False,3.631000
ALL__H20__S0__P6K5__E1_A3,ALL,20,S0,P6K5,E1_A3,E1,76471,19484,19381,0,461,0,56444,82,83,20,590,103,0,0,0,0,0,0,2993,2088,14300,0,0,0,0,0,0,0,3395,1706,488,2355,3362,0.254789,0.399392,183722.163165,61872.384189,-0.110681,-0.175227,0.031245,-0.141926,-0.206472,-0.355355,-0.516964,-0.388344,-0.516327,-0.861624,-0.966336,-1.559612,False,3.654000
ALL__H20__S0__P6K5__E1_A4,ALL,20,S0,P6K5,E1_A4,E1,76471,22963,22831,0,461,0,52965,82,116,16,972,132,0,0,0,0,0,0,2216,7590,13025,0,0,0,0,0,0,0,3395,1706,488,2355,3336,0.300284,0.495076,196761.963697,141449.964023,-0.106450,-0.126635,0.031245,-0.137694,-0.157880,-0.278127,-0.318900,-0.268784,-0.285259,-0.875807,-0.928532,-2.282882,False,3.932000
ALL__H20__S0__P6K5__E1_A5,ALL,20,S0,P6K5,E1_A5,E1,76471,17938,17815,0,461,0,57990,82,105,18,600,123,0,0,0,0,0,0,1737,3258,12820,0,0,0,0,0,0,0,3395,1706,488,2355,3358,0.234573,0.370016,181576.601376,161324.254154,-0.111404,-0.118650,0.031245,-0.142649,-0.149894,-0.385521,-0.405102,-0.376001,-0.340473,-0.867140,-0.899345,-1.333872,False,4.705000
ALL__H20__S0__P6K5__E1_A6,ALL,20,S0,P6K5,E1_A6,E1,76471,18984,18852,0,461,0,56944,82,109,23,606,132,0,0,0,0,0,0,1984,2084,14784,0,0,0,0,0,0,0,3395,1706,488,2355,3353,0.248251,0.440630,242698.427595,75628.124104,-0.093375,-0.163684,0.031245,-0.124619,-0.194929,-0.282821,-0.442386,-0.309576,-0.463366,-0.840171,-0.964127,-0.970590,False,2.504000
ALL__H20__S0__P6K5__E1_A7,ALL,20,S0,P6K5,E1_A7,E1,76471,20543,20428,0,461,0,55385,82,99,16,945,115,0,0,0,0,0,0,1350,6727,12351,0,0,0,0,0,0,0,3395,1706,488,2355,3353,0.268638,0.440664,134635.712427,108126.303142,-0.129616,-0.142729,0.031245,-0.160860,-0.173973,-0.365040,-0.394798,-0.382289,-0.378304,-0.910274,-0.942595,-2.320115,False,3.536000
ALL__H20__S0__P6K5__E1_A8,ALL,20,S0,P6K5,E1_A8,E1,76471,16972,16890,0,461,0,58956,82,63,19,647,82,0,0,0,0,0,0,1124,3157,12609,0,0,0,0,0,0,0,3395,1706,488,2355,3360,0.221940,0.358569,142412.018690,93334.251248,-0.126225,-0.151415,0.031245,-0.157470,-0.182660,-0.439162,-0.509413,-0.493410,-0.513350,-0.894536,-0.941605,-1.675768,False,3.012000
ALL__H20__S0__P6K5__E1_A9,ALL,20,S0,P6K5,E1_A9,E1,76471,18703,18608,0,461,0,57225,82,73,22,625,95,0,0,0,0,0,0,1375,2035,15198,0,0,0,0,0,0,0,3395,1706,488,2355,3348,0.244576,0.454571,210529.034824,79379.208495,-0.102256,-0.160877,0.031245,-0.133501,-0.192121,-0.293686,-0.422643,-0.343100,-0.463852,-0.880573,-0.968003,-0.587188,False,5.340000
ALL__H20__S0__P6K5__E2_B1,ALL,20,S0,P6K5,E2_B1,E2,76471,17119,17028,0,461,0,58809,82,74,17,636,91,930,0,0,0,0,0,1603,3157,12268,0,0,0,0,0,0,0,3395,1706,488,2355,3358,0.223863,0.349336,143749.612316,109699.781180,-0.125660,-0.141871,0.031245,-0.156904,-0.173115,-0.449150,-0.495555,-0.459696,-0.444028,-0.895939,-0.932597,-2.122904,False,4.736000
ALL__H20__S0__P6K5__E2_B10,ALL,20,S0,P6K5,E2_B10,E2,76471,21208,21085,0,461,0,54720,82,103,20,748,123,1033,0,0,0,0,0,3145,3823,14117,0,0,0,0,0,0,0,3395,1706,488,2355,3363,0.277334,0.404411,228228.665626,220037.460011,-0.097225,-0.099507,0.031245,-0.128470,-0.130751,-0.317671,-0.323313,-0.244422,-0.210793,-0.825966,-0.863855,-1.443238,False,7.433000
ALL__H20__S0__P6K5__E2_B11,ALL,20,S0,P6K5,E2_B11,E2,76471,17417,17306,0,461,0,58511,82,93,18,628,111,922,0,0,0,0,0,1149,3217,12940,0,0,0,0,0,0,0,3395,1706,488,2355,3359,0.227760,0.372808,147202.318584,98682.712549,-0.124222,-0.148135,0.031245,-0.155466,-0.179380,-0.417015,-0.481159,-0.458034,-0.473079,-0.904919,-0.945416,-1.669437,False,4.474000
ALL__H20__S0__P6K5__E2_B12,ALL,20,S0,P6K5,E2_B12,E2,76471,14682,14617,0,461,0,61246,82,49,16,605,65,907,0,0,0,0,0,589,2731,11297,0,0,0,0,0,0,0,3395,1706,488,2355,3360,0.191994,0.332829,105997.434067,82178.740473,-0.143908,-0.158861,0.031245,-0.175153,-0.190105,-0.526254,-0.571180,-0.582613,-0.564405,-0.921185,-0.947445,-2.515032,False,2.760000
ALL__H20__S0__P6K5__E2_B13,ALL,20,S0,P6K5,E2_B13,E2,76471,23659,23531,0,461,0,52269,82,112,16,938,128,984,0,0,0,0,0,2299,7720,13512,0,0,0,0,0,0,0,3395,1706,488,2355,3343,0.309385,0.505760,223525.146495,139342.083214,-0.098526,-0.127543,0.031245,-0.129770,-0.158787,-0.256584,-0.313958,-0.215009,-0.250899,-0.869313,-0.928455,-1.644065,False,5.092000
ALL__H20__S0__P6K5__E2_B14,ALL,20,S0,P6K5,E2_B14,E2,76471,18486,18366,0,461,0,57442,82,97,23,597,120,947,0,0,0,0,0,1914,1932,14520,0,0,0,0,0,0,0,3395,1706,488,2355,3352,0.241739,0.418916,205900.936127,66885.907519,-0.103637,-0.170766,0.031245,-0.134881,-0.202011,-0.321977,-0.482222,-0.366041,-0.510431,-0.863290,-0.966044,-0.609690,False,5.504000
ALL__H20__S0__P6K5__E2_B18,ALL,20,S0,P6K5,E2_B18,E2,76471,16980,16889,0,461,0,58948,82,74,17,600,91,936,0,0,0,0,0,1582,3117,12190,0,0,0,0,0,0,0,3395,1706,488,2355,3354,0.222045,0.338656,143387.693943,115582.488249,-0.125812,-0.138762,0.031245,-0.157057,-0.170006,-0.463765,-0.502003,-0.440973,-0.414817,-0.893248,-0.926739,-2.020188,False,3.867000
ALL__H20__S0__P6K5__E2_B19,ALL,20,S0,P6K5,E2_B19,E2,76471,16032,15959,0,461,0,59896,82,54,19,661,73,922,0,0,0,0,0,686,2978,12295,0,0,0,0,0,0,0,3395,1706,488,2355,3362,0.209648,0.354947,143467.191674,107255.616066,-0.125779,-0.143208,0.031245,-0.157023,-0.174453,-0.442385,-0.491489,-0.509485,-0.509495,-0.892998,-0.930702,-1.982990,False,3.916000
ALL__H20__S0__P6K5__E2_B2,ALL,20,S0,P6K5,E2_B2,E2,76471,16750,16662,0,461,0,59178,82,70,18,624,88,933,0,0,0,0,0,1502,3050,12110,0,0,0,0,0,0,0,3395,1706,488,2355,3356,0.219037,0.343393,135567.438264,108310.618832,-0.129200,-0.142628,0.031245,-0.160444,-0.173872,-0.467233,-0.506335,-0.459365,-0.437561,-0.897751,-0.929597,-2.012936,False,4.126000
ALL__H20__S0__P6K5__E2_B20,ALL,20,S0,P6K5,E2_B20,E2,76471,17971,17864,0,461,0,57957,82,89,18,634,107,964,0,0,0,0,0,1739,3326,12799,0,0,0,0,0,0,0,3395,1706,488,2355,3359,0.235004,0.365363,201564.460514,142369.853498,-0.104957,-0.126243,0.031245,-0.136201,-0.157488,-0.372784,-0.431045,-0.344076,-0.348497,-0.846539,-0.908414,-1.561309,False,6.924000
ALL__H20__S0__P6K5__E2_B3,ALL,20,S0,P6K5,E2_B3,E2,76471,17143,17056,0,461,0,58785,82,71,16,599,87,930,0,0,0,0,0,1584,3143,12329,0,0,0,0,0,0,0,3395,1706,488,2355,3356,0.224176,0.345532,149481.937751,143418.833950,-0.123290,-0.125799,0.031245,-0.154534,-0.157044,-0.447236,-0.454499,-0.437795,-0.380544,-0.888792,-0.907735,-2.045516,False,6.207000
ALL__H20__S0__P6K5__E2_B4,ALL,20,S0,P6K5,E2_B4,E2,76471,17119,17028,0,461,0,58809,82,74,17,636,91,930,0,0,0,0,0,1603,3157,12268,0,0,0,0,0,0,0,3395,1706,488,2355,3358,0.223863,0.349336,143749.612316,109699.781180,-0.125660,-0.141871,0.031245,-0.156904,-0.173115,-0.449150,-0.495555,-0.459696,-0.444028,-0.895939,-0.932597,-2.122904,False,6.180000
ALL__H20__S0__P6K5__E2_B5,ALL,20,S0,P6K5,E2_B5,E2,76471,17119,17028,0,461,0,58809,82,74,17,636,91,930,0,0,0,0,0,1603,3157,12268,0,0,0,0,0,0,0,3395,1706,488,2355,3358,0.223863,0.349336,143749.612316,109699.781180,-0.125660,-0.141871,0.031245,-0.156904,-0.173115,-0.449150,-0.495555,-0.459696,-0.444028,-0.895939,-0.932597,-2.122904,False,3.773000
ALL__H20__S0__P6K5__E2_B6,ALL,20,S0,P6K5,E2_B6,E2,76471,17696,17579,0,461,0,58232,82,98,19,640,117,955,0,0,0,0,0,1717,3276,12586,0,0,0,0,0,0,0,3395,1706,488,2355,3359,0.231408,0.363756,184152.134693,129220.879037,-0.110538,-0.132086,0.031245,-0.141782,-0.163330,-0.389772,-0.449010,-0.392163,-0.397409,-0.861940,-0.918207,-1.606359,False,4.187000
ALL__H20__S0__P6K5__E2_B7,ALL,20,S0,P6K5,E2_B7,E2,76471,17132,17034,0,461,0,58796,82,80,18,621,98,931,0,0,0,0,0,1594,3140,12300,0,0,0,0,0,0,0,3395,1706,488,2355,3356,0.224033,0.353561,157393.681601,91792.018429,-0.120154,-0.152394,0.031245,-0.151398,-0.183638,-0.428210,-0.519397,-0.436673,-0.473055,-0.885654,-0.944606,-1.752756,False,4.015000
ALL__H20__S0__P6K5__E2_B8,ALL,20,S0,P6K5,E2_B8,E2,76471,16872,16777,0,461,0,59056,82,78,17,636,95,925,0,0,0,0,0,1570,3057,12150,0,0,0,0,0,0,0,3395,1706,488,2355,3356,0.220633,0.349588,152489.358979,146715.243387,-0.122080,-0.124423,0.031245,-0.153324,-0.155667,-0.438586,-0.445288,-0.450498,-0.392333,-0.888533,-0.908595,-1.862953,False,3.941000
ALL__H20__S0__P6K5__E2_B9,ALL,20,S0,P6K5,E2_B9,E2,76471,18038,17930,0,461,0,57890,82,92,16,631,108,954,0,0,0,0,0,2252,3296,12382,0,0,0,0,0,0,0,3395,1706,488,2355,3358,0.235880,0.347923,151478.914897,146312.861799,-0.122484,-0.124589,0.031245,-0.153728,-0.155834,-0.441845,-0.447897,-0.404582,-0.356404,-0.882127,-0.904581,-3.109016,False,6.385000
ALL__H20__S0__P6K5__E3,ALL,20,S0,P6K5,E3,E3,76471,17309,17253,0,461,0,58619,82,41,15,7453,56,0,0,0,0,0,0,0,0,5766,11487,0,0,0,0,0,0,3395,1706,488,2355,3355,0.226347,0.274826,73120.397014,55302.721579,-0.165634,-0.181612,0.031245,-0.196879,-0.212856,-0.716376,-0.774514,-0.726570,-0.680241,-0.930790,-0.955453,-6.392752,False,2.499000
ALL__H20__S0__P6K5__E4,ALL,20,S0,P6K5,E4,E4,76471,23745,28397,0,461,0,52183,82,89,34,5030,123,0,0,0,3469,0,0,0,0,19022,4600,4775,0,0,0,0,0,3395,1706,488,2355,3361,0.310510,0.514147,322117.284921,403099.427057,-0.075431,-0.060964,0.031245,-0.106675,-0.092208,-0.207480,-0.179342,-0.180551,-0.112091,-0.785075,-0.780392,5.852777,False,6.723000
ALL__H20__S0__P6K5__E5,ALL,20,S0,P6K5,E5,E5,76471,20502,20363,0,461,0,55426,82,121,18,7132,139,0,0,0,0,0,0,0,0,12844,0,0,7519,0,0,0,0,3395,1706,488,2355,3367,0.268102,0.391296,215209.537870,264522.976462,-0.100889,-0.087954,0.031245,-0.132133,-0.119199,-0.337681,-0.304625,-0.342579,-0.258125,-0.800172,-0.798951,-2.141138,False,5.032000
ALL__H20__S0__P6K5__E6,ALL,20,S0,P6K5,E6,E6,76471,19405,19281,0,461,0,56523,82,111,13,3508,124,0,0,0,0,0,0,0,0,5972,0,0,0,13309,0,0,0,3395,1706,488,2355,3294,0.253756,0.579265,259084.022189,127448.947914,-0.089265,-0.132915,0.031245,-0.120510,-0.164159,-0.208039,-0.283393,-0.255847,-0.340681,-0.838129,-0.924990,-0.451052,False,2.324000
ALL__H20__S0__P6K5__E7,ALL,20,S0,P6K5,E7,E7,76471,23403,23253,0,461,0,52525,82,122,28,7910,150,0,0,0,0,0,0,0,0,14454,0,0,0,0,8799,0,0,3395,1706,488,2355,3353,0.306038,0.621378,336247.857286,450728.100642,-0.072679,-0.053675,0.031245,-0.103923,-0.084920,-0.167246,-0.136664,-0.192681,-0.102296,-0.788079,-0.756547,-0.987482,False,5.459000
ALL__H20__S0__P6K7__E0,ALL,20,S0,P6K7,E0,E0,76471,12509,12474,0,461,0,63419,82,18,17,259,35,0,0,0,0,0,12474,0,0,0,0,0,0,0,0,0,0,3395,1706,488,2065,3331,0.163578,0.611517,466622.248934,445771.542577,-0.051402,-0.054399,0.031245,-0.082646,-0.085644,-0.135150,-0.140051,0.006215,0.008481,-0.761163,-0.772559,1.232088,False,2.488000
ALL__H20__S0__P6K7__E1_A1,ALL,20,S0,P6K7,E1_A1,E1,76471,24604,24496,0,461,0,51324,82,94,14,964,108,0,0,0,0,0,0,3446,7868,13182,0,0,0,0,0,0,0,3395,1706,488,2065,3307,0.321743,0.479506,182310.912928,101911.732836,-0.111156,-0.146235,0.031245,-0.142401,-0.177479,-0.296973,-0.370129,-0.267971,-0.322923,-0.884463,-0.940714,-2.767039,False,3.931000
ALL__H20__S0__P6K7__E1_A10,ALL,20,S0,P6K7,E1_A10,E1,76471,20922,20821,0,461,0,55006,82,84,17,902,101,0,0,0,0,0,0,942,6867,13012,0,0,0,0,0,0,0,3395,1706,488,2065,3313,0.273594,0.483524,177610.816713,158716.198948,-0.112762,-0.119644,0.031245,-0.144006,-0.150888,-0.297827,-0.312060,-0.399250,-0.367620,-0.878837,-0.914422,-2.398934,False,3.469000
ALL__H20__S0__P6K7__E1_A11,ALL,20,S0,P6K7,E1_A11,E1,76471,16574,16501,0,461,0,59354,82,56,17,662,73,0,0,0,0,0,0,732,3075,12694,0,0,0,0,0,0,0,3395,1706,488,2065,3340,0.216736,0.359750,146645.689460,156171.845843,-0.124452,-0.120628,0.031245,-0.155696,-0.151873,-0.432789,-0.422162,-0.527666,-0.433659,-0.885222,-0.894521,-2.116111,False,3.120000
ALL__H20__S0__P6K7__E1_A12,ALL,20,S0,P6K7,E1_A12,E1,76471,19271,19183,0,461,0,56657,82,67,21,596,88,0,0,0,0,0,0,980,2068,16135,0,0,0,0,0,0,0,3395,1706,488,2065,3316,0.252004,0.515902,283874.768494,184981.222609,-0.083485,-0.110261,0.031245,-0.114730,-0.141505,-0.222387,-0.274288,-0.283379,-0.334626,-0.826535,-0.902571,-0.037710,False,3.664000
ALL__H20__S0__P6K7__E1_A2,ALL,20,S0,P6K7,E1_A2,E1,76471,23004,22886,0,461,0,52924,82,101,17,811,118,0,0,0,0,0,0,3529,4158,15199,0,0,0,0,0,0,0,3395,1706,488,2065,3338,0.300820,0.472872,279061.570684,170092.150278,-0.084569,-0.115415,0.031245,-0.115814,-0.146659,-0.244916,-0.310146,-0.203292,-0.236658,-0.800027,-0.903236,-1.087397,False,4.177000
ALL__H20__S0__P6K7__E1_A3,ALL,20,S0,P6K7,E1_A3,E1,76471,20934,20814,0,461,0,54994,82,99,21,644,120,0,0,0,0,0,0,3293,2280,15241,0,0,0,0,0,0,0,3395,1706,488,2065,3336,0.273751,0.460860,248800.375520,106069.851120,-0.091815,-0.143868,0.031245,-0.123060,-0.175112,-0.267021,-0.379968,-0.321635,-0.428550,-0.818077,-0.939711,-1.106104,False,3.722000
ALL__H20__S0__P6K7__E1_A4,ALL,20,S0,P6K7,E1_A4,E1,76471,23293,23163,0,461,0,52635,82,114,16,956,130,0,0,0,0,0,0,2226,7714,13223,0,0,0,0,0,0,0,3395,1706,488,2065,3305,0.304599,0.500438,213386.921555,121267.159969,-0.101418,-0.135894,0.031245,-0.132662,-0.167139,-0.265093,-0.333985,-0.285161,-0.336219,-0.858396,-0.940605,-2.399240,False,5.768000
ALL__H20__S0__P6K7__E1_A5,ALL,20,S0,P6K7,E1_A5,E1,76471,18896,18749,0,461,0,57032,82,127,20,616,147,0,0,0,0,0,0,1847,3431,13471,0,0,0,0,0,0,0,3395,1706,488,2065,3344,0.247100,0.396251,221958.156287,121361.892714,-0.098965,-0.135848,0.031245,-0.130209,-0.167092,-0.328603,-0.421683,-0.350623,-0.396830,-0.832048,-0.924769,-1.004634,False,5.220000
ALL__H20__S0__P6K7__E1_A6,ALL,20,S0,P6K7,E1_A6,E1,76471,20037,19920,0,461,0,55891,82,95,22,651,117,0,0,0,0,0,0,2075,2202,15643,0,0,0,0,0,0,0,3395,1706,488,2065,3326,0.262021,0.482438,248008.400538,33388.696284,-0.092015,-0.209708,0.031245,-0.123260,-0.240952,-0.255494,-0.499448,-0.326457,-0.188554,-0.843016,-0.997282,-0.890599,False,5.781000
ALL__H20__S0__P6K7__E1_A7,ALL,20,S0,P6K7,E1_A7,E1,76471,22232,22094,0,461,0,53696,82,123,15,946,138,0,0,0,0,0,0,1502,7305,13287,0,0,0,0,0,0,0,3395,1706,488,2065,3318,0.290725,0.485402,179667.989279,103930.082364,-0.112054,-0.145075,0.031245,-0.143299,-0.176319,-0.295217,-0.363243,-0.301534,-0.351495,-0.884531,-0.945969,-1.983080,False,4.702000
ALL__H20__S0__P6K7__E1_A8,ALL,20,S0,P6K7,E1_A8,E1,76471,18854,18729,0,461,0,57074,82,105,20,703,125,0,0,0,0,0,0,1353,3415,13961,0,0,0,0,0,0,0,3395,1706,488,2065,3338,0.246551,0.416465,209224.313555,56398.108066,-0.102643,-0.180500,0.031245,-0.133887,-0.211744,-0.321485,-0.508433,-0.355074,-0.484879,-0.855305,-0.975187,-0.511017,False,3.544000
ALL__H20__S0__P6K7__E1_A9,ALL,20,S0,P6K7,E1_A9,E1,76471,21982,21866,0,461,0,53946,82,94,22,693,116,0,0,0,0,0,0,1602,2329,17935,0,0,0,0,0,0,0,3395,1706,488,2065,3306,0.287455,0.573937,325262.612398,40705.561055,-0.074809,-0.198792,0.031245,-0.106053,-0.230037,-0.184782,-0.400805,-0.215219,-0.028437,-0.819831,-0.998084,-0.303234,False,4.596000
ALL__H20__S0__P6K7__E2_B1,ALL,20,S0,P6K7,E2_B1,E2,76471,18660,18556,0,461,0,57268,82,88,16,674,104,964,0,0,0,0,0,1761,3459,13336,0,0,0,0,0,0,0,3395,1706,488,2065,3338,0.244014,0.392726,196245.056730,96217.892960,-0.106612,-0.149626,0.031245,-0.137857,-0.180870,-0.351026,-0.460551,-0.397327,-0.452469,-0.855504,-0.944476,-1.944905,False,4.537000
ALL__H20__S0__P6K7__E2_B10,ALL,20,S0,P6K7,E2_B10,E2,76471,21917,21782,0,461,0,54011,82,116,19,747,135,1039,0,0,0,0,0,3228,3961,14593,0,0,0,0,0,0,0,3395,1706,488,2065,3340,0.286605,0.428319,240932.763746,186034.532750,-0.093833,-0.109911,0.031245,-0.125078,-0.141156,-0.292020,-0.329557,-0.256156,-0.254636,-0.815572,-0.885625,-1.480352,False,4.149000
ALL__H20__S0__P6K7__E2_B11,ALL,20,S0,P6K7,E2_B11,E2,76471,16811,16701,0,461,0,59117,82,92,18,638,110,888,0,0,0,0,0,1091,3106,12504,0,0,0,0,0,0,0,3395,1706,488,2065,3347,0.219835,0.348486,134941.661379,62609.777572,-0.129479,-0.174550,0.031245,-0.160723,-0.205795,-0.461205,-0.590540,-0.528590,-0.587637,-0.896703,-0.961453,-1.916090,False,4.071000
ALL__H20__S0__P6K7__E2_B12,ALL,20,S0,P6K7,E2_B12,E2,76471,16723,16651,0,461,0,59205,82,52,20,643,72,928,0,0,0,0,0,708,3081,12862,0,0,0,0,0,0,0,3395,1706,488,2065,3335,0.218684,0.372053,143748.573722,64641.240025,-0.125660,-0.172724,0.031245,-0.156905,-0.203968,-0.421726,-0.548223,-0.535875,-0.638277,-0.895071,-0.960675,-2.432308,False,6.151000
ALL__H20__S0__P6K7__E2_B13,ALL,20,S0,P6K7,E2_B13,E2,76471,23734,23605,0,461,0,52194,82,113,16,956,129,989,0,0,0,0,0,2300,7788,13517,0,0,0,0,0,0,0,3395,1706,488,2065,3306,0.310366,0.519219,234257.545265,119029.470199,-0.095594,-0.137008,0.031245,-0.126839,-0.168252,-0.244287,-0.324049,-0.251202,-0.315474,-0.853469,-0.942654,-1.753372,False,5.179000
ALL__H20__S0__P6K7__E2_B14,ALL,20,S0,P6K7,E2_B14,E2,76471,19863,19753,0,461,0,56065,82,88,22,624,110,1027,0,0,0,0,0,1995,2142,15616,0,0,0,0,0,0,0,3395,1706,488,2065,3327,0.259746,0.460034,233140.091191,57646.818937,-0.095893,-0.179256,0.031245,-0.127138,-0.210501,-0.276366,-0.457576,-0.334327,-0.470456,-0.847819,-0.977962,-1.017959,False,4.331000
ALL__H20__S0__P6K7__E2_B18,ALL,20,S0,P6K7,E2_B18,E2,76471,18674,18540,0,461,0,57254,82,115,19,628,134,950,0,0,0,0,0,1781,3395,13364,0,0,0,0,0,0,0,3395,1706,488,2065,3337,0.244197,0.394146,207062.871094,80280.973468,-0.103287,-0.160220,0.031245,-0.134532,-0.191465,-0.341325,-0.485771,-0.357475,-0.449565,-0.845352,-0.955447,-1.337143,False,5.952000
ALL__H20__S0__P6K7__E2_B19,ALL,20,S0,P6K7,E2_B19,E2,76471,16723,16638,0,461,0,59205,82,67,18,631,85,905,0,0,0,0,0,740,3081,12817,0,0,0,0,0,0,0,3395,1706,488,2065,3335,0.218684,0.364539,149832.037422,85691.088366,-0.123148,-0.156420,0.031245,-0.154392,-0.187664,-0.423528,-0.514800,-0.515857,-0.563237,-0.885683,-0.943881,-2.206830,False,6.321000
ALL__H20__S0__P6K7__E2_B2,ALL,20,S0,P6K7,E2_B2,E2,76471,18664,18546,0,461,0,57264,82,101,17,671,118,961,0,0,0,0,0,1763,3399,13384,0,0,0,0,0,0,0,3395,1706,488,2065,3342,0.244066,0.386100,185364.894097,83305.437417,-0.110133,-0.158067,0.031245,-0.141378,-0.189312,-0.366169,-0.490318,-0.421669,-0.496882,-0.862127,-0.952907,-1.703808,False,4.525000
ALL__H20__S0__P6K7__E2_B20,ALL,20,S0,P6K7,E2_B20,E2,76471,18261,18144,0,461,0,57667,82,98,19,667,117,939,0,0,0,0,0,1779,3362,13003,0,0,0,0,0,0,0,3395,1706,488,2065,3344,0.238796,0.383697,201695.303077,85422.238120,-0.104916,-0.156603,0.031245,-0.136161,-0.187848,-0.354866,-0.489574,-0.385633,-0.461357,-0.846342,-0.950637,-1.626013,False,4.052000
ALL__H20__S0__P6K7__E2_B3,ALL,20,S0,P6K7,E2_B3,E2,76471,18952,18831,0,461,0,56976,82,104,17,658,121,957,0,0,0,0,0,1830,3428,13573,0,0,0,0,0,0,0,3395,1706,488,2065,3340,0.247833,0.397449,213541.575418,103412.470191,-0.101373,-0.145370,0.031245,-0.132617,-0.176615,-0.333671,-0.444370,-0.365944,-0.430278,-0.842768,-0.940646,-1.047308,False,6.855000
ALL__H20__S0__P6K7__E2_B4,ALL,20,S0,P6K7,E2_B4,E2,76471,18660,18556,0,461,0,57268,82,88,16,674,104,964,0,0,0,0,0,1761,3459,13336,0,0,0,0,0,0,0,3395,1706,488,2065,3338,0.244014,0.392726,196245.056730,96217.892960,-0.106612,-0.149626,0.031245,-0.137857,-0.180870,-0.351026,-0.460551,-0.397327,-0.452469,-0.855504,-0.944476,-1.944905,False,6.375000
ALL__H20__S0__P6K7__E2_B5,ALL,20,S0,P6K7,E2_B5,E2,76471,18660,18556,0,461,0,57268,82,88,16,674,104,964,0,0,0,0,0,1761,3459,13336,0,0,0,0,0,0,0,3395,1706,488,2065,3338,0.244014,0.392726,196245.056730,96217.892960,-0.106612,-0.149626,0.031245,-0.137857,-0.180870,-0.351026,-0.460551,-0.397327,-0.452469,-0.855504,-0.944476,-1.944905,False,6.845000
ALL__H20__S0__P6K7__E2_B6,ALL,20,S0,P6K7,E2_B6,E2,76471,18512,18390,0,461,0,57416,82,104,18,650,122,955,0,0,0,0,0,1760,3375,13255,0,0,0,0,0,0,0,3395,1706,488,2065,3337,0.242079,0.387043,194037.105689,91081.768161,-0.107312,-0.152849,0.031245,-0.138556,-0.184094,-0.357987,-0.475642,-0.402948,-0.467424,-0.854993,-0.947519,-1.567850,False,6.746000
ALL__H20__S0__P6K7__E2_B7,ALL,20,S0,P6K7,E2_B7,E2,76471,18415,18298,0,461,0,57513,82,101,16,636,117,965,0,0,0,0,0,1741,3383,13174,0,0,0,0,0,0,0,3395,1706,488,2065,3343,0.240810,0.380114,183420.754334,67277.269896,-0.110783,-0.170431,0.031245,-0.142027,-0.201676,-0.373643,-0.530566,-0.390984,-0.485439,-0.860543,-0.963086,-1.747596,False,4.328000
ALL__H20__S0__P6K7__E2_B8,ALL,20,S0,P6K7,E2_B8,E2,76471,18809,18689,0,461,0,57119,82,102,18,682,120,974,0,0,0,0,0,1821,3396,13472,0,0,0,0,0,0,0,3395,1706,488,2065,3339,0.245963,0.398642,217463.558100,128516.296365,-0.100240,-0.132414,0.031245,-0.131484,-0.163659,-0.329831,-0.410540,-0.363275,-0.399073,-0.839364,-0.924433,-1.200532,False,4.597000
ALL__H20__S0__P6K7__E2_B9,ALL,20,S0,P6K7,E2_B9,E2,76471,19186,19074,0,461,0,56742,82,98,14,669,112,1026,0,0,0,0,0,2424,3571,13079,0,0,0,0,0,0,0,3395,1706,488,2065,3341,0.250892,0.380809,182728.094341,127996.638239,-0.111015,-0.132657,0.031245,-0.142260,-0.163902,-0.373573,-0.430405,-0.386656,-0.387488,-0.857955,-0.918834,-2.883134,False,4.475000
ALL__H20__S0__P6K7__E3,ALL,20,S0,P6K7,E3,E3,76471,17967,17906,0,461,0,57961,82,46,15,7499,61,0,0,0,0,0,0,0,0,5910,11996,0,0,0,0,0,0,3395,1706,488,2065,3332,0.234952,0.279892,76972.612359,40859.765967,-0.162663,-0.198582,0.031245,-0.193908,-0.229827,-0.692795,-0.821127,-0.728291,-0.744078,-0.927494,-0.967829,-6.373273,False,2.598000
ALL__H20__S0__P6K7__E4,ALL,20,S0,P6K7,E4,E4,76471,24039,28822,0,461,0,51889,82,69,33,5062,102,0,0,0,3432,0,0,0,0,19249,4688,4885,0,0,0,0,0,3395,1706,488,2065,3330,0.314354,0.531230,343858.822663,339835.487938,-0.071241,-0.071997,0.031245,-0.102485,-0.103242,-0.192920,-0.194344,-0.176231,-0.153960,-0.761582,-0.799454,5.745545,False,5.153000
ALL__H20__S0__P6K7__E5,ALL,20,S0,P6K7,E5,E5,76471,21846,21725,0,461,0,54082,82,100,21,7223,121,0,0,0,0,0,0,0,0,13751,0,0,7974,0,0,0,0,3395,1706,488,2065,3347,0.285677,0.429534,236134.510971,255931.933544,-0.095094,-0.090036,0.031245,-0.126339,-0.121281,-0.294130,-0.282355,-0.307015,-0.255485,-0.786287,-0.809241,-2.088463,False,5.272000
ALL__H20__S0__P6K7__E6,ALL,20,S0,P6K7,E6,E6,76471,23205,23036,0,461,0,52723,82,156,13,2667,169,0,0,0,0,0,0,0,0,6925,0,0,0,16111,0,0,0,3395,1706,488,2065,3172,0.303448,0.737675,390710.891922,76379.846998,-0.062991,-0.163111,0.031245,-0.094235,-0.194356,-0.127746,-0.263471,-0.059702,-0.233099,-0.833800,-0.976526,-1.079003,False,2.795000
ALL__H20__S0__P6K7__E7,ALL,20,S0,P6K7,E7,E7,76471,22746,22597,0,461,0,53182,82,121,28,7895,149,0,0,0,0,0,0,0,0,13953,0,0,0,0,8644,0,0,3395,1706,488,2065,3315,0.297446,0.601109,301144.440384,370853.084299,-0.079730,-0.066368,0.031245,-0.110975,-0.097613,-0.184617,-0.162388,-0.268537,-0.183045,-0.812440,-0.799505,-1.731893,False,4.504000
ALL__H25__S0__P6K3__E0,ALL,25,S0,P6K3,E0,E0,76471,12409,12364,0,461,0,63519,82,28,17,217,45,0,0,0,0,0,12364,0,0,0,0,0,0,0,0,0,0,3395,1706,488,2693,3368,0.162271,0.543394,250183.432139,198077.310743,-0.091466,-0.106037,0.031245,-0.122711,-0.137282,-0.225823,-0.252638,-0.172199,-0.195317,-0.888297,-0.920960,-0.622759,False,3.178000
ALL__H25__S0__P6K3__E1_A1,ALL,25,S0,P6K3,E1_A1,E1,76471,22886,22678,0,461,0,53042,82,195,13,1053,208,0,0,0,0,0,0,3885,8299,10494,0,0,0,0,0,0,0,3395,1706,488,2693,3373,0.299277,0.482174,252084.422091,122288.755003,-0.090990,-0.135392,0.031245,-0.122235,-0.166637,-0.253507,-0.345595,-0.374428,-0.456189,-0.803695,-0.924179,-2.376263,False,5.154000
ALL__H25__S0__P6K3__E1_A10,ALL,25,S0,P6K3,E1_A10,E1,76471,18349,18209,0,461,0,57579,82,127,13,1002,140,0,0,0,0,0,0,1045,6942,10222,0,0,0,0,0,0,0,3395,1706,488,2693,3378,0.239947,0.406836,163337.836860,139053.177704,-0.117893,-0.127668,0.031245,-0.149137,-0.158913,-0.366578,-0.390606,-0.479624,-0.448162,-0.881201,-0.914535,-3.039229,False,4.746000
ALL__H25__S0__P6K3__E1_A11,ALL,25,S0,P6K3,E1_A11,E1,76471,15886,15736,0,461,0,60042,82,131,19,778,150,0,0,0,0,0,0,916,3815,11005,0,0,0,0,0,0,0,3395,1706,488,2693,3382,0.207739,0.375278,183062.557520,71302.982438,-0.110903,-0.167087,0.031245,-0.142147,-0.198331,-0.378779,-0.528491,-0.374166,-0.487797,-0.871131,-0.960559,-3.600309,False,3.691000
ALL__H25__S0__P6K3__E1_A12,ALL,25,S0,P6K3,E1_A12,E1,76471,16195,16033,0,461,0,59733,82,141,21,666,162,0,0,0,0,0,0,1022,2315,12696,0,0,0,0,0,0,0,3395,1706,488,2693,3388,0.211780,0.439249,284800.121129,220064.005042,-0.083279,-0.099499,0.031245,-0.114523,-0.130744,-0.260725,-0.297653,-0.244145,-0.276630,-0.753590,-0.829740,-1.524485,False,3.685000
ALL__H25__S0__P6K3__E1_A2,ALL,25,S0,P6K3,E1_A2,E1,76471,20133,19953,0,461,0,55795,82,161,19,890,180,0,0,0,0,0,0,3508,4605,11840,0,0,0,0,0,0,0,3395,1706,488,2693,3378,0.263276,0.442941,263250.051468,163703.769026,-0.088259,-0.117756,0.031245,-0.119503,-0.149001,-0.269795,-0.336389,-0.312550,-0.351729,-0.826271,-0.909141,-2.660255,False,6.127000
ALL__H25__S0__P6K3__E1_A3,ALL,25,S0,P6K3,E1_A3,E1,76471,21564,21400,0,461,0,54364,82,141,23,764,164,0,0,0,0,0,0,3883,2996,14521,0,0,0,0,0,0,0,3395,1706,488,2693,3378,0.281989,0.542414,339264.910077,150063.555710,-0.072105,-0.123054,0.031245,-0.103350,-0.154298,-0.190536,-0.284466,-0.212626,-0.322632,-0.787534,-0.921701,-1.765538,False,6.931000
ALL__H25__S0__P6K3__E1_A4,ALL,25,S0,P6K3,E1_A4,E1,76471,21242,21054,0,461,0,54686,82,173,15,1020,188,0,0,0,0,0,0,2561,7885,10608,0,0,0,0,0,0,0,3395,1706,488,2693,3374,0.277779,0.447805,224644.031083,152388.917137,-0.098214,-0.122120,0.031245,-0.129459,-0.153364,-0.289096,-0.342480,-0.383906,-0.399824,-0.832303,-0.903705,-2.214880,False,6.028000
ALL__H25__S0__P6K3__E1_A5,ALL,25,S0,P6K3,E1_A5,E1,76471,19176,18987,0,461,0,56752,82,168,21,822,189,0,0,0,0,0,0,2344,4426,12217,0,0,0,0,0,0,0,3395,1706,488,2693,3376,0.250762,0.445099,251931.213874,97150.244092,-0.091028,-0.149058,0.031245,-0.122273,-0.180303,-0.274710,-0.405084,-0.293610,-0.400231,-0.838557,-0.950243,-2.013128,False,4.154000
ALL__H25__S0__P6K3__E1_A6,ALL,25,S0,P6K3,E1_A6,E1,76471,16486,16370,0,461,0,59442,82,92,24,658,116,0,0,0,0,0,0,2050,2334,11986,0,0,0,0,0,0,0,3395,1706,488,2693,3381,0.215585,0.402783,176827.084142,47382.431720,-0.113033,-0.190323,0.031245,-0.144278,-0.221567,-0.358203,-0.550091,-0.388978,-0.566008,-0.876764,-0.975968,-2.186897,False,4.850000
ALL__H25__S0__P6K3__E1_A7,ALL,25,S0,P6K3,E1_A7,E1,76471,19141,18980,0,461,0,56787,82,149,12,1024,161,0,0,0,0,0,0,1579,7169,10232,0,0,0,0,0,0,0,3395,1706,488,2693,3373,0.250304,0.428008,174230.092424,92814.056540,-0.113942,-0.151744,0.031245,-0.145186,-0.182988,-0.339214,-0.427535,-0.461513,-0.513401,-0.877785,-0.947910,-2.452704,False,3.221000
ALL__H25__S0__P6K3__E1_A8,ALL,25,S0,P6K3,E1_A8,E1,76471,16391,16234,0,461,0,59537,82,140,17,801,157,0,0,0,0,0,0,1267,3998,10969,0,0,0,0,0,77,0,3395,1706,488,2693,3379,0.214343,0.392402,185587.179958,-22908.977716,-0.110059,-1.000000,0.031245,-0.141304,-1.031245,-0.360100,-2.628031,-0.312972,,-0.877647,-1.022546,-4.441563,False,3.605000
ALL__H25__S0__P6K3__E1_A9,ALL,25,S0,P6K3,E1_A9,E1,76471,16740,16540,0,461,0,59188,82,179,21,657,200,0,0,0,0,0,0,1460,2359,12721,0,0,0,0,0,0,0,3395,1706,488,2693,3384,0.218907,0.437835,248445.401932,126894.905681,-0.091905,-0.133176,0.031245,-0.123149,-0.164421,-0.281269,-0.375532,-0.286693,-0.377256,-0.829474,-0.926592,-1.496947,False,3.780000
ALL__H25__S0__P6K3__E2_B1,ALL,25,S0,P6K3,E2_B1,E2,76471,19477,19257,0,461,0,56451,82,200,20,808,220,1088,0,0,0,0,0,2333,4516,12408,0,0,0,0,0,0,0,3395,1706,488,2693,3382,0.254698,0.470840,270422.186156,88721.356109,-0.086560,-0.154388,0.031245,-0.117805,-0.185632,-0.250202,-0.394258,-0.273112,-0.409451,-0.823061,-0.957115,-2.289267,False,5.590000
ALL__H25__S0__P6K3__E2_B10,ALL,25,S0,P6K3,E2_B10,E2,76471,20315,20137,0,461,0,55613,82,160,18,863,178,1123,0,0,0,0,0,3509,4652,11976,0,0,0,0,0,0,0,3395,1706,488,2693,3376,0.265656,0.457399,292164.203186,154369.673842,-0.081657,-0.121335,0.031245,-0.112901,-0.152579,-0.246833,-0.333580,-0.266222,-0.330771,-0.808903,-0.915486,-2.501289,False,5.494000
ALL__H25__S0__P6K3__E2_B11,ALL,25,S0,P6K3,E2_B11,E2,76471,15862,15700,0,461,0,60066,82,146,16,796,162,1012,0,0,0,0,0,1210,3863,10627,0,0,0,0,0,0,0,3395,1706,488,2693,3382,0.207425,0.375170,176887.784081,63310.071108,-0.113012,-0.173914,0.031245,-0.144257,-0.205159,-0.384511,-0.546843,-0.335120,-0.441066,-0.888858,-0.970872,-4.065978,False,6.802000
ALL__H25__S0__P6K3__E2_B12,ALL,25,S0,P6K3,E2_B12,E2,76471,15972,15814,0,461,0,59956,82,139,19,780,158,1050,0,0,0,0,0,891,3832,11091,0,0,0,0,0,0,0,3395,1706,488,2693,3383,0.208863,0.396196,192903.464991,73368.631687,-0.107674,-0.165438,0.031245,-0.138919,-0.196683,-0.350631,-0.496428,-0.364877,-0.489981,-0.873041,-0.961937,-3.318762,False,5.786000
ALL__H25__S0__P6K3__E2_B13,ALL,25,S0,P6K3,E2_B13,E2,76471,19968,19831,0,461,0,55960,82,123,14,972,137,1004,0,0,0,0,0,2270,7456,10105,0,0,0,0,0,0,0,3395,1706,488,2693,3378,0.261119,0.441973,185387.120270,69834.253418,-0.110126,-0.168286,0.031245,-0.141370,-0.199531,-0.319862,-0.451454,-0.451712,-0.557926,-0.851747,-0.954884,-2.752023,False,4.959000
ALL__H25__S0__P6K3__E2_B14,ALL,25,S0,P6K3,E2_B14,E2,76471,16789,16623,0,461,0,59139,82,143,23,617,166,1035,0,0,0,0,0,2029,2329,12265,0,0,0,0,0,0,0,3395,1706,488,2693,3384,0.219547,0.405691,197443.518991,48966.205974,-0.106236,-0.188478,0.031245,-0.137480,-0.219722,-0.338880,-0.541600,-0.359305,-0.523526,-0.846564,-0.975332,-1.632706,False,4.968000
ALL__H25__S0__P6K3__E2_B18,ALL,25,S0,P6K3,E2_B18,E2,76471,18728,18523,0,461,0,57200,82,185,20,791,205,1075,0,0,0,0,0,2232,4289,12002,0,0,0,0,0,0,0,3395,1706,488,2693,3377,0.244903,0.448515,256065.818034,96549.835675,-0.090003,-0.149423,0.031245,-0.121248,-0.180668,-0.270332,-0.402813,-0.288468,-0.399818,-0.837792,-0.953125,-2.166940,False,5.286000
ALL__H25__S0__P6K3__E2_B19,ALL,25,S0,P6K3,E2_B19,E2,76471,15669,15507,0,461,0,60259,82,143,19,767,162,1051,0,0,0,0,0,859,3813,10835,0,0,0,0,0,0,0,3395,1706,488,2693,3384,0.204901,0.374022,176168.167999,83920.105302,-0.113263,-0.157639,0.031245,-0.144507,-0.188883,-0.386360,-0.505006,-0.381542,-0.467792,-0.878964,-0.952314,-3.615709,False,6.260000
ALL__H25__S0__P6K3__E2_B2,ALL,25,S0,P6K3,E2_B2,E2,76471,19399,19179,0,461,0,56529,82,201,19,794,220,1113,0,0,0,0,0,2321,4404,12454,0,0,0,0,0,0,0,3395,1706,488,2693,3381,0.253678,0.461356,281307.680918,103782.262335,-0.084061,-0.145159,0.031245,-0.115306,-0.176403,-0.249928,-0.382358,-0.260846,-0.379371,-0.810571,-0.946158,-1.805863,False,5.523000
ALL__H25__S0__P6K3__E2_B20,ALL,25,S0,P6K3,E2_B20,E2,76471,19750,19537,0,461,0,56178,82,193,20,813,213,1102,0,0,0,0,0,2354,4531,12652,0,0,0,0,0,0,0,3395,1706,488,2693,3379,0.258268,0.470702,292572.796930,54656.154607,-0.081568,-0.182278,0.031245,-0.112813,-0.213522,-0.239669,-0.453626,-0.251759,-0.395284,-0.805178,-0.979251,-2.041106,False,4.735000
ALL__H25__S0__P6K3__E2_B3,ALL,25,S0,P6K3,E2_B3,E2,76471,18354,18164,0,461,0,57574,82,170,20,785,190,1089,0,0,0,0,0,2205,4306,11653,0,0,0,0,0,0,0,3395,1706,488,2693,3378,0.240013,0.442745,247347.167596,91454.860090,-0.092183,-0.152610,0.031245,-0.123428,-0.183854,-0.278779,-0.415260,-0.295364,-0.412327,-0.838179,-0.952795,-2.418189,False,5.219000
ALL__H25__S0__P6K3__E2_B4,ALL,25,S0,P6K3,E2_B4,E2,76471,19477,19257,0,461,0,56451,82,200,20,808,220,1088,0,0,0,0,0,2333,4516,12408,0,0,0,0,0,0,0,3395,1706,488,2693,3382,0.254698,0.470840,270422.186156,88721.356109,-0.086560,-0.154388,0.031245,-0.117805,-0.185632,-0.250202,-0.394258,-0.273112,-0.409451,-0.823061,-0.957115,-2.289267,False,8.281000
ALL__H25__S0__P6K3__E2_B5,ALL,25,S0,P6K3,E2_B5,E2,76471,19477,19257,0,461,0,56451,82,200,20,808,220,1088,0,0,0,0,0,2333,4516,12408,0,0,0,0,0,0,0,3395,1706,488,2693,3382,0.254698,0.470840,270422.186156,88721.356109,-0.086560,-0.154388,0.031245,-0.117805,-0.185632,-0.250202,-0.394258,-0.273112,-0.409451,-0.823061,-0.957115,-2.289267,False,5.310000
ALL__H25__S0__P6K3__E2_B6,ALL,25,S0,P6K3,E2_B6,E2,76471,19135,18925,0,461,0,56793,82,192,18,800,210,1104,0,0,0,0,0,2290,4381,12254,0,0,0,0,0,0,0,3395,1706,488,2693,3380,0.250226,0.445820,251719.596583,30168.458336,-0.091081,-0.215237,0.031245,-0.122326,-0.246482,-0.274384,-0.552873,-0.296506,-0.380043,-0.829805,-0.992731,-1.900368,False,5.350000
ALL__H25__S0__P6K3__E2_B7,ALL,25,S0,P6K3,E2_B7,E2,76471,19309,19091,0,461,0,56619,82,198,20,800,218,1120,0,0,0,0,0,2309,4435,12347,0,0,0,0,0,0,0,3395,1706,488,2693,3379,0.252501,0.474461,281993.595272,72975.039251,-0.083907,-0.165749,0.031245,-0.115151,-0.196994,-0.242700,-0.415195,-0.263943,-0.413395,-0.821042,-0.967986,-1.697890,False,4.795000
ALL__H25__S0__P6K3__E2_B8,ALL,25,S0,P6K3,E2_B8,E2,76471,19324,19133,0,461,0,56604,82,174,17,794,191,1068,0,0,0,0,0,2279,4409,12445,0,0,0,0,0,0,0,3395,1706,488,2693,3381,0.252697,0.473005,264475.801060,104140.097841,-0.087965,-0.144955,0.031245,-0.119210,-0.176200,-0.252027,-0.372511,-0.281162,-0.398074,-0.827084,-0.947785,-2.025743,False,5.682000
ALL__H25__S0__P6K3__E2_B9,ALL,25,S0,P6K3,E2_B9,E2,76471,19779,19595,0,461,0,56149,82,165,19,805,184,1127,0,0,0,0,0,3078,4494,12023,0,0,0,0,0,0,0,3395,1706,488,2693,3382,0.258647,0.457220,265797.021492,148502.743848,-0.087651,-0.123688,0.031245,-0.118895,-0.154933,-0.260039,-0.338858,-0.282514,-0.340832,-0.823382,-0.919561,-2.797476,False,5.436000
ALL__H25__S0__P6K3__E3,ALL,25,S0,P6K3,E3,E3,76471,18636,18559,0,461,0,57292,82,60,17,7843,77,0,0,0,0,0,0,0,0,4506,14053,0,0,0,0,42,0,3395,1706,488,2693,3382,0.243700,0.294799,98292.223199,-1170.409011,-0.148369,-1.000000,0.031245,-0.179614,-1.031245,-0.609276,-3.498132,-0.691857,,-0.905727,-1.005197,-5.892309,False,2.290000
ALL__H25__S0__P6K3__E4,ALL,25,S0,P6K3,E4,E4,76471,23485,28666,0,461,0,52443,82,181,34,4675,215,0,0,0,3898,0,0,0,0,17268,6002,5396,0,0,0,0,0,3395,1706,488,2693,3388,0.307110,0.579427,422276.591576,446870.950521,-0.057937,-0.054238,0.031245,-0.089182,-0.085483,-0.153914,-0.147530,-0.106160,-0.079603,-0.726290,-0.756678,6.077242,False,3.980000
ALL__H25__S0__P6K3__E5,ALL,25,S0,P6K3,E5,E5,76471,21758,21586,0,461,0,54170,82,151,21,7737,172,0,0,0,0,0,0,0,0,11644,0,0,9942,0,0,0,0,3395,1706,488,2693,3375,0.284526,0.507473,250278.550502,94057.575820,-0.091443,-0.150962,0.031245,-0.122687,-0.182206,-0.241761,-0.359046,-0.349361,-0.493965,-0.816519,-0.935916,-3.892091,False,3.392000
ALL__H25__S0__P6K3__E6,ALL,25,S0,P6K3,E6,E6,76471,21230,21125,0,461,0,54698,82,90,15,3737,105,0,0,0,0,0,0,0,0,6721,0,0,0,14404,0,712,0,3395,1706,488,2693,3372,0.277622,0.489555,120522.670489,-125316.493075,-0.136263,-1.000000,0.031245,-0.167507,-1.031245,-0.342162,-2.106493,-0.554258,,-0.930103,-1.083756,-0.586846,False,3.736000
ALL__H25__S0__P6K3__E7,ALL,25,S0,P6K3,E7,E7,76471,18456,18291,0,461,0,57472,82,137,28,7816,165,0,0,0,0,0,0,0,0,9011,0,0,0,0,9280,0,0,3395,1706,488,2693,3379,0.241346,0.437963,193419.889343,153133.810158,-0.107509,-0.121823,0.031245,-0.138753,-0.153068,-0.316816,-0.349500,-0.371018,-0.378461,-0.880745,-0.911021,-4.185730,False,3.759000
ALL__H25__S0__P6K5__E0,ALL,25,S0,P6K5,E0,E0,76471,13176,13131,0,461,0,62752,82,27,18,251,45,0,0,0,0,0,13131,0,0,0,0,0,0,0,0,0,0,3395,1706,488,2355,3355,0.172301,0.535450,316697.867271,299017.815063,-0.076516,-0.080182,0.031245,-0.107761,-0.111426,-0.201253,-0.208098,-0.136572,-0.139786,-0.848083,-0.866247,0.980369,False,3.403000
ALL__H25__S0__P6K5__E1_A1,ALL,25,S0,P6K5,E1_A1,E1,76471,24749,24501,0,461,0,51179,82,235,13,1112,248,0,0,0,0,0,0,4236,8971,11294,0,0,0,0,0,0,0,3395,1706,488,2355,3344,0.323639,0.556511,313302.412144,124812.045128,-0.077205,-0.134169,0.031245,-0.108450,-0.165414,-0.194874,-0.297233,-0.303082,-0.420117,-0.788140,-0.935599,-1.945829,False,6.782000
ALL__H25__S0__P6K5__E1_A10,ALL,25,S0,P6K5,E1_A10,E1,76471,19095,18939,0,461,0,56833,82,142,14,1004,156,0,0,0,0,0,0,1117,7183,10639,0,0,0,0,0,0,0,3395,1706,488,2355,3363,0.249703,0.434071,176697.734263,66597.140038,-0.113078,-0.171015,0.031245,-0.144323,-0.202259,-0.332487,-0.465958,-0.458538,-0.564838,-0.879295,-0.963284,-2.492453,False,5.586000
ALL__H25__S0__P6K5__E1_A11,ALL,25,S0,P6K5,E1_A11,E1,76471,17313,17118,0,461,0,58615,82,177,18,820,195,0,0,0,0,0,0,989,4210,11919,0,0,0,0,0,0,0,3395,1706,488,2355,3359,0.226400,0.471428,249824.862648,74287.481314,-0.091557,-0.164719,0.031245,-0.122801,-0.195964,-0.260488,-0.415681,-0.321256,-0.472963,-0.850241,-0.965906,-3.212354,False,3.805000
ALL__H25__S0__P6K5__E1_A12,ALL,25,S0,P6K5,E1_A12,E1,76471,16152,15993,0,461,0,59776,82,138,21,639,159,0,0,0,0,0,0,990,2372,12631,0,0,0,0,0,0,0,3395,1706,488,2355,3373,0.211217,0.428996,258330.183736,167819.574747,-0.089449,-0.116238,0.031245,-0.120693,-0.147483,-0.281339,-0.343786,-0.272684,-0.333980,-0.784152,-0.876937,-1.847687,False,5.457000
ALL__H25__S0__P6K5__E1_A2,ALL,25,S0,P6K5,E1_A2,E1,76471,24187,23947,0,461,0,51741,82,222,18,940,240,0,0,0,0,0,0,4439,5478,14030,0,0,0,0,0,0,0,3395,1706,488,2355,3344,0.316290,0.619067,464762.458094,258549.807521,-0.051664,-0.089395,0.031245,-0.082909,-0.120640,-0.133925,-0.194873,-0.150474,-0.233428,-0.749721,-0.876716,-1.133924,False,7.337000
ALL__H25__S0__P6K5__E1_A3,ALL,25,S0,P6K5,E1_A3,E1,76471,25460,25152,0,461,0,50468,82,286,22,875,308,0,0,0,0,0,0,4716,3553,16883,0,0,0,0,0,0,0,3395,1706,488,2355,3348,0.332937,0.711825,603346.305022,344315.763693,-0.034375,-0.071155,0.031245,-0.065620,-0.102400,-0.092185,-0.143855,-0.043351,-0.130017,-0.683078,-0.828571,-0.872366,False,5.074000
ALL__H25__S0__P6K5__E1_A4,ALL,25,S0,P6K5,E1_A4,E1,76471,21488,21303,0,461,0,54440,82,169,16,1046,185,0,0,0,0,0,0,2554,7950,10799,0,0,0,0,0,0,0,3395,1706,488,2355,3349,0.280995,0.473310,228079.311524,138397.832509,-0.097266,-0.127953,0.031245,-0.128511,-0.159198,-0.271514,-0.336350,-0.387058,-0.419624,-0.842183,-0.923270,-2.127122,False,4.172000
ALL__H25__S0__P6K5__E1_A5,ALL,25,S0,P6K5,E1_A5,E1,76471,21591,21372,0,461,0,54337,82,199,20,849,219,0,0,0,0,0,0,2611,4900,13861,0,0,0,0,0,0,0,3395,1706,488,2355,3346,0.282342,0.575151,358177.660824,116165.714368,-0.068614,-0.138462,0.031245,-0.099858,-0.169706,-0.173621,-0.295064,-0.215373,-0.363803,-0.793926,-0.949404,-2.006542,False,5.852000
ALL__H25__S0__P6K5__E1_A6,ALL,25,S0,P6K5,E1_A6,E1,76471,18738,18552,0,461,0,57190,82,162,24,670,186,0,0,0,0,0,0,2290,2630,13632,0,0,0,0,0,0,0,3395,1706,488,2355,3365,0.245034,0.471438,256603.004507,48977.676948,-0.089871,-0.188464,0.031245,-0.121116,-0.219709,-0.256908,-0.466040,-0.310015,-0.468611,-0.819934,-0.980877,-1.862869,False,4.249000
ALL__H25__S0__P6K5__E1_A7,ALL,25,S0,P6K5,E1_A7,E1,76471,19436,19280,0,461,0,56492,82,142,14,1057,156,0,0,0,0,0,0,1589,7301,10390,0,0,0,0,0,0,0,3395,1706,488,2355,3354,0.254162,0.435822,182363.775115,26261.417392,-0.111138,-0.222737,0.031245,-0.142383,-0.253981,-0.326699,-0.582763,-0.458645,-0.578461,-0.877615,-0.991209,-2.531445,False,5.690000
ALL__H25__S0__P6K5__E1_A8,ALL,25,S0,P6K5,E1_A8,E1,76471,17676,17480,0,461,0,58252,82,178,18,834,196,0,0,0,0,0,0,1441,4305,11734,0,0,0,0,0,0,0,3395,1706,488,2355,3362,0.231146,0.455931,266986.487310,30697.998255,-0.087369,-0.214291,0.031245,-0.118613,-0.245536,-0.260156,-0.538538,-0.248894,-0.334604,-0.830609,-0.992216,-3.887489,False,5.697000
ALL__H25__S0__P6K5__E1_A9,ALL,25,S0,P6K5,E1_A9,E1,76471,17955,17738,0,461,0,57973,82,195,22,680,217,0,0,0,0,0,0,1582,2649,13507,0,0,0,0,0,0,0,3395,1706,488,2355,3366,0.234795,0.477661,293242.416451,97905.870716,-0.081423,-0.148601,0.031245,-0.112667,-0.179846,-0.235873,-0.376514,-0.261037,-0.403143,-0.801069,-0.945498,-1.658581,False,6.065000
ALL__H25__S0__P6K5__E2_B1,ALL,25,S0,P6K5,E2_B1,E2,76471,22021,21808,0,461,0,53907,82,192,21,923,213,1147,0,0,0,0,0,2617,4986,14205,0,0,0,0,0,0,0,3395,1706,488,2355,3350,0.287965,0.604338,382221.844705,96765.319164,-0.064415,-0.149292,0.031245,-0.095659,-0.180536,-0.158288,-0.298734,-0.192818,-0.376355,-0.775966,-0.960630,-1.627459,False,8.487000
ALL__H25__S0__P6K5__E2_B10,ALL,25,S0,P6K5,E2_B10,E2,76471,24260,23986,0,461,0,51668,82,256,18,928,274,1204,0,0,0,0,0,4387,5444,14155,0,0,0,0,0,0,0,3395,1706,488,2355,3346,0.317244,0.620684,535865.759165,279750.231079,-0.042272,-0.084413,0.031245,-0.073516,-0.115658,-0.118444,-0.186339,-0.098352,-0.186973,-0.730227,-0.887277,-1.043907,False,6.487000
ALL__H25__S0__P6K5__E2_B11,ALL,25,S0,P6K5,E2_B11,E2,76471,17489,17299,0,461,0,58439,82,171,19,831,190,1051,0,0,0,0,0,1382,4306,11611,0,0,0,0,0,0,0,3395,1706,488,2355,3360,0.228701,0.449541,237821.563733,28528.410855,-0.094648,-0.218268,0.031245,-0.125893,-0.249513,-0.280047,-0.555039,-0.276770,-0.426002,-0.852114,-0.991529,-4.069939,False,3.589000
ALL__H25__S0__P6K5__E2_B12,ALL,25,S0,P6K5,E2_B12,E2,76471,17511,17317,0,461,0,58417,82,175,19,832,194,1063,0,0,0,0,0,987,4298,12032,0,0,0,0,0,0,0,3395,1706,488,2355,3355,0.228989,0.476695,253519.855178,48400.795230,-0.090633,-0.189130,0.031245,-0.121877,-0.220374,-0.255671,-0.462296,-0.320537,-0.515736,-0.847676,-0.979489,-3.261943,False,5.681000
ALL__H25__S0__P6K5__E2_B13,ALL,25,S0,P6K5,E2_B13,E2,76471,21375,21182,0,461,0,54553,82,179,14,1029,193,1075,0,0,0,0,0,2476,7958,10748,0,0,0,0,0,0,0,3395,1706,488,2355,3353,0.279518,0.479529,230132.856948,119033.531986,-0.096706,-0.137006,0.031245,-0.127950,-0.168250,-0.266825,-0.350866,-0.380019,-0.433787,-0.836146,-0.932079,-2.342350,False,5.316000
ALL__H25__S0__P6K5__E2_B14,ALL,25,S0,P6K5,E2_B14,E2,76471,18306,18107,0,461,0,57622,82,175,24,684,199,1111,0,0,0,0,0,2200,2633,13274,0,0,0,0,0,0,0,3395,1706,488,2355,3368,0.239385,0.445006,226139.172259,22825.954506,-0.097800,-0.230245,0.031245,-0.129044,-0.261489,-0.289983,-0.587608,-0.349977,-0.335106,-0.816913,-0.995426,-2.070118,False,7.228000
ALL__H25__S0__P6K5__E2_B18,ALL,25,S0,P6K5,E2_B18,E2,76471,21308,21086,0,461,0,54620,82,201,21,892,222,1120,0,0,0,0,0,2569,4897,13620,0,0,0,0,0,0,0,3395,1706,488,2355,3346,0.278642,0.600472,367316.223717,72133.605568,-0.066988,-0.166419,0.031245,-0.098232,-0.197663,-0.163592,-0.329180,-0.205554,-0.400980,-0.788428,-0.973188,-1.792559,False,5.621000
ALL__H25__S0__P6K5__E2_B19,ALL,25,S0,P6K5,E2_B19,E2,76471,17381,17188,0,461,0,58547,82,175,18,836,193,1079,0,0,0,0,0,969,4242,11977,0,0,0,0,0,0,0,3395,1706,488,2355,3358,0.227289,0.455172,246656.934579,77952.086175,-0.092359,-0.161930,0.031245,-0.123603,-0.193174,-0.271553,-0.424399,-0.327608,-0.468076,-0.845851,-0.962211,-3.483577,False,5.001000
ALL__H25__S0__P6K5__E2_B2,ALL,25,S0,P6K5,E2_B2,E2,76471,21352,21133,0,461,0,54576,82,199,20,887,219,1142,0,0,0,0,0,2489,4824,13820,0,0,0,0,0,0,0,3395,1706,488,2355,3352,0.279217,0.594292,346514.291313,47659.860702,-0.070746,-0.189995,0.031245,-0.101990,-0.221240,-0.171617,-0.372275,-0.223880,-0.406399,-0.795334,-0.986524,-1.954610,False,5.560000
ALL__H25__S0__P6K5__E2_B20,ALL,25,S0,P6K5,E2_B20,E2,76471,22059,21834,0,461,0,53869,82,205,20,891,225,1164,0,0,0,0,0,2668,4990,14176,0,0,0,0,0,0,0,3395,1706,488,2355,3350,0.288462,0.596425,403041.369080,70752.182869,-0.060973,-0.167534,0.031245,-0.092218,-0.198778,-0.154617,-0.333283,-0.179518,-0.361304,-0.766289,-0.974303,-1.478173,False,6.454000
ALL__H25__S0__P6K5__E2_B3,ALL,25,S0,P6K5,E2_B3,E2,76471,21286,21066,0,461,0,54642,82,199,21,906,220,1137,0,0,0,0,0,2510,4868,13688,0,0,0,0,0,0,0,3395,1706,488,2355,3352,0.278354,0.577092,335204.513689,46822.503930,-0.072878,-0.190989,0.031245,-0.104123,-0.222233,-0.180426,-0.385091,-0.234305,-0.404669,-0.804027,-0.987963,-2.364324,False,8.969000
ALL__H25__S0__P6K5__E2_B4,ALL,25,S0,P6K5,E2_B4,E2,76471,22021,21808,0,461,0,53907,82,192,21,923,213,1147,0,0,0,0,0,2617,4986,14205,0,0,0,0,0,0,0,3395,1706,488,2355,3350,0.287965,0.604338,382221.844705,96765.319164,-0.064415,-0.149292,0.031245,-0.095659,-0.180536,-0.158288,-0.298734,-0.192818,-0.376355,-0.775966,-0.960630,-1.627459,False,4.732000
ALL__H25__S0__P6K5__E2_B5,ALL,25,S0,P6K5,E2_B5,E2,76471,22021,21808,0,461,0,53907,82,192,21,923,213,1147,0,0,0,0,0,2617,4986,14205,0,0,0,0,0,0,0,3395,1706,488,2355,3350,0.287965,0.604338,382221.844705,96765.319164,-0.064415,-0.149292,0.031245,-0.095659,-0.180536,-0.158288,-0.298734,-0.192818,-0.376355,-0.775966,-0.960630,-1.627459,False,7.563000
ALL__H25__S0__P6K5__E2_B6,ALL,25,S0,P6K5,E2_B6,E2,76471,22118,21895,0,461,0,53810,82,203,20,913,223,1168,0,0,0,0,0,2717,5040,14138,0,0,0,0,0,0,0,3395,1706,488,2355,3351,0.289234,0.591002,410602.009492,96501.093318,-0.059764,-0.149453,0.031245,-0.091009,-0.180697,-0.153990,-0.305748,-0.170953,-0.345715,-0.757566,-0.961612,-1.541118,False,9.279000
ALL__H25__S0__P6K5__E2_B7,ALL,25,S0,P6K5,E2_B7,E2,76471,21435,21222,0,461,0,54493,82,193,20,895,213,1147,0,0,0,0,0,2573,4836,13813,0,0,0,0,0,0,0,3395,1706,488,2355,3348,0.280302,0.607115,376796.955459,47856.514208,-0.065340,-0.189764,0.031245,-0.096585,-0.221009,-0.159088,-0.364031,-0.198026,-0.365279,-0.785587,-0.987794,-1.275428,False,8.850000
ALL__H25__S0__P6K5__E2_B8,ALL,25,S0,P6K5,E2_B8,E2,76471,21738,21504,0,461,0,54190,82,213,21,939,234,1134,0,0,0,0,0,2634,4969,13901,0,0,0,0,0,0,0,3395,1706,488,2355,3350,0.284265,0.606264,402194.858377,116694.874142,-0.061110,-0.138191,0.031245,-0.092354,-0.169435,-0.152333,-0.279474,-0.176457,-0.348761,-0.762955,-0.948056,-1.487473,False,9.070000
ALL__H25__S0__P6K5__E2_B9,ALL,25,S0,P6K5,E2_B9,E2,76471,21212,21042,0,461,0,54716,82,151,19,837,170,1178,0,0,0,0,0,3430,4790,12822,0,0,0,0,0,0,0,3395,1706,488,2355,3354,0.277386,0.541916,333130.657817,95729.455152,-0.073276,-0.149925,0.031245,-0.104521,-0.181170,-0.192873,-0.334314,-0.237737,-0.395137,-0.788066,-0.952051,-2.019779,False,7.787000
ALL__H25__S0__P6K5__E3,ALL,25,S0,P6K5,E3,E3,76471,18677,18604,0,461,0,57251,82,56,17,7702,73,0,0,0,0,0,0,0,0,4469,14135,0,0,0,0,61,0,3395,1706,488,2355,3355,0.244236,0.292890,92721.423381,-3601.757055,-0.151802,-1.000000,0.031245,-0.183047,-1.031245,-0.624968,-3.520927,-0.731927,,-0.910654,-1.007437,-6.030839,False,2.933000
ALL__H25__S0__P6K5__E4,ALL,25,S0,P6K5,E4,E4,76471,21845,26527,0,461,0,54083,82,140,34,4939,174,0,0,0,3694,0,0,0,0,16113,5558,4856,0,0,0,0,0,3395,1706,488,2355,3376,0.285664,0.492320,323352.235179,329108.280066,-0.075186,-0.074055,0.031245,-0.106430,-0.105300,-0.216181,-0.213885,-0.177439,-0.154854,-0.749743,-0.773630,5.225258,False,4.863000
ALL__H25__S0__P6K5__E5,ALL,25,S0,P6K5,E5,E5,76471,21076,20916,0,461,0,54852,82,140,20,7587,160,0,0,0,0,0,0,0,0,11272,0,0,9644,0,0,0,0,3395,1706,488,2355,3358,0.275608,0.485463,248223.876693,60928.940855,-0.091961,-0.176104,0.031245,-0.123205,-0.207349,-0.253789,-0.427115,-0.351064,-0.534900,-0.823741,-0.963185,-3.832179,False,4.039000
ALL__H25__S0__P6K5__E6,ALL,25,S0,P6K5,E6,E6,76471,23123,22998,0,461,0,52805,82,110,15,3743,125,0,0,0,0,0,0,0,0,7293,0,0,0,15705,0,726,0,3395,1706,488,2355,3334,0.302376,0.521577,172035.446941,-159105.287607,-0.114719,-1.000000,0.031245,-0.145963,-1.031245,-0.279850,-1.977168,-0.409573,,-0.901439,-1.106614,-0.755910,False,2.690000
ALL__H25__S0__P6K5__E7,ALL,25,S0,P6K5,E7,E7,76471,21231,21049,0,461,0,54697,82,154,28,7497,182,0,0,0,0,0,0,0,0,10429,0,0,0,0,10620,0,0,3395,1706,488,2355,3347,0.277635,0.562006,305104.186886,201541.931901,-0.078898,-0.104964,0.031245,-0.110142,-0.136208,-0.195980,-0.242361,-0.264766,-0.317832,-0.831230,-0.892839,-4.181016,False,3.316000
ALL__H25__S0__P6K7__E0,ALL,25,S0,P6K7,E0,E0,76471,12611,12571,0,461,0,63317,82,23,17,262,40,0,0,0,0,0,12571,0,0,0,0,0,0,0,0,0,0,3395,1706,488,2065,3340,0.164912,0.514294,332560.549805,304451.977662,-0.073386,-0.079034,0.031245,-0.104631,-0.110279,-0.203445,-0.214427,-0.097538,-0.106804,-0.829408,-0.848426,-0.531775,False,3.189000
ALL__H25__S0__P6K7__E1_A1,ALL,25,S0,P6K7,E1_A1,E1,76471,25095,24848,0,461,0,50833,82,233,14,1118,247,0,0,0,0,0,0,4315,9149,11384,0,0,0,0,0,0,0,3395,1706,488,2065,3314,0.328164,0.570109,330792.334423,115517.298193,-0.073728,-0.138795,0.031245,-0.104973,-0.170040,-0.184127,-0.298259,-0.290714,-0.441822,-0.775105,-0.941735,-2.033879,False,4.637000
ALL__H25__S0__P6K7__E1_A10,ALL,25,S0,P6K7,E1_A10,E1,76471,20764,20566,0,461,0,55164,82,182,16,1045,198,0,0,0,0,0,0,1235,7873,11458,0,0,0,0,0,22,0,3395,1706,488,2065,3335,0.271528,0.486154,228283.129809,1144.122468,-0.097210,-0.374315,0.031245,-0.128455,-0.405559,-0.264226,-0.834220,-0.376756,,-0.842315,-1.005399,-2.402545,False,3.939000
ALL__H25__S0__P6K7__E1_A11,ALL,25,S0,P6K7,E1_A11,E1,76471,18317,18084,0,461,0,57611,82,215,18,869,233,0,0,0,0,0,0,1071,4478,12535,0,0,0,0,0,0,0,3395,1706,488,2065,3336,0.239529,0.495128,290851.837453,61676.960964,-0.081943,-0.175408,0.031245,-0.113188,-0.206652,-0.228603,-0.417371,-0.276663,-0.438847,-0.816886,-0.975184,-3.007238,False,4.510000
ALL__H25__S0__P6K7__E1_A12,ALL,25,S0,P6K7,E1_A12,E1,76471,16316,16134,0,461,0,59612,82,160,22,640,182,0,0,0,0,0,0,1028,2446,12660,0,0,0,0,0,0,0,3395,1706,488,2065,3359,0.213362,0.439794,280269.189112,160669.037761,-0.084296,-0.118898,0.031245,-0.115540,-0.150143,-0.262715,-0.341393,-0.235214,-0.308733,-0.776376,-0.885328,-1.551657,False,4.938000
ALL__H25__S0__P6K7__E1_A2,ALL,25,S0,P6K7,E1_A2,E1,76471,25741,25460,0,461,0,50187,82,264,17,1001,281,0,0,0,0,0,0,4623,5858,14979,0,0,0,0,0,0,0,3395,1706,488,2065,3315,0.336611,0.681759,523648.565676,289206.221774,-0.043800,-0.082304,0.031245,-0.075044,-0.113548,-0.110074,-0.166552,-0.108457,-0.197668,-0.689487,-0.862169,-1.373128,False,5.786000
ALL__H25__S0__P6K7__E1_A3,ALL,25,S0,P6K7,E1_A3,E1,76471,26301,25990,0,461,0,49627,82,288,23,886,311,0,0,0,0,0,0,4912,3678,17400,0,0,0,0,0,0,0,3395,1706,488,2065,3312,0.343934,0.779089,676234.353548,370393.834351,-0.026721,-0.066449,0.031245,-0.057965,-0.097693,-0.074401,-0.125394,-0.015619,-0.122429,-0.653670,-0.814926,-0.435776,False,5.758000
ALL__H25__S0__P6K7__E1_A4,ALL,25,S0,P6K7,E1_A4,E1,76471,22114,21916,0,461,0,53814,82,183,15,1042,198,0,0,0,0,0,0,2634,8205,11077,0,0,0,0,0,0,0,3395,1706,488,2065,3328,0.289182,0.488738,245138.025343,56487.940288,-0.092747,-0.180409,0.031245,-0.123991,-0.211654,-0.253697,-0.433062,-0.367557,-0.529854,-0.825483,-0.973791,-2.091646,False,4.247000
ALL__H25__S0__P6K7__E1_A5,ALL,25,S0,P6K7,E1_A5,E1,76471,22848,22606,0,461,0,53080,82,221,21,936,242,0,0,0,0,0,0,2807,5298,14501,0,0,0,0,0,0,0,3395,1706,488,2065,3321,0.298780,0.626211,425967.197978,102899.924871,-0.057370,-0.145664,0.031245,-0.088614,-0.176908,-0.141508,-0.282506,-0.168344,-0.355213,-0.745686,-0.957853,-1.886545,False,4.879000
ALL__H25__S0__P6K7__E1_A6,ALL,25,S0,P6K7,E1_A6,E1,76471,19855,19659,0,461,0,56073,82,172,24,734,196,0,0,0,0,0,0,2503,2806,14350,0,0,0,0,0,0,0,3395,1706,488,2065,3333,0.259641,0.508154,280793.784860,40501.090676,-0.084177,-0.199071,0.031245,-0.115422,-0.230316,-0.227139,-0.453240,-0.294830,-0.452080,-0.814707,-0.986467,-1.359376,False,3.525000
ALL__H25__S0__P6K7__E1_A7,ALL,25,S0,P6K7,E1_A7,E1,76471,20120,19971,0,461,0,55808,82,135,14,1050,149,0,0,0,0,0,0,1676,7603,10692,0,0,0,0,0,151,0,3395,1706,488,2065,3338,0.263106,0.446020,196911.779999,-32797.883066,-0.106403,-1.000000,0.031245,-0.137647,-1.031245,-0.308612,-2.312102,-0.431906,,-0.859498,-1.028304,-2.581859,False,4.002000
ALL__H25__S0__P6K7__E1_A8,ALL,25,S0,P6K7,E1_A8,E1,76471,18562,18349,0,461,0,57366,82,194,19,840,213,0,0,0,0,0,0,1500,4531,12318,0,0,0,0,0,73,0,3395,1706,488,2065,3333,0.242733,0.480173,268300.079572,-26718.909423,-0.087058,-1.000000,0.031245,-0.118303,-1.031245,-0.246376,-2.147652,-0.244820,,-0.822443,-1.026277,-3.926905,False,4.051000
ALL__H25__S0__P6K7__E1_A9,ALL,25,S0,P6K7,E1_A9,E1,76471,17074,16870,0,461,0,58854,82,184,20,642,204,0,0,0,0,0,0,1463,2504,12903,0,0,0,0,0,0,0,3395,1706,488,2065,3352,0.223274,0.437598,243497.805779,79306.394328,-0.093169,-0.160930,0.031245,-0.124413,-0.192174,-0.284309,-0.439157,-0.333293,-0.465727,-0.824961,-0.956344,-2.230221,False,3.924000
ALL__H25__S0__P6K7__E2_B1,ALL,25,S0,P6K7,E2_B1,E2,76471,23189,22937,0,461,0,52739,82,231,21,945,252,1205,0,0,0,0,0,2860,5227,14850,0,0,0,0,0,0,0,3395,1706,488,2065,3316,0.303239,0.651028,455017.869047,74156.570929,-0.053054,-0.164821,0.031245,-0.084299,-0.196065,-0.129486,-0.301163,-0.142323,-0.341345,-0.732880,-0.977632,-0.992610,False,6.502000
ALL__H25__S0__P6K7__E2_B10,ALL,25,S0,P6K7,E2_B10,E2,76471,25146,24860,0,461,0,50782,82,267,19,948,286,1246,0,0,0,0,0,4503,5646,14711,0,0,0,0,0,0,0,3395,1706,488,2065,3315,0.328831,0.655935,564521.356045,293395.544157,-0.038811,-0.081390,0.031245,-0.070056,-0.112634,-0.106803,-0.171715,-0.084093,-0.180113,-0.708496,-0.880135,-1.115064,False,6.661000
ALL__H25__S0__P6K7__E2_B11,ALL,25,S0,P6K7,E2_B11,E2,76471,18867,18660,0,461,0,57061,82,189,18,872,207,1099,0,0,0,0,0,1523,4529,12608,0,0,0,0,0,72,0,3395,1706,488,2065,3335,0.246721,0.491340,282806.652226,-22736.134616,-0.083724,-1.000000,0.031245,-0.114969,-1.031245,-0.233990,-2.098842,-0.232173,,-0.815771,-1.024993,-3.131300,False,5.242000
ALL__H25__S0__P6K7__E2_B12,ALL,25,S0,P6K7,E2_B12,E2,76471,18708,18478,0,461,0,57220,82,209,21,846,230,1139,0,0,0,0,0,1081,4556,12841,0,0,0,0,0,0,0,3395,1706,488,2065,3338,0.244642,0.505790,308341.666304,50949.252852,-0.078224,-0.186244,0.031245,-0.109469,-0.217489,-0.216431,-0.429998,-0.265734,-0.455817,-0.801937,-0.980449,-2.856344,False,5.181000
ALL__H25__S0__P6K7__E2_B13,ALL,25,S0,P6K7,E2_B13,E2,76471,21792,21604,0,461,0,54136,82,173,15,1067,188,1089,0,0,0,0,0,2517,8096,10991,0,0,0,0,0,0,0,3395,1706,488,2065,3330,0.284971,0.488521,239614.657179,60671.004010,-0.094177,-0.176346,0.031245,-0.125422,-0.207590,-0.256738,-0.424937,-0.373701,-0.529158,-0.823784,-0.969336,-2.373005,False,4.426000
ALL__H25__S0__P6K7__E2_B14,ALL,25,S0,P6K7,E2_B14,E2,76471,19914,19684,0,461,0,56014,82,205,25,673,230,1152,0,0,0,0,0,2484,2801,14399,0,0,0,0,0,0,0,3395,1706,488,2065,3339,0.260412,0.517048,329531.509727,85404.413819,-0.073973,-0.156616,0.031245,-0.105218,-0.187860,-0.203497,-0.363332,-0.245709,-0.411594,-0.761320,-0.955393,-1.314043,False,7.436000
ALL__H25__S0__P6K7__E2_B18,ALL,25,S0,P6K7,E2_B18,E2,76471,22611,22375,0,461,0,53317,82,215,21,940,236,1210,0,0,0,0,0,2752,5327,14296,0,0,0,0,0,0,0,3395,1706,488,2065,3315,0.295681,0.640691,418788.450845,52537.382056,-0.058478,-0.184513,0.031245,-0.089723,-0.215758,-0.140041,-0.336758,-0.170332,-0.358863,-0.752677,-0.984668,-1.794121,False,7.345000
ALL__H25__S0__P6K7__E2_B19,ALL,25,S0,P6K7,E2_B19,E2,76471,17833,17628,0,461,0,58095,82,187,18,831,205,1103,0,0,0,0,0,1002,4439,12187,0,0,0,0,0,0,0,3395,1706,488,2065,3331,0.233200,0.485825,266310.350107,19521.914946,-0.087529,-0.238532,0.031245,-0.118773,-0.269777,-0.244478,-0.555296,-0.315515,-0.340402,-0.830268,-0.996124,-3.586313,False,4.486000
ALL__H25__S0__P6K7__E2_B2,ALL,25,S0,P6K7,E2_B2,E2,76471,21873,21652,0,461,0,54055,82,201,20,911,221,1218,0,0,0,0,0,2610,5045,13997,0,0,0,0,0,6,0,3395,1706,488,2065,3326,0.286030,0.600026,373155.225303,20954.672957,-0.065968,-0.234789,0.031245,-0.097213,-0.266034,-0.162014,-0.443371,-0.206224,,-0.763723,-1.004865,-1.682924,False,6.020000
ALL__H25__S0__P6K7__E2_B20,ALL,25,S0,P6K7,E2_B20,E2,76471,23211,22955,0,461,0,52717,82,235,21,943,256,1231,0,0,0,0,0,2935,5307,14713,0,0,0,0,0,0,0,3395,1706,488,2065,3317,0.303527,0.637494,471106.433283,71872.618698,-0.050774,-0.166628,0.031245,-0.082018,-0.197872,-0.128657,-0.310391,-0.132495,-0.320738,-0.729149,-0.977080,-0.935017,False,4.788000
ALL__H25__S0__P6K7__E2_B3,ALL,25,S0,P6K7,E2_B3,E2,76471,23364,23111,0,461,0,52564,82,232,21,965,253,1223,0,0,0,0,0,2828,5443,14840,0,0,0,0,0,0,0,3395,1706,488,2065,3313,0.305528,0.647963,449454.634366,96792.161454,-0.053860,-0.149276,0.031245,-0.085105,-0.180520,-0.131342,-0.278596,-0.145167,-0.342774,-0.733417,-0.960739,-1.872000,False,9.812000
ALL__H25__S0__P6K7__E2_B4,ALL,25,S0,P6K7,E2_B4,E2,76471,23189,22937,0,461,0,52739,82,231,21,945,252,1205,0,0,0,0,0,2860,5227,14850,0,0,0,0,0,0,0,3395,1706,488,2065,3316,0.303239,0.651028,455017.869047,74156.570929,-0.053054,-0.164821,0.031245,-0.084299,-0.196065,-0.129486,-0.301163,-0.142323,-0.341345,-0.732880,-0.977632,-0.992610,False,9.969000
ALL__H25__S0__P6K7__E2_B5,ALL,25,S0,P6K7,E2_B5,E2,76471,23189,22937,0,461,0,52739,82,231,21,945,252,1205,0,0,0,0,0,2860,5227,14850,0,0,0,0,0,0,0,3395,1706,488,2065,3316,0.303239,0.651028,455017.869047,74156.570929,-0.053054,-0.164821,0.031245,-0.084299,-0.196065,-0.129486,-0.301163,-0.142323,-0.341345,-0.732880,-0.977632,-0.992610,False,5.768000
ALL__H25__S0__P6K7__E2_B6,ALL,25,S0,P6K7,E2_B6,E2,76471,23540,23272,0,461,0,52388,82,247,21,930,268,1271,0,0,0,0,0,2982,5349,14941,0,0,0,0,0,0,0,3395,1706,488,2065,3320,0.307829,0.643847,481461.966687,103933.315126,-0.049344,-0.145073,0.031245,-0.080588,-0.176317,-0.125167,-0.273850,-0.126458,-0.322764,-0.716464,-0.958799,-0.782353,False,6.502000
ALL__H25__S0__P6K7__E2_B7,ALL,25,S0,P6K7,E2_B7,E2,76471,22540,22302,0,461,0,53388,82,217,21,935,238,1231,0,0,0,0,0,2754,5120,14428,0,0,0,0,0,0,0,3395,1706,488,2065,3317,0.294752,0.642878,424221.853526,28496.352214,-0.057638,-0.218329,0.031245,-0.088882,-0.249574,-0.138256,-0.388213,-0.168998,0.129220,-0.751023,-0.998961,-0.814234,False,6.025000
ALL__H25__S0__P6K7__E2_B8,ALL,25,S0,P6K7,E2_B8,E2,76471,22706,22449,0,461,0,53222,82,236,21,926,257,1199,0,0,0,0,0,2765,5212,14472,0,0,0,0,0,0,0,3395,1706,488,2065,3321,0.296923,0.630018,448501.889587,88101.657798,-0.053999,-0.154798,0.031245,-0.085244,-0.186043,-0.135304,-0.295297,-0.146539,-0.348991,-0.722190,-0.965919,-1.515973,False,9.430000
ALL__H25__S0__P6K7__E2_B9,ALL,25,S0,P6K7,E2_B9,E2,76471,23044,22847,0,461,0,52884,82,178,19,932,197,1249,0,0,0,0,0,3767,5205,13875,0,0,0,0,0,0,0,3395,1706,488,2065,3328,0.301343,0.604947,417874.888402,99627.159423,-0.058620,-0.147574,0.031245,-0.089865,-0.178818,-0.148550,-0.295593,-0.174298,-0.360793,-0.743618,-0.956359,-1.486654,False,6.700000
ALL__H25__S0__P6K7__E3,ALL,25,S0,P6K7,E3,E3,76471,17870,17798,0,461,0,58058,82,55,17,7690,72,0,0,0,0,0,0,0,0,4299,13499,0,0,0,0,0,0,3395,1706,488,2065,3338,0.233683,0.277114,75749.351112,13524.922822,-0.163591,-0.257636,0.031245,-0.194836,-0.288880,-0.703090,-1.042461,-0.813003,-0.926944,-0.928700,-0.991160,-5.792220,False,3.964000
ALL__H25__S0__P6K7__E4,ALL,25,S0,P6K7,E4,E4,76471,22640,27527,0,461,0,53288,82,160,33,4961,193,0,0,0,3792,0,0,0,0,16645,5802,5080,0,0,0,0,0,3395,1706,488,2065,3358,0.296060,0.511386,364911.303293,345235.600993,-0.067412,-0.070984,0.031245,-0.098656,-0.102228,-0.192920,-0.199904,-0.126821,-0.121517,-0.721445,-0.771563,5.166645,False,4.915000
ALL__H25__S0__P6K7__E5,ALL,25,S0,P6K7,E5,E5,76471,19750,19627,0,461,0,56178,82,103,20,7692,123,0,0,0,0,0,0,0,0,10650,0,0,8977,0,0,0,0,3395,1706,488,2065,3339,0.258268,0.439703,212734.031195,17108.534044,-0.101608,-0.245457,0.031245,-0.132853,-0.276702,-0.302143,-0.629292,-0.413273,-0.555443,-0.835481,-0.991149,-3.908845,False,3.265000
ALL__H25__S0__P6K7__E6,ALL,25,S0,P6K7,E6,E6,76471,24230,24110,0,461,0,51698,82,107,13,4757,120,0,0,0,0,0,0,0,0,7576,0,0,0,16534,0,454,0,3395,1706,488,2065,3271,0.316852,0.605827,273749.103959,-130253.471855,-0.085787,-1.000000,0.031245,-0.117031,-1.031245,-0.193176,-1.702210,-0.274142,,-0.856422,-1.074137,-0.817837,False,2.225000
ALL__H25__S0__P6K7__E7,ALL,25,S0,P6K7,E7,E7,76471,23226,23037,0,461,0,52702,82,162,27,7670,189,0,0,0,0,0,0,0,0,11412,0,0,0,0,11625,0,0,3395,1706,488,2065,3318,0.303723,0.649789,364440.960508,233075.412835,-0.067495,-0.095911,0.031245,-0.098740,-0.127155,-0.151956,-0.195687,-0.214631,-0.285441,-0.822256,-0.893375,-4.191096,False,3.448000
v6-1__H10__S0__P6K3__E0,v6-1,10,S0,P6K3,E0,E0,3405,1713,1706,0,12,0,1680,0,1,6,29,7,0,0,0,0,0,1706,0,0,0,0,0,0,0,0,0,0,1101,62,40,246,614,0.503084,0.936039,1435000.355605,1591503.290108,0.025319,0.032693,0.031245,-0.005926,0.001449,-0.006330,0.001548,0.225627,0.254073,-0.586750,-0.596450,2.295429,False,0.273000
v6-1__H10__S0__P6K3__E1_A1,v6-1,10,S0,P6K3,E1_A1,E1,3405,1836,1831,0,12,0,1557,0,1,4,77,5,0,0,0,0,0,0,212,442,1177,0,0,0,0,0,0,0,1101,62,40,246,656,0.539207,0.603440,1008302.075668,1451305.701566,0.000573,0.026121,0.031245,-0.030672,-0.005123,-0.050829,-0.008490,0.105754,0.229436,-0.558181,-0.627054,2.311353,False,0.275000
v6-1__H10__S0__P6K3__E1_A10,v6-1,10,S0,P6K3,E1_A10,E1,3405,1808,1802,0,12,0,1585,0,1,5,79,6,0,0,0,0,0,0,50,428,1324,0,0,0,0,0,0,0,1101,62,40,246,640,0.530984,0.800514,1336261.032500,1719675.649667,0.020271,0.038246,0.031245,-0.010974,0.007001,-0.013708,0.008746,0.200870,0.276049,-0.466544,-0.586911,2.724627,False,0.170000
v6-1__H10__S0__P6K3__E1_A11,v6-1,10,S0,P6K3,E1_A11,E1,3405,1776,1769,0,12,0,1617,0,1,6,69,7,0,0,0,0,0,0,40,222,1507,0,0,0,0,0,0,0,1101,62,40,246,642,0.521586,0.805273,1099455.999215,1518219.704150,0.006586,0.029328,0.031245,-0.024659,-0.001916,-0.030622,-0.002380,0.129186,0.240988,-0.629879,-0.617554,2.643518,False,0.169000
v6-1__H10__S0__P6K3__E1_A12,v6-1,10,S0,P6K3,E1_A12,E1,3405,1744,1736,0,12,0,1649,0,1,7,58,8,0,0,0,0,0,0,33,109,1594,0,0,0,0,0,0,0,1101,62,40,246,632,0.512188,0.957267,1379278.066650,1707263.946519,0.022512,0.037725,0.031245,-0.008733,0.006481,-0.009123,0.006770,0.212960,0.274334,-0.591422,-0.568232,2.485781,False,0.170000
v6-1__H10__S0__P6K3__E1_A2,v6-1,10,S0,P6K3,E1_A2,E1,3405,1678,1673,0,12,0,1715,0,1,4,63,5,0,0,0,0,0,0,187,213,1273,0,0,0,0,0,0,0,1101,62,40,246,675,0.492805,0.614819,682958.430527,1115849.739296,-0.026054,0.007618,0.031245,-0.057298,-0.023627,-0.093195,-0.038429,-0.022430,0.158327,-0.704401,-0.684131,1.777324,False,0.272000
v6-1__H10__S0__P6K3__E1_A3,v6-1,10,S0,P6K3,E1_A3,E1,3405,1872,1865,0,12,0,1521,0,1,6,57,7,0,0,0,0,0,0,216,118,1531,0,0,0,0,0,0,0,1101,62,40,246,617,0.549780,0.827259,1198180.278804,1465626.563928,0.012596,0.026819,0.031245,-0.018649,-0.004425,-0.022543,-0.005350,0.161347,0.231385,-0.603420,-0.583604,2.941352,False,0.206000
v6-1__H10__S0__P6K3__E1_A4,v6-1,10,S0,P6K3,E1_A4,E1,3405,1844,1838,0,12,0,1549,0,1,5,78,6,0,0,0,0,0,0,108,446,1284,0,0,0,0,0,0,0,1101,62,40,246,609,0.541557,0.700839,1160441.355070,1639059.632893,0.010355,0.034800,0.031245,-0.020890,0.003556,-0.029807,0.005074,0.150156,0.262050,-0.532474,-0.594158,2.196944,False,0.201000
v6-1__H10__S0__P6K3__E1_A5,v6-1,10,S0,P6K3,E1_A5,E1,3405,1761,1756,0,12,0,1632,0,1,4,60,5,0,0,0,0,0,0,104,210,1442,0,0,0,0,0,0,0,1101,62,40,246,642,0.517181,0.725917,916184.168942,1368439.856639,-0.006042,0.021953,0.031245,-0.037287,-0.009291,-0.051365,-0.012799,0.066175,0.212174,-0.672442,-0.637954,2.673926,False,0.129000
v6-1__H10__S0__P6K3__E1_A6,v6-1,10,S0,P6K3,E1_A6,E1,3405,1899,1892,0,12,0,1494,0,1,6,54,7,0,0,0,0,0,0,117,124,1651,0,0,0,0,0,0,0,1101,62,40,246,601,0.557709,0.869904,1309177.283252,1628491.676524,0.018826,0.034337,0.031245,-0.012419,0.003092,-0.014276,0.003555,0.193028,0.260425,-0.623135,-0.610791,3.119880,False,0.295000
v6-1__H10__S0__P6K3__E1_A7,v6-1,10,S0,P6K3,E1_A7,E1,3405,1873,1867,0,12,0,1520,0,1,5,79,6,0,0,0,0,0,0,72,454,1341,0,0,0,0,0,0,0,1101,62,40,246,598,0.550073,0.758687,1318021.905341,1759829.528810,0.019301,0.039906,0.031245,-0.011944,0.008662,-0.015743,0.011416,0.195509,0.281809,-0.500861,-0.590232,2.567937,False,0.201000
v6-1__H10__S0__P6K3__E1_A8,v6-1,10,S0,P6K3,E1_A8,E1,3405,1789,1782,0,12,0,1604,0,1,6,68,7,0,0,0,0,0,0,56,218,1508,0,0,0,0,0,0,0,1101,62,40,246,623,0.525404,0.778746,1071330.489292,1472077.458590,0.004781,0.027131,0.031245,-0.026463,-0.004113,-0.033982,-0.005282,0.120794,0.232385,-0.642994,-0.630776,2.466154,False,0.200000
v6-1__H10__S0__P6K3__E1_A9,v6-1,10,S0,P6K3,E1_A9,E1,3405,1950,1943,0,12,0,1443,0,1,6,58,7,0,0,0,0,0,0,69,125,1749,0,0,0,0,0,0,0,1101,62,40,246,605,0.572687,0.914181,1445078.228027,1706310.444888,0.025816,0.037685,0.031245,-0.005429,0.006441,-0.005938,0.007045,0.229331,0.273614,-0.597319,-0.598495,3.239947,False,0.150000
v6-1__H10__S0__P6K3__E2_B1,v6-1,10,S0,P6K3,E2_B1,E2,3405,1837,1831,0,12,0,1556,0,1,5,63,6,32,0,0,0,0,0,97,203,1531,0,0,0,0,0,0,0,1101,62,40,246,626,0.539501,0.755199,919964.222122,1278503.791063,-0.005759,0.017155,0.031245,-0.037003,-0.014090,-0.048998,-0.018657,0.066835,0.193291,-0.698948,-0.671919,3.295200,False,0.233000
v6-1__H10__S0__P6K3__E2_B10,v6-1,10,S0,P6K3,E2_B10,E2,3405,1786,1780,0,12,0,1607,0,1,5,61,6,31,0,0,0,0,0,186,202,1392,0,0,0,0,0,0,0,1101,62,40,246,646,0.524523,0.677223,798825.333361,1221630.032209,-0.015430,0.013956,0.031245,-0.046674,-0.017289,-0.068920,-0.025529,0.025609,0.182242,-0.707321,-0.668175,2.832634,False,0.218000
v6-1__H10__S0__P6K3__E2_B11,v6-1,10,S0,P6K3,E2_B11,E2,3405,1881,1875,0,12,0,1512,0,1,5,69,6,34,0,0,0,0,0,47,221,1607,0,0,0,0,0,0,0,1101,62,40,246,603,0.552423,0.802303,1065506.359803,1377898.357524,0.004402,0.022441,0.031245,-0.026842,-0.008804,-0.033456,-0.010973,0.118876,0.214122,-0.678627,-0.662572,2.633265,False,0.227000
v6-1__H10__S0__P6K3__E2_B12,v6-1,10,S0,P6K3,E2_B12,E2,3405,1839,1832,0,12,0,1554,0,1,6,68,7,37,0,0,0,0,0,35,211,1586,0,0,0,0,0,0,0,1101,62,40,246,625,0.540088,0.834534,1155193.646636,1513731.695713,0.010038,0.029117,0.031245,-0.021207,-0.002127,-0.025411,-0.002549,0.147163,0.240142,-0.632396,-0.610477,3.000711,False,0.223000
v6-1__H10__S0__P6K3__E2_B13,v6-1,10,S0,P6K3,E2_B13,E2,3405,1880,1874,0,12,0,1513,0,1,5,80,6,36,0,0,0,0,0,108,437,1329,0,0,0,0,0,0,0,1101,62,40,246,609,0.552129,0.743385,1240313.928792,1727851.148092,0.015022,0.038587,0.031245,-0.016223,0.007342,-0.021823,0.009877,0.173521,0.276693,-0.532491,-0.583151,2.713672,False,0.220000
v6-1__H10__S0__P6K3__E2_B14,v6-1,10,S0,P6K3,E2_B14,E2,3405,1925,1917,0,12,0,1468,0,1,7,55,8,39,0,0,0,0,0,106,117,1694,0,0,0,0,0,0,0,1101,62,40,246,597,0.565345,0.873349,1390169.190992,1659252.175752,0.023068,0.035678,0.031245,-0.008176,0.004433,-0.009362,0.005076,0.214608,0.265545,-0.626223,-0.621641,3.313228,False,0.232000
v6-1__H10__S0__P6K3__E2_B18,v6-1,10,S0,P6K3,E2_B18,E2,3405,1772,1767,0,12,0,1621,0,1,4,61,5,31,0,0,0,0,0,94,202,1471,0,0,0,0,0,0,0,1101,62,40,246,636,0.520411,0.748689,893592.597508,1305777.020107,-0.007759,0.018642,0.031245,-0.039003,-0.012602,-0.052095,-0.016832,0.056545,0.199086,-0.706251,-0.673461,2.921656,False,0.309000
v6-1__H10__S0__P6K3__E2_B19,v6-1,10,S0,P6K3,E2_B19,E2,3405,1820,1813,0,12,0,1573,0,1,6,67,7,37,0,0,0,0,0,37,213,1563,0,0,0,0,0,0,0,1101,62,40,246,634,0.534508,0.827486,1130002.503168,1535899.957316,0.008497,0.030154,0.031245,-0.022747,-0.001091,-0.027490,-0.001318,0.139055,0.244237,-0.636312,-0.606675,2.889805,False,0.219000
v6-1__H10__S0__P6K3__E2_B2,v6-1,10,S0,P6K3,E2_B2,E2,3405,1788,1782,0,12,0,1605,0,1,5,65,6,33,0,0,0,0,0,95,203,1484,0,0,0,0,0,0,0,1101,62,40,246,634,0.525110,0.755000,991107.440416,1335303.789244,-0.000618,0.020220,0.031245,-0.031863,-0.011024,-0.042202,-0.014601,0.094119,0.205519,-0.678594,-0.665064,3.117193,False,0.222000
v6-1__H10__S0__P6K3__E2_B20,v6-1,10,S0,P6K3,E2_B20,E2,3405,1765,1758,0,12,0,1628,0,1,6,65,7,31,0,0,0,0,0,95,203,1460,0,0,0,0,0,0,0,1101,62,40,246,638,0.518355,0.746057,953010.457995,1308458.602678,-0.003326,0.018787,0.031245,-0.034571,-0.012458,-0.046338,-0.016698,0.080133,0.199820,-0.671912,-0.658805,2.881034,False,0.308000
v6-1__H10__S0__P6K3__E2_B3,v6-1,10,S0,P6K3,E2_B3,E2,3405,1809,1803,0,12,0,1584,0,1,5,62,6,33,0,0,0,0,0,99,206,1498,0,0,0,0,0,0,0,1101,62,40,246,633,0.531278,0.749524,894525.382989,1300350.627528,-0.007687,0.018349,0.031245,-0.038931,-0.012896,-0.051942,-0.017205,0.056631,0.197899,-0.703995,-0.672097,3.102730,False,0.312000
v6-1__H10__S0__P6K3__E2_B4,v6-1,10,S0,P6K3,E2_B4,E2,3405,1837,1831,0,12,0,1556,0,1,5,63,6,32,0,0,0,0,0,97,203,1531,0,0,0,0,0,0,0,1101,62,40,246,626,0.539501,0.755199,919964.222122,1278503.791063,-0.005759,0.017155,0.031245,-0.037003,-0.014090,-0.048998,-0.018657,0.066835,0.193291,-0.698948,-0.671919,3.295200,False,0.319000
v6-1__H10__S0__P6K3__E2_B5,v6-1,10,S0,P6K3,E2_B5,E2,3405,1837,1831,0,12,0,1556,0,1,5,63,6,32,0,0,0,0,0,97,203,1531,0,0,0,0,0,0,0,1101,62,40,246,626,0.539501,0.755199,919964.222122,1278503.791063,-0.005759,0.017155,0.031245,-0.037003,-0.014090,-0.048998,-0.018657,0.066835,0.193291,-0.698948,-0.671919,3.295200,False,0.216000
v6-1__H10__S0__P6K3__E2_B6,v6-1,10,S0,P6K3,E2_B6,E2,3405,1817,1811,0,12,0,1576,0,1,5,64,6,32,0,0,0,0,0,102,204,1505,0,0,0,0,0,0,0,1101,62,40,246,633,0.533627,0.747003,909453.502955,1273746.572754,-0.006549,0.016892,0.031245,-0.037794,-0.014352,-0.050594,-0.019213,0.062928,0.192233,-0.693569,-0.666327,3.201433,False,0.314000
v6-1__H10__S0__P6K3__E2_B7,v6-1,10,S0,P6K3,E2_B7,E2,3405,1787,1782,0,12,0,1606,0,1,4,59,5,32,0,0,0,0,0,90,201,1491,0,0,0,0,0,0,0,1101,62,40,246,635,0.524816,0.750234,925745.502460,1279615.411579,-0.005327,0.017216,0.031245,-0.036572,-0.014029,-0.048747,-0.018699,0.069656,0.193658,-0.697566,-0.671078,2.962155,False,0.216000
v6-1__H10__S0__P6K3__E2_B8,v6-1,10,S0,P6K3,E2_B8,E2,3405,1877,1871,0,12,0,1516,0,1,5,63,6,32,0,0,0,0,0,100,193,1578,0,0,0,0,0,0,0,1101,62,40,246,625,0.551248,0.775210,971894.999845,1305524.560700,-0.001972,0.018629,0.031245,-0.033216,-0.012616,-0.042848,-0.016274,0.085727,0.199017,-0.686960,-0.666005,3.310624,False,0.217000
v6-1__H10__S0__P6K3__E2_B9,v6-1,10,S0,P6K3,E2_B9,E2,3405,1820,1814,0,12,0,1573,0,1,5,64,6,30,0,0,0,0,0,150,205,1459,0,0,0,0,0,0,0,1101,62,40,246,641,0.534508,0.749413,973920.721766,1367847.840254,-0.001828,0.021923,0.031245,-0.033072,-0.009322,-0.044131,-0.012439,0.087684,0.212108,-0.664972,-0.645299,2.922702,False,0.208000
v6-1__H10__S0__P6K3__E3,v6-1,10,S0,P6K3,E3,E3,3405,1791,1784,0,12,0,1602,0,1,6,3417,7,0,0,0,0,0,0,0,0,1017,767,0,0,0,0,0,0,1101,62,40,246,657,0.525991,0.696671,1036035.599276,1614846.540692,0.002454,0.033735,0.031245,-0.028791,0.002490,-0.041326,0.003574,0.105841,0.258513,-0.591188,-0.617766,2.560282,False,0.169000
v6-1__H10__S0__P6K3__E4,v6-1,10,S0,P6K3,E4,E4,3405,2040,2629,0,12,0,1353,0,1,8,2430,9,0,0,0,74,0,0,0,0,1860,171,598,0,0,0,0,0,1101,62,40,246,648,0.599119,0.791024,1010340.517555,1177616.095387,0.000712,0.011383,0.031245,-0.030532,-0.019862,-0.038598,-0.025109,0.098919,0.169929,-0.664680,-0.650180,7.997974,False,0.171000
v6-1__H10__S0__P6K3__E5,v6-1,10,S0,P6K3,E5,E5,3405,1599,1593,0,12,0,1794,0,0,6,1202,6,0,0,0,0,0,0,0,0,1220,0,0,373,0,0,0,0,1101,62,40,246,670,0.469604,0.823187,1296985.338793,1648215.265570,0.018166,0.035199,0.031245,-0.013079,0.003955,-0.015888,0.004804,0.189816,0.264301,-0.479462,-0.485918,2.304890,False,0.161000
v6-1__H10__S0__P6K3__E6,v6-1,10,S0,P6K3,E6,E6,3405,2179,2172,0,12,0,1214,0,1,6,732,7,0,0,0,0,0,0,0,0,906,0,0,0,1266,0,0,0,1101,62,40,246,449,0.639941,0.955381,2695306.621676,3568957.108163,0.071054,0.092076,0.031245,0.039809,0.060831,0.041669,0.063672,0.485780,0.489862,-0.334007,-0.437988,3.516274,False,0.122000
v6-1__H10__S0__P6K3__E7,v6-1,10,S0,P6K3,E7,E7,3405,1675,1666,0,12,0,1718,0,1,8,1509,9,0,0,0,0,0,0,0,0,1536,0,0,0,0,130,0,0,1101,62,40,246,641,0.491924,0.990128,1523844.237587,1852045.952698,0.029592,0.043590,0.031245,-0.001653,0.012345,-0.001669,0.012468,0.250188,0.297377,-0.558889,-0.535109,2.490132,False,0.241000
v6-1__H10__S0__P6K5__E0,v6-1,10,S0,P6K5,E0,E0,3405,1864,1856,0,12,0,1529,0,1,7,31,8,0,0,0,0,0,1856,0,0,0,0,0,0,0,0,0,0,1101,62,40,148,534,0.547430,0.739403,1247456.170274,1385346.985666,0.015425,0.022822,0.031245,-0.015819,-0.008422,-0.021395,-0.011391,0.175205,0.214914,-0.525089,-0.542349,1.985628,False,0.260000
v6-1__H10__S0__P6K5__E1_A1,v6-1,10,S0,P6K5,E1_A1,E1,3405,2046,2041,0,12,0,1347,0,1,4,80,5,0,0,0,0,0,0,233,486,1322,0,0,0,0,0,0,0,1101,62,40,148,498,0.600881,0.523221,1075640.218042,1618128.619124,0.005061,0.033880,0.031245,-0.026184,0.002635,-0.050043,0.005037,0.116487,0.259153,-0.486522,-0.591767,2.646297,False,0.289000
v6-1__H10__S0__P6K5__E1_A10,v6-1,10,S0,P6K5,E1_A10,E1,3405,1952,1945,0,12,0,1441,0,1,6,85,7,0,0,0,0,0,0,53,466,1426,0,0,0,0,0,0,0,1101,62,40,148,526,0.573275,0.590968,1045424.208078,1510919.461160,0.003080,0.028985,0.031245,-0.028164,-0.002260,-0.047658,-0.003824,0.102939,0.239559,-0.487717,-0.613626,2.637244,False,0.148000
v6-1__H10__S0__P6K5__E1_A11,v6-1,10,S0,P6K5,E1_A11,E1,3405,1925,1918,0,12,0,1468,0,1,6,69,7,0,0,0,0,0,0,43,229,1646,0,0,0,0,0,0,0,1101,62,40,148,548,0.565345,0.623026,916238.145096,1291100.964560,-0.006038,0.017845,0.031245,-0.037282,-0.013399,-0.059841,-0.021506,0.048600,0.193513,-0.595601,-0.614352,2.913242,False,0.254000
v6-1__H10__S0__P6K5__E1_A12,v6-1,10,S0,P6K5,E1_A12,E1,3405,2029,2020,0,12,0,1364,0,1,8,62,9,0,0,0,0,0,0,43,129,1848,0,0,0,0,0,0,0,1101,62,40,148,513,0.595888,0.742698,1314233.098418,1523675.484964,0.019098,0.029584,0.031245,-0.012147,-0.001661,-0.016355,-0.002236,0.196493,0.242113,-0.493629,-0.496438,3.495697,False,0.179000
v6-1__H10__S0__P6K5__E1_A2,v6-1,10,S0,P6K5,E1_A2,E1,3405,1873,1869,0,12,0,1520,0,1,3,64,4,0,0,0,0,0,0,207,234,1428,0,0,0,0,0,0,0,1101,62,40,148,540,0.550073,0.538839,802265.190615,1215880.961603,-0.015137,0.013624,0.031245,-0.046381,-0.017620,-0.086077,-0.032700,0.003562,0.177761,-0.600937,-0.630504,2.150440,False,0.201000
v6-1__H10__S0__P6K5__E1_A3,v6-1,10,S0,P6K5,E1_A3,E1,3405,2054,2047,0,12,0,1339,0,1,6,59,7,0,0,0,0,0,0,234,135,1678,0,0,0,0,0,0,0,1101,62,40,148,487,0.603231,0.684509,1446463.154433,1712221.530520,0.025884,0.037934,0.031245,-0.005361,0.006689,-0.007831,0.009772,0.234464,0.275374,-0.453804,-0.482082,2.573279,False,0.210000
v6-1__H10__S0__P6K5__E1_A4,v6-1,10,S0,P6K5,E1_A4,E1,3405,1962,1956,0,12,0,1431,0,1,5,84,6,0,0,0,0,0,0,122,467,1367,0,0,0,0,0,0,0,1101,62,40,148,511,0.576211,0.550384,1065036.241475,1619187.282096,0.004372,0.033927,0.031245,-0.026873,0.002682,-0.048826,0.004873,0.111504,0.259581,-0.511157,-0.590779,2.509028,False,0.202000
v6-1__H10__S0__P6K5__E1_A5,v6-1,10,S0,P6K5,E1_A5,E1,3405,1969,1962,0,12,0,1424,0,1,6,72,7,0,0,0,0,0,0,116,236,1610,0,0,0,0,0,0,0,1101,62,40,148,527,0.578267,0.568381,860003.512514,1314429.498776,-0.010387,0.019108,0.031245,-0.041632,-0.012136,-0.073246,-0.021353,0.027529,0.199553,-0.614079,-0.619487,2.268879,False,0.295000
v6-1__H10__S0__P6K5__E1_A6,v6-1,10,S0,P6K5,E1_A6,E1,3405,2085,2077,0,12,0,1308,0,1,7,63,8,0,0,0,0,0,0,127,142,1808,0,0,0,0,0,0,0,1101,62,40,148,494,0.612335,0.694899,1289495.175854,1594311.760622,0.017758,0.032819,0.031245,-0.013487,0.001575,-0.019408,0.002266,0.188541,0.255087,-0.503991,-0.497636,2.813847,False,0.213000
v6-1__H10__S0__P6K5__E1_A7,v6-1,10,S0,P6K5,E1_A7,E1,3405,1962,1957,0,12,0,1431,0,1,4,76,5,0,0,0,0,0,0,73,473,1411,0,0,0,0,0,0,0,1101,62,40,148,505,0.576211,0.553646,1085186.352926,1602879.111494,0.005676,0.033202,0.031245,-0.025569,0.001958,-0.046183,0.003536,0.119414,0.256555,-0.532655,-0.612016,2.295195,False,0.287000
v6-1__H10__S0__P6K5__E1_A8,v6-1,10,S0,P6K5,E1_A8,E1,3405,1931,1924,0,12,0,1462,0,1,6,71,7,0,0,0,0,0,0,65,235,1624,0,0,0,0,0,0,0,1101,62,40,148,512,0.567107,0.594597,1016670.839820,1461206.739758,0.001145,0.026604,0.031245,-0.030099,-0.004640,-0.050621,-0.007804,0.093698,0.230010,-0.575259,-0.606502,2.669102,False,0.201000
v6-1__H10__S0__P6K5__E1_A9,v6-1,10,S0,P6K5,E1_A9,E1,3405,2096,2088,0,12,0,1297,0,1,7,64,8,0,0,0,0,0,0,71,137,1880,0,0,0,0,0,0,0,1101,62,40,148,498,0.615565,0.702959,1402422.728913,1685156.731643,0.023690,0.036789,0.031245,-0.007554,0.005545,-0.010746,0.007888,0.221929,0.270885,-0.484798,-0.498049,2.870892,False,0.232000
v6-1__H10__S0__P6K5__E2_B1,v6-1,10,S0,P6K5,E2_B1,E2,3405,1936,1929,0,12,0,1457,0,1,6,69,7,36,0,0,0,0,0,103,220,1606,0,0,0,0,0,0,0,1101,62,40,148,518,0.568576,0.578182,957732.551593,1375647.517247,-0.002985,0.022325,0.031245,-0.034230,-0.008920,-0.059203,-0.015427,0.071796,0.212881,-0.607112,-0.623392,2.890855,False,0.169000
v6-1__H10__S0__P6K5__E2_B10,v6-1,10,S0,P6K5,E2_B10,E2,3405,1977,1972,0,12,0,1416,0,1,4,64,5,35,0,0,0,0,0,213,230,1529,0,0,0,0,0,0,0,1101,62,40,148,502,0.580617,0.572343,995904.078529,1440256.861485,-0.000284,0.025579,0.031245,-0.031529,-0.005666,-0.055087,-0.009900,0.087436,0.226071,-0.586042,-0.593678,2.757764,False,0.272000
v6-1__H10__S0__P6K5__E2_B11,v6-1,10,S0,P6K5,E2_B11,E2,3405,1950,1943,0,12,0,1443,0,1,6,74,7,42,0,0,0,0,0,51,228,1664,0,0,0,0,0,0,0,1101,62,40,148,512,0.572687,0.607005,1037257.409243,1399837.913171,0.002536,0.023559,0.031245,-0.028709,-0.007685,-0.047296,-0.012661,0.101957,0.217708,-0.597809,-0.633243,2.495258,False,0.227000
v6-1__H10__S0__P6K5__E2_B12,v6-1,10,S0,P6K5,E2_B12,E2,3405,1923,1916,0,12,0,1470,0,1,6,69,7,41,0,0,0,0,0,34,222,1660,0,0,0,0,0,0,0,1101,62,40,148,546,0.564758,0.626222,898056.624769,1231500.511974,-0.007416,0.014521,0.031245,-0.038661,-0.016724,-0.061736,-0.026706,0.040335,0.179616,-0.613200,-0.627170,2.766046,False,0.291000
v6-1__H10__S0__P6K5__E2_B13,v6-1,10,S0,P6K5,E2_B13,E2,3405,1984,1978,0,12,0,1409,0,1,5,82,6,38,0,0,0,0,0,116,459,1403,0,0,0,0,0,0,0,1101,62,40,148,506,0.582673,0.554430,1067392.091214,1638372.874449,0.004525,0.034770,0.031245,-0.026719,0.003526,-0.048192,0.006359,0.112606,0.262973,-0.521587,-0.588285,2.715353,False,0.317000
v6-1__H10__S0__P6K5__E2_B14,v6-1,10,S0,P6K5,E2_B14,E2,3405,2106,2098,0,12,0,1287,0,1,7,61,8,47,0,0,0,0,0,118,135,1845,0,0,0,0,0,0,0,1101,62,40,148,497,0.618502,0.680539,1401932.890299,1694714.109668,0.023665,0.037195,0.031245,-0.007579,0.005951,-0.011137,0.008744,0.221269,0.272306,-0.505588,-0.501650,2.833325,False,0.319000
v6-1__H10__S0__P6K5__E2_B18,v6-1,10,S0,P6K5,E2_B18,E2,3405,1920,1913,0,12,0,1473,0,1,6,72,7,36,0,0,0,0,0,98,227,1588,0,0,0,0,0,0,0,1101,62,40,148,522,0.563877,0.574666,866503.453404,1291031.312547,-0.009871,0.017842,0.031245,-0.041116,-0.013403,-0.071547,-0.023323,0.031189,0.194558,-0.639304,-0.635831,2.378544,False,0.222000
v6-1__H10__S0__P6K5__E2_B19,v6-1,10,S0,P6K5,E2_B19,E2,3405,1927,1921,0,12,0,1466,0,1,5,68,6,41,0,0,0,0,0,40,226,1655,0,0,0,0,0,0,0,1101,62,40,148,549,0.565932,0.627811,893474.438426,1258959.563760,-0.007768,0.016071,0.031245,-0.039012,-0.015174,-0.062140,-0.024170,0.037712,0.185969,-0.614137,-0.618955,2.739730,False,0.325000
v6-1__H10__S0__P6K5__E2_B2,v6-1,10,S0,P6K5,E2_B2,E2,3405,1949,1942,0,12,0,1444,0,1,6,69,7,36,0,0,0,0,0,105,227,1610,0,0,0,0,0,0,0,1101,62,40,148,520,0.572394,0.585283,997807.384173,1373437.578607,-0.000152,0.022211,0.031245,-0.031396,-0.009033,-0.053643,-0.015434,0.087504,0.212377,-0.588671,-0.618995,2.821212,False,0.327000
v6-1__H10__S0__P6K5__E2_B20,v6-1,10,S0,P6K5,E2_B20,E2,3405,1934,1927,0,12,0,1459,0,1,6,70,7,37,0,0,0,0,0,107,227,1593,0,0,0,0,0,0,0,1101,62,40,148,521,0.567988,0.582154,952425.638855,1335790.423811,-0.003369,0.020246,0.031245,-0.034613,-0.010998,-0.059457,-0.018893,0.068655,0.204323,-0.586975,-0.613672,2.437771,False,0.327000
v6-1__H10__S0__P6K5__E2_B3,v6-1,10,S0,P6K5,E2_B3,E2,3405,1931,1924,0,12,0,1462,0,1,6,73,7,37,0,0,0,0,0,106,229,1589,0,0,0,0,0,0,0,1101,62,40,148,523,0.567107,0.575147,852960.181910,1273496.074103,-0.010950,0.016879,0.031245,-0.042195,-0.014366,-0.073363,-0.024978,0.024749,0.190596,-0.639476,-0.639520,2.447545,False,0.222000
v6-1__H10__S0__P6K5__E2_B4,v6-1,10,S0,P6K5,E2_B4,E2,3405,1936,1929,0,12,0,1457,0,1,6,69,7,36,0,0,0,0,0,103,220,1606,0,0,0,0,0,0,0,1101,62,40,148,518,0.568576,0.578182,957732.551593,1375647.517247,-0.002985,0.022325,0.031245,-0.034230,-0.008920,-0.059203,-0.015427,0.071796,0.212881,-0.607112,-0.623392,2.890855,False,0.327000
v6-1__H10__S0__P6K5__E2_B5,v6-1,10,S0,P6K5,E2_B5,E2,3405,1936,1929,0,12,0,1457,0,1,6,69,7,36,0,0,0,0,0,103,220,1606,0,0,0,0,0,0,0,1101,62,40,148,518,0.568576,0.578182,957732.551593,1375647.517247,-0.002985,0.022325,0.031245,-0.034230,-0.008920,-0.059203,-0.015427,0.071796,0.212881,-0.607112,-0.623392,2.890855,False,0.326000
v6-1__H10__S0__P6K5__E2_B6,v6-1,10,S0,P6K5,E2_B6,E2,3405,1927,1921,0,12,0,1466,0,1,5,67,6,36,0,0,0,0,0,107,222,1592,0,0,0,0,0,0,0,1101,62,40,148,517,0.565932,0.577594,924133.556899,1345679.236492,-0.005447,0.020767,0.031245,-0.036692,-0.010477,-0.063525,-0.018140,0.057109,0.206474,-0.604521,-0.616868,2.734333,False,0.221000
v6-1__H10__S0__P6K5__E2_B7,v6-1,10,S0,P6K5,E2_B7,E2,3405,1947,1940,0,12,0,1446,0,1,6,70,7,38,0,0,0,0,0,100,224,1616,0,0,0,0,0,0,0,1101,62,40,148,521,0.571806,0.579155,973437.219339,1375440.009318,-0.001862,0.022314,0.031245,-0.033107,-0.008930,-0.057164,-0.015419,0.078360,0.212856,-0.606858,-0.620804,2.761715,False,0.203000
v6-1__H10__S0__P6K5__E2_B8,v6-1,10,S0,P6K5,E2_B8,E2,3405,1953,1946,0,12,0,1440,0,1,6,67,7,35,0,0,0,0,0,105,202,1639,0,0,0,0,0,0,0,1101,62,40,148,531,0.573568,0.583144,925608.430493,1302543.258200,-0.005338,0.018467,0.031245,-0.036582,-0.012777,-0.062732,-0.021911,0.057666,0.197122,-0.613856,-0.631395,2.934766,False,0.229000
v6-1__H10__S0__P6K5__E2_B9,v6-1,10,S0,P6K5,E2_B9,E2,3405,2000,1994,0,12,0,1393,0,1,5,67,6,36,0,0,0,0,0,172,229,1593,0,0,0,0,0,0,0,1101,62,40,148,507,0.587372,0.577410,1043627.121154,1490983.329818,0.002961,0.028039,0.031245,-0.028284,-0.003205,-0.048984,-0.005551,0.105717,0.235882,-0.584599,-0.608794,2.874433,False,0.332000
v6-1__H10__S0__P6K5__E3,v6-1,10,S0,P6K5,E3,E3,3405,1879,1872,0,12,0,1514,0,1,6,3416,7,0,0,0,0,0,0,0,0,1054,818,0,0,0,0,0,0,1101,62,40,148,542,0.551836,0.554948,1005200.027296,1556104.271759,0.000359,0.031086,0.031245,-0.030885,-0.000158,-0.055655,-0.000285,0.084500,0.248458,-0.466838,-0.581401,2.254950,False,0.169000
v6-1__H10__S0__P6K5__E4,v6-1,10,S0,P6K5,E4,E4,3405,2402,3113,0,12,0,991,0,1,8,2433,9,0,0,0,94,0,0,0,0,2197,196,720,0,0,0,0,0,1101,62,40,148,496,0.705433,0.625881,1272978.246559,1536875.610690,0.016850,0.030199,0.031245,-0.014395,-0.001045,-0.022999,-0.001670,0.183188,0.244524,-0.493721,-0.531102,8.956468,False,0.326000
v6-1__H10__S0__P6K5__E5,v6-1,10,S0,P6K5,E5,E5,3405,1919,1911,0,12,0,1474,0,1,7,2548,8,0,0,0,0,0,0,0,0,1463,0,0,448,0,0,0,0,1101,62,40,148,571,0.563583,0.604744,975783.668009,1342861.998795,-0.001696,0.020619,0.031245,-0.032940,-0.010625,-0.054470,-0.017570,0.074427,0.204836,-0.497963,-0.542472,2.817532,False,0.258000
v6-1__H10__S0__P6K5__E6,v6-1,10,S0,P6K5,E6,E6,3405,2377,2369,0,12,0,1016,0,1,7,2081,8,0,0,0,0,0,0,0,0,1008,0,0,0,1361,0,0,0,1101,62,40,148,359,0.698091,0.665789,2287062.463376,3111702.192701,0.058944,0.081759,0.031245,0.027700,0.050515,0.041604,0.075872,0.442950,0.454794,-0.282434,-0.450473,3.759619,False,0.190000
v6-1__H10__S0__P6K5__E7,v6-1,10,S0,P6K5,E7,E7,3405,1956,1947,0,12,0,1437,0,1,8,1510,9,0,0,0,0,0,0,0,0,1804,0,0,0,0,143,0,0,1101,62,40,148,515,0.574449,0.745566,1377885.247391,1684474.120879,0.022440,0.036760,0.031245,-0.008805,0.005516,-0.011809,0.007398,0.215105,0.270980,-0.485763,-0.485535,3.143502,False,0.201000
v6-1__H10__S0__P6K7__E0,v6-1,10,S0,P6K7,E0,E0,3405,2117,2108,0,12,0,1276,0,1,8,34,9,0,0,0,0,0,2108,0,0,0,0,0,0,0,0,0,0,1101,62,40,102,401,0.621733,0.639779,1578662.402833,1850019.063594,0.032114,0.043510,0.031245,0.000870,0.012266,0.001359,0.019172,0.274708,0.298114,-0.359330,-0.484513,2.418571,False,0.307000
v6-1__H10__S0__P6K7__E1_A1,v6-1,10,S0,P6K7,E1_A1,E1,3405,2098,2094,0,12,0,1295,0,1,3,82,4,0,0,0,0,0,0,219,520,1355,0,0,0,0,0,0,0,1101,62,40,102,424,0.616153,0.476738,1032858.603128,1501759.952270,0.002241,0.028552,0.031245,-0.029004,-0.002693,-0.060838,-0.005648,0.092322,0.237923,-0.428115,-0.593274,1.771034,False,0.289000
v6-1__H10__S0__P6K7__E1_A10,v6-1,10,S0,P6K7,E1_A10,E1,3405,2101,2094,0,12,0,1292,0,1,6,93,7,0,0,0,0,0,0,53,497,1544,0,0,0,0,0,0,0,1101,62,40,102,432,0.617034,0.519931,1052150.042897,1494815.546680,0.003526,0.028222,0.031245,-0.027719,-0.003023,-0.053313,-0.005814,0.100359,0.236581,-0.457045,-0.586993,2.516709,False,0.159000
v6-1__H10__S0__P6K7__E1_A11,v6-1,10,S0,P6K7,E1_A11,E1,3405,2067,2059,0,12,0,1326,0,1,7,81,8,0,0,0,0,0,0,46,249,1764,0,0,0,0,0,0,0,1101,62,40,102,440,0.607048,0.541089,1024244.003511,1416013.899000,0.001660,0.024374,0.031245,-0.029585,-0.006871,-0.054676,-0.012698,0.089505,0.220478,-0.502877,-0.563729,2.716052,False,0.178000
v6-1__H10__S0__P6K7__E1_A12,v6-1,10,S0,P6K7,E1_A12,E1,3405,2165,2156,0,12,0,1228,0,1,8,69,9,0,0,0,0,0,0,48,144,1964,0,0,0,0,0,0,0,1101,62,40,102,413,0.635830,0.618046,1444619.329976,1785237.000964,0.025793,0.040939,0.031245,-0.005451,0.009694,-0.008820,0.015685,0.238603,0.288368,-0.401920,-0.502661,3.232954,False,0.237000
v6-1__H10__S0__P6K7__E1_A2,v6-1,10,S0,P6K7,E1_A2,E1,3405,2108,2103,0,12,0,1285,0,1,4,73,5,0,0,0,0,0,0,220,261,1622,0,0,0,0,0,0,0,1101,62,40,102,423,0.619090,0.497381,985474.646565,1382777.410780,-0.001012,0.022691,0.031245,-0.032257,-0.008554,-0.064854,-0.017197,0.073263,0.213651,-0.500414,-0.577950,2.007985,False,0.207000
v6-1__H10__S0__P6K7__E1_A3,v6-1,10,S0,P6K7,E1_A3,E1,3405,2185,2179,0,12,0,1208,0,1,5,62,6,0,0,0,0,0,0,247,147,1785,0,0,0,0,0,0,0,1101,62,40,102,417,0.641703,0.553299,1285496.274481,1574214.943555,0.017539,0.031913,0.031245,-0.013706,0.000668,-0.024771,0.001207,0.188593,0.251769,-0.427860,-0.531320,2.580740,False,0.316000
v6-1__H10__S0__P6K7__E1_A4,v6-1,10,S0,P6K7,E1_A4,E1,3405,2115,2109,0,12,0,1278,0,1,5,91,6,0,0,0,0,0,0,126,510,1473,0,0,0,0,0,0,0,1101,62,40,102,407,0.621145,0.496838,1086619.347387,1584274.206759,0.005768,0.032368,0.031245,-0.025477,0.001123,-0.051278,0.002261,0.114492,0.253908,-0.447518,-0.564153,2.113688,False,0.207000
v6-1__H10__S0__P6K7__E1_A5,v6-1,10,S0,P6K7,E1_A5,E1,3405,2054,2048,0,12,0,1339,0,1,5,80,6,0,0,0,0,0,0,123,263,1662,0,0,0,0,0,0,0,1101,62,40,102,423,0.603231,0.508736,954333.521025,1392382.870561,-0.003231,0.023181,0.031245,-0.034475,-0.008063,-0.067767,-0.015850,0.059161,0.215658,-0.529675,-0.581194,2.146589,False,0.299000
v6-1__H10__S0__P6K7__E1_A6,v6-1,10,S0,P6K7,E1_A6,E1,3405,2263,2255,0,12,0,1130,0,1,7,71,8,0,0,0,0,0,0,139,156,1960,0,0,0,0,0,0,0,1101,62,40,102,389,0.664611,0.580583,1438788.305218,1813728.277199,0.025506,0.042080,0.031245,-0.005738,0.010836,-0.009884,0.018663,0.236939,0.292574,-0.411206,-0.482865,2.679849,False,0.223000
v6-1__H10__S0__P6K7__E1_A7,v6-1,10,S0,P6K7,E1_A7,E1,3405,2157,2151,0,12,0,1236,0,1,5,94,6,0,0,0,0,0,0,79,519,1553,0,0,0,0,0,0,0,1101,62,40,102,401,0.633480,0.504333,1276742.634382,1781951.569911,0.017058,0.040806,0.031245,-0.014187,0.009561,-0.028130,0.018958,0.186341,0.288700,-0.400998,-0.571704,2.385555,False,0.214000
v6-1__H10__S0__P6K7__E1_A8,v6-1,10,S0,P6K7,E1_A8,E1,3405,2075,2069,0,12,0,1318,0,1,5,80,6,0,0,0,0,0,0,70,264,1735,0,0,0,0,0,0,0,1101,62,40,102,411,0.609398,0.519714,1156453.535741,1613938.343648,0.010114,0.033694,0.031245,-0.021130,0.002450,-0.040658,0.004714,0.143063,0.259075,-0.483056,-0.558649,2.278909,False,0.209000
v6-1__H10__S0__P6K7__E1_A9,v6-1,10,S0,P6K7,E1_A9,E1,3405,2248,2240,0,12,0,1145,0,1,7,74,8,0,0,0,0,0,0,80,153,2007,0,0,0,0,0,0,0,1101,62,40,102,386,0.660206,0.598794,1593826.947287,1973917.235803,0.032797,0.048204,0.031245,0.001553,0.016960,0.002593,0.028323,0.279933,0.316935,-0.384828,-0.498607,2.758606,False,0.198000
v6-1__H10__S0__P6K7__E2_B1,v6-1,10,S0,P6K7,E2_B1,E2,3405,2115,2108,0,12,0,1278,0,1,6,74,7,44,0,0,0,0,0,112,249,1747,0,0,0,0,0,0,0,1101,62,40,102,413,0.621145,0.515310,1120139.847033,1546691.846814,0.007885,0.030653,0.031245,-0.023359,-0.000591,-0.045330,-0.001147,0.129369,0.246557,-0.485129,-0.555171,2.754716,False,0.245000
v6-1__H10__S0__P6K7__E2_B10,v6-1,10,S0,P6K7,E2_B10,E2,3405,2144,2138,0,12,0,1249,0,1,5,73,6,42,0,0,0,0,0,219,255,1664,0,0,0,0,0,0,0,1101,62,40,102,407,0.629662,0.513655,1145989.724117,1580072.629089,0.009479,0.032178,0.031245,-0.021766,0.000933,-0.042375,0.001817,0.139112,0.252829,-0.469257,-0.546668,2.457924,False,0.235000
v6-1__H10__S0__P6K7__E2_B11,v6-1,10,S0,P6K7,E2_B11,E2,3405,2149,2142,0,12,0,1244,0,1,6,85,7,48,0,0,0,0,0,63,262,1817,0,0,0,0,0,0,0,1101,62,40,102,406,0.631131,0.532287,1296149.166151,1720227.250645,0.018121,0.038269,0.031245,-0.013124,0.007024,-0.024656,0.013196,0.192334,0.277573,-0.473352,-0.553624,2.260301,False,0.245000
v6-1__H10__S0__P6K7__E2_B12,v6-1,10,S0,P6K7,E2_B12,E2,3405,2082,2074,0,12,0,1311,0,1,7,82,8,47,0,0,0,0,0,38,246,1790,0,0,0,0,0,0,0,1101,62,40,102,429,0.611454,0.550663,1118473.455086,1468435.814520,0.007782,0.026955,0.031245,-0.023463,-0.004289,-0.042609,-0.007789,0.128308,0.231305,-0.492063,-0.560220,2.478948,False,0.166000
v6-1__H10__S0__P6K7__E2_B13,v6-1,10,S0,P6K7,E2_B13,E2,3405,2128,2122,0,12,0,1265,0,1,5,90,6,45,0,0,0,0,0,118,497,1507,0,0,0,0,0,0,0,1101,62,40,102,402,0.624963,0.502547,1206716.579978,1736370.830521,0.013094,0.038940,0.031245,-0.018151,0.007696,-0.036118,0.015314,0.161446,0.281183,-0.422160,-0.555905,2.408794,False,0.228000
v6-1__H10__S0__P6K7__E2_B14,v6-1,10,S0,P6K7,E2_B14,E2,3405,2291,2283,0,12,0,1102,0,1,7,69,8,47,0,0,0,0,0,130,146,2007,0,0,0,0,0,0,0,1101,62,40,102,398,0.672834,0.572540,1453381.156329,1812263.397194,0.026223,0.042022,0.031245,-0.005022,0.010777,-0.008771,0.018824,0.239829,0.291992,-0.408351,-0.500675,3.182524,False,0.258000
v6-1__H10__S0__P6K7__E2_B18,v6-1,10,S0,P6K7,E2_B18,E2,3405,2074,2068,0,12,0,1319,0,1,5,77,6,43,0,0,0,0,0,110,253,1705,0,0,0,0,0,0,0,1101,62,40,102,417,0.609104,0.515292,1058102.626751,1491257.545657,0.003918,0.028052,0.031245,-0.027327,-0.003192,-0.053032,-0.006195,0.104445,0.235846,-0.522791,-0.574197,2.438268,False,0.337000
v6-1__H10__S0__P6K7__E2_B19,v6-1,10,S0,P6K7,E2_B19,E2,3405,2044,2037,0,12,0,1349,0,1,6,78,7,47,0,0,0,0,0,43,246,1748,0,0,0,0,0,0,0,1101,62,40,102,427,0.600294,0.550067,1127589.182138,1535026.029273,0.008348,0.030113,0.031245,-0.022897,-0.001131,-0.041625,-0.002057,0.131830,0.244439,-0.495576,-0.550181,2.655914,False,0.219000
v6-1__H10__S0__P6K7__E2_B2,v6-1,10,S0,P6K7,E2_B2,E2,3405,2135,2128,0,12,0,1258,0,1,6,76,7,43,0,0,0,0,0,111,259,1758,0,0,0,0,0,0,0,1101,62,40,102,413,0.627019,0.516765,1126664.089912,1536968.287420,0.008291,0.030203,0.031245,-0.022954,-0.001041,-0.044418,-0.002015,0.131850,0.244698,-0.476167,-0.557297,2.547640,False,0.355000
v6-1__H10__S0__P6K7__E2_B20,v6-1,10,S0,P6K7,E2_B20,E2,3405,2081,2074,0,12,0,1312,0,1,6,77,7,42,0,0,0,0,0,111,253,1710,0,0,0,0,0,0,0,1101,62,40,102,416,0.611160,0.515513,1090773.383263,1509932.461655,0.006033,0.028938,0.031245,-0.025211,-0.002306,-0.048905,-0.004474,0.117784,0.239523,-0.473396,-0.551611,2.324085,False,0.301000
v6-1__H10__S0__P6K7__E2_B3,v6-1,10,S0,P6K7,E2_B3,E2,3405,2130,2123,0,12,0,1263,0,1,6,80,7,42,0,0,0,0,0,120,257,1746,0,0,0,0,0,0,0,1101,62,40,102,417,0.625551,0.514702,1049418.559801,1478327.838249,0.003345,0.027433,0.031245,-0.027900,-0.003812,-0.054205,-0.007406,0.100897,0.233300,-0.522792,-0.576330,2.704616,False,0.348000
v6-1__H10__S0__P6K7__E2_B4,v6-1,10,S0,P6K7,E2_B4,E2,3405,2115,2108,0,12,0,1278,0,1,6,74,7,44,0,0,0,0,0,112,249,1747,0,0,0,0,0,0,0,1101,62,40,102,413,0.621145,0.515310,1120139.847033,1546691.846814,0.007885,0.030653,0.031245,-0.023359,-0.000591,-0.045330,-0.001147,0.129369,0.246557,-0.485129,-0.555171,2.754716,False,0.241000
v6-1__H10__S0__P6K7__E2_B5,v6-1,10,S0,P6K7,E2_B5,E2,3405,2115,2108,0,12,0,1278,0,1,6,74,7,44,0,0,0,0,0,112,249,1747,0,0,0,0,0,0,0,1101,62,40,102,413,0.621145,0.515310,1120139.847033,1546691.846814,0.007885,0.030653,0.031245,-0.023359,-0.000591,-0.045330,-0.001147,0.129369,0.246557,-0.485129,-0.555171,2.754716,False,0.348000
v6-1__H10__S0__P6K7__E2_B6,v6-1,10,S0,P6K7,E2_B6,E2,3405,2073,2067,0,12,0,1320,0,1,5,75,6,42,0,0,0,0,0,110,250,1707,0,0,0,0,0,0,0,1101,62,40,102,414,0.608811,0.514993,1085111.064363,1523240.806227,0.005671,0.029564,0.031245,-0.025574,-0.001681,-0.049658,-0.003264,0.115502,0.242109,-0.479919,-0.548779,2.372020,False,0.227000
v6-1__H10__S0__P6K7__E2_B7,v6-1,10,S0,P6K7,E2_B7,E2,3405,2062,2055,0,12,0,1331,0,1,6,77,7,44,0,0,0,0,0,102,248,1705,0,0,0,0,0,0,0,1101,62,40,102,422,0.605580,0.513996,1082650.880750,1493432.995758,0.005513,0.028156,0.031245,-0.025732,-0.003089,-0.050062,-0.006009,0.114635,0.236291,-0.494406,-0.564974,2.461398,False,0.176000
v6-1__H10__S0__P6K7__E2_B8,v6-1,10,S0,P6K7,E2_B8,E2,3405,2132,2125,0,12,0,1261,0,1,6,74,7,44,0,0,0,0,0,112,229,1784,0,0,0,0,0,0,0,1101,62,40,102,429,0.626138,0.520448,1103686.648912,1499729.127310,0.006853,0.028455,0.031245,-0.024391,-0.002789,-0.046866,-0.005359,0.123106,0.237540,-0.486348,-0.561079,3.006521,False,0.327000
v6-1__H10__S0__P6K7__E2_B9,v6-1,10,S0,P6K7,E2_B9,E2,3405,2132,2127,0,12,0,1261,0,1,4,73,5,42,0,0,0,0,0,176,255,1696,0,0,0,0,0,0,0,1101,62,40,102,419,0.626138,0.511062,1164820.387793,1579510.202137,0.010618,0.032152,0.031245,-0.020626,0.000908,-0.040360,0.001777,0.146299,0.252668,-0.481730,-0.564593,2.784872,False,0.305000
v6-1__H10__S0__P6K7__E3,v6-1,10,S0,P6K7,E3,E3,3405,2056,2049,0,12,0,1337,0,1,6,3414,7,0,0,0,0,0,0,0,0,1136,913,0,0,0,0,0,0,1101,62,40,102,472,0.603818,0.468118,931653.102922,1455610.504736,-0.004889,0.026332,0.031245,-0.036134,-0.004913,-0.077189,-0.010495,0.043432,0.228517,-0.434492,-0.598064,2.048759,False,0.180000
v6-1__H10__S0__P6K7__E4,v6-1,10,S0,P6K7,E4,E4,3405,2432,3130,0,12,0,961,0,1,8,2360,9,0,0,0,92,0,0,0,0,2229,194,707,0,0,0,0,0,1101,62,40,102,423,0.714244,0.532196,1191228.670074,1493243.424394,0.012188,0.028147,0.031245,-0.019056,-0.003098,-0.035807,-0.005820,0.155993,0.236309,-0.470642,-0.520486,8.390876,False,0.322000
v6-1__H10__S0__P6K7__E5,v6-1,10,S0,P6K7,E5,E5,3405,2083,2075,0,12,0,1310,0,1,7,2545,8,0,0,0,0,0,0,0,0,1566,0,0,509,0,0,0,0,1101,62,40,102,467,0.611747,0.548984,1020091.171374,1396986.001379,0.001378,0.023415,0.031245,-0.029866,-0.007830,-0.054403,-0.014262,0.085819,0.216108,-0.396164,-0.548334,2.258674,False,0.201000
v6-1__H10__S0__P6K7__E6,v6-1,10,S0,P6K7,E6,E6,3405,2434,2426,0,12,0,959,0,1,7,2084,8,0,0,0,0,0,0,0,0,1041,0,0,0,1385,0,0,0,1101,62,40,102,310,0.714831,0.524618,1988380.261210,2714076.223787,0.048734,0.071569,0.031245,0.017489,0.040324,0.033338,0.076864,0.400028,0.417105,-0.270134,-0.461942,3.987590,False,0.192000
v6-1__H10__S0__P6K7__E7,v6-1,10,S0,P6K7,E7,E7,3405,2025,2016,0,12,0,1368,0,1,8,1518,9,0,0,0,0,0,0,0,0,1864,0,0,0,0,152,0,0,1101,62,40,102,426,0.594714,0.602598,1296786.964268,1625050.136490,0.018155,0.034186,0.031245,-0.013089,0.002941,-0.021722,0.004881,0.192073,0.261007,-0.425894,-0.504931,2.695845,False,0.200000
v6-1__H20__S0__P6K3__E0,v6-1,20,S0,P6K3,E0,E0,3405,783,773,0,12,0,2610,0,0,10,42,10,0,0,0,0,0,773,0,0,0,0,0,0,0,0,0,0,1101,62,40,246,921,0.229956,0.932568,1098969.117531,2350015.621957,0.006555,0.060937,0.031245,-0.024690,0.029692,-0.026475,0.031839,0.144812,0.365300,-0.615094,-0.614826,2.673192,False,0.138000
v6-1__H20__S0__P6K3__E1_A1,v6-1,20,S0,P6K3,E1_A1,E1,3405,1718,1709,0,12,0,1675,0,5,4,87,9,0,0,0,0,0,0,425,599,685,0,0,0,0,0,0,0,1101,62,40,246,724,0.504552,0.922002,1449355.524205,2211580.589908,0.026026,0.056487,0.031245,-0.005219,0.025242,-0.005660,0.027378,0.227377,0.343652,-0.493295,-0.675957,3.822274,False,0.299000
v6-1__H20__S0__P6K3__E1_A10,v6-1,20,S0,P6K3,E1_A10,E1,3405,1329,1322,0,12,0,2064,0,2,5,96,7,0,0,0,0,0,0,108,442,772,0,0,0,0,0,0,0,1101,62,40,246,826,0.390308,0.788114,944330.363496,2076821.561243,-0.003958,0.051898,0.031245,-0.035202,0.020654,-0.044666,0.026207,0.096635,0.329080,-0.697899,-0.679486,3.775977,False,0.185000
v6-1__H20__S0__P6K3__E1_A11,v6-1,20,S0,P6K3,E1_A11,E1,3405,1127,1120,0,12,0,2266,0,0,7,83,7,0,0,0,0,0,0,83,265,772,0,0,0,0,0,0,0,1101,62,40,246,861,0.330984,0.753700,549985.822735,1762096.558624,-0.040546,0.039999,0.031245,-0.071790,0.008754,-0.095250,0.011615,-0.056063,0.283025,-0.832630,-0.741978,2.037538,False,0.170000
v6-1__H20__S0__P6K3__E1_A12,v6-1,20,S0,P6K3,E1_A12,E1,3405,1013,1005,0,12,0,2380,0,0,8,84,8,0,0,0,0,0,0,58,142,805,0,0,0,0,0,0,0,1101,62,40,246,853,0.297504,0.932011,841491.089495,1973857.580857,-0.011877,0.048202,0.031245,-0.043121,0.016957,-0.046267,0.018194,0.055569,0.316310,-0.722160,-0.672284,2.003309,False,0.164000
v6-1__H20__S0__P6K3__E1_A2,v6-1,20,S0,P6K3,E1_A2,E1,3405,1528,1517,0,12,0,1865,0,6,5,85,11,0,0,0,0,0,0,368,379,770,0,0,0,0,0,0,0,1101,62,40,246,759,0.448752,0.923779,1270201.108099,1989244.175864,0.016696,0.048766,0.031245,-0.014548,0.017521,-0.015749,0.018967,0.185197,0.314028,-0.622450,-0.689871,2.547450,False,0.191000
v6-1__H20__S0__P6K3__E1_A3,v6-1,20,S0,P6K3,E1_A3,E1,3405,1614,1602,0,12,0,1779,0,5,7,104,12,0,0,0,0,0,0,424,232,946,0,0,0,0,0,0,0,1101,62,40,246,735,0.474009,1.236549,1795051.330012,2384134.465602,0.041334,0.061996,0.031245,0.010089,0.030752,0.008159,0.024869,0.301372,0.366869,-0.471424,-0.581545,4.189504,False,0.311000
v6-1__H20__S0__P6K3__E1_A4,v6-1,20,S0,P6K3,E1_A4,E1,3405,1445,1436,0,12,0,1948,0,4,5,90,9,0,0,0,0,0,0,243,509,684,0,0,0,0,0,0,0,1101,62,40,246,781,0.424376,0.863417,1186998.119139,2196267.547468,0.011939,0.055979,0.031245,-0.019306,0.024734,-0.022360,0.028647,0.163216,0.344039,-0.591177,-0.649491,3.517703,False,0.271000
v6-1__H20__S0__P6K3__E1_A5,v6-1,20,S0,P6K3,E1_A5,E1,3405,1401,1391,0,12,0,1992,0,4,6,76,10,0,0,0,0,0,0,223,358,810,0,0,0,0,0,0,0,1101,62,40,246,792,0.411454,0.836248,802250.069645,1891889.268776,-0.015138,0.045129,0.031245,-0.046383,0.013884,-0.055465,0.016603,0.046789,0.302493,-0.777429,-0.731544,2.299695,False,0.276000
v6-1__H20__S0__P6K3__E1_A6,v6-1,20,S0,P6K3,E1_A6,E1,3405,1447,1433,0,12,0,1946,0,5,9,100,14,0,0,0,0,0,0,254,207,972,0,0,0,0,0,0,0,1101,62,40,246,737,0.424963,1.264682,1715299.937293,2719760.689397,0.038063,0.071724,0.031245,0.006818,0.040479,0.005391,0.032008,0.284343,0.407235,-0.461709,-0.569566,3.640123,False,0.250000
v6-1__H20__S0__P6K3__E1_A7,v6-1,20,S0,P6K3,E1_A7,E1,3405,1342,1335,0,12,0,2051,0,2,5,92,7,0,0,0,0,0,0,161,470,704,0,0,0,0,0,0,0,1101,62,40,246,840,0.394126,0.765879,928187.924970,1855413.041132,-0.005146,0.043721,0.031245,-0.036390,0.012476,-0.047515,0.016290,0.090972,0.297208,-0.675025,-0.688433,3.341653,False,0.143000
v6-1__H20__S0__P6K3__E1_A8,v6-1,20,S0,P6K3,E1_A8,E1,3405,1263,1253,0,12,0,2130,0,4,6,82,10,0,0,0,0,0,0,136,311,806,0,0,0,0,0,0,0,1101,62,40,246,840,0.370925,0.749826,570130.503988,1703003.604946,-0.038153,0.037546,0.031245,-0.069398,0.006301,-0.092552,0.008403,-0.036085,0.272919,-0.839351,-0.754368,2.148991,False,0.187000
v6-1__H20__S0__P6K3__E1_A9,v6-1,20,S0,P6K3,E1_A9,E1,3405,1191,1179,0,12,0,2202,0,3,9,96,12,0,0,0,0,0,0,126,171,882,0,0,0,0,0,0,0,1101,62,40,246,817,0.349780,1.018963,1002100.096328,1957452.322644,0.000145,0.047596,0.031245,-0.031099,0.016352,-0.030521,0.016048,0.110385,0.312848,-0.652792,-0.641343,3.031609,False,0.220000
v6-1__H20__S0__P6K3__E2_B1,v6-1,20,S0,P6K3,E2_B1,E2,3405,1350,1340,0,12,0,2043,0,4,6,80,10,55,0,0,0,0,0,196,338,806,0,0,0,0,0,0,0,1101,62,40,246,794,0.396476,0.845391,800143.466751,1917705.360247,-0.015317,0.046110,0.031245,-0.046562,0.014865,-0.055077,0.017584,0.050429,0.306076,-0.779151,-0.728799,2.201779,False,0.252000
v6-1__H20__S0__P6K3__E2_B10,v6-1,20,S0,P6K3,E2_B10,E2,3405,1582,1571,0,12,0,1811,0,6,5,82,11,57,0,0,0,0,0,390,373,808,0,0,0,0,0,0,0,1101,62,40,246,714,0.464611,1.034156,1502198.263358,2136900.145244,0.028573,0.053977,0.031245,-0.002672,0.022733,-0.002584,0.021982,0.238305,0.332600,-0.615723,-0.670239,3.280127,False,0.272000
v6-1__H20__S0__P6K3__E2_B11,v6-1,20,S0,P6K3,E2_B11,E2,3405,1304,1295,0,12,0,2089,0,3,6,82,9,60,0,0,0,0,0,119,328,848,0,0,0,0,0,0,0,1101,62,40,246,809,0.382966,0.809214,772381.666335,1822895.273893,-0.017722,0.042444,0.031245,-0.048966,0.011199,-0.060511,0.013840,0.047931,0.291364,-0.795845,-0.744513,1.823715,False,0.366000
v6-1__H20__S0__P6K3__E2_B12,v6-1,20,S0,P6K3,E2_B12,E2,3405,1135,1128,0,12,0,2258,0,0,7,79,7,56,0,0,0,0,0,73,259,796,0,0,0,0,0,0,0,1101,62,40,246,839,0.333333,0.799768,609900.981016,1800160.576217,-0.033652,0.041539,0.031245,-0.064897,0.010294,-0.081145,0.012871,-0.031682,0.289165,-0.818210,-0.740285,2.099713,False,0.226000
v6-1__H20__S0__P6K3__E2_B13,v6-1,20,S0,P6K3,E2_B13,E2,3405,1386,1377,0,12,0,2007,0,4,5,84,9,60,0,0,0,0,0,214,474,689,0,0,0,0,0,0,0,1101,62,40,246,797,0.407048,0.851147,1173827.761808,2249825.807768,0.011157,0.057741,0.031245,-0.020087,0.026497,-0.023600,0.031131,0.160119,0.352112,-0.598859,-0.635733,3.553634,False,0.157000
v6-1__H20__S0__P6K3__E2_B14,v6-1,20,S0,P6K3,E2_B14,E2,3405,1324,1311,0,12,0,2069,0,4,9,97,13,63,0,0,0,0,0,197,182,932,0,0,0,0,0,0,0,1101,62,40,246,791,0.388840,1.054782,1062705.605873,2206235.953692,0.004219,0.056310,0.031245,-0.027025,0.025065,-0.025622,0.023763,0.128727,0.346737,-0.661819,-0.638235,3.216330,False,0.263000
v6-1__H20__S0__P6K3__E2_B18,v6-1,20,S0,P6K3,E2_B18,E2,3405,1413,1403,0,12,0,1980,0,4,6,77,10,59,0,0,0,0,0,212,352,839,0,0,0,0,0,0,0,1101,62,40,246,777,0.414978,0.874672,838365.555026,1850603.263718,-0.012131,0.043533,0.031245,-0.043376,0.012289,-0.049591,0.014050,0.061047,0.295822,-0.769905,-0.736640,2.514471,False,0.245000
v6-1__H20__S0__P6K3__E2_B19,v6-1,20,S0,P6K3,E2_B19,E2,3405,1131,1123,0,12,0,2262,0,1,7,83,8,62,0,0,0,0,0,73,264,786,0,0,0,0,0,0,0,1101,62,40,246,841,0.332159,0.792547,584844.570526,1745516.379312,-0.036455,0.039318,0.031245,-0.067699,0.008074,-0.085420,0.010187,-0.043491,0.280297,-0.819035,-0.740607,2.028454,False,0.333000
v6-1__H20__S0__P6K3__E2_B2,v6-1,20,S0,P6K3,E2_B2,E2,3405,1396,1388,0,12,0,1997,0,4,4,77,8,57,0,0,0,0,0,199,348,841,0,0,0,0,0,0,0,1101,62,40,246,780,0.409985,0.881993,870255.518742,1794125.018333,-0.009575,0.041297,0.031245,-0.040819,0.010052,-0.046281,0.011397,0.072780,0.287207,-0.766080,-0.745161,2.361280,False,0.277000
v6-1__H20__S0__P6K3__E2_B20,v6-1,20,S0,P6K3,E2_B20,E2,3405,1433,1422,0,12,0,1960,0,5,6,73,11,58,0,0,0,0,0,218,348,856,0,0,0,0,0,0,0,1101,62,40,246,755,0.420852,0.951865,1082782.594338,1947733.150820,0.005521,0.047235,0.031245,-0.025723,0.015991,-0.027024,0.016800,0.136391,0.309685,-0.704614,-0.719935,2.710690,False,0.387000
v6-1__H20__S0__P6K3__E2_B3,v6-1,20,S0,P6K3,E2_B3,E2,3405,1384,1374,0,12,0,2009,0,4,6,81,10,59,0,0,0,0,0,209,349,816,0,0,0,0,0,0,0,1101,62,40,246,778,0.406461,0.873327,834221.975768,1833090.787022,-0.012470,0.042847,0.031245,-0.043715,0.011602,-0.050055,0.013285,0.059755,0.293183,-0.769858,-0.738569,2.404344,False,0.257000
v6-1__H20__S0__P6K3__E2_B4,v6-1,20,S0,P6K3,E2_B4,E2,3405,1350,1340,0,12,0,2043,0,4,6,80,10,55,0,0,0,0,0,196,338,806,0,0,0,0,0,0,0,1101,62,40,246,794,0.396476,0.845391,800143.466751,1917705.360247,-0.015317,0.046110,0.031245,-0.046562,0.014865,-0.055077,0.017584,0.050429,0.306076,-0.779151,-0.728799,2.201779,False,0.250000
v6-1__H20__S0__P6K3__E2_B5,v6-1,20,S0,P6K3,E2_B5,E2,3405,1350,1340,0,12,0,2043,0,4,6,80,10,55,0,0,0,0,0,196,338,806,0,0,0,0,0,0,0,1101,62,40,246,794,0.396476,0.845391,800143.466751,1917705.360247,-0.015317,0.046110,0.031245,-0.046562,0.014865,-0.055077,0.017584,0.050429,0.306076,-0.779151,-0.728799,2.201779,False,0.247000
v6-1__H20__S0__P6K3__E2_B6,v6-1,20,S0,P6K3,E2_B6,E2,3405,1401,1391,0,12,0,1992,0,4,6,80,10,57,0,0,0,0,0,215,354,822,0,0,0,0,0,0,0,1101,62,40,246,778,0.411454,0.870490,828735.782228,1876582.233970,-0.012921,0.044541,0.031245,-0.044166,0.013296,-0.050736,0.015275,0.058646,0.299913,-0.762029,-0.729106,2.198303,False,0.372000
v6-1__H20__S0__P6K3__E2_B7,v6-1,20,S0,P6K3,E2_B7,E2,3405,1366,1356,0,12,0,2027,0,4,6,81,10,55,0,0,0,0,0,193,342,821,0,0,0,0,0,0,0,1101,62,40,246,802,0.401175,0.840350,786746.693752,1916642.563967,-0.016468,0.046070,0.031245,-0.047712,0.014825,-0.056777,0.017641,0.045626,0.305939,-0.781688,-0.727864,2.129668,False,0.369000
v6-1__H20__S0__P6K3__E2_B8,v6-1,20,S0,P6K3,E2_B8,E2,3405,1489,1477,0,12,0,1904,0,6,6,80,12,58,0,0,0,0,0,226,331,920,0,0,0,0,0,0,0,1101,62,40,246,770,0.437298,0.854029,925481.728505,2040125.038146,-0.005347,0.050601,0.031245,-0.036591,0.019356,-0.042846,0.022665,0.099144,0.321653,-0.772898,-0.733183,3.004255,False,0.272000
v6-1__H20__S0__P6K3__E2_B9,v6-1,20,S0,P6K3,E2_B9,E2,3405,1463,1453,0,12,0,1930,0,6,4,86,10,56,0,0,0,0,0,278,366,809,0,0,0,0,0,0,0,1101,62,40,246,761,0.429662,0.929244,1142789.420971,2015959.815689,0.009283,0.049735,0.031245,-0.021961,0.018490,-0.023634,0.019898,0.154447,0.318239,-0.709953,-0.725967,2.207710,False,0.177000
v6-1__H20__S0__P6K3__E3,v6-1,20,S0,P6K3,E3,E3,3405,1314,1306,0,12,0,2079,0,1,7,3419,8,0,0,0,0,0,0,0,0,261,1045,0,0,0,0,0,0,1101,62,40,246,762,0.385903,0.776164,813401.188603,1515255.766298,-0.014197,0.029189,0.031245,-0.045441,-0.002055,-0.058546,-0.002648,0.030700,0.240487,-0.662454,-0.673336,1.749646,False,0.170000
v6-1__H20__S0__P6K3__E4,v6-1,20,S0,P6K3,E4,E4,3405,1674,2458,0,12,0,1719,0,3,13,2450,16,0,0,0,95,0,0,0,0,1111,547,800,0,0,0,0,0,1101,62,40,246,824,0.491630,1.077754,1167866.476631,1528607.964781,0.010801,0.029814,0.031245,-0.020443,-0.001430,-0.018969,-0.001327,0.152039,0.243045,-0.537166,-0.619921,9.824441,False,0.251000
v6-1__H20__S0__P6K3__E5,v6-1,20,S0,P6K3,E5,E5,3405,1179,1172,0,12,0,2214,0,0,7,3283,7,0,0,0,0,0,0,0,0,661,0,0,511,0,0,0,0,1101,62,40,246,848,0.346256,0.797022,769132.056125,1740015.068059,-0.018008,0.039091,0.031245,-0.049253,0.007847,-0.061796,0.009845,0.028390,0.280008,-0.724630,-0.689861,2.854631,False,0.256000
v6-1__H20__S0__P6K3__E6,v6-1,20,S0,P6K3,E6,E6,3405,1892,1882,0,12,0,1501,0,1,9,2110,10,0,0,0,0,0,0,0,0,748,0,0,0,1134,0,0,0,1101,62,40,246,581,0.555653,1.312390,2766401.676155,4062622.944527,0.072986,0.101915,0.031245,0.041742,0.070671,0.031806,0.053849,0.458530,0.524986,-0.432090,-0.566841,2.706435,False,0.150000
v6-1__H20__S0__P6K3__E7,v6-1,20,S0,P6K3,E7,E7,3405,1103,1092,0,12,0,2290,0,2,9,2732,11,0,0,0,0,0,0,0,0,784,0,0,0,0,308,0,0,1101,62,40,246,845,0.323935,0.977994,1042583.541718,2178936.416095,0.002891,0.055400,0.031245,-0.028353,0.024155,-0.028991,0.024699,0.122502,0.345431,-0.668558,-0.636849,1.768405,False,0.195000
v6-1__H20__S0__P6K5__E0,v6-1,20,S0,P6K5,E0,E0,3405,1147,1133,0,12,0,2246,0,1,13,57,14,0,0,0,0,0,1133,0,0,0,0,0,0,0,0,0,0,1101,62,40,148,778,0.336858,0.834571,1204526.925911,2194898.826544,0.012966,0.055933,0.031245,-0.018278,0.024689,-0.021901,0.029582,0.168961,0.346983,-0.578075,-0.614791,1.957416,False,0.179000
v6-1__H20__S0__P6K5__E1_A1,v6-1,20,S0,P6K5,E1_A1,E1,3405,1803,1795,0,12,0,1590,0,5,3,85,8,0,0,0,0,0,0,430,632,733,0,0,0,0,0,0,0,1101,62,40,148,647,0.529515,0.687604,1103313.732617,1712313.575141,0.006830,0.037937,0.031245,-0.024415,0.006693,-0.035507,0.009734,0.132037,0.275242,-0.511941,-0.683116,3.943549,False,0.213000
v6-1__H20__S0__P6K5__E1_A10,v6-1,20,S0,P6K5,E1_A10,E1,3405,1564,1554,0,12,0,1829,0,5,5,105,10,0,0,0,0,0,0,122,550,882,0,0,0,0,0,0,0,1101,62,40,148,698,0.459325,0.653210,875719.535696,1781722.422826,-0.009145,0.040797,0.031245,-0.040390,0.009552,-0.061833,0.014623,0.060577,0.287056,-0.643456,-0.666946,3.767516,False,0.199000
v6-1__H20__S0__P6K5__E1_A11,v6-1,20,S0,P6K5,E1_A11,E1,3405,1280,1269,0,12,0,2113,0,4,7,90,11,0,0,0,0,0,0,96,302,871,0,0,0,0,0,0,0,1101,62,40,148,773,0.375918,0.610590,620918.145504,1325016.325041,-0.032454,0.019674,0.031245,-0.063699,-0.011570,-0.104323,-0.018949,-0.043697,0.202396,-0.764928,-0.730014,2.390002,False,0.182000
v6-1__H20__S0__P6K5__E1_A12,v6-1,20,S0,P6K5,E1_A12,E1,3405,1314,1302,0,12,0,2079,0,2,10,114,12,0,0,0,0,0,0,77,188,1037,0,0,0,0,0,0,0,1101,62,40,148,754,0.385903,0.759132,779158.813630,1630177.017788,-0.017128,0.034411,0.031245,-0.048372,0.003167,-0.063720,0.004171,0.022124,0.261602,-0.674403,-0.651681,2.050131,False,0.279000
v6-1__H20__S0__P6K5__E1_A2,v6-1,20,S0,P6K5,E1_A2,E1,3405,1650,1639,0,12,0,1743,0,6,5,84,11,0,0,0,0,0,0,413,398,828,0,0,0,0,0,0,0,1101,62,40,148,679,0.484581,0.713621,1048268.343878,1477564.476631,0.003269,0.027396,0.031245,-0.027976,-0.003849,-0.039202,-0.005393,0.116671,0.233936,-0.578283,-0.696225,3.233084,False,0.205000
v6-1__H20__S0__P6K5__E1_A3,v6-1,20,S0,P6K5,E1_A3,E1,3405,1756,1743,0,12,0,1637,0,5,8,105,13,0,0,0,0,0,0,459,259,1025,0,0,0,0,0,0,0,1101,62,40,148,619,0.515712,0.933649,1515661.899676,1958409.892340,0.029208,0.047632,0.031245,-0.002036,0.016387,-0.002181,0.017552,0.246900,0.313222,-0.435595,-0.605887,4.093363,False,0.225000
v6-1__H20__S0__P6K5__E1_A4,v6-1,20,S0,P6K5,E1_A4,E1,3405,1637,1628,0,12,0,1756,0,5,4,89,9,0,0,0,0,0,0,254,578,796,0,0,0,0,0,0,0,1101,62,40,148,673,0.480764,0.690717,975796.091032,1740545.471373,-0.001695,0.039113,0.031245,-0.032939,0.007869,-0.047689,0.011392,0.089273,0.280500,-0.581367,-0.663310,3.489924,False,0.291000
v6-1__H20__S0__P6K5__E1_A5,v6-1,20,S0,P6K5,E1_A5,E1,3405,1547,1536,0,12,0,1846,0,5,6,83,11,0,0,0,0,0,0,249,394,893,0,0,0,0,0,0,0,1101,62,40,148,691,0.454332,0.681261,829463.565537,1483276.691601,-0.012861,0.027670,0.031245,-0.044106,-0.003574,-0.064741,-0.005246,0.042487,0.234727,-0.675881,-0.700517,2.490725,False,0.201000
v6-1__H20__S0__P6K5__E1_A6,v6-1,20,S0,P6K5,E1_A6,E1,3405,1673,1660,0,12,0,1720,0,4,9,104,13,0,0,0,0,0,0,288,246,1126,0,0,0,0,0,0,0,1101,62,40,148,634,0.491336,0.936489,1422695.718763,2174246.650512,0.024708,0.055242,0.031245,-0.006537,0.023998,-0.006980,0.025625,0.223084,0.344187,-0.449128,-0.597944,3.759994,False,0.221000
v6-1__H20__S0__P6K5__E1_A7,v6-1,20,S0,P6K5,E1_A7,E1,3405,1606,1596,0,12,0,1787,0,5,5,103,10,0,0,0,0,0,0,181,566,849,0,0,0,0,0,0,0,1101,62,40,148,699,0.471659,0.646527,860538.650004,1601021.555982,-0.010344,0.033120,0.031245,-0.041589,0.001875,-0.064327,0.002900,0.052461,0.256348,-0.629494,-0.679666,3.726856,False,0.202000
v6-1__H20__S0__P6K5__E1_A8,v6-1,20,S0,P6K5,E1_A8,E1,3405,1361,1352,0,12,0,2032,0,4,5,86,9,0,0,0,0,0,0,140,345,867,0,0,0,0,0,0,0,1101,62,40,148,741,0.399706,0.595906,557122.691201,1198057.521383,-0.039689,0.012589,0.031245,-0.070933,-0.018656,-0.119035,-0.031307,-0.071250,0.175494,-0.790911,-0.757948,2.035710,False,0.189000
v6-1__H20__S0__P6K5__E1_A9,v6-1,20,S0,P6K5,E1_A9,E1,3405,1477,1463,0,12,0,1916,0,5,9,101,14,0,0,0,0,0,0,144,220,1099,0,0,0,0,0,0,0,1101,62,40,148,693,0.433774,0.892441,1170000.496386,1917315.736364,0.010929,0.046095,0.031245,-0.020316,0.014850,-0.022764,0.016640,0.154365,0.307962,-0.529180,-0.595041,2.566174,False,0.301000
v6-1__H20__S0__P6K5__E2_B1,v6-1,20,S0,P6K5,E2_B1,E2,3405,1488,1476,0,12,0,1905,0,6,6,85,12,63,0,0,0,0,0,215,373,888,0,0,0,0,0,0,0,1101,62,40,148,688,0.437004,0.685766,856008.599378,1517115.626856,-0.010706,0.029277,0.031245,-0.041950,-0.001968,-0.061173,-0.002870,0.056343,0.241011,-0.673712,-0.696104,2.350640,False,0.390000
v6-1__H20__S0__P6K5__E2_B10,v6-1,20,S0,P6K5,E2_B10,E2,3405,1658,1647,0,12,0,1735,0,6,5,85,11,59,0,0,0,0,0,373,391,883,0,0,0,0,0,0,0,1101,62,40,148,643,0.486931,0.774335,1179088.251418,1567471.588767,0.011470,0.031606,0.031245,-0.019774,0.000361,-0.025537,0.000467,0.156747,0.250147,-0.569687,-0.663675,2.909895,False,0.283000
v6-1__H20__S0__P6K5__E2_B11,v6-1,20,S0,P6K5,E2_B11,E2,3405,1456,1446,0,12,0,1937,0,4,6,85,10,64,0,0,0,0,0,145,359,942,0,0,0,0,0,0,0,1101,62,40,148,694,0.427606,0.702471,959775.857812,1601236.341456,-0.002838,0.033129,0.031245,-0.034083,0.001885,-0.048518,0.002683,0.094198,0.256039,-0.637859,-0.676478,2.490063,False,0.264000
v6-1__H20__S0__P6K5__E2_B12,v6-1,20,S0,P6K5,E2_B12,E2,3405,1378,1368,0,12,0,2015,0,4,6,93,10,65,0,0,0,0,0,90,331,947,0,0,0,0,0,0,0,1101,62,40,148,736,0.404699,0.655117,729299.828609,1408890.045256,-0.021617,0.024016,0.031245,-0.052862,-0.007228,-0.080690,-0.011033,0.008975,0.220135,-0.739582,-0.724186,2.372971,False,0.256000
v6-1__H20__S0__P6K5__E2_B13,v6-1,20,S0,P6K5,E2_B13,E2,3405,1580,1570,0,12,0,1813,0,5,5,94,10,66,0,0,0,0,0,235,545,790,0,0,0,0,0,0,0,1101,62,40,148,678,0.464023,0.674241,971022.427449,1795571.344167,-0.002034,0.041355,0.031245,-0.033278,0.010110,-0.049357,0.014995,0.090408,0.289590,-0.593493,-0.653241,3.743101,False,0.405000
v6-1__H20__S0__P6K5__E2_B14,v6-1,20,S0,P6K5,E2_B14,E2,3405,1527,1513,0,12,0,1866,0,6,8,104,14,70,0,0,0,0,0,216,220,1077,0,0,0,0,0,0,0,1101,62,40,148,678,0.448458,0.905030,1176692.852284,1985592.814868,0.011328,0.048632,0.031245,-0.019916,0.017388,-0.022006,0.019212,0.155659,0.318864,-0.528801,-0.595319,2.672722,False,0.431000
v6-1__H20__S0__P6K5__E2_B18,v6-1,20,S0,P6K5,E2_B18,E2,3405,1561,1551,0,12,0,1832,0,4,6,83,10,60,0,0,0,0,0,225,386,940,0,0,0,0,0,0,0,1101,62,40,148,679,0.458443,0.732406,922335.536495,1554313.558696,-0.005581,0.031004,0.031245,-0.036826,-0.000240,-0.050281,-0.000328,0.074654,0.247763,-0.642256,-0.679557,2.416464,False,0.412000
v6-1__H20__S0__P6K5__E2_B19,v6-1,20,S0,P6K5,E2_B19,E2,3405,1352,1341,0,12,0,2041,0,4,7,85,11,66,0,0,0,0,0,91,322,928,0,0,0,0,0,0,0,1101,62,40,148,740,0.397063,0.647518,687381.926121,1356104.855423,-0.025618,0.021313,0.031245,-0.056863,-0.009932,-0.087817,-0.015338,-0.010376,0.209489,-0.743827,-0.725891,2.340487,False,0.378000
v6-1__H20__S0__P6K5__E2_B2,v6-1,20,S0,P6K5,E2_B2,E2,3405,1527,1517,0,12,0,1866,0,5,5,83,10,62,0,0,0,0,0,214,377,926,0,0,0,0,0,0,0,1101,62,40,148,679,0.448458,0.723588,923162.068065,1479131.369925,-0.005520,0.027471,0.031245,-0.036764,-0.003773,-0.050808,-0.005215,0.076882,0.233960,-0.645340,-0.695485,2.445945,False,0.402000
v6-1__H20__S0__P6K5__E2_B20,v6-1,20,S0,P6K5,E2_B20,E2,3405,1556,1544,0,12,0,1837,0,6,6,83,12,61,0,0,0,0,0,229,379,936,0,0,0,0,0,0,0,1101,62,40,148,663,0.456975,0.750599,977702.557309,1536050.318604,-0.001560,0.030161,0.031245,-0.032804,-0.001084,-0.043704,-0.001444,0.094160,0.244469,-0.612537,-0.677053,2.502673,False,0.418000
v6-1__H20__S0__P6K5__E2_B3,v6-1,20,S0,P6K5,E2_B3,E2,3405,1563,1553,0,12,0,1830,0,4,6,81,10,60,0,0,0,0,0,231,385,937,0,0,0,0,0,0,0,1101,62,40,148,680,0.459031,0.728534,921205.748745,1536897.946208,-0.005666,0.030200,0.031245,-0.036910,-0.001044,-0.050664,-0.001434,0.074395,0.244608,-0.646061,-0.684240,2.586147,False,0.440000
v6-1__H20__S0__P6K5__E2_B4,v6-1,20,S0,P6K5,E2_B4,E2,3405,1488,1476,0,12,0,1905,0,6,6,85,12,63,0,0,0,0,0,215,373,888,0,0,0,0,0,0,0,1101,62,40,148,688,0.437004,0.685766,856008.599378,1517115.626856,-0.010706,0.029277,0.031245,-0.041950,-0.001968,-0.061173,-0.002870,0.056343,0.241011,-0.673712,-0.696104,2.350640,False,0.256000
v6-1__H20__S0__P6K5__E2_B5,v6-1,20,S0,P6K5,E2_B5,E2,3405,1488,1476,0,12,0,1905,0,6,6,85,12,63,0,0,0,0,0,215,373,888,0,0,0,0,0,0,0,1101,62,40,148,688,0.437004,0.685766,856008.599378,1517115.626856,-0.010706,0.029277,0.031245,-0.041950,-0.001968,-0.061173,-0.002870,0.056343,0.241011,-0.673712,-0.696104,2.350640,False,0.243000
v6-1__H20__S0__P6K5__E2_B6,v6-1,20,S0,P6K5,E2_B6,E2,3405,1528,1517,0,12,0,1865,0,5,6,84,11,62,0,0,0,0,0,230,378,909,0,0,0,0,0,0,0,1101,62,40,148,677,0.448752,0.731224,963144.043163,1591150.416094,-0.002596,0.032677,0.031245,-0.033841,0.001433,-0.046280,0.001959,0.090217,0.254344,-0.615531,-0.667604,2.514995,False,0.269000
v6-1__H20__S0__P6K5__E2_B7,v6-1,20,S0,P6K5,E2_B7,E2,3405,1508,1496,0,12,0,1885,0,6,6,84,12,62,0,0,0,0,0,210,370,916,0,0,0,0,0,0,0,1101,62,40,148,688,0.442878,0.695568,895713.414619,1551156.691074,-0.007596,0.030859,0.031245,-0.038840,-0.000386,-0.055840,-0.000554,0.070350,0.247170,-0.662309,-0.688462,2.498210,False,0.394000
v6-1__H20__S0__P6K5__E2_B8,v6-1,20,S0,P6K5,E2_B8,E2,3405,1571,1559,0,12,0,1822,0,6,6,86,12,62,0,0,0,0,0,237,354,968,0,0,0,0,0,0,0,1101,62,40,148,658,0.461380,0.727268,1007209.578027,1759859.341454,0.000497,0.039907,0.031245,-0.030747,0.008663,-0.042278,0.011911,0.108709,0.282213,-0.629426,-0.669822,2.726997,False,0.274000
v6-1__H20__S0__P6K5__E2_B9,v6-1,20,S0,P6K5,E2_B9,E2,3405,1541,1530,0,12,0,1852,0,6,5,89,11,55,0,0,0,0,0,291,381,858,0,0,0,0,0,0,0,1101,62,40,148,670,0.452570,0.723906,1096939.344010,1603633.216970,0.006426,0.033236,0.031245,-0.024818,0.001992,-0.034284,0.002751,0.134579,0.256378,-0.598162,-0.676664,2.345523,False,0.394000
v6-1__H20__S0__P6K5__E3,v6-1,20,S0,P6K5,E3,E3,3405,1524,1516,0,12,0,1869,0,1,7,3422,8,0,0,0,0,0,0,0,0,313,1203,0,0,0,0,0,0,1101,62,40,148,654,0.447577,0.703029,1002537.295673,1590667.030490,0.000175,0.032656,0.031245,-0.031069,0.001411,-0.044193,0.002007,0.089192,0.255340,-0.496060,-0.659279,2.025235,False,0.185000
v6-1__H20__S0__P6K5__E4,v6-1,20,S0,P6K5,E4,E4,3405,1795,2613,0,12,0,1598,0,3,13,2449,16,0,0,0,122,0,0,0,0,1203,576,834,0,0,0,0,0,1101,62,40,148,736,0.527166,0.878970,1069848.792995,1234752.895379,0.004685,0.014706,0.031245,-0.026559,-0.016539,-0.030216,-0.018816,0.115889,0.180308,-0.467302,-0.605745,9.921579,False,0.201000
v6-1__H20__S0__P6K5__E5,v6-1,20,S0,P6K5,E5,E5,3405,1385,1376,0,12,0,2008,0,0,9,3777,9,0,0,0,0,0,0,0,0,752,0,0,624,0,0,0,0,1101,62,40,148,755,0.406755,0.690732,766223.900187,1483963.359269,-0.018266,0.027703,0.031245,-0.049510,-0.003541,-0.071678,-0.005127,-0.000946,0.234494,-0.652612,-0.643377,2.240170,False,0.244000
v6-1__H20__S0__P6K5__E6,v6-1,20,S0,P6K5,E6,E6,3405,1959,1949,0,12,0,1434,0,1,9,2112,10,0,0,0,0,0,0,0,0,775,0,0,0,1174,0,0,0,1101,62,40,148,481,0.575330,0.919359,1931243.229022,2949199.685011,0.046619,0.077750,0.031245,0.015375,0.046505,0.016723,0.050585,0.340278,0.436566,-0.407179,-0.543313,2.675476,False,0.198000
v6-1__H20__S0__P6K5__E7,v6-1,20,S0,P6K5,E7,E7,3405,1264,1252,0,12,0,2129,0,2,10,2741,12,0,0,0,0,0,0,0,0,897,0,0,0,0,355,0,0,1101,62,40,148,722,0.371219,0.774776,860841.973318,1734441.386409,-0.010320,0.038860,0.031245,-0.041565,0.007616,-0.053647,0.009830,0.054145,0.279833,-0.655394,-0.634698,2.176068,False,0.266000
v6-1__H20__S0__P6K7__E0,v6-1,20,S0,P6K7,E0,E0,3405,1207,1195,0,12,0,2186,0,1,11,59,12,0,0,0,0,0,1195,0,0,0,0,0,0,0,0,0,0,1101,62,40,102,731,0.354479,0.691149,978130.652154,1719957.105348,-0.001530,0.038257,0.031245,-0.032774,0.007013,-0.047420,0.010147,0.096081,0.277810,-0.566653,-0.618746,2.216848,False,0.138000
v6-1__H20__S0__P6K7__E1_A1,v6-1,20,S0,P6K7,E1_A1,E1,3405,1919,1911,0,12,0,1474,0,5,3,97,8,0,0,0,0,0,0,442,689,780,0,0,0,0,0,0,0,1101,62,40,102,510,0.563583,0.602333,1258313.923165,1932042.106469,0.016035,0.046649,0.031245,-0.015210,0.015405,-0.025252,0.025575,0.178526,0.310706,-0.469464,-0.662704,3.601501,False,0.204000
v6-1__H20__S0__P6K7__E1_A10,v6-1,20,S0,P6K7,E1_A10,E1,3405,1686,1676,0,12,0,1707,0,5,5,106,10,0,0,0,0,0,0,127,613,936,0,0,0,0,0,0,0,1101,62,40,102,575,0.495154,0.589431,977063.523253,1863589.491165,-0.001605,0.044039,0.031245,-0.032850,0.012794,-0.055731,0.021706,0.089482,0.300815,-0.599374,-0.646663,3.412142,False,0.166000
v6-1__H20__S0__P6K7__E1_A11,v6-1,20,S0,P6K7,E1_A11,E1,3405,1491,1481,0,12,0,1902,0,3,7,106,10,0,0,0,0,0,0,103,371,1007,0,0,0,0,0,0,0,1101,62,40,102,689,0.437885,0.518314,556931.346600,1233885.538077,-0.039712,0.014656,0.031245,-0.070956,-0.016588,-0.136898,-0.032004,-0.083462,0.182347,-0.760669,-0.722797,2.145332,False,0.128000
v6-1__H20__S0__P6K7__E1_A12,v6-1,20,S0,P6K7,E1_A12,E1,3405,1407,1395,0,12,0,1986,0,2,10,109,12,0,0,0,0,0,0,92,198,1105,0,0,0,0,0,0,0,1101,62,40,102,680,0.413216,0.649767,735961.929045,1458598.671873,-0.021001,0.026477,0.031245,-0.052245,-0.004767,-0.080406,-0.007337,-0.009769,0.229473,-0.658455,-0.647864,2.805643,False,0.178000
v6-1__H20__S0__P6K7__E1_A2,v6-1,20,S0,P6K7,E1_A2,E1,3405,1712,1702,0,12,0,1681,0,6,4,90,10,0,0,0,0,0,0,401,419,882,0,0,0,0,0,0,0,1101,62,40,102,615,0.502790,0.576810,835170.304164,1255851.014640,-0.012392,0.015897,0.031245,-0.043637,-0.015348,-0.075652,-0.026608,0.029590,0.187815,-0.616516,-0.698820,2.948154,False,0.209000
v6-1__H20__S0__P6K7__E1_A3,v6-1,20,S0,P6K7,E1_A3,E1,3405,1882,1869,0,12,0,1511,0,6,7,109,13,0,0,0,0,0,0,467,271,1131,0,0,0,0,0,0,0,1101,62,40,102,547,0.552717,0.769431,1457594.140325,1905607.429967,0.026428,0.045651,0.031245,-0.004816,0.014407,-0.006259,0.018724,0.234979,0.306473,-0.426532,-0.625340,4.205554,False,0.235000
v6-1__H20__S0__P6K7__E1_A4,v6-1,20,S0,P6K7,E1_A4,E1,3405,1728,1718,0,12,0,1665,0,5,5,104,10,0,0,0,0,0,0,264,632,822,0,0,0,0,0,0,0,1101,62,40,102,542,0.507489,0.582777,1018480.292358,1790741.927679,0.001269,0.041160,0.031245,-0.029976,0.009916,-0.051436,0.017015,0.100563,0.289077,-0.578977,-0.649098,3.188703,False,0.298000
v6-1__H20__S0__P6K7__E1_A5,v6-1,20,S0,P6K7,E1_A5,E1,3405,1618,1607,0,12,0,1775,0,5,6,94,11,0,0,0,0,0,0,247,401,959,0,0,0,0,0,0,0,1101,62,40,102,637,0.475184,0.571738,721146.279529,1319720.360146,-0.022378,0.019392,0.031245,-0.053623,-0.011853,-0.093789,-0.020731,-0.017313,0.201100,-0.662517,-0.687353,2.497892,False,0.304000
v6-1__H20__S0__P6K7__E1_A6,v6-1,20,S0,P6K7,E1_A6,E1,3405,1765,1751,0,12,0,1628,0,5,9,109,14,0,0,0,0,0,0,301,254,1196,0,0,0,0,0,0,0,1101,62,40,102,569,0.518355,0.753413,1282898.288667,1903874.965140,0.017396,0.045586,0.031245,-0.013848,0.014341,-0.018380,0.019035,0.186055,0.306868,-0.467605,-0.614267,3.988147,False,0.347000
v6-1__H20__S0__P6K7__E1_A7,v6-1,20,S0,P6K7,E1_A7,E1,3405,1706,1696,0,12,0,1687,0,5,5,107,10,0,0,0,0,0,0,183,625,888,0,0,0,0,0,0,0,1101,62,40,102,602,0.501028,0.562753,854607.550781,1582226.677408,-0.010818,0.032275,0.031245,-0.042063,0.001031,-0.074744,0.001832,0.040810,0.253143,-0.618386,-0.665773,3.125825,False,0.294000
v6-1__H20__S0__P6K7__E1_A8,v6-1,20,S0,P6K7,E1_A8,E1,3405,1541,1532,0,12,0,1852,0,4,5,99,9,0,0,0,0,0,0,160,396,976,0,0,0,0,0,0,0,1101,62,40,102,673,0.452570,0.547147,652800.043148,1261239.312069,-0.029094,0.016198,0.031245,-0.060339,-0.015047,-0.110279,-0.027500,-0.042759,0.188571,-0.701334,-0.703085,2.141217,False,0.202000
v6-1__H20__S0__P6K7__E1_A9,v6-1,20,S0,P6K7,E1_A9,E1,3405,1635,1624,0,12,0,1758,0,2,9,106,11,0,0,0,0,0,0,171,238,1215,0,0,0,0,0,0,0,1101,62,40,102,615,0.480176,0.727592,1042805.714183,1715127.626127,0.002906,0.038055,0.031245,-0.028339,0.006811,-0.038948,0.009361,0.110541,0.276660,-0.532039,-0.611858,3.346031,False,0.247000
v6-1__H20__S0__P6K7__E2_B1,v6-1,20,S0,P6K7,E2_B1,E2,3405,1606,1595,0,12,0,1787,0,6,5,93,11,72,0,0,0,0,0,225,392,978,0,0,0,0,0,0,0,1101,62,40,102,635,0.471659,0.573075,756910.316669,1371356.034294,-0.019097,0.022104,0.031245,-0.050341,-0.009141,-0.087844,-0.015950,0.004745,0.212204,-0.651477,-0.679433,2.626332,False,0.275000
v6-1__H20__S0__P6K7__E2_B10,v6-1,20,S0,P6K7,E2_B10,E2,3405,1783,1773,0,12,0,1610,0,6,4,96,10,71,0,0,0,0,0,383,438,952,0,0,0,0,0,0,0,1101,62,40,102,549,0.523642,0.661408,1111761.514769,1520656.436573,0.007362,0.029443,0.031245,-0.023883,-0.001802,-0.036109,-0.002724,0.132378,0.241690,-0.519066,-0.650586,2.517205,False,0.300000
v6-1__H20__S0__P6K7__E2_B11,v6-1,20,S0,P6K7,E2_B11,E2,3405,1586,1577,0,12,0,1807,0,4,5,92,9,73,0,0,0,0,0,161,377,1039,0,0,0,0,0,0,0,1101,62,40,102,630,0.465786,0.574338,811384.451623,1436753.648515,-0.014366,0.025406,0.031245,-0.045610,-0.005839,-0.079414,-0.010166,0.032967,0.225723,-0.655378,-0.683604,3.237190,False,0.281000
v6-1__H20__S0__P6K7__E2_B12,v6-1,20,S0,P6K7,E2_B12,E2,3405,1528,1518,0,12,0,1865,0,3,7,106,10,78,0,0,0,0,0,100,363,1055,0,0,0,0,0,0,0,1101,62,40,102,660,0.448752,0.556351,688009.214611,1360647.089861,-0.025557,0.021549,0.031245,-0.056801,-0.009695,-0.102096,-0.017427,-0.018499,0.209998,-0.711937,-0.696721,2.638415,False,0.277000
v6-1__H20__S0__P6K7__E2_B13,v6-1,20,S0,P6K7,E2_B13,E2,3405,1710,1700,0,12,0,1683,0,5,5,101,10,68,0,0,0,0,0,240,617,843,0,0,0,0,0,0,0,1101,62,40,102,560,0.502203,0.578976,1007542.399546,1833030.805552,0.000520,0.042844,0.031245,-0.030724,0.011600,-0.053066,0.020035,0.098714,0.295832,-0.600890,-0.636612,3.220356,False,0.189000
v6-1__H20__S0__P6K7__E2_B14,v6-1,20,S0,P6K7,E2_B14,E2,3405,1685,1672,0,12,0,1708,0,4,9,106,13,79,0,0,0,0,0,254,237,1181,0,0,0,0,0,0,0,1101,62,40,102,599,0.494860,0.728174,1043370.252653,1707739.462225,0.002944,0.037745,0.031245,-0.028301,0.006501,-0.038866,0.008927,0.110018,0.275600,-0.529042,-0.617423,3.679364,False,0.300000
v6-1__H20__S0__P6K7__E2_B18,v6-1,20,S0,P6K7,E2_B18,E2,3405,1618,1606,0,12,0,1775,0,6,6,94,12,72,0,0,0,0,0,231,404,971,0,0,0,0,0,0,0,1101,62,40,102,614,0.475184,0.588739,742621.005912,1366188.650964,-0.020390,0.021837,0.031245,-0.051635,-0.009408,-0.087704,-0.015980,-0.006005,0.211258,-0.650439,-0.677058,2.557305,False,0.421000
v6-1__H20__S0__P6K7__E2_B19,v6-1,20,S0,P6K7,E2_B19,E2,3405,1515,1505,0,12,0,1878,0,3,7,101,10,76,0,0,0,0,0,98,369,1038,0,0,0,0,0,0,0,1101,62,40,102,669,0.444934,0.563490,662018.087462,1327621.867700,-0.028151,0.019813,0.031245,-0.059396,-0.011432,-0.105407,-0.020287,-0.036191,0.202898,-0.708691,-0.694293,2.415174,False,0.273000
v6-1__H20__S0__P6K7__E2_B2,v6-1,20,S0,P6K7,E2_B2,E2,3405,1607,1596,0,12,0,1786,0,5,6,94,11,71,0,0,0,0,0,220,395,981,0,0,0,0,0,0,0,1101,62,40,102,624,0.471953,0.585495,733100.673299,1266942.501724,-0.021265,0.016515,0.031245,-0.052509,-0.014729,-0.089684,-0.025157,-0.009781,0.189878,-0.667846,-0.698620,2.483764,False,0.413000
v6-1__H20__S0__P6K7__E2_B20,v6-1,20,S0,P6K7,E2_B20,E2,3405,1662,1650,0,12,0,1731,0,6,6,91,12,70,0,0,0,0,0,237,407,1006,0,0,0,0,0,0,0,1101,62,40,102,590,0.488106,0.613019,922904.948700,1479964.769953,-0.005539,0.027511,0.031245,-0.036783,-0.003733,-0.060004,-0.006090,0.068857,0.233952,-0.608657,-0.664491,2.501993,False,0.435000
v6-1__H20__S0__P6K7__E2_B3,v6-1,20,S0,P6K7,E2_B3,E2,3405,1618,1607,0,12,0,1775,0,6,5,93,11,72,0,0,0,0,0,234,402,971,0,0,0,0,0,0,0,1101,62,40,102,613,0.475184,0.587780,744662.937758,1360953.008027,-0.020204,0.021565,0.031245,-0.051449,-0.009679,-0.087530,-0.016468,-0.005035,0.210168,-0.648859,-0.678289,2.664635,False,0.415000
v6-1__H20__S0__P6K7__E2_B4,v6-1,20,S0,P6K7,E2_B4,E2,3405,1606,1595,0,12,0,1787,0,6,5,93,11,72,0,0,0,0,0,225,392,978,0,0,0,0,0,0,0,1101,62,40,102,635,0.471659,0.573075,756910.316669,1371356.034294,-0.019097,0.022104,0.031245,-0.050341,-0.009141,-0.087844,-0.015950,0.004745,0.212204,-0.651477,-0.679433,2.626332,False,0.430000
v6-1__H20__S0__P6K7__E2_B5,v6-1,20,S0,P6K7,E2_B5,E2,3405,1606,1595,0,12,0,1787,0,6,5,93,11,72,0,0,0,0,0,225,392,978,0,0,0,0,0,0,0,1101,62,40,102,635,0.471659,0.573075,756910.316669,1371356.034294,-0.019097,0.022104,0.031245,-0.050341,-0.009141,-0.087844,-0.015950,0.004745,0.212204,-0.651477,-0.679433,2.626332,False,0.278000
v6-1__H20__S0__P6K7__E2_B6,v6-1,20,S0,P6K7,E2_B6,E2,3405,1625,1613,0,12,0,1768,0,6,6,91,12,72,0,0,0,0,0,240,393,980,0,0,0,0,0,0,0,1101,62,40,102,601,0.477239,0.595170,879991.672309,1508713.451565,-0.008812,0.028881,0.031245,-0.040056,-0.002364,-0.067302,-0.003971,0.054118,0.239352,-0.611453,-0.655277,2.729007,False,0.271000
v6-1__H20__S0__P6K7__E2_B7,v6-1,20,S0,P6K7,E2_B7,E2,3405,1621,1610,0,12,0,1772,0,6,5,93,11,72,0,0,0,0,0,221,394,995,0,0,0,0,0,0,0,1101,62,40,102,640,0.476065,0.576655,796372.678010,1394299.209206,-0.015639,0.023279,0.031245,-0.046884,-0.007966,-0.081303,-0.013814,0.022965,0.216951,-0.654990,-0.679420,2.675735,False,0.278000
v6-1__H20__S0__P6K7__E2_B8,v6-1,20,S0,P6K7,E2_B8,E2,3405,1665,1653,0,12,0,1728,0,6,6,89,12,67,0,0,0,0,0,247,370,1036,0,0,0,0,0,0,0,1101,62,40,102,602,0.488987,0.590355,871997.811275,1529811.732349,-0.009438,0.029871,0.031245,-0.040682,-0.001374,-0.068911,-0.002327,0.053890,0.243301,-0.653908,-0.678283,3.080292,False,0.432000
v6-1__H20__S0__P6K7__E2_B9,v6-1,20,S0,P6K7,E2_B9,E2,3405,1641,1630,0,12,0,1752,0,6,5,97,11,70,0,0,0,0,0,297,405,928,0,0,0,0,0,0,0,1101,62,40,102,610,0.481938,0.592507,924483.402329,1404795.104213,-0.005421,0.023810,0.031245,-0.036666,-0.007435,-0.061882,-0.012548,0.069933,0.219237,-0.610101,-0.681501,2.420102,False,0.278000
v6-1__H20__S0__P6K7__E3,v6-1,20,S0,P6K7,E3,E3,3405,1674,1665,0,12,0,1719,0,2,7,3422,9,0,0,0,0,0,0,0,0,329,1336,0,0,0,0,0,0,1101,62,40,102,570,0.491630,0.584306,973174.886983,1490616.968807,-0.001881,0.028022,0.031245,-0.033125,-0.003223,-0.056692,-0.005516,0.074528,0.235822,-0.456921,-0.667808,1.477934,False,0.185000
v6-1__H20__S0__P6K7__E4,v6-1,20,S0,P6K7,E4,E4,3405,2101,3045,0,12,0,1292,0,4,13,2382,17,0,0,0,156,0,0,0,0,1418,666,961,0,0,0,0,0,1101,62,40,102,587,0.617034,0.781843,1363912.226512,1553154.466727,0.021719,0.030951,0.031245,-0.009526,-0.000294,-0.012184,-0.000376,0.210609,0.247930,-0.387023,-0.608947,11.577883,False,0.285000
v6-1__H20__S0__P6K7__E5,v6-1,20,S0,P6K7,E5,E5,3405,1452,1443,0,12,0,1941,0,0,9,3777,9,0,0,0,0,0,0,0,0,782,0,0,661,0,0,0,0,1101,62,40,102,692,0.426432,0.595075,673168.557887,1220941.402887,-0.027027,0.013916,0.031245,-0.058271,-0.017329,-0.097923,-0.029120,-0.064810,0.175560,-0.654832,-0.661331,2.231172,False,0.192000
v6-1__H20__S0__P6K7__E6,v6-1,20,S0,P6K7,E6,E6,3405,2134,2125,0,12,0,1259,0,1,8,768,9,0,0,0,0,0,0,0,0,911,0,0,0,1214,0,0,0,1101,62,40,102,398,0.626725,0.742389,1819951.622107,2741775.802925,0.042327,0.072322,0.031245,0.011083,0.041078,0.014929,0.055332,0.328146,0.419286,-0.384988,-0.540197,3.680898,False,0.214000
v6-1__H20__S0__P6K7__E7,v6-1,20,S0,P6K7,E7,E7,3405,1381,1366,0,12,0,2012,0,4,11,2745,15,0,0,0,0,0,0,0,0,978,0,0,0,0,388,0,0,1101,62,40,102,680,0.405580,0.654015,769814.086670,1475086.960151,-0.017948,0.027277,0.031245,-0.049193,-0.003968,-0.075216,-0.006067,0.004418,0.232743,-0.637784,-0.642777,2.279110,False,0.225000
v6-1__H25__S0__P6K3__E0,v6-1,25,S0,P6K3,E0,E0,3405,770,760,0,12,0,2623,0,0,10,50,10,0,0,0,0,0,760,0,0,0,0,0,0,0,0,0,0,1101,62,40,246,924,0.226138,1.320544,1779812.449182,2557708.716725,0.040719,0.067175,0.031245,0.009475,0.035931,0.007175,0.027209,0.288827,0.385268,-0.476080,-0.535032,2.303375,False,0.154000
v6-1__H25__S0__P6K3__E1_A1,v6-1,25,S0,P6K3,E1_A1,E1,3405,1644,1605,0,12,0,1749,0,35,4,97,39,0,0,0,0,0,0,466,653,486,0,0,0,0,0,0,0,1101,62,40,246,687,0.482819,1.050814,1999101.137165,2862275.517598,0.049124,0.075520,0.031245,0.017880,0.044275,0.017015,0.042134,0.331858,0.410545,-0.516873,-0.697127,3.289735,False,0.303000
v6-1__H25__S0__P6K3__E1_A10,v6-1,25,S0,P6K3,E1_A10,E1,3405,1369,1354,0,12,0,2024,0,9,6,107,15,0,0,0,0,0,0,140,576,638,0,0,0,0,0,0,0,1101,62,40,246,802,0.402056,1.005482,1298926.239841,2332589.708363,0.018271,0.060390,0.031245,-0.012973,0.029146,-0.012902,0.028987,0.193336,0.358265,-0.614036,-0.698798,2.547270,False,0.270000
v6-1__H25__S0__P6K3__E1_A11,v6-1,25,S0,P6K3,E1_A11,E1,3405,1379,1348,0,12,0,2014,0,25,6,96,31,0,0,0,0,0,0,163,413,772,0,0,0,0,0,0,0,1101,62,40,246,780,0.404993,1.160060,1786926.480208,2624732.922529,0.041007,0.069088,0.031245,0.009762,0.037844,0.008415,0.032622,0.289813,0.386992,-0.591237,-0.688847,2.578081,False,0.184000
v6-1__H25__S0__P6K3__E1_A12,v6-1,25,S0,P6K3,E1_A12,E1,3405,1199,1186,0,12,0,2194,0,5,8,93,13,0,0,0,0,0,0,128,242,816,0,0,0,0,0,0,0,1101,62,40,246,783,0.352129,1.315527,1936026.777134,2786750.356713,0.046799,0.073531,0.031245,0.015554,0.042286,0.011823,0.032144,0.313791,0.404408,-0.443681,-0.576064,3.140094,False,0.294000
v6-1__H25__S0__P6K3__E1_A2,v6-1,25,S0,P6K3,E1_A2,E1,3405,1699,1662,0,12,0,1694,0,32,5,91,37,0,0,0,0,0,0,494,468,700,0,0,0,0,0,0,0,1101,62,40,246,714,0.498972,1.106942,1639530.876596,2361688.196553,0.034821,0.061301,0.031245,0.003576,0.030056,0.003231,0.027153,0.266216,0.358432,-0.499342,-0.665491,3.091239,False,0.235000
v6-1__H25__S0__P6K3__E1_A3,v6-1,25,S0,P6K3,E1_A3,E1,3405,1524,1486,0,12,0,1869,0,31,7,93,38,0,0,0,0,0,0,468,272,746,0,0,0,0,0,0,0,1101,62,40,246,756,0.447577,1.268998,1770353.647451,2225634.807223,0.040335,0.056950,0.031245,0.009091,0.025706,0.007164,0.020257,0.291953,0.343693,-0.489894,-0.621831,3.961143,False,0.223000
v6-1__H25__S0__P6K3__E1_A4,v6-1,25,S0,P6K3,E1_A4,E1,3405,1554,1519,0,12,0,1839,0,31,4,98,35,0,0,0,0,0,0,300,637,582,0,0,0,0,0,0,0,1101,62,40,246,743,0.456388,1.015739,1699827.379632,2609194.798069,0.037412,0.068649,0.031245,0.006167,0.037404,0.006072,0.036825,0.276157,0.385271,-0.530425,-0.670971,3.016193,False,0.202000
v6-1__H25__S0__P6K3__E1_A5,v6-1,25,S0,P6K3,E1_A5,E1,3405,1587,1538,0,12,0,1806,0,43,6,85,49,0,0,0,0,0,0,356,446,736,0,0,0,0,0,0,0,1101,62,40,246,754,0.466079,1.077444,1629922.301969,2541016.147870,0.034400,0.066692,0.031245,0.003155,0.035447,0.002929,0.032899,0.262208,0.377314,-0.542471,-0.656241,3.525838,False,0.229000
v6-1__H25__S0__P6K3__E1_A6,v6-1,25,S0,P6K3,E1_A6,E1,3405,1476,1440,0,12,0,1917,0,30,6,88,36,0,0,0,0,0,0,340,279,821,0,0,0,0,0,0,0,1101,62,40,246,748,0.433480,1.327258,2026159.345308,2707324.154393,0.050101,0.071384,0.031245,0.018857,0.040139,0.014207,0.030242,0.331370,0.396029,-0.470566,-0.579403,3.906201,False,0.330000
v6-1__H25__S0__P6K3__E1_A7,v6-1,25,S0,P6K3,E1_A7,E1,3405,1463,1444,0,12,0,1930,0,15,4,104,19,0,0,0,0,0,0,209,616,619,0,0,0,0,0,0,0,1101,62,40,246,776,0.429662,0.970816,1320918.576456,2228603.665434,0.019456,0.057048,0.031245,-0.011789,0.025803,-0.012143,0.026579,0.199009,0.343360,-0.579976,-0.699216,2.642017,False,0.205000
v6-1__H25__S0__P6K3__E1_A8,v6-1,25,S0,P6K3,E1_A8,E1,3405,1438,1404,0,12,0,1955,0,28,6,90,34,0,0,0,0,0,0,219,426,759,0,0,0,0,0,0,0,1101,62,40,246,772,0.422320,1.109847,1814004.886063,2635673.619146,0.042091,0.069396,0.031245,0.010847,0.038152,0.009773,0.034376,0.293636,0.385866,-0.539637,-0.674337,2.828812,False,0.176000
v6-1__H25__S0__P6K3__E1_A9,v6-1,25,S0,P6K3,E1_A9,E1,3405,1326,1294,0,12,0,2067,0,25,7,86,32,0,0,0,0,0,0,220,257,817,0,0,0,0,0,0,0,1101,62,40,246,742,0.389427,1.350993,2240155.901243,2981083.758010,0.057426,0.078552,0.031245,0.026182,0.047308,0.019380,0.035017,0.357833,0.418654,-0.447619,-0.565585,3.672230,False,0.311000
v6-1__H25__S0__P6K3__E2_B1,v6-1,25,S0,P6K3,E2_B1,E2,3405,1524,1476,0,12,0,1869,0,43,5,84,48,69,0,0,0,0,0,317,399,760,0,0,0,0,0,0,0,1101,62,40,246,759,0.447577,1.077097,1697629.196720,2640877.965857,0.037319,0.069542,0.031245,0.006074,0.038298,0.005639,0.035556,0.273381,0.386844,-0.521895,-0.644177,3.783487,False,0.309000
v6-1__H25__S0__P6K3__E2_B10,v6-1,25,S0,P6K3,E2_B10,E2,3405,1722,1676,0,12,0,1671,0,41,5,90,46,70,0,0,0,0,0,493,461,722,0,0,0,0,0,0,0,1101,62,40,246,695,0.505727,1.197276,1952495.356650,2526495.949287,0.047413,0.066269,0.031245,0.016168,0.035024,0.013504,0.029253,0.321172,0.373808,-0.496877,-0.646227,3.392214,False,0.324000
v6-1__H25__S0__P6K3__E2_B11,v6-1,25,S0,P6K3,E2_B11,E2,3405,1525,1482,0,12,0,1868,0,37,6,89,43,69,0,0,0,0,0,222,426,834,0,0,0,0,0,0,0,1101,62,40,246,733,0.447871,1.175279,2305631.333660,3221233.717575,0.059537,0.084353,0.031245,0.028293,0.053109,0.024073,0.045188,0.363088,0.436677,-0.534213,-0.655415,3.400767,False,0.173000
v6-1__H25__S0__P6K3__E2_B12,v6-1,25,S0,P6K3,E2_B12,E2,3405,1473,1439,0,12,0,1920,0,28,6,91,34,73,0,0,0,0,0,156,392,891,0,0,0,0,0,0,0,1101,62,40,246,736,0.432599,1.264745,2133152.551074,3042817.695668,0.053849,0.080084,0.031245,0.022605,0.048840,0.017873,0.038616,0.342958,0.425300,-0.547028,-0.658162,3.476012,False,0.347000
v6-1__H25__S0__P6K3__E2_B13,v6-1,25,S0,P6K3,E2_B13,E2,3405,1375,1359,0,12,0,2018,0,11,5,100,16,64,0,0,0,0,0,230,591,538,0,0,0,0,0,0,0,1101,62,40,246,791,0.403818,0.926331,1160025.204612,2133526.280926,0.010330,0.053862,0.031245,-0.020915,0.022617,-0.022578,0.024416,0.159637,0.332763,-0.580188,-0.678676,2.107853,False,0.383000
v6-1__H25__S0__P6K3__E2_B14,v6-1,25,S0,P6K3,E2_B14,E2,3405,1317,1292,0,12,0,2076,0,19,6,89,25,72,0,0,0,0,0,258,259,775,0,0,0,0,0,0,0,1101,62,40,246,769,0.386784,1.260829,1780662.942624,2600484.361417,0.040754,0.068402,0.031245,0.009509,0.037157,0.007542,0.029470,0.289901,0.386082,-0.525888,-0.568312,3.008405,False,0.285000
v6-1__H25__S0__P6K3__E2_B18,v6-1,25,S0,P6K3,E2_B18,E2,3405,1561,1511,0,12,0,1832,0,44,6,83,50,69,0,0,0,0,0,339,440,732,0,0,0,0,0,0,0,1101,62,40,246,736,0.458443,1.113974,1694219.193938,2628744.039091,0.037174,0.069201,0.031245,0.005930,0.037957,0.005323,0.034073,0.273302,0.384905,-0.564484,-0.649301,3.219929,False,0.425000
v6-1__H25__S0__P6K3__E2_B19,v6-1,25,S0,P6K3,E2_B19,E2,3405,1461,1426,0,12,0,1932,0,28,7,92,35,73,0,0,0,0,0,160,413,853,0,0,0,0,0,0,0,1101,62,40,246,732,0.429075,1.269068,2308436.194886,3233805.032107,0.059626,0.084646,0.031245,0.028382,0.053401,0.022364,0.042079,0.366212,0.439521,-0.570874,-0.665773,3.100733,False,0.313000
v6-1__H25__S0__P6K3__E2_B2,v6-1,25,S0,P6K3,E2_B2,E2,3405,1557,1509,0,12,0,1836,0,42,6,83,48,72,0,0,0,0,0,332,409,768,0,0,0,0,0,0,0,1101,62,40,246,739,0.457269,1.109355,1754108.617060,2550926.282943,0.039672,0.066979,0.031245,0.008427,0.035735,0.007596,0.032212,0.283403,0.376375,-0.515249,-0.646080,3.774545,False,0.301000
v6-1__H25__S0__P6K3__E2_B20,v6-1,25,S0,P6K3,E2_B20,E2,3405,1589,1541,0,12,0,1804,0,42,6,85,48,74,0,0,0,0,0,358,419,764,0,0,0,0,0,0,0,1101,62,40,246,731,0.466667,1.134323,1750375.425739,2501960.123649,0.039518,0.065549,0.031245,0.008274,0.034304,0.007294,0.030242,0.283587,0.371524,-0.517730,-0.638984,3.831497,False,0.479000
v6-1__H25__S0__P6K3__E2_B3,v6-1,25,S0,P6K3,E2_B3,E2,3405,1556,1507,0,12,0,1837,0,44,5,82,49,69,0,0,0,0,0,347,432,728,0,0,0,0,0,0,0,1101,62,40,246,740,0.456975,1.099218,1653581.342392,2549818.399347,0.035432,0.066947,0.031245,0.004188,0.035703,0.003810,0.032480,0.266106,0.377071,-0.569335,-0.652125,3.415705,False,0.307000
v6-1__H25__S0__P6K3__E2_B4,v6-1,25,S0,P6K3,E2_B4,E2,3405,1524,1476,0,12,0,1869,0,43,5,84,48,69,0,0,0,0,0,317,399,760,0,0,0,0,0,0,0,1101,62,40,246,759,0.447577,1.077097,1697629.196720,2640877.965857,0.037319,0.069542,0.031245,0.006074,0.038298,0.005639,0.035556,0.273381,0.386844,-0.521895,-0.644177,3.783487,False,0.504000
v6-1__H25__S0__P6K3__E2_B5,v6-1,25,S0,P6K3,E2_B5,E2,3405,1524,1476,0,12,0,1869,0,43,5,84,48,69,0,0,0,0,0,317,399,760,0,0,0,0,0,0,0,1101,62,40,246,759,0.447577,1.077097,1697629.196720,2640877.965857,0.037319,0.069542,0.031245,0.006074,0.038298,0.005639,0.035556,0.273381,0.386844,-0.521895,-0.644177,3.783487,False,0.458000
v6-1__H25__S0__P6K3__E2_B6,v6-1,25,S0,P6K3,E2_B6,E2,3405,1595,1547,0,12,0,1798,0,43,5,86,48,70,0,0,0,0,0,362,418,767,0,0,0,0,0,0,0,1101,62,40,246,730,0.468429,1.127160,1836483.350072,2720070.781923,0.042980,0.071732,0.031245,0.011736,0.040488,0.010412,0.035920,0.297660,0.394416,-0.493642,-0.633669,3.878862,False,0.475000
v6-1__H25__S0__P6K3__E2_B7,v6-1,25,S0,P6K3,E2_B7,E2,3405,1540,1492,0,12,0,1853,0,42,6,83,48,69,0,0,0,0,0,317,407,768,0,0,0,0,0,0,0,1101,62,40,246,754,0.452276,1.087247,1688647.407329,2667264.609808,0.036938,0.070279,0.031245,0.005693,0.039034,0.005236,0.035902,0.271591,0.389102,-0.530009,-0.639541,3.844671,False,0.308000
v6-1__H25__S0__P6K3__E2_B8,v6-1,25,S0,P6K3,E2_B8,E2,3405,1534,1486,0,12,0,1859,0,42,6,85,48,68,0,0,0,0,0,324,378,784,0,0,0,0,0,0,0,1101,62,40,246,750,0.450514,1.098802,1740466.099599,2683474.256056,0.039110,0.070728,0.031245,0.007865,0.039483,0.007158,0.035933,0.280843,0.391178,-0.538204,-0.645443,3.727306,False,0.310000
v6-1__H25__S0__P6K3__E2_B9,v6-1,25,S0,P6K3,E2_B9,E2,3405,1677,1635,0,12,0,1716,0,37,5,88,42,66,0,0,0,0,0,410,460,765,0,0,0,0,0,0,0,1101,62,40,246,707,0.492511,1.188742,2371813.356549,3211956.744246,0.061615,0.084137,0.031245,0.030371,0.052892,0.025549,0.044494,0.377992,0.437399,-0.530976,-0.672133,3.303346,False,0.323000
v6-1__H25__S0__P6K3__E3,v6-1,25,S0,P6K3,E3,E3,3405,1411,1394,0,12,0,1982,0,10,7,3414,17,0,0,0,0,0,0,0,0,179,1215,0,0,0,0,0,0,1101,62,40,246,737,0.414391,0.928527,1284900.615649,2066573.724878,0.017506,0.051538,0.031245,-0.013738,0.020294,-0.014796,0.021856,0.187276,0.328659,-0.487004,-0.656081,2.167280,False,0.189000
v6-1__H25__S0__P6K3__E4,v6-1,25,S0,P6K3,E4,E4,3405,1570,2330,0,12,0,1823,0,10,13,2353,23,0,0,0,103,0,0,0,0,926,621,783,0,0,0,0,0,1101,62,40,246,832,0.461087,1.249764,1591464.587549,1833832.035659,0.032691,0.042876,0.031245,0.001447,0.011631,0.001158,0.009307,0.260929,0.294360,-0.391934,-0.550234,9.560846,False,0.360000
v6-1__H25__S0__P6K3__E5,v6-1,25,S0,P6K3,E5,E5,3405,1214,1201,0,12,0,2179,0,4,9,3757,13,0,0,0,0,0,0,0,0,563,0,0,638,0,0,0,0,1101,62,40,246,881,0.356535,0.798458,700755.977385,1186571.603127,-0.024318,0.011914,0.031245,-0.055562,-0.019331,-0.069587,-0.024210,0.012952,0.175974,-0.713900,-0.741555,2.023317,False,0.128000
v6-1__H25__S0__P6K3__E6,v6-1,25,S0,P6K3,E6,E6,3405,2111,2099,0,12,0,1282,0,5,7,769,12,0,0,0,0,0,0,0,0,801,0,0,0,1298,0,0,0,1101,62,40,246,468,0.619971,1.719681,4866340.367443,5877189.301841,0.115772,0.130447,0.031245,0.084528,0.099202,0.049153,0.057687,0.643940,0.611414,-0.389653,-0.577097,2.584564,False,0.331000
v6-1__H25__S0__P6K3__E7,v6-1,25,S0,P6K3,E7,E7,3405,1049,1029,0,12,0,2344,0,10,10,2624,20,0,0,0,0,0,0,0,0,612,0,0,0,0,417,0,0,1101,62,40,246,836,0.308076,1.251304,1526993.180131,2141924.588225,0.029739,0.054149,0.031245,-0.001505,0.022904,-0.001203,0.018304,0.243238,0.335430,-0.487436,-0.597489,2.765586,False,0.243000
v6-1__H25__S0__P6K5__E0,v6-1,25,S0,P6K5,E0,E0,3405,1150,1102,0,12,0,2243,0,35,13,68,48,0,0,0,0,0,1102,0,0,0,0,0,0,0,0,0,0,1101,62,40,148,797,0.337739,1.062761,1595216.867911,2312175.590526,0.032860,0.059745,0.031245,0.001615,0.028501,0.001520,0.026818,0.257465,0.358045,-0.496087,-0.584040,1.980003,False,0.205000
v6-1__H25__S0__P6K5__E1_A1,v6-1,25,S0,P6K5,E1_A1,E1,3405,1735,1700,0,12,0,1658,0,31,4,104,35,0,0,0,0,0,0,478,701,521,0,0,0,0,0,0,0,1101,62,40,148,608,0.509545,0.740042,1461170.698781,2159910.243696,0.026603,0.054759,0.031245,-0.004642,0.023514,-0.006272,0.031774,0.231201,0.338467,-0.563201,-0.724305,3.093150,False,0.212000
v6-1__H25__S0__P6K5__E1_A10,v6-1,25,S0,P6K5,E1_A10,E1,3405,1584,1569,0,12,0,1809,0,9,6,117,15,0,0,0,0,0,0,159,677,733,0,0,0,0,0,0,0,1101,62,40,148,666,0.465198,0.831477,1305699.252672,2153408.113552,0.018638,0.054539,0.031245,-0.012606,0.023294,-0.015162,0.028016,0.193025,0.340213,-0.648800,-0.717618,2.498160,False,0.314000
v6-1__H25__S0__P6K5__E1_A11,v6-1,25,S0,P6K5,E1_A11,E1,3405,1576,1543,0,12,0,1817,0,27,6,99,33,0,0,0,0,0,0,183,459,901,0,0,0,0,0,0,0,1101,62,40,148,674,0.462849,0.899723,1565592.134156,2341791.571451,0.031520,0.060679,0.031245,0.000276,0.029435,0.000306,0.032715,0.252585,0.361357,-0.596091,-0.688147,2.949845,False,0.164000
v6-1__H25__S0__P6K5__E1_A12,v6-1,25,S0,P6K5,E1_A12,E1,3405,1343,1330,0,12,0,2050,0,5,8,88,13,0,0,0,0,0,0,141,256,933,0,0,0,0,0,0,0,1101,62,40,148,715,0.394420,0.981277,1409251.606894,2027493.718505,0.024035,0.050149,0.031245,-0.007210,0.018905,-0.007348,0.019265,0.218371,0.321737,-0.552273,-0.655074,3.278414,False,0.213000
v6-1__H25__S0__P6K5__E1_A2,v6-1,25,S0,P6K5,E1_A2,E1,3405,1854,1812,0,12,0,1539,0,37,5,101,42,0,0,0,0,0,0,554,504,754,0,0,0,0,0,0,0,1101,62,40,148,625,0.544493,0.836619,1532306.117763,2033787.099255,0.029987,0.050375,0.031245,-0.001258,0.019130,-0.001503,0.022866,0.247204,0.320129,-0.527174,-0.709283,3.407583,False,0.316000
v6-1__H25__S0__P6K5__E1_A3,v6-1,25,S0,P6K5,E1_A3,E1,3405,1808,1764,0,12,0,1585,0,37,7,97,44,0,0,0,0,0,0,579,317,868,0,0,0,0,0,0,0,1101,62,40,148,628,0.530984,0.981625,1875122.476185,2275476.403884,0.044485,0.058572,0.031245,0.013240,0.027327,0.013488,0.027839,0.316778,0.350753,-0.514001,-0.672082,4.467780,False,0.373000
v6-1__H25__S0__P6K5__E1_A4,v6-1,25,S0,P6K5,E1_A4,E1,3405,1749,1711,0,12,0,1644,0,33,5,112,38,0,0,0,0,0,0,339,714,658,0,0,0,0,0,0,0,1101,62,40,148,610,0.513656,0.783509,1513219.241402,2297612.303612,0.029093,0.059282,0.031245,-0.002151,0.028037,-0.002746,0.035784,0.242282,0.355582,-0.569942,-0.703821,2.806891,False,0.223000
v6-1__H25__S0__P6K5__E1_A5,v6-1,25,S0,P6K5,E1_A5,E1,3405,1749,1704,0,12,0,1644,0,41,4,96,45,0,0,0,0,0,0,384,494,826,0,0,0,0,0,0,0,1101,62,40,148,634,0.513656,0.840266,1440705.508115,2165383.035848,0.025601,0.054944,0.031245,-0.005644,0.023699,-0.006717,0.028204,0.225485,0.337777,-0.525786,-0.679244,3.327671,False,0.360000
v6-1__H25__S0__P6K5__E1_A6,v6-1,25,S0,P6K5,E1_A6,E1,3405,1720,1669,0,12,0,1673,0,42,9,96,51,0,0,0,0,0,0,387,324,958,0,0,0,0,0,0,0,1101,62,40,148,597,0.505140,1.058770,2201898.325123,2834729.908889,0.056166,0.074800,0.031245,0.024921,0.043556,0.023538,0.041138,0.368758,0.411349,-0.472754,-0.625688,3.724613,False,0.374000
v6-1__H25__S0__P6K5__E1_A7,v6-1,25,S0,P6K5,E1_A7,E1,3405,1652,1626,0,12,0,1741,0,21,5,105,26,0,0,0,0,0,0,247,671,708,0,0,0,0,0,0,0,1101,62,40,148,642,0.485169,0.790216,1464480.922336,2270112.037592,0.026763,0.058399,0.031245,-0.004481,0.027154,-0.005671,0.034363,0.231002,0.352889,-0.623965,-0.717632,2.972565,False,0.323000
v6-1__H25__S0__P6K5__E1_A8,v6-1,25,S0,P6K5,E1_A8,E1,3405,1618,1584,0,12,0,1775,0,28,6,96,34,0,0,0,0,0,0,262,471,851,0,0,0,0,0,0,0,1101,62,40,148,655,0.475184,0.843588,1537822.393502,2313939.194034,0.030243,0.059801,0.031245,-0.001002,0.028557,-0.001187,0.033851,0.246046,0.355994,-0.566424,-0.680783,3.092598,False,0.225000
v6-1__H25__S0__P6K5__E1_A9,v6-1,25,S0,P6K5,E1_A9,E1,3405,1570,1532,0,12,0,1823,0,31,7,96,38,0,0,0,0,0,0,259,304,969,0,0,0,0,0,0,0,1101,62,40,148,627,0.461087,1.092767,2269439.854485,2836157.421930,0.058377,0.074838,0.031245,0.027133,0.043593,0.024829,0.039892,0.376068,0.411376,-0.496503,-0.624813,3.412476,False,0.234000
v6-1__H25__S0__P6K5__E2_B1,v6-1,25,S0,P6K5,E2_B1,E2,3405,1669,1624,0,12,0,1724,0,41,4,93,45,68,0,0,0,0,0,350,450,824,0,0,0,0,0,0,0,1101,62,40,148,648,0.490162,0.840662,1450163.744285,2202630.142172,0.026065,0.056190,0.031245,-0.005179,0.024946,-0.006161,0.029674,0.227309,0.342152,-0.537643,-0.668794,3.554303,False,0.432000
v6-1__H25__S0__P6K5__E2_B10,v6-1,25,S0,P6K5,E2_B10,E2,3405,1839,1792,0,12,0,1554,0,42,5,96,47,72,0,0,0,0,0,526,493,773,0,0,0,0,0,0,0,1101,62,40,148,580,0.540088,0.928108,1985969.445559,2421707.644807,0.048646,0.063146,0.031245,0.017401,0.031902,0.018749,0.034373,0.336057,0.365097,-0.517953,-0.694257,3.563396,False,0.354000
v6-1__H25__S0__P6K5__E2_B11,v6-1,25,S0,P6K5,E2_B11,E2,3405,1654,1621,0,12,0,1739,0,27,6,90,33,75,0,0,0,0,0,245,469,907,0,0,0,0,0,0,0,1101,62,40,148,617,0.485756,0.927544,2181182.947589,2984721.042703,0.055475,0.078644,0.031245,0.024230,0.047399,0.026123,0.051102,0.357740,0.423430,-0.519385,-0.660735,3.396322,False,0.358000
v6-1__H25__S0__P6K5__E2_B12,v6-1,25,S0,P6K5,E2_B12,E2,3405,1583,1553,0,12,0,1810,0,23,7,95,30,80,0,0,0,0,0,160,436,957,0,0,0,0,0,0,0,1101,62,40,148,637,0.464905,0.945511,1809208.018138,2585100.091653,0.041900,0.067963,0.031245,0.010656,0.036718,0.011270,0.038834,0.298993,0.386919,-0.555997,-0.671520,3.350565,False,0.330000
v6-1__H25__S0__P6K5__E2_B13,v6-1,25,S0,P6K5,E2_B13,E2,3405,1662,1636,0,12,0,1731,0,21,5,115,26,74,0,0,0,0,0,297,688,651,0,0,0,0,0,0,0,1101,62,40,148,634,0.488106,0.769208,1384809.881850,2275578.454792,0.022795,0.058575,0.031245,-0.008450,0.027331,-0.010985,0.035531,0.212543,0.353617,-0.563362,-0.687318,2.620469,False,0.294000
v6-1__H25__S0__P6K5__E2_B14,v6-1,25,S0,P6K5,E2_B14,E2,3405,1549,1514,0,12,0,1844,0,27,8,97,35,81,0,0,0,0,0,323,295,896,0,0,0,0,0,0,0,1101,62,40,148,652,0.454919,0.965363,1627060.807641,2294134.777918,0.034274,0.059171,0.031245,0.003030,0.027926,0.003138,0.028928,0.265158,0.354137,-0.507017,-0.641962,3.336472,False,0.488000
v6-1__H25__S0__P6K5__E2_B18,v6-1,25,S0,P6K5,E2_B18,E2,3405,1730,1681,0,12,0,1663,0,43,6,93,49,71,0,0,0,0,0,354,483,844,0,0,0,0,0,0,0,1101,62,40,148,614,0.508076,0.893902,1666021.779317,2412000.083102,0.035970,0.062851,0.031245,0.004725,0.031606,0.005286,0.035358,0.273034,0.366028,-0.503427,-0.668776,3.305944,False,0.509000
v6-1__H25__S0__P6K5__E2_B19,v6-1,25,S0,P6K5,E2_B19,E2,3405,1620,1586,0,12,0,1773,0,27,7,101,34,80,0,0,0,0,0,169,455,962,0,0,0,0,0,0,0,1101,62,40,148,631,0.475771,0.995381,1973640.375190,2744933.601211,0.048194,0.072408,0.031245,0.016949,0.041163,0.017028,0.041354,0.328985,0.403958,-0.552662,-0.672124,3.278395,False,0.333000
v6-1__H25__S0__P6K5__E2_B2,v6-1,25,S0,P6K5,E2_B2,E2,3405,1653,1608,0,12,0,1740,0,40,5,91,45,70,0,0,0,0,0,342,451,815,0,0,0,0,0,0,0,1101,62,40,148,634,0.485463,0.871081,1556882.080309,2191271.878496,0.031122,0.055812,0.031245,-0.000123,0.024568,-0.000141,0.028204,0.250291,0.339523,-0.517170,-0.669468,3.485175,False,0.270000
v6-1__H25__S0__P6K5__E2_B20,v6-1,25,S0,P6K5,E2_B20,E2,3405,1727,1675,0,12,0,1666,0,46,6,87,52,71,0,0,0,0,0,368,467,840,0,0,0,0,0,0,0,1101,62,40,148,605,0.507195,0.915384,1831806.136362,2468822.146706,0.042796,0.064565,0.031245,0.011551,0.033321,0.012619,0.036401,0.304777,0.371507,-0.498148,-0.666702,3.617107,False,0.337000
v6-1__H25__S0__P6K5__E2_B3,v6-1,25,S0,P6K5,E2_B3,E2,3405,1714,1665,0,12,0,1679,0,43,6,95,49,71,0,0,0,0,0,357,477,831,0,0,0,0,0,0,0,1101,62,40,148,618,0.503377,0.888214,1665046.361735,2397629.500190,0.035928,0.062411,0.031245,0.004683,0.031167,0.005273,0.035089,0.272960,0.364519,-0.504114,-0.669676,3.289075,False,0.333000
v6-1__H25__S0__P6K5__E2_B4,v6-1,25,S0,P6K5,E2_B4,E2,3405,1669,1624,0,12,0,1724,0,41,4,93,45,68,0,0,0,0,0,350,450,824,0,0,0,0,0,0,0,1101,62,40,148,648,0.490162,0.840662,1450163.744285,2202630.142172,0.026065,0.056190,0.031245,-0.005179,0.024946,-0.006161,0.029674,0.227309,0.342152,-0.537643,-0.668794,3.554303,False,0.331000
v6-1__H25__S0__P6K5__E2_B5,v6-1,25,S0,P6K5,E2_B5,E2,3405,1669,1624,0,12,0,1724,0,41,4,93,45,68,0,0,0,0,0,350,450,824,0,0,0,0,0,0,0,1101,62,40,148,648,0.490162,0.840662,1450163.744285,2202630.142172,0.026065,0.056190,0.031245,-0.005179,0.024946,-0.006161,0.029674,0.227309,0.342152,-0.537643,-0.668794,3.554303,False,0.487000
v6-1__H25__S0__P6K5__E2_B6,v6-1,25,S0,P6K5,E2_B6,E2,3405,1682,1636,0,12,0,1711,0,41,5,92,46,70,0,0,0,0,0,357,453,826,0,0,0,0,0,0,0,1101,62,40,148,623,0.493979,0.885318,1651126.958128,2360852.292854,0.035326,0.061275,0.031245,0.004081,0.030030,0.004610,0.033920,0.269973,0.360550,-0.503286,-0.665737,3.435723,False,0.325000
v6-1__H25__S0__P6K5__E2_B7,v6-1,25,S0,P6K5,E2_B7,E2,3405,1637,1592,0,12,0,1756,0,40,5,91,45,74,0,0,0,0,0,319,445,828,0,0,0,0,0,0,0,1101,62,40,148,643,0.480764,0.849047,1492790.625054,2256777.488660,0.028125,0.057967,0.031245,-0.003119,0.026723,-0.003674,0.031474,0.236468,0.348348,-0.527044,-0.667490,3.374838,False,0.482000
v6-1__H25__S0__P6K5__E2_B8,v6-1,25,S0,P6K5,E2_B8,E2,3405,1717,1668,0,12,0,1676,0,45,4,91,49,74,0,0,0,0,0,353,423,892,0,0,0,0,0,0,0,1101,62,40,148,631,0.504258,0.886435,1723765.153791,2518770.787531,0.038416,0.066043,0.031245,0.007172,0.034798,0.008091,0.039256,0.283242,0.378342,-0.530168,-0.674152,3.802281,False,0.551000
v6-1__H25__S0__P6K5__E2_B9,v6-1,25,S0,P6K5,E2_B9,E2,3405,1795,1749,0,12,0,1598,0,41,5,95,46,72,0,0,0,0,0,453,477,819,0,0,0,0,0,0,0,1101,62,40,148,613,0.527166,0.890172,1888180.103703,2444908.234807,0.044987,0.063848,0.031245,0.013742,0.032604,0.015437,0.036626,0.315419,0.368618,-0.514116,-0.685004,3.761980,False,0.340000
v6-1__H25__S0__P6K5__E3,v6-1,25,S0,P6K5,E3,E3,3405,1502,1485,0,12,0,1891,0,10,7,3416,17,0,0,0,0,0,0,0,0,182,1303,0,0,0,0,0,0,1101,62,40,148,646,0.441116,0.747474,1057978.833124,1673351.382348,0.003909,0.036285,0.031245,-0.027335,0.005040,-0.036570,0.006743,0.112123,0.270189,-0.478938,-0.660610,1.417757,False,0.299000
v6-1__H25__S0__P6K5__E4,v6-1,25,S0,P6K5,E4,E4,3405,1821,2678,0,12,0,1572,0,16,14,2461,30,0,0,0,134,0,0,0,0,1072,719,887,0,0,0,0,0,1101,62,40,148,705,0.534802,1.022660,1709607.598323,1905320.519313,0.037824,0.045641,0.031245,0.006579,0.014396,0.006433,0.014077,0.291367,0.305869,-0.391120,-0.589223,10.577374,False,0.311000
v6-1__H25__S0__P6K5__E5,v6-1,25,S0,P6K5,E5,E5,3405,1416,1398,0,12,0,1977,0,9,9,3765,18,0,0,0,0,0,0,0,0,673,0,0,725,0,0,0,0,1101,62,40,148,769,0.415859,0.803357,972529.044103,1600230.784316,-0.001927,0.033084,0.031245,-0.033171,0.001840,-0.041291,0.002290,0.089111,0.256652,-0.574520,-0.650625,2.586108,False,0.251000
v6-1__H25__S0__P6K5__E6,v6-1,25,S0,P6K5,E6,E6,3405,2276,2264,0,12,0,1117,0,5,7,768,12,0,0,0,0,0,0,0,0,897,0,0,0,1367,0,0,0,1101,62,40,148,386,0.668429,1.205955,3719253.709218,4355554.061864,0.095199,0.107239,0.031245,0.063955,0.075995,0.053032,0.063016,0.575219,0.535429,-0.331841,-0.548020,3.328790,False,0.393000
v6-1__H25__S0__P6K5__E7,v6-1,25,S0,P6K5,E7,E7,3405,1158,1140,0,12,0,2235,0,8,10,2358,18,0,0,0,0,0,0,0,0,681,0,0,0,0,459,0,0,1101,62,40,148,744,0.340088,1.061584,1468763.951733,2121623.377270,0.026971,0.053454,0.031245,-0.004273,0.022209,-0.004026,0.020921,0.233373,0.338375,-0.516261,-0.632388,2.781218,False,0.228000
v6-1__H25__S0__P6K7__E0,v6-1,25,S0,P6K7,E0,E0,3405,1272,1226,0,12,0,2121,0,34,12,86,46,0,0,0,0,0,1226,0,0,0,0,0,0,0,0,0,0,1101,62,40,102,718,0.373568,0.939403,1475052.904332,1940841.267393,0.027275,0.046979,0.031245,-0.003970,0.015734,-0.004226,0.016749,0.234296,0.311173,-0.509357,-0.618491,2.659962,False,0.245000
v6-1__H25__S0__P6K7__E1_A1,v6-1,25,S0,P6K7,E1_A1,E1,3405,1825,1790,0,12,0,1568,0,31,4,109,35,0,0,0,0,0,0,495,738,557,0,0,0,0,0,0,0,1101,62,40,102,554,0.535977,0.603458,1288820.916342,1892777.002887,0.017721,0.045162,0.031245,-0.013524,0.013918,-0.022410,0.023064,0.187753,0.303287,-0.564855,-0.726606,2.861947,False,0.145000
v6-1__H25__S0__P6K7__E1_A10,v6-1,25,S0,P6K7,E1_A10,E1,3405,1726,1705,0,12,0,1667,0,15,6,121,21,0,0,0,0,0,0,178,719,808,0,0,0,0,0,0,0,1101,62,40,102,585,0.506902,0.723392,1440510.409574,2135860.725170,0.025591,0.053942,0.031245,-0.005654,0.022697,-0.007815,0.031376,0.227297,0.339005,-0.609011,-0.709851,2.936535,False,0.229000
v6-1__H25__S0__P6K7__E1_A11,v6-1,25,S0,P6K7,E1_A11,E1,3405,1741,1709,0,12,0,1652,0,25,7,117,32,0,0,0,0,0,0,195,504,1010,0,0,0,0,0,0,0,1101,62,40,102,592,0.511307,0.782769,1532710.809785,2148115.625936,0.030006,0.054359,0.031245,-0.001239,0.023115,-0.001583,0.029529,0.248133,0.338518,-0.583911,-0.698433,3.035859,False,0.248000
v6-1__H25__S0__P6K7__E1_A12,v6-1,25,S0,P6K7,E1_A12,E1,3405,1664,1631,0,12,0,1729,0,23,10,104,33,0,0,0,0,0,0,209,304,1118,0,0,0,0,0,0,0,1101,62,40,102,597,0.488693,0.887757,1684727.999275,2265961.665088,0.036771,0.058265,0.031245,0.005526,0.027020,0.006225,0.030437,0.280790,0.354035,-0.537502,-0.661022,4.336885,False,0.251000
v6-1__H25__S0__P6K7__E1_A2,v6-1,25,S0,P6K7,E1_A2,E1,3405,1922,1879,0,12,0,1471,0,38,5,106,43,0,0,0,0,0,0,557,535,787,0,0,0,0,0,0,0,1101,62,40,102,568,0.564464,0.682204,1419681.925190,1950749.624283,0.024557,0.047348,0.031245,-0.006687,0.016103,-0.009802,0.023605,0.222294,0.310480,-0.543036,-0.719032,3.120428,False,0.229000
v6-1__H25__S0__P6K7__E1_A3,v6-1,25,S0,P6K7,E1_A3,E1,3405,1941,1889,0,12,0,1452,0,44,8,103,52,0,0,0,0,0,0,590,354,945,0,0,0,0,0,0,0,1101,62,40,102,514,0.570044,0.884783,2167948.836329,2751914.951560,0.055030,0.072596,0.031245,0.023786,0.041352,0.026883,0.046737,0.378937,0.406754,-0.490747,-0.669088,4.063008,False,0.262000
v6-1__H25__S0__P6K7__E1_A4,v6-1,25,S0,P6K7,E1_A4,E1,3405,1868,1828,0,12,0,1525,0,35,5,117,40,0,0,0,0,0,0,362,768,698,0,0,0,0,0,0,0,1101,62,40,102,529,0.548605,0.671627,1628669.649834,2397319.193182,0.034345,0.062402,0.031245,0.003100,0.031157,0.004616,0.046390,0.271704,0.370785,-0.550483,-0.691187,2.944795,False,0.228000
v6-1__H25__S0__P6K7__E1_A5,v6-1,25,S0,P6K7,E1_A5,E1,3405,1832,1785,0,12,0,1561,0,42,5,102,47,0,0,0,0,0,0,398,520,867,0,0,0,0,0,0,0,1101,62,40,102,557,0.538032,0.702010,1369976.829640,2024029.434596,0.022033,0.050025,0.031245,-0.009212,0.018780,-0.013122,0.026752,0.209243,0.320982,-0.530637,-0.685078,3.387601,False,0.370000
v6-1__H25__S0__P6K7__E1_A6,v6-1,25,S0,P6K7,E1_A6,E1,3405,1948,1897,0,12,0,1445,0,42,9,103,51,0,0,0,0,0,0,463,357,1077,0,0,0,0,0,0,0,1101,62,40,102,501,0.572100,0.946475,2392404.763224,3064861.320728,0.062251,0.080624,0.031245,0.031006,0.049379,0.032760,0.052172,0.411590,0.438686,-0.433700,-0.618541,4.642566,False,0.402000
v6-1__H25__S0__P6K7__E1_A7,v6-1,25,S0,P6K7,E1_A7,E1,3405,1736,1708,0,12,0,1657,0,23,5,112,28,0,0,0,0,0,0,251,714,743,0,0,0,0,0,0,0,1101,62,40,102,573,0.509838,0.687019,1442788.139897,2046714.532288,0.025703,0.050835,0.031245,-0.005541,0.019591,-0.008066,0.028516,0.227798,0.325879,-0.592374,-0.717414,3.060123,False,0.210000
v6-1__H25__S0__P6K7__E1_A8,v6-1,25,S0,P6K7,E1_A8,E1,3405,1749,1715,0,12,0,1644,0,28,6,98,34,0,0,0,0,0,0,274,507,934,0,0,0,0,0,0,0,1101,62,40,102,563,0.513656,0.768312,1777496.323829,2344600.509404,0.040625,0.060767,0.031245,0.009381,0.029523,0.012210,0.038426,0.299139,0.361059,-0.536568,-0.687424,3.106454,False,0.243000
v6-1__H25__S0__P6K7__E1_A9,v6-1,25,S0,P6K7,E1_A9,E1,3405,1853,1808,0,12,0,1540,0,36,9,101,45,0,0,0,0,0,0,327,351,1130,0,0,0,0,0,0,0,1101,62,40,102,518,0.544200,0.968705,2502617.373412,3013751.593035,0.065568,0.079367,0.031245,0.034323,0.048122,0.035432,0.049677,0.421950,0.430869,-0.464845,-0.626389,4.220370,False,0.404000
v6-1__H25__S0__P6K7__E2_B1,v6-1,25,S0,P6K7,E2_B1,E2,3405,1798,1749,0,12,0,1595,0,43,6,101,49,85,0,0,0,0,0,366,495,888,0,0,0,0,0,0,0,1101,62,40,102,567,0.528047,0.717208,1508254.297499,2180905.163979,0.028859,0.055466,0.031245,-0.002385,0.024221,-0.003326,0.033771,0.241718,0.341288,-0.525306,-0.676474,3.528102,False,0.345000
v6-1__H25__S0__P6K7__E2_B10,v6-1,25,S0,P6K7,E2_B10,E2,3405,1987,1939,0,12,0,1406,0,43,5,104,48,87,0,0,0,0,0,556,530,853,0,0,0,0,0,0,0,1101,62,40,102,492,0.583554,0.777689,1883397.628667,2392710.080009,0.044803,0.062260,0.031245,0.013559,0.031016,0.017434,0.039882,0.324972,0.365512,-0.498871,-0.691697,3.571964,False,0.355000
v6-1__H25__S0__P6K7__E2_B11,v6-1,25,S0,P6K7,E2_B11,E2,3405,1819,1786,0,12,0,1574,0,27,6,98,33,88,0,0,0,0,0,268,518,1000,0,0,0,0,0,0,0,1101,62,40,102,536,0.534214,0.812935,2234272.603840,2832092.676542,0.057234,0.074731,0.031245,0.025989,0.043486,0.031969,0.053493,0.377360,0.411946,-0.505085,-0.673069,3.336663,False,0.286000
v6-1__H25__S0__P6K7__E2_B12,v6-1,25,S0,P6K7,E2_B12,E2,3405,1744,1709,0,12,0,1649,0,29,6,108,35,95,0,0,0,0,0,179,483,1047,0,0,0,0,0,0,0,1101,62,40,102,565,0.512188,0.828127,1858878.238009,2468011.238154,0.043856,0.064541,0.031245,0.012611,0.033297,0.015228,0.040207,0.313721,0.375900,-0.537930,-0.676686,3.428720,False,0.279000
v6-1__H25__S0__P6K7__E2_B13,v6-1,25,S0,P6K7,E2_B13,E2,3405,1737,1711,0,12,0,1656,0,21,5,118,26,75,0,0,0,0,0,307,724,680,0,0,0,0,0,0,0,1101,62,40,102,572,0.510132,0.637834,1276417.743019,2075333.116579,0.017040,0.051846,0.031245,-0.014205,0.020602,-0.022270,0.032299,0.184732,0.330101,-0.560860,-0.686710,2.700872,False,0.297000
v6-1__H25__S0__P6K7__E2_B14,v6-1,25,S0,P6K7,E2_B14,E2,3405,1799,1755,0,12,0,1594,0,35,9,102,44,99,0,0,0,0,0,397,327,1031,0,0,0,0,0,0,0,1101,62,40,102,536,0.528341,0.863375,1995533.515061,2670145.156785,0.048995,0.070359,0.031245,0.017750,0.039114,0.020559,0.045304,0.339851,0.398670,-0.484815,-0.640903,4.057385,False,0.348000
v6-1__H25__S0__P6K7__E2_B18,v6-1,25,S0,P6K7,E2_B18,E2,3405,1861,1806,0,12,0,1532,0,50,5,96,55,85,0,0,0,0,0,378,512,916,0,0,0,0,0,0,0,1101,62,40,102,522,0.546549,0.766798,1861791.496317,2518907.170616,0.043969,0.066047,0.031245,0.012724,0.034802,0.016594,0.045386,0.315344,0.380182,-0.494172,-0.670249,3.529583,False,0.349000
v6-1__H25__S0__P6K7__E2_B19,v6-1,25,S0,P6K7,E2_B19,E2,3405,1789,1753,0,12,0,1604,0,29,7,111,36,93,0,0,0,0,0,189,504,1060,0,0,0,0,0,0,0,1101,62,40,102,566,0.525404,0.833155,1769981.809441,2367536.048773,0.040320,0.061483,0.031245,0.009076,0.030238,0.010893,0.036293,0.297255,0.364379,-0.532465,-0.676842,3.484609,False,0.550000
v6-1__H25__S0__P6K7__E2_B2,v6-1,25,S0,P6K7,E2_B2,E2,3405,1828,1776,0,12,0,1565,0,46,6,99,52,83,0,0,0,0,0,376,498,902,0,0,0,0,0,0,0,1101,62,40,102,544,0.536858,0.750723,1685975.708567,2270880.993820,0.036824,0.058424,0.031245,0.005580,0.027179,0.007432,0.036204,0.280383,0.351390,-0.489529,-0.668396,3.649350,False,0.557000
v6-1__H25__S0__P6K7__E2_B20,v6-1,25,S0,P6K7,E2_B20,E2,3405,1882,1829,0,12,0,1511,0,47,6,99,53,78,0,0,0,0,0,395,515,919,0,0,0,0,0,0,0,1101,62,40,102,510,0.552717,0.791445,2002578.325277,2569869.144626,0.049251,0.067526,0.031245,0.018006,0.036281,0.022751,0.045842,0.342766,0.385410,-0.468472,-0.658858,3.598166,False,0.550000
v6-1__H25__S0__P6K7__E2_B3,v6-1,25,S0,P6K7,E2_B3,E2,3405,1851,1797,0,12,0,1542,0,49,5,97,54,84,0,0,0,0,0,384,519,894,0,0,0,0,0,0,0,1101,62,40,102,531,0.543612,0.758073,1813747.150020,2456307.982885,0.042081,0.064191,0.031245,0.010836,0.032946,0.014295,0.043461,0.306359,0.373385,-0.500584,-0.672849,3.366734,False,0.253000
v6-1__H25__S0__P6K7__E2_B4,v6-1,25,S0,P6K7,E2_B4,E2,3405,1798,1749,0,12,0,1595,0,43,6,101,49,85,0,0,0,0,0,366,495,888,0,0,0,0,0,0,0,1101,62,40,102,567,0.528047,0.717208,1508254.297499,2180905.163979,0.028859,0.055466,0.031245,-0.002385,0.024221,-0.003326,0.033771,0.241718,0.341288,-0.525306,-0.676474,3.528102,False,0.258000
v6-1__H25__S0__P6K7__E2_B5,v6-1,25,S0,P6K7,E2_B5,E2,3405,1798,1749,0,12,0,1595,0,43,6,101,49,85,0,0,0,0,0,366,495,888,0,0,0,0,0,0,0,1101,62,40,102,567,0.528047,0.717208,1508254.297499,2180905.163979,0.028859,0.055466,0.031245,-0.002385,0.024221,-0.003326,0.033771,0.241718,0.341288,-0.525306,-0.676474,3.528102,False,0.344000
v6-1__H25__S0__P6K7__E2_B6,v6-1,25,S0,P6K7,E2_B6,E2,3405,1834,1781,0,12,0,1559,0,47,6,102,53,83,0,0,0,0,0,386,498,897,0,0,0,0,0,0,0,1101,62,40,102,532,0.538620,0.756416,1781796.850668,2405145.934579,0.040800,0.062641,0.031245,0.009555,0.031397,0.012632,0.041507,0.300055,0.367893,-0.495632,-0.667371,3.590505,False,0.529000
v6-1__H25__S0__P6K7__E2_B7,v6-1,25,S0,P6K7,E2_B7,E2,3405,1805,1757,0,12,0,1588,0,42,6,99,48,85,0,0,0,0,0,347,498,912,0,0,0,0,0,0,0,1101,62,40,102,565,0.530103,0.717754,1492416.998971,2172373.138464,0.028108,0.055179,0.031245,-0.003137,0.023935,-0.004371,0.033347,0.237971,0.340028,-0.521124,-0.675419,3.517610,False,0.553000
v6-1__H25__S0__P6K7__E2_B8,v6-1,25,S0,P6K7,E2_B8,E2,3405,1813,1762,0,12,0,1580,0,45,6,96,51,79,0,0,0,0,0,369,459,934,0,0,0,0,0,0,0,1101,62,40,102,551,0.532452,0.746355,1687218.875298,2360665.253758,0.036877,0.061269,0.031245,0.005632,0.030024,0.007547,0.040228,0.280182,0.363101,-0.544053,-0.684885,3.652750,False,0.547000
v6-1__H25__S0__P6K7__E2_B9,v6-1,25,S0,P6K7,E2_B9,E2,3405,1913,1868,0,12,0,1480,0,41,4,106,45,87,0,0,0,0,0,463,525,880,0,0,0,0,0,0,0,1101,62,40,102,517,0.561821,0.762627,1903173.081942,2445317.809662,0.045559,0.063861,0.031245,0.014314,0.032616,0.018770,0.042768,0.325071,0.371544,-0.489989,-0.681927,3.433148,False,0.545000
v6-1__H25__S0__P6K7__E3,v6-1,25,S0,P6K7,E3,E3,3405,1615,1598,0,12,0,1778,0,10,7,3415,17,0,0,0,0,0,0,0,0,195,1403,0,0,0,0,0,0,1101,62,40,102,592,0.474302,0.591562,887284.336065,1321654.462576,-0.008245,0.019495,0.031245,-0.039490,-0.011750,-0.066755,-0.019862,0.039371,0.199901,-0.475304,-0.677631,0.911330,False,0.187000
v6-1__H25__S0__P6K7__E4,v6-1,25,S0,P6K7,E4,E4,3405,2051,3029,0,12,0,1342,0,24,14,2402,38,0,0,0,157,0,0,0,0,1179,834,1016,0,0,0,0,0,1101,62,40,102,585,0.602349,0.884357,1872310.046113,2089053.489154,0.044376,0.052326,0.031245,0.013132,0.021082,0.014849,0.023838,0.330664,0.332268,-0.411275,-0.611410,12.683251,False,0.318000
v6-1__H25__S0__P6K7__E5,v6-1,25,S0,P6K7,E5,E5,3405,1519,1501,0,12,0,1874,0,9,9,3770,18,0,0,0,0,0,0,0,0,722,0,0,779,0,0,0,0,1101,62,40,102,712,0.446109,0.694621,890370.750146,1286221.658501,-0.008007,0.017579,0.031245,-0.039251,-0.013666,-0.056507,-0.019674,0.048820,0.192073,-0.527647,-0.650878,2.780504,False,0.221000
v6-1__H25__S0__P6K7__E6,v6-1,25,S0,P6K7,E6,E6,3405,2358,2338,0,12,0,1035,0,13,7,769,20,0,0,0,0,0,0,0,0,935,0,0,0,1403,0,0,0,1101,62,40,102,341,0.692511,0.941532,3122797.987951,3737423.812168,0.082026,0.095569,0.031245,0.050781,0.064324,0.053935,0.068319,0.532365,0.500170,-0.308816,-0.551552,3.251804,False,0.245000
v6-1__H25__S0__P6K7__E7,v6-1,25,S0,P6K7,E7,E7,3405,1386,1355,0,12,0,2007,0,20,11,2728,31,0,0,0,0,0,0,0,0,805,0,0,0,0,550,0,0,1101,62,40,102,661,0.407048,0.882102,1275594.748418,1913772.526632,0.016994,0.045961,0.031245,-0.014250,0.014716,-0.016155,0.016683,0.184365,0.309609,-0.508278,-0.634540,2.448307,False,0.378000
v6-2__H10__S0__P6K3__E0,v6-2,10,S0,P6K3,E0,E0,1107,683,675,0,5,0,419,0,1,7,17,8,0,0,0,0,0,675,0,0,0,0,0,0,0,0,0,0,540,9,20,62,218,0.616983,0.858353,2478904.909919,2588439.294061,0.064866,0.068058,0.031245,0.033621,0.036814,0.039170,0.042889,0.487061,0.398490,-0.287447,-0.385814,3.531880,False,0.098000
v6-2__H10__S0__P6K3__E1_A1,v6-2,10,S0,P6K3,E1_A1,E1,1107,668,663,0,5,0,434,0,1,4,43,5,0,0,0,0,0,0,92,169,402,0,0,0,0,0,0,0,540,9,20,62,239,0.603433,0.633631,1812437.805673,2257933.166850,0.042029,0.058005,0.031245,0.010784,0.026760,0.017020,0.042233,0.353046,0.362002,-0.291770,-0.487952,2.684696,False,0.039000
v6-2__H10__S0__P6K3__E1_A10,v6-2,10,S0,P6K3,E1_A10,E1,1107,629,624,0,5,0,473,0,0,5,43,5,0,0,0,0,0,0,12,160,452,0,0,0,0,0,0,0,540,9,20,62,256,0.568202,0.729367,1779158.330386,2086426.538613,0.040693,0.052234,0.031245,0.009448,0.020990,0.012954,0.028778,0.343608,0.338358,-0.313394,-0.477260,2.182743,False,0.065000
v6-2__H10__S0__P6K3__E1_A11,v6-2,10,S0,P6K3,E1_A11,E1,1107,641,634,0,5,0,461,0,1,6,40,7,0,0,0,0,0,0,13,91,530,0,0,0,0,0,0,0,540,9,20,62,272,0.579042,0.717905,1628553.613394,1889557.893670,0.034340,0.045039,0.031245,0.003095,0.013795,0.004311,0.019215,0.305574,0.308691,-0.358404,-0.479509,2.485932,False,0.066000
v6-2__H10__S0__P6K3__E1_A12,v6-2,10,S0,P6K3,E1_A12,E1,1107,673,665,0,5,0,429,0,1,7,30,8,0,0,0,0,0,0,19,51,595,0,0,0,0,0,0,0,540,9,20,62,222,0.607949,0.815767,2148019.056529,2353089.029582,0.054356,0.061033,0.031245,0.023111,0.029788,0.028331,0.036516,0.434021,0.374606,-0.321720,-0.408216,3.409471,False,0.061000
v6-2__H10__S0__P6K3__E1_A2,v6-2,10,S0,P6K3,E1_A2,E1,1107,663,657,0,5,0,439,0,1,5,38,6,0,0,0,0,0,0,89,102,466,0,0,0,0,0,0,0,540,9,20,62,248,0.598916,0.653121,1641960.667002,1961758.818215,0.034927,0.047756,0.031245,0.003682,0.016511,0.005638,0.025281,0.311509,0.319596,-0.381199,-0.469624,1.867498,False,0.063000
v6-2__H10__S0__P6K3__E1_A3,v6-2,10,S0,P6K3,E1_A3,E1,1107,671,664,0,5,0,431,0,1,6,34,7,0,0,0,0,0,0,96,55,513,0,0,0,0,0,0,0,540,9,20,62,205,0.606143,0.786092,2393088.481877,2536340.332857,0.062272,0.066556,0.031245,0.031027,0.035311,0.039470,0.044920,0.498391,0.397019,-0.289312,-0.373020,2.840619,False,0.049000
v6-2__H10__S0__P6K3__E1_A4,v6-2,10,S0,P6K3,E1_A4,E1,1107,646,640,0,5,0,456,0,1,5,45,6,0,0,0,0,0,0,42,161,437,0,0,0,0,0,0,0,540,9,20,62,224,0.583559,0.651404,1751808.819007,2245281.784802,0.039577,0.057593,0.031245,0.008333,0.026349,0.012792,0.040449,0.339316,0.359729,-0.283395,-0.423982,2.485507,False,0.066000
v6-2__H10__S0__P6K3__E1_A5,v6-2,10,S0,P6K3,E1_A5,E1,1107,645,638,0,5,0,457,0,1,6,40,7,0,0,0,0,0,0,41,88,509,0,0,0,0,0,0,0,540,9,20,62,258,0.582656,0.685225,1597066.205999,1816313.917526,0.032943,0.042183,0.031245,0.001698,0.010938,0.002478,0.015963,0.299760,0.296417,-0.372922,-0.430396,2.552912,False,0.069000
v6-2__H10__S0__P6K3__E1_A6,v6-2,10,S0,P6K3,E1_A6,E1,1107,697,689,0,5,0,405,0,1,7,34,8,0,0,0,0,0,0,51,54,584,0,0,0,0,0,0,0,540,9,20,62,194,0.629630,0.812092,2424027.666679,2607402.571576,0.063217,0.068598,0.031245,0.031972,0.037354,0.039370,0.045997,0.508767,0.405686,-0.305845,-0.358240,3.115646,False,0.099000
v6-2__H10__S0__P6K3__E1_A7,v6-2,10,S0,P6K3,E1_A7,E1,1107,652,646,0,5,0,450,0,1,5,48,6,0,0,0,0,0,0,22,163,461,0,0,0,0,0,0,0,540,9,20,62,226,0.588979,0.656620,1750077.345057,2227596.321763,0.039506,0.057015,0.031245,0.008262,0.025770,0.012582,0.039247,0.335778,0.357043,-0.307792,-0.441422,2.183726,False,0.092000
v6-2__H10__S0__P6K3__E1_A8,v6-2,10,S0,P6K3,E1_A8,E1,1107,649,643,0,5,0,453,0,1,5,40,6,0,0,0,0,0,0,24,92,527,0,0,0,0,0,0,0,540,9,20,62,242,0.586269,0.658151,1512824.131605,1848758.367244,0.029075,0.043461,0.031245,-0.002170,0.012217,-0.003297,0.018562,0.269545,0.301327,-0.417317,-0.446495,2.526605,False,0.053000
v6-2__H10__S0__P6K3__E1_A9,v6-2,10,S0,P6K3,E1_A9,E1,1107,696,688,0,5,0,406,0,1,7,34,8,0,0,0,0,0,0,29,53,606,0,0,0,0,0,0,0,540,9,20,62,203,0.628726,0.763616,2151387.995088,2501173.498302,0.054470,0.065525,0.031245,0.023226,0.034281,0.030416,0.044893,0.438188,0.392533,-0.348060,-0.366490,3.240908,False,0.071000
v6-2__H10__S0__P6K3__E2_B1,v6-2,10,S0,P6K3,E2_B1,E2,1107,648,642,0,5,0,454,0,1,5,38,6,20,0,0,0,0,0,34,85,523,0,0,0,0,0,0,0,540,9,20,62,234,0.585366,0.712272,1741375.515319,1987985.570585,0.039147,0.048720,0.031245,0.007903,0.017475,0.011095,0.024534,0.341091,0.324112,-0.361076,-0.408185,2.409113,False,0.087000
v6-2__H10__S0__P6K3__E2_B10,v6-2,10,S0,P6K3,E2_B10,E2,1107,660,654,0,5,0,442,0,1,5,36,6,19,0,0,0,0,0,83,87,484,0,0,0,0,0,0,0,540,9,20,62,236,0.596206,0.718960,1985423.106553,2261230.257934,0.048626,0.058112,0.031245,0.017381,0.026867,0.024176,0.037370,0.403064,0.363113,-0.302750,-0.444694,2.649864,False,0.118000
v6-2__H10__S0__P6K3__E2_B11,v6-2,10,S0,P6K3,E2_B11,E2,1107,670,663,0,5,0,432,0,1,6,40,7,21,0,0,0,0,0,20,85,558,0,0,0,0,0,0,0,540,9,20,62,228,0.605239,0.673960,1655300.798410,2016020.521275,0.035507,0.049737,0.031245,0.004262,0.018492,0.006324,0.027438,0.312443,0.327455,-0.401043,-0.408342,2.934328,False,0.088000
v6-2__H10__S0__P6K3__E2_B12,v6-2,10,S0,P6K3,E2_B12,E2,1107,650,642,0,5,0,452,0,1,7,37,8,21,0,0,0,0,0,13,84,545,0,0,0,0,0,0,0,540,9,20,62,263,0.587173,0.727721,1660994.047912,1892256.513092,0.035753,0.045143,0.031245,0.004509,0.013898,0.006195,0.019098,0.314144,0.308873,-0.360876,-0.456172,2.837477,False,0.086000
v6-2__H10__S0__P6K3__E2_B13,v6-2,10,S0,P6K3,E2_B13,E2,1107,637,631,0,5,0,465,0,1,5,45,6,18,0,0,0,0,0,34,157,440,0,0,0,0,0,0,0,540,9,20,62,226,0.575429,0.644366,1676972.684580,2183366.519544,0.036440,0.055548,0.031245,0.005195,0.024303,0.008063,0.037717,0.315597,0.351063,-0.290562,-0.429230,2.065163,False,0.110000
v6-2__H10__S0__P6K3__E2_B14,v6-2,10,S0,P6K3,E2_B14,E2,1107,706,698,0,5,0,396,0,1,7,32,8,23,0,0,0,0,0,44,51,603,0,0,0,0,0,0,0,540,9,20,62,205,0.637760,0.800605,2291796.960903,2486765.847933,0.059096,0.065099,0.031245,0.027851,0.033855,0.034788,0.042286,0.475721,0.391742,-0.314803,-0.368432,3.383513,False,0.121000
v6-2__H10__S0__P6K3__E2_B18,v6-2,10,S0,P6K3,E2_B18,E2,1107,657,650,0,5,0,445,0,1,6,39,7,21,0,0,0,0,0,40,83,527,0,0,0,0,0,0,0,540,9,20,62,223,0.593496,0.713793,1778655.476251,2036510.583677,0.040672,0.050472,0.031245,0.009428,0.019227,0.013208,0.026937,0.353401,0.331456,-0.359710,-0.402981,2.702005,False,0.159000
v6-2__H10__S0__P6K3__E2_B19,v6-2,10,S0,P6K3,E2_B19,E2,1107,654,647,0,5,0,448,0,1,6,35,7,21,0,0,0,0,0,15,82,550,0,0,0,0,0,0,0,540,9,20,62,253,0.590786,0.733314,1692766.545529,1944330.192884,0.037113,0.047109,0.031245,0.005868,0.015864,0.008002,0.021634,0.323084,0.317089,-0.365530,-0.453260,3.158394,False,0.118000
v6-2__H10__S0__P6K3__E2_B2,v6-2,10,S0,P6K3,E2_B2,E2,1107,663,657,0,5,0,439,0,1,5,40,6,20,0,0,0,0,0,37,86,534,0,0,0,0,0,0,0,540,9,20,62,223,0.598916,0.715068,1766287.757667,2011805.957830,0.040170,0.049585,0.031245,0.008925,0.018340,0.012482,0.025648,0.350025,0.327768,-0.363981,-0.402530,2.655757,False,0.121000
v6-2__H10__S0__P6K3__E2_B20,v6-2,10,S0,P6K3,E2_B20,E2,1107,655,648,0,5,0,447,0,1,6,41,7,21,0,0,0,0,0,39,84,525,0,0,0,0,0,0,0,540,9,20,62,223,0.591689,0.715037,1774864.847384,2027214.737129,0.040519,0.050139,0.031245,0.009274,0.018895,0.012970,0.026425,0.352287,0.330007,-0.365043,-0.402904,2.442921,False,0.085000
v6-2__H10__S0__P6K3__E2_B3,v6-2,10,S0,P6K3,E2_B3,E2,1107,660,654,0,5,0,442,0,1,5,39,6,21,0,0,0,0,0,40,85,529,0,0,0,0,0,0,0,540,9,20,62,220,0.596206,0.716348,1799045.582100,2070565.744500,0.041494,0.051679,0.031245,0.010249,0.020434,0.014308,0.028525,0.359981,0.336687,-0.360697,-0.402395,2.606461,False,0.114000
v6-2__H10__S0__P6K3__E2_B4,v6-2,10,S0,P6K3,E2_B4,E2,1107,648,642,0,5,0,454,0,1,5,38,6,20,0,0,0,0,0,34,85,523,0,0,0,0,0,0,0,540,9,20,62,234,0.585366,0.712272,1741375.515319,1987985.570585,0.039147,0.048720,0.031245,0.007903,0.017475,0.011095,0.024534,0.341091,0.324112,-0.361076,-0.408185,2.409113,False,0.119000
v6-2__H10__S0__P6K3__E2_B5,v6-2,10,S0,P6K3,E2_B5,E2,1107,648,642,0,5,0,454,0,1,5,38,6,20,0,0,0,0,0,34,85,523,0,0,0,0,0,0,0,540,9,20,62,234,0.585366,0.712272,1741375.515319,1987985.570585,0.039147,0.048720,0.031245,0.007903,0.017475,0.011095,0.024534,0.341091,0.324112,-0.361076,-0.408185,2.409113,False,0.085000
v6-2__H10__S0__P6K3__E2_B6,v6-2,10,S0,P6K3,E2_B6,E2,1107,652,646,0,5,0,450,0,1,5,39,6,20,0,0,0,0,0,37,86,523,0,0,0,0,0,0,0,540,9,20,62,228,0.588979,0.712326,1749238.519771,1999027.080366,0.039472,0.049122,0.031245,0.008227,0.017877,0.011550,0.025097,0.343079,0.325705,-0.362550,-0.408568,2.452633,False,0.120000
v6-2__H10__S0__P6K3__E2_B7,v6-2,10,S0,P6K3,E2_B7,E2,1107,646,639,0,5,0,456,0,1,6,40,7,21,0,0,0,0,0,32,86,521,0,0,0,0,0,0,0,540,9,20,62,236,0.583559,0.709788,1733622.327056,1970876.058906,0.038826,0.048092,0.031245,0.007582,0.016848,0.010682,0.023736,0.338025,0.321317,-0.356370,-0.408841,2.467956,False,0.090000
v6-2__H10__S0__P6K3__E2_B8,v6-2,10,S0,P6K3,E2_B8,E2,1107,630,624,0,5,0,472,0,1,5,35,6,20,0,0,0,0,0,35,77,512,0,0,0,0,0,0,0,540,9,20,62,250,0.569106,0.724674,1726502.285539,1923674.393366,0.038531,0.046335,0.031245,0.007286,0.015090,0.010054,0.020823,0.336528,0.314145,-0.349158,-0.408185,2.665134,False,0.085000
v6-2__H10__S0__P6K3__E2_B9,v6-2,10,S0,P6K3,E2_B9,E2,1107,661,655,0,5,0,441,0,1,5,37,6,20,0,0,0,0,0,63,83,509,0,0,0,0,0,0,0,540,9,20,62,230,0.597109,0.727577,1886064.857349,2125872.950961,0.044905,0.053600,0.031245,0.013661,0.022355,0.018776,0.030726,0.379519,0.344692,-0.303949,-0.417786,3.056723,False,0.086000
v6-2__H10__S0__P6K3__E3,v6-2,10,S0,P6K3,E3,E3,1107,607,601,0,5,0,495,0,0,6,3391,6,0,0,0,0,0,0,0,0,319,282,0,0,0,0,0,0,540,9,20,62,275,0.548329,0.702672,1693398.550529,2130599.144331,0.037139,0.053762,0.031245,0.005895,0.022517,0.008389,0.032045,0.329653,0.348735,-0.247047,-0.486488,1.061236,False,0.073000
v6-2__H10__S0__P6K3__E4,v6-2,10,S0,P6K3,E4,E4,1107,685,920,0,5,0,417,0,1,8,2342,9,0,0,0,19,0,0,0,0,616,60,244,0,0,0,0,0,540,9,20,62,252,0.618790,0.749668,1985663.301829,2085490.234091,0.048635,0.052202,0.031245,0.017390,0.020957,0.023197,0.027955,0.399748,0.338039,-0.310506,-0.405577,7.096504,False,0.081000
v6-2__H10__S0__P6K3__E5,v6-2,10,S0,P6K3,E5,E5,1107,583,577,0,5,0,519,0,0,6,2409,6,0,0,0,0,0,0,0,0,421,0,0,156,0,0,0,0,540,9,20,62,288,0.526649,0.746060,1795830.041382,1985757.313245,0.041365,0.048638,0.031245,0.010120,0.017394,0.013565,0.023314,0.353940,0.323715,-0.270693,-0.432406,2.388037,False,0.065000
v6-2__H10__S0__P6K3__E6,v6-2,10,S0,P6K3,E6,E6,1107,809,801,0,5,0,293,0,1,7,2071,8,0,0,0,0,0,0,0,0,356,0,0,0,445,0,0,0,540,9,20,62,148,0.730804,0.691808,2937105.342673,3869904.163413,0.077443,0.098214,0.031245,0.046199,0.066969,0.066780,0.096803,0.633844,0.534665,-0.265251,-0.396196,3.810484,False,0.079000
v6-2__H10__S0__P6K3__E7,v6-2,10,S0,P6K3,E7,E7,1107,682,674,0,5,0,420,0,1,7,1388,8,0,0,0,0,0,0,0,0,632,0,0,0,0,42,0,0,540,9,20,62,205,0.616079,0.898665,2554507.597481,2830867.828896,0.067083,0.074699,0.031245,0.035838,0.043454,0.039880,0.048354,0.515822,0.430188,-0.287295,-0.375415,3.503902,False,0.075000
v6-2__H10__S0__P6K5__E0,v6-2,10,S0,P6K5,E0,E0,1107,731,722,0,5,0,371,0,1,8,20,9,0,0,0,0,0,722,0,0,0,0,0,0,0,0,0,0,540,9,20,34,162,0.660343,0.567373,1916875.542639,2175159.212820,0.046078,0.055273,0.031245,0.014834,0.024028,0.026145,0.042350,0.405520,0.353001,-0.290130,-0.407288,3.229460,False,0.072000
v6-2__H10__S0__P6K5__E1_A1,v6-2,10,S0,P6K5,E1_A1,E1,1107,711,706,0,5,0,391,0,1,4,44,5,0,0,0,0,0,0,99,176,431,0,0,0,0,0,0,0,540,9,20,34,180,0.642276,0.423386,1539179.550774,2042792.579049,0.030306,0.050696,0.031245,-0.000939,0.019451,-0.002217,0.045942,0.300942,0.337187,-0.255473,-0.521721,2.839610,False,0.065000
v6-2__H10__S0__P6K5__E1_A10,v6-2,10,S0,P6K5,E1_A10,E1,1107,690,683,0,5,0,412,0,1,6,48,7,0,0,0,0,0,0,12,168,503,0,0,0,0,0,0,0,540,9,20,34,189,0.623306,0.485059,1399412.963651,1860192.894546,0.023538,0.043907,0.031245,-0.007707,0.012662,-0.015888,0.026104,0.246623,0.307587,-0.274799,-0.511929,2.526198,False,0.094000
v6-2__H10__S0__P6K5__E1_A11,v6-2,10,S0,P6K5,E1_A11,E1,1107,705,697,0,5,0,397,0,1,7,41,8,0,0,0,0,0,0,19,97,581,0,0,0,0,0,0,0,540,9,20,34,190,0.636856,0.488177,1328629.291005,1742447.594628,0.019867,0.039192,0.031245,-0.011378,0.007947,-0.023307,0.016279,0.219247,0.286318,-0.364315,-0.486613,2.760101,False,0.054000
v6-2__H10__S0__P6K5__E1_A12,v6-2,10,S0,P6K5,E1_A12,E1,1107,723,714,0,5,0,379,0,1,8,36,9,0,0,0,0,0,0,16,55,643,0,0,0,0,0,0,0,540,9,20,34,167,0.653117,0.547325,1763807.545934,2127974.939670,0.040069,0.053672,0.031245,0.008824,0.022427,0.016122,0.040976,0.373873,0.349023,-0.327279,-0.415156,3.148564,False,0.073000
v6-2__H10__S0__P6K5__E1_A2,v6-2,10,S0,P6K5,E1_A2,E1,1107,686,680,0,5,0,416,0,1,5,38,6,0,0,0,0,0,0,98,97,485,0,0,0,0,0,0,0,540,9,20,34,183,0.619693,0.458084,1522903.473028,1882781.426896,0.029548,0.044779,0.031245,-0.001697,0.013535,-0.003704,0.029547,0.296208,0.310693,-0.271818,-0.510598,2.693656,False,0.093000
v6-2__H10__S0__P6K5__E1_A3,v6-2,10,S0,P6K5,E1_A3,E1,1107,740,733,0,5,0,362,0,1,6,34,7,0,0,0,0,0,0,103,57,573,0,0,0,0,0,0,0,540,9,20,34,155,0.668473,0.510129,1893320.363078,2173440.045948,0.045183,0.055215,0.031245,0.013939,0.023971,0.027324,0.046989,0.421511,0.355516,-0.265736,-0.435526,3.232561,False,0.055000
v6-2__H10__S0__P6K5__E1_A4,v6-2,10,S0,P6K5,E1_A4,E1,1107,719,713,0,5,0,383,0,1,5,48,6,0,0,0,0,0,0,45,186,482,0,0,0,0,0,0,0,540,9,20,34,176,0.649503,0.430702,1396528.567032,1891906.191938,0.023392,0.045129,0.031245,-0.007853,0.013885,-0.018233,0.032237,0.246767,0.311917,-0.277093,-0.484515,2.280145,False,0.068000
v6-2__H10__S0__P6K5__E1_A5,v6-2,10,S0,P6K5,E1_A5,E1,1107,697,690,0,5,0,405,0,1,6,42,7,0,0,0,0,0,0,44,107,539,0,0,0,0,0,0,0,540,9,20,34,187,0.629630,0.469487,1378554.896485,1740765.160961,0.022474,0.039122,0.031245,-0.008770,0.007878,-0.018680,0.016779,0.240913,0.285642,-0.336387,-0.468288,1.968408,False,0.096000
v6-2__H10__S0__P6K5__E1_A6,v6-2,10,S0,P6K5,E1_A6,E1,1107,740,732,0,5,0,362,0,1,7,36,8,0,0,0,0,0,0,53,62,617,0,0,0,0,0,0,0,540,9,20,34,159,0.668473,0.526377,1810587.390365,2107647.265572,0.041955,0.052972,0.031245,0.010711,0.021727,0.020348,0.041277,0.395941,0.345786,-0.313126,-0.392781,2.516471,False,0.106000
v6-2__H10__S0__P6K5__E1_A7,v6-2,10,S0,P6K5,E1_A7,E1,1107,713,707,0,5,0,389,0,1,5,48,6,0,0,0,0,0,0,24,184,499,0,0,0,0,0,0,0,540,9,20,34,179,0.644083,0.434175,1364277.442159,1867941.144213,0.021738,0.044207,0.031245,-0.009507,0.012963,-0.021896,0.029856,0.231955,0.307871,-0.279270,-0.493997,2.132564,False,0.101000
v6-2__H10__S0__P6K5__E1_A8,v6-2,10,S0,P6K5,E1_A8,E1,1107,708,701,0,5,0,394,0,1,6,43,7,0,0,0,0,0,0,27,110,564,0,0,0,0,0,0,0,540,9,20,34,179,0.639566,0.448160,1352791.597184,1807582.207577,0.021140,0.041835,0.031245,-0.010105,0.010591,-0.022547,0.023632,0.228309,0.297163,-0.362575,-0.469601,1.870300,False,0.103000
v6-2__H10__S0__P6K5__E1_A9,v6-2,10,S0,P6K5,E1_A9,E1,1107,753,745,0,5,0,349,0,1,7,34,8,0,0,0,0,0,0,31,60,654,0,0,0,0,0,0,0,540,9,20,34,160,0.680217,0.500856,1696913.509855,2088559.915501,0.037288,0.052309,0.031245,0.006044,0.021064,0.012067,0.042057,0.351627,0.342169,-0.345709,-0.409246,2.885857,False,0.103000
v6-2__H10__S0__P6K5__E2_B1,v6-2,10,S0,P6K5,E2_B1,E2,1107,704,697,0,5,0,398,0,1,6,43,7,21,0,0,0,0,0,40,103,554,0,0,0,0,0,0,0,540,9,20,34,183,0.635953,0.473944,1427057.676910,1799084.250679,0.024925,0.041496,0.031245,-0.006319,0.010251,-0.013334,0.021629,0.258917,0.296031,-0.326221,-0.460127,2.132387,False,0.124000
v6-2__H10__S0__P6K5__E2_B10,v6-2,10,S0,P6K5,E2_B10,E2,1107,697,691,0,5,0,405,0,1,5,37,6,20,0,0,0,0,0,84,93,514,0,0,0,0,0,0,0,540,9,20,34,170,0.629630,0.473167,1728006.961366,2143502.266797,0.038593,0.054202,0.031245,0.007349,0.022958,0.015531,0.048519,0.367026,0.351443,-0.255520,-0.471125,2.487667,False,0.122000
v6-2__H10__S0__P6K5__E2_B11,v6-2,10,S0,P6K5,E2_B11,E2,1107,710,703,0,5,0,392,0,1,6,43,7,21,0,0,0,0,0,20,104,579,0,0,0,0,0,0,0,540,9,20,34,177,0.641373,0.451301,1387077.191927,1825638.444341,0.022911,0.042553,0.031245,-0.008334,0.011308,-0.018466,0.025056,0.241189,0.300072,-0.354361,-0.461537,1.924713,False,0.118000
v6-2__H10__S0__P6K5__E2_B12,v6-2,10,S0,P6K5,E2_B12,E2,1107,711,703,0,5,0,391,0,1,7,41,8,21,0,0,0,0,0,14,92,597,0,0,0,0,0,0,0,540,9,20,34,186,0.642276,0.493271,1398449.019931,1797883.071460,0.023489,0.041447,0.031245,-0.007755,0.010203,-0.015722,0.020684,0.246885,0.296092,-0.351198,-0.466158,2.771043,False,0.090000
v6-2__H10__S0__P6K5__E2_B13,v6-2,10,S0,P6K5,E2_B13,E2,1107,716,710,0,5,0,386,0,1,5,48,6,21,0,0,0,0,0,39,183,488,0,0,0,0,0,0,0,540,9,20,34,185,0.646793,0.428360,1351497.636255,1861131.151023,0.021072,0.043943,0.031245,-0.010172,0.012699,-0.023747,0.029645,0.227234,0.306620,-0.271853,-0.491385,2.139897,False,0.074000
v6-2__H10__S0__P6K5__E2_B14,v6-2,10,S0,P6K5,E2_B14,E2,1107,748,740,0,5,0,354,0,1,7,36,8,23,0,0,0,0,0,46,60,634,0,0,0,0,0,0,0,540,9,20,34,167,0.675700,0.524174,1737047.661174,2035400.591407,0.038968,0.050432,0.031245,0.007724,0.019188,0.014735,0.036606,0.368247,0.334705,-0.315832,-0.409758,2.803336,False,0.173000
v6-2__H10__S0__P6K5__E2_B18,v6-2,10,S0,P6K5,E2_B18,E2,1107,705,698,0,5,0,397,0,1,6,43,7,20,0,0,0,0,0,41,104,553,0,0,0,0,0,0,0,540,9,20,34,178,0.636856,0.474161,1458869.642392,1826786.160900,0.026491,0.042598,0.031245,-0.004754,0.011353,-0.010026,0.023944,0.271811,0.300778,-0.321126,-0.456999,1.971761,False,0.059000
v6-2__H10__S0__P6K5__E2_B19,v6-2,10,S0,P6K5,E2_B19,E2,1107,706,698,0,5,0,396,0,1,7,41,8,21,0,0,0,0,0,16,91,591,0,0,0,0,0,0,0,540,9,20,34,185,0.637760,0.495749,1446629.462174,1861651.657373,0.025892,0.043963,0.031245,-0.005352,0.012719,-0.010797,0.025656,0.265711,0.307125,-0.342877,-0.464054,2.803426,False,0.089000
v6-2__H10__S0__P6K5__E2_B2,v6-2,10,S0,P6K5,E2_B2,E2,1107,706,699,0,5,0,396,0,1,6,41,7,21,0,0,0,0,0,41,101,557,0,0,0,0,0,0,0,540,9,20,34,180,0.637760,0.474994,1446814.444816,1810326.143502,0.025901,0.041945,0.031245,-0.005343,0.010700,-0.011249,0.022527,0.267361,0.297981,-0.325112,-0.456395,2.220327,False,0.163000
v6-2__H10__S0__P6K5__E2_B20,v6-2,10,S0,P6K5,E2_B20,E2,1107,708,701,0,5,0,394,0,1,6,42,7,20,0,0,0,0,0,45,103,553,0,0,0,0,0,0,0,540,9,20,34,177,0.639566,0.475591,1461336.540594,1828122.663920,0.026611,0.042651,0.031245,-0.004634,0.011406,-0.009743,0.023983,0.272866,0.301004,-0.324366,-0.452750,2.186452,False,0.086000
v6-2__H10__S0__P6K5__E2_B3,v6-2,10,S0,P6K5,E2_B3,E2,1107,705,698,0,5,0,397,0,1,6,42,7,20,0,0,0,0,0,46,102,550,0,0,0,0,0,0,0,540,9,20,34,178,0.636856,0.475265,1472036.126212,1843600.683871,0.027129,0.043259,0.031245,-0.004115,0.012015,-0.008659,0.025280,0.277278,0.303745,-0.320907,-0.456823,2.276628,False,0.088000
v6-2__H10__S0__P6K5__E2_B4,v6-2,10,S0,P6K5,E2_B4,E2,1107,704,697,0,5,0,398,0,1,6,43,7,21,0,0,0,0,0,40,103,554,0,0,0,0,0,0,0,540,9,20,34,183,0.635953,0.473944,1427057.676910,1799084.250679,0.024925,0.041496,0.031245,-0.006319,0.010251,-0.013334,0.021629,0.258917,0.296031,-0.326221,-0.460127,2.132387,False,0.086000
v6-2__H10__S0__P6K5__E2_B5,v6-2,10,S0,P6K5,E2_B5,E2,1107,704,697,0,5,0,398,0,1,6,43,7,21,0,0,0,0,0,40,103,554,0,0,0,0,0,0,0,540,9,20,34,183,0.635953,0.473944,1427057.676910,1799084.250679,0.024925,0.041496,0.031245,-0.006319,0.010251,-0.013334,0.021629,0.258917,0.296031,-0.326221,-0.460127,2.132387,False,0.089000
v6-2__H10__S0__P6K5__E2_B6,v6-2,10,S0,P6K5,E2_B6,E2,1107,706,699,0,5,0,396,0,1,6,42,7,20,0,0,0,0,0,42,102,555,0,0,0,0,0,0,0,540,9,20,34,181,0.637760,0.474829,1444228.482718,1819404.055106,0.025774,0.042306,0.031245,-0.005470,0.011061,-0.011521,0.023295,0.265516,0.299516,-0.325917,-0.455071,2.124960,False,0.100000
v6-2__H10__S0__P6K5__E2_B7,v6-2,10,S0,P6K5,E2_B7,E2,1107,704,697,0,5,0,398,0,1,6,42,7,20,0,0,0,0,0,37,102,558,0,0,0,0,0,0,0,540,9,20,34,183,0.635953,0.473420,1422391.449636,1790955.748170,0.024693,0.041169,0.031245,-0.006552,0.009925,-0.013839,0.020964,0.256796,0.294542,-0.325471,-0.458686,2.160276,False,0.124000
v6-2__H10__S0__P6K5__E2_B8,v6-2,10,S0,P6K5,E2_B8,E2,1107,700,693,0,5,0,402,0,1,6,43,7,21,0,0,0,0,0,38,96,559,0,0,0,0,0,0,0,540,9,20,34,188,0.632340,0.481463,1354041.999756,1697825.286975,0.021205,0.037327,0.031245,-0.010039,0.006082,-0.020852,0.012633,0.229476,0.277763,-0.341848,-0.467969,1.878953,False,0.162000
v6-2__H10__S0__P6K5__E2_B9,v6-2,10,S0,P6K5,E2_B9,E2,1107,708,702,0,5,0,394,0,1,5,41,6,20,0,0,0,0,0,57,105,540,0,0,0,0,0,0,0,540,9,20,34,171,0.639566,0.470859,1601999.652880,1972478.551525,0.033163,0.048151,0.031245,0.001919,0.016907,0.004075,0.035906,0.322635,0.325059,-0.253582,-0.468975,1.841282,False,0.075000
v6-2__H10__S0__P6K5__E3,v6-2,10,S0,P6K5,E3,E3,1107,709,702,0,5,0,393,0,1,6,3398,7,0,0,0,0,0,0,0,0,380,322,0,0,0,0,0,0,540,9,20,34,183,0.640470,0.478763,1452453.922383,2154744.055326,0.026177,0.054584,0.031245,-0.005067,0.023340,-0.010584,0.048750,0.275031,0.358278,-0.239550,-0.507528,2.174918,False,0.060000
v6-2__H10__S0__P6K5__E4,v6-2,10,S0,P6K5,E4,E4,1107,781,1064,0,5,0,321,0,1,8,2343,9,0,0,0,13,0,0,0,0,706,66,292,0,0,0,0,0,540,9,20,34,179,0.705510,0.507896,1645896.352776,1946109.537089,0.035099,0.047175,0.031245,0.003854,0.015930,0.007588,0.031366,0.336796,0.321045,-0.272300,-0.424057,8.248366,False,0.085000
v6-2__H10__S0__P6K5__E5,v6-2,10,S0,P6K5,E5,E5,1107,721,713,0,5,0,381,0,1,7,2524,8,0,0,0,0,0,0,0,0,526,0,0,187,0,0,0,0,540,9,20,34,193,0.651310,0.520440,1482632.304335,1879447.889988,0.027639,0.044651,0.031245,-0.003605,0.013407,-0.006927,0.025760,0.282324,0.311298,-0.268442,-0.454184,3.100611,False,0.076000
v6-2__H10__S0__P6K5__E6,v6-2,10,S0,P6K5,E6,E6,1107,867,859,0,5,0,235,0,1,7,2071,8,0,0,0,0,0,0,0,0,384,0,0,0,475,0,0,0,540,9,20,34,121,0.783198,0.500477,2297376.851286,3146111.766264,0.059274,0.082583,0.031245,0.028030,0.051339,0.056006,0.102579,0.564884,0.480551,-0.233318,-0.422303,3.482448,False,0.143000
v6-2__H10__S0__P6K5__E7,v6-2,10,S0,P6K5,E7,E7,1107,732,723,0,5,0,370,0,1,8,1493,9,0,0,0,0,0,0,0,0,679,0,0,0,0,44,0,0,540,9,20,34,163,0.661247,0.594012,1944240.901993,2305398.514331,0.047105,0.059530,0.031245,0.015861,0.028285,0.026701,0.047617,0.422552,0.373777,-0.272931,-0.414461,3.290228,False,0.121000
v6-2__H10__S0__P6K7__E0,v6-2,10,S0,P6K7,E0,E0,1107,778,769,0,5,0,324,0,1,8,22,9,0,0,0,0,0,769,0,0,0,0,0,0,0,0,0,0,540,9,20,23,124,0.702800,0.426216,1708305.909446,2140365.220970,0.037769,0.054095,0.031245,0.006524,0.022851,0.015308,0.053613,0.367538,0.351123,-0.262009,-0.441149,3.043905,False,0.073000
v6-2__H10__S0__P6K7__E1_A1,v6-2,10,S0,P6K7,E1_A1,E1,1107,758,753,0,5,0,344,0,1,4,46,5,0,0,0,0,0,0,100,201,452,0,0,0,0,0,0,0,540,9,20,23,138,0.684734,0.322897,1450446.470894,1977709.967886,0.026079,0.048343,0.031245,-0.005165,0.017099,-0.015997,0.052955,0.286147,0.328395,-0.229125,-0.504628,2.262278,False,0.097000
v6-2__H10__S0__P6K7__E1_A10,v6-2,10,S0,P6K7,E1_A10,E1,1107,735,728,0,5,0,367,0,1,6,50,7,0,0,0,0,0,0,14,191,523,0,0,0,0,0,0,0,540,9,20,23,146,0.663957,0.373722,1336949.491520,1857175.381452,0.020307,0.043789,0.031245,-0.010937,0.012545,-0.029265,0.033567,0.234300,0.308875,-0.267560,-0.495176,1.928241,False,0.069000
v6-2__H10__S0__P6K7__E1_A11,v6-2,10,S0,P6K7,E1_A11,E1,1107,755,747,0,5,0,347,0,1,7,48,8,0,0,0,0,0,0,17,112,618,0,0,0,0,0,0,0,540,9,20,23,131,0.682023,0.383491,1437645.213264,1943455.803212,0.025450,0.047076,0.031245,-0.005795,0.015832,-0.015111,0.041283,0.279710,0.322892,-0.311601,-0.488579,2.163797,False,0.107000
v6-2__H10__S0__P6K7__E1_A12,v6-2,10,S0,P6K7,E1_A12,E1,1107,796,787,0,5,0,306,0,1,8,41,9,0,0,0,0,0,0,19,63,705,0,0,0,0,0,0,0,540,9,20,23,121,0.719061,0.435125,1677439.280433,2122175.048402,0.036460,0.053473,0.031245,0.005215,0.022228,0.011986,0.051085,0.371340,0.351093,-0.291418,-0.450381,2.814267,False,0.076000
v6-2__H10__S0__P6K7__E1_A2,v6-2,10,S0,P6K7,E1_A2,E1,1107,746,740,0,5,0,356,0,1,5,41,6,0,0,0,0,0,0,95,116,529,0,0,0,0,0,0,0,540,9,20,23,135,0.673893,0.357619,1522923.825075,1963461.469636,0.029549,0.047819,0.031245,-0.001696,0.016574,-0.004742,0.046346,0.319485,0.326089,-0.284569,-0.515939,1.898448,False,0.098000
v6-2__H10__S0__P6K7__E1_A3,v6-2,10,S0,P6K7,E1_A3,E1,1107,798,791,0,5,0,304,0,1,6,37,7,0,0,0,0,0,0,107,65,619,0,0,0,0,0,0,0,540,9,20,23,116,0.720867,0.391651,1767373.353490,2169573.156902,0.040214,0.055085,0.031245,0.008970,0.023840,0.022902,0.060872,0.411680,0.357820,-0.265843,-0.485058,2.626518,False,0.072000
v6-2__H10__S0__P6K7__E1_A4,v6-2,10,S0,P6K7,E1_A4,E1,1107,750,744,0,5,0,352,0,1,5,49,6,0,0,0,0,0,0,44,202,498,0,0,0,0,0,0,0,540,9,20,23,139,0.677507,0.330815,1342474.475272,1883917.713492,0.020599,0.044823,0.031245,-0.010646,0.013579,-0.032180,0.041046,0.237248,0.312402,-0.280869,-0.481069,1.762373,False,0.069000
v6-2__H10__S0__P6K7__E1_A5,v6-2,10,S0,P6K7,E1_A5,E1,1107,746,739,0,5,0,356,0,1,6,44,7,0,0,0,0,0,0,46,116,577,0,0,0,0,0,0,0,540,9,20,23,131,0.673893,0.367022,1466361.155375,1909229.797054,0.026855,0.045789,0.031245,-0.004390,0.014544,-0.011961,0.039628,0.294693,0.316820,-0.304583,-0.491362,1.727419,False,0.055000
v6-2__H10__S0__P6K7__E1_A6,v6-2,10,S0,P6K7,E1_A6,E1,1107,804,796,0,5,0,298,0,1,7,38,8,0,0,0,0,0,0,58,66,672,0,0,0,0,0,0,0,540,9,20,23,116,0.726287,0.403405,1751249.807274,2159105.397697,0.039554,0.054732,0.031245,0.008310,0.023487,0.020599,0.058223,0.402935,0.355666,-0.280273,-0.452637,2.793493,False,0.057000
v6-2__H10__S0__P6K7__E1_A7,v6-2,10,S0,P6K7,E1_A7,E1,1107,744,738,0,5,0,358,0,1,5,49,6,0,0,0,0,0,0,24,203,511,0,0,0,0,0,0,0,540,9,20,23,138,0.672087,0.334115,1330919.289004,1893419.126927,0.019988,0.045187,0.031245,-0.011256,0.013942,-0.033690,0.041730,0.230639,0.314095,-0.278214,-0.482758,1.408786,False,0.069000
v6-2__H10__S0__P6K7__E1_A8,v6-2,10,S0,P6K7,E1_A8,E1,1107,747,740,0,5,0,355,0,1,6,47,7,0,0,0,0,0,0,26,117,597,0,0,0,0,0,0,0,540,9,20,23,131,0.674797,0.368262,1428072.426390,1908799.092864,0.024975,0.045773,0.031245,-0.006269,0.014528,-0.017023,0.039450,0.275910,0.316851,-0.302548,-0.484717,1.591855,False,0.072000
v6-2__H10__S0__P6K7__E1_A9,v6-2,10,S0,P6K7,E1_A9,E1,1107,798,790,0,5,0,304,0,1,7,40,8,0,0,0,0,0,0,32,65,693,0,0,0,0,0,0,0,540,9,20,23,115,0.720867,0.405765,1685820.480944,2152504.169452,0.036818,0.054508,0.031245,0.005573,0.023264,0.013734,0.057333,0.373989,0.354793,-0.285410,-0.444913,2.524150,False,0.082000
v6-2__H10__S0__P6K7__E2_B1,v6-2,10,S0,P6K7,E2_B1,E2,1107,745,738,0,5,0,357,0,1,6,44,7,21,0,0,0,0,0,40,111,587,0,0,0,0,0,0,0,540,9,20,23,126,0.672990,0.369386,1498020.413256,1968992.724522,0.028374,0.048023,0.031245,-0.002870,0.016778,-0.007770,0.045422,0.305935,0.326692,-0.291402,-0.480033,1.709742,False,0.089000
v6-2__H10__S0__P6K7__E2_B10,v6-2,10,S0,P6K7,E2_B10,E2,1107,752,746,0,5,0,350,0,1,5,40,6,21,0,0,0,0,0,86,109,551,0,0,0,0,0,0,0,540,9,20,23,123,0.679313,0.366093,1649089.107245,2127450.458683,0.035237,0.053654,0.031245,0.003993,0.022409,0.010907,0.061212,0.368191,0.351707,-0.276488,-0.489285,2.027672,False,0.108000
v6-2__H10__S0__P6K7__E2_B11,v6-2,10,S0,P6K7,E2_B11,E2,1107,743,736,0,5,0,359,0,1,6,47,7,22,0,0,0,0,0,22,109,605,0,0,0,0,0,0,0,540,9,20,23,129,0.671183,0.370960,1436202.780543,1907056.182669,0.025378,0.045706,0.031245,-0.005866,0.014462,-0.015813,0.038985,0.278142,0.316416,-0.299309,-0.471075,1.719843,False,0.089000
v6-2__H10__S0__P6K7__E2_B12,v6-2,10,S0,P6K7,E2_B12,E2,1107,753,745,0,5,0,349,0,1,7,47,8,23,0,0,0,0,0,15,108,622,0,0,0,0,0,0,0,540,9,20,23,130,0.680217,0.384108,1434648.951127,1931717.757062,0.025302,0.046637,0.031245,-0.005943,0.015393,-0.015472,0.040073,0.276985,0.320749,-0.310975,-0.475669,1.954029,False,0.091000
v6-2__H10__S0__P6K7__E2_B13,v6-2,10,S0,P6K7,E2_B13,E2,1107,748,742,0,5,0,354,0,1,5,49,6,21,0,0,0,0,0,38,196,508,0,0,0,0,0,0,0,540,9,20,23,142,0.675700,0.330568,1320835.388515,1879859.356820,0.019451,0.044667,0.031245,-0.011793,0.013423,-0.035676,0.040604,0.226020,0.311638,-0.269255,-0.485805,1.866846,False,0.125000
v6-2__H10__S0__P6K7__E2_B14,v6-2,10,S0,P6K7,E2_B14,E2,1107,799,791,0,5,0,303,0,1,7,38,8,22,0,0,0,0,0,48,63,680,0,0,0,0,0,0,0,540,9,20,23,117,0.721771,0.403519,1718594.399251,2140560.576033,0.038201,0.054102,0.031245,0.006956,0.022858,0.017238,0.056646,0.387475,0.352866,-0.277743,-0.454764,2.738865,False,0.137000
v6-2__H10__S0__P6K7__E2_B18,v6-2,10,S0,P6K7,E2_B18,E2,1107,750,743,0,5,0,352,0,1,6,44,7,21,0,0,0,0,0,43,112,588,0,0,0,0,0,0,0,540,9,20,23,126,0.677507,0.368667,1500932.676247,1961773.532019,0.028513,0.047756,0.031245,-0.002732,0.016512,-0.007410,0.044788,0.307989,0.325464,-0.295926,-0.478408,1.746441,False,0.089000
v6-2__H10__S0__P6K7__E2_B19,v6-2,10,S0,P6K7,E2_B19,E2,1107,752,744,0,5,0,350,0,1,7,47,8,23,0,0,0,0,0,17,106,621,0,0,0,0,0,0,0,540,9,20,23,128,0.679313,0.386209,1472339.051397,1984962.380607,0.027144,0.048609,0.031245,-0.004101,0.017365,-0.010618,0.044962,0.293208,0.329541,-0.302807,-0.475669,2.124581,False,0.091000
v6-2__H10__S0__P6K7__E2_B2,v6-2,10,S0,P6K7,E2_B2,E2,1107,752,745,0,5,0,350,0,1,6,44,7,22,0,0,0,0,0,39,111,595,0,0,0,0,0,0,0,540,9,20,23,126,0.679313,0.369694,1506641.961369,1969261.389845,0.028783,0.048033,0.031245,-0.002462,0.016788,-0.006658,0.045411,0.310230,0.326704,-0.291419,-0.479147,1.661518,False,0.122000
v6-2__H10__S0__P6K7__E2_B20,v6-2,10,S0,P6K7,E2_B20,E2,1107,748,741,0,5,0,354,0,1,6,44,7,21,0,0,0,0,0,42,111,588,0,0,0,0,0,0,0,540,9,20,23,126,0.675700,0.369573,1510361.747379,1973982.379248,0.028959,0.048206,0.031245,-0.002286,0.016962,-0.006185,0.045896,0.311806,0.327441,-0.294437,-0.478807,1.672547,False,0.128000
v6-2__H10__S0__P6K7__E2_B3,v6-2,10,S0,P6K7,E2_B3,E2,1107,747,740,0,5,0,355,0,1,6,44,7,21,0,0,0,0,0,42,111,587,0,0,0,0,0,0,0,540,9,20,23,126,0.674797,0.369072,1505541.576808,1967225.705212,0.028731,0.047958,0.031245,-0.002514,0.016713,-0.006811,0.045284,0.310250,0.326403,-0.295954,-0.479405,1.732799,False,0.088000
v6-2__H10__S0__P6K7__E2_B4,v6-2,10,S0,P6K7,E2_B4,E2,1107,745,738,0,5,0,357,0,1,6,44,7,21,0,0,0,0,0,40,111,587,0,0,0,0,0,0,0,540,9,20,23,126,0.672990,0.369386,1498020.413256,1968992.724522,0.028374,0.048023,0.031245,-0.002870,0.016778,-0.007770,0.045422,0.305935,0.326692,-0.291402,-0.480033,1.709742,False,0.089000
v6-2__H10__S0__P6K7__E2_B5,v6-2,10,S0,P6K7,E2_B5,E2,1107,745,738,0,5,0,357,0,1,6,44,7,21,0,0,0,0,0,40,111,587,0,0,0,0,0,0,0,540,9,20,23,126,0.672990,0.369386,1498020.413256,1968992.724522,0.028374,0.048023,0.031245,-0.002870,0.016778,-0.007770,0.045422,0.305935,0.326692,-0.291402,-0.480033,1.709742,False,0.089000
v6-2__H10__S0__P6K7__E2_B6,v6-2,10,S0,P6K7,E2_B6,E2,1107,752,745,0,5,0,350,0,1,6,44,7,21,0,0,0,0,0,42,113,590,0,0,0,0,0,0,0,540,9,20,23,126,0.679313,0.369282,1501432.481656,1973280.862987,0.028536,0.048181,0.031245,-0.002708,0.016936,-0.007334,0.045862,0.307384,0.327357,-0.294275,-0.479864,1.635117,False,0.090000
v6-2__H10__S0__P6K7__E2_B7,v6-2,10,S0,P6K7,E2_B7,E2,1107,746,739,0,5,0,356,0,1,6,43,7,22,0,0,0,0,0,37,109,593,0,0,0,0,0,0,0,540,9,20,23,129,0.673893,0.369096,1481740.897418,1945601.583301,0.027597,0.047156,0.031245,-0.003648,0.015912,-0.009883,0.043110,0.298891,0.322816,-0.296036,-0.479396,1.757759,False,0.089000
v6-2__H10__S0__P6K7__E2_B8,v6-2,10,S0,P6K7,E2_B8,E2,1107,741,734,0,5,0,361,0,1,6,44,7,21,0,0,0,0,0,39,105,590,0,0,0,0,0,0,0,540,9,20,23,132,0.669377,0.376605,1454186.335555,1892747.697242,0.026262,0.045161,0.031245,-0.004982,0.013917,-0.013230,0.036953,0.286830,0.314089,-0.301028,-0.480033,1.625411,False,0.127000
v6-2__H10__S0__P6K7__E2_B9,v6-2,10,S0,P6K7,E2_B9,E2,1107,751,745,0,5,0,351,0,1,5,41,6,21,0,0,0,0,0,59,113,573,0,0,0,0,0,0,0,540,9,20,23,127,0.678410,0.365468,1551303.221052,2000717.149284,0.030866,0.049183,0.031245,-0.000379,0.017939,-0.001037,0.049084,0.326723,0.331729,-0.274201,-0.488196,1.749496,False,0.089000
v6-2__H10__S0__P6K7__E3,v6-2,10,S0,P6K7,E3,E3,1107,763,756,0,5,0,339,0,1,6,3398,7,0,0,0,0,0,0,0,0,403,353,0,0,0,0,0,0,540,9,20,23,131,0.689250,0.373678,1521212.503445,2271011.872535,0.029469,0.058428,0.031245,-0.001776,0.027184,-0.004752,0.072746,0.324388,0.377302,-0.191571,-0.490745,1.973870,False,0.115000
v6-2__H10__S0__P6K7__E4,v6-2,10,S0,P6K7,E4,E4,1107,835,1132,0,5,0,267,0,1,8,2343,9,0,0,0,9,0,0,0,0,754,72,306,0,0,0,0,0,540,9,20,23,128,0.754291,0.391616,1520420.100230,1936051.128010,0.029432,0.046799,0.031245,-0.001813,0.015555,-0.004629,0.039720,0.312031,0.321654,-0.257798,-0.468899,7.997038,False,0.110000
v6-2__H10__S0__P6K7__E5,v6-2,10,S0,P6K7,E5,E5,1107,800,792,0,5,0,302,0,1,7,2528,8,0,0,0,0,0,0,0,0,583,0,0,209,0,0,0,0,540,9,20,23,126,0.722674,0.410433,1577286.074560,2111339.593085,0.032052,0.053099,0.031245,0.000807,0.021855,0.001967,0.053249,0.342934,0.351367,-0.246259,-0.468719,2.879834,False,0.115000
v6-2__H10__S0__P6K7__E6,v6-2,10,S0,P6K7,E6,E6,1107,905,897,0,5,0,197,0,1,7,2071,8,0,0,0,0,0,0,0,0,396,0,0,0,501,0,0,0,540,9,20,23,97,0.817525,0.400171,2046241.887562,2848396.328468,0.050819,0.075158,0.031245,0.019574,0.043914,0.048914,0.109737,0.531837,0.452555,-0.201641,-0.452399,3.487633,False,0.112000
v6-2__H10__S0__P6K7__E7,v6-2,10,S0,P6K7,E7,E7,1107,787,778,0,5,0,315,0,1,8,1496,9,0,0,0,0,0,0,0,0,732,0,0,0,0,46,0,0,540,9,20,23,119,0.710930,0.452775,1773531.277931,2277945.502218,0.040465,0.058651,0.031245,0.009220,0.027407,0.020363,0.060531,0.398746,0.373224,-0.257962,-0.446674,3.045294,False,0.077000
v6-2__H20__S0__P6K3__E0,v6-2,20,S0,P6K3,E0,E0,1107,258,250,0,5,0,844,0,0,8,13,8,0,0,0,0,0,250,0,0,0,0,0,0,0,0,0,0,540,9,20,62,460,0.233062,0.713857,1211259.986787,1512541.760288,0.013357,0.029061,0.031245,-0.017887,-0.002183,-0.025057,-0.003058,0.171509,0.240822,-0.589768,-0.630183,1.802668,False,0.052000
v6-2__H20__S0__P6K3__E1_A1,v6-2,20,S0,P6K3,E1_A1,E1,1107,590,583,0,5,0,512,0,3,4,51,7,0,0,0,0,0,0,155,233,195,0,0,0,0,0,0,0,540,9,20,62,280,0.532972,0.559651,1679570.749886,2292443.365796,0.036551,0.059117,0.031245,0.005306,0.027872,0.009482,0.049803,0.289470,0.358941,-0.444908,-0.643424,2.073635,False,0.108000
v6-2__H20__S0__P6K3__E1_A10,v6-2,20,S0,P6K3,E1_A10,E1,1107,446,441,0,5,0,656,0,1,4,45,5,0,0,0,0,0,0,34,181,226,0,0,0,0,0,0,0,540,9,20,62,362,0.402891,0.557507,1036617.820328,1714989.703223,0.002493,0.038050,0.031245,-0.028752,0.006805,-0.051572,0.012206,0.117073,0.276480,-0.531602,-0.631958,1.418273,False,0.065000
v6-2__H20__S0__P6K3__E1_A11,v6-2,20,S0,P6K3,E1_A11,E1,1107,353,350,0,5,0,749,0,0,3,21,3,0,0,0,0,0,0,27,104,219,0,0,0,0,0,0,0,540,9,20,62,441,0.318880,0.353604,459133.549131,989846.238884,-0.052464,-0.000706,0.031245,-0.083708,-0.031951,-0.236729,-0.090358,-0.119565,0.119580,-0.710466,-0.688509,0.805311,False,0.060000
v6-2__H20__S0__P6K3__E1_A12,v6-2,20,S0,P6K3,E1_A12,E1,1107,358,351,0,5,0,744,0,0,7,48,7,0,0,0,0,0,0,28,61,262,0,0,0,0,0,0,0,540,9,20,62,423,0.323397,0.461249,654905.781624,1069374.017572,-0.028878,0.004654,0.031245,-0.060122,-0.026590,-0.130347,-0.057648,-0.020783,0.143020,-0.622618,-0.599661,1.756579,False,0.087000
v6-2__H20__S0__P6K3__E1_A2,v6-2,20,S0,P6K3,E1_A2,E1,1107,512,507,0,5,0,590,0,2,3,35,5,0,0,0,0,0,0,129,146,232,0,0,0,0,0,0,0,540,9,20,62,400,0.462511,0.361230,398763.301739,573389.322750,-0.061667,-0.037774,0.031245,-0.092911,-0.069018,-0.257208,-0.191064,-0.202147,-0.020307,-0.752399,-0.773943,1.053585,False,0.071000
v6-2__H20__S0__P6K3__E1_A3,v6-2,20,S0,P6K3,E1_A3,E1,1107,479,471,0,5,0,623,0,0,8,63,8,0,0,0,0,0,0,120,94,257,0,0,0,0,0,0,0,540,9,20,62,335,0.432701,0.723887,1353201.200222,1356503.869964,0.021161,0.021334,0.031245,-0.010083,-0.009911,-0.013929,-0.013691,0.206415,0.209697,-0.468267,-0.577744,1.277863,False,0.072000
v6-2__H20__S0__P6K3__E1_A4,v6-2,20,S0,P6K3,E1_A4,E1,1107,561,555,0,5,0,541,0,1,5,55,6,0,0,0,0,0,0,103,225,227,0,0,0,0,0,0,0,540,9,20,62,271,0.506775,0.626054,1658575.699748,2374054.108888,0.035649,0.061685,0.031245,0.004404,0.030440,0.007035,0.048622,0.283618,0.369237,-0.406180,-0.546220,2.140728,False,0.076000
v6-2__H20__S0__P6K3__E1_A5,v6-2,20,S0,P6K3,E1_A5,E1,1107,486,481,0,5,0,616,0,0,5,39,5,0,0,0,0,0,0,84,133,264,0,0,0,0,0,0,0,540,9,20,62,364,0.439024,0.499979,792198.096809,1133038.352081,-0.015998,0.008685,0.031245,-0.047242,-0.022560,-0.094488,-0.045122,0.020018,0.160571,-0.570899,-0.641817,1.232194,False,0.072000
v6-2__H20__S0__P6K3__E1_A6,v6-2,20,S0,P6K3,E1_A6,E1,1107,514,504,0,5,0,588,0,2,8,63,10,0,0,0,0,0,0,96,96,312,0,0,0,0,0,0,0,540,9,20,62,282,0.464318,0.886965,1989891.449895,2154367.196344,0.048789,0.054571,0.031245,0.017545,0.023327,0.019781,0.026300,0.358380,0.340126,-0.384035,-0.457795,2.123048,False,0.053000
v6-2__H20__S0__P6K3__E1_A7,v6-2,20,S0,P6K3,E1_A7,E1,1107,485,480,0,5,0,617,0,1,4,47,5,0,0,0,0,0,0,53,192,235,0,0,0,0,0,0,0,540,9,20,62,339,0.438121,0.512968,970906.718300,1575065.824082,-0.002042,0.031951,0.031245,-0.033286,0.000707,-0.064890,0.001378,0.098739,0.251416,-0.494780,-0.630773,1.732640,False,0.070000
v6-2__H20__S0__P6K3__E1_A8,v6-2,20,S0,P6K3,E1_A8,E1,1107,394,390,0,5,0,708,0,0,4,35,4,0,0,0,0,0,0,39,117,234,0,0,0,0,0,0,0,540,9,20,62,429,0.355917,0.348042,377654.861092,774364.843485,-0.065193,-0.017547,0.031245,-0.096438,-0.048792,-0.277086,-0.140190,-0.171056,0.056191,-0.731148,-0.706928,0.154911,False,0.086000
v6-2__H20__S0__P6K3__E1_A9,v6-2,20,S0,P6K3,E1_A9,E1,1107,454,446,0,5,0,648,0,1,7,61,8,0,0,0,0,0,0,46,82,318,0,0,0,0,0,0,0,540,9,20,62,333,0.410117,0.759297,1379458.340290,1573676.003121,0.022521,0.031888,0.031245,-0.008724,0.000644,-0.011489,0.000848,0.211739,0.251308,-0.453778,-0.492814,1.686590,False,0.071000
v6-2__H20__S0__P6K3__E2_B1,v6-2,20,S0,P6K3,E2_B1,E2,1107,458,453,0,5,0,644,0,0,5,39,5,30,0,0,0,0,0,65,124,264,0,0,0,0,0,0,0,540,9,20,62,380,0.413731,0.482756,706353.184170,1173681.134163,-0.023780,0.011149,0.031245,-0.055025,-0.020096,-0.113980,-0.041627,-0.009729,0.169586,-0.611809,-0.597665,0.759748,False,0.077000
v6-2__H20__S0__P6K3__E2_B10,v6-2,20,S0,P6K3,E2_B10,E2,1107,581,572,0,5,0,521,0,4,5,45,9,29,0,0,0,0,0,135,153,284,0,0,0,0,0,0,0,540,9,20,62,311,0.524842,0.583019,1318308.630818,1628161.393674,0.019316,0.034323,0.031245,-0.011928,0.003078,-0.020460,0.005279,0.195759,0.260438,-0.509729,-0.633161,1.619824,False,0.113000
v6-2__H20__S0__P6K3__E2_B11,v6-2,20,S0,P6K3,E2_B11,E2,1107,367,363,0,5,0,735,0,0,4,32,4,33,0,0,0,0,0,32,108,223,0,0,0,0,0,0,0,540,9,20,62,423,0.331527,0.370489,421603.499657,837312.313424,-0.058041,-0.012217,0.031245,-0.089286,-0.043462,-0.240995,-0.117309,-0.134604,0.078978,-0.721577,-0.681206,0.166585,False,0.075000
v6-2__H20__S0__P6K3__E2_B12,v6-2,20,S0,P6K3,E2_B12,E2,1107,358,354,0,5,0,744,0,0,4,20,4,32,0,0,0,0,0,27,95,232,0,0,0,0,0,0,0,540,9,20,62,433,0.323397,0.381971,511976.148381,1012320.117731,-0.045291,0.000848,0.031245,-0.076535,-0.030396,-0.200369,-0.079578,-0.080334,0.128344,-0.704351,-0.680937,1.097668,False,0.110000
v6-2__H20__S0__P6K3__E2_B13,v6-2,20,S0,P6K3,E2_B13,E2,1107,558,552,0,5,0,544,0,1,5,55,6,28,0,0,0,0,0,95,219,238,0,0,0,0,0,0,0,540,9,20,62,299,0.504065,0.564127,1343663.719162,2090168.867792,0.020661,0.052365,0.031245,-0.010583,0.021120,-0.018760,0.037439,0.202218,0.332414,-0.420949,-0.561303,2.148132,False,0.098000
v6-2__H20__S0__P6K3__E2_B14,v6-2,20,S0,P6K3,E2_B14,E2,1107,428,421,0,5,0,674,0,0,7,55,7,31,0,0,0,0,0,66,78,277,0,0,0,0,0,0,0,540,9,20,62,332,0.386631,0.759315,1374723.190906,1586096.654897,0.022277,0.032450,0.031245,-0.008967,0.001205,-0.011810,0.001587,0.211018,0.253455,-0.425476,-0.464724,1.326670,False,0.090000
v6-2__H20__S0__P6K3__E2_B18,v6-2,20,S0,P6K3,E2_B18,E2,1107,538,531,0,5,0,564,0,2,5,44,7,31,0,0,0,0,0,84,145,302,0,0,0,0,0,0,0,540,9,20,62,315,0.485998,0.614294,1212664.075270,1614803.696392,0.013439,0.033733,0.031245,-0.017806,0.002488,-0.028986,0.004051,0.165646,0.258227,-0.496962,-0.562751,1.513230,False,0.101000
v6-2__H20__S0__P6K3__E2_B19,v6-2,20,S0,P6K3,E2_B19,E2,1107,376,372,0,5,0,726,0,0,4,21,4,32,0,0,0,0,0,29,104,239,0,0,0,0,0,0,0,540,9,20,62,433,0.339657,0.384071,516840.676758,1014694.494358,-0.044665,0.001010,0.031245,-0.075910,-0.030234,-0.197646,-0.078720,-0.079638,0.128742,-0.699829,-0.681635,1.043565,False,0.070000
v6-2__H20__S0__P6K3__E2_B2,v6-2,20,S0,P6K3,E2_B2,E2,1107,516,509,0,5,0,586,0,2,5,41,7,31,0,0,0,0,0,78,138,293,0,0,0,0,0,0,0,540,9,20,62,336,0.466125,0.546935,932931.529586,1302355.941596,-0.004795,0.018457,0.031245,-0.036039,-0.012787,-0.065893,-0.023380,0.076911,0.199211,-0.530650,-0.583128,1.183283,False,0.100000
v6-2__H20__S0__P6K3__E2_B20,v6-2,20,S0,P6K3,E2_B20,E2,1107,545,538,0,5,0,557,0,2,5,45,7,31,0,0,0,0,0,90,147,301,0,0,0,0,0,0,0,540,9,20,62,301,0.492322,0.660420,1339068.403738,1723181.358100,0.020419,0.038392,0.031245,-0.010825,0.007148,-0.016391,0.010823,0.201460,0.276358,-0.470961,-0.531184,1.479411,False,0.097000
v6-2__H20__S0__P6K3__E2_B3,v6-2,20,S0,P6K3,E2_B3,E2,1107,517,511,0,5,0,585,0,1,5,43,6,31,0,0,0,0,0,81,142,288,0,0,0,0,0,0,0,540,9,20,62,321,0.467028,0.595646,1111849.214259,1508140.416423,0.007367,0.028854,0.031245,-0.023877,-0.002391,-0.040087,-0.004014,0.134956,0.239236,-0.500676,-0.567593,1.212635,False,0.097000
v6-2__H20__S0__P6K3__E2_B4,v6-2,20,S0,P6K3,E2_B4,E2,1107,458,453,0,5,0,644,0,0,5,39,5,30,0,0,0,0,0,65,124,264,0,0,0,0,0,0,0,540,9,20,62,380,0.413731,0.482756,706353.184170,1173681.134163,-0.023780,0.011149,0.031245,-0.055025,-0.020096,-0.113980,-0.041627,-0.009729,0.169586,-0.611809,-0.597665,0.759748,False,0.123000
v6-2__H20__S0__P6K3__E2_B5,v6-2,20,S0,P6K3,E2_B5,E2,1107,458,453,0,5,0,644,0,0,5,39,5,30,0,0,0,0,0,65,124,264,0,0,0,0,0,0,0,540,9,20,62,380,0.413731,0.482756,706353.184170,1173681.134163,-0.023780,0.011149,0.031245,-0.055025,-0.020096,-0.113980,-0.041627,-0.009729,0.169586,-0.611809,-0.597665,0.759748,False,0.092000
v6-2__H20__S0__P6K3__E2_B6,v6-2,20,S0,P6K3,E2_B6,E2,1107,519,512,0,5,0,583,0,2,5,41,7,31,0,0,0,0,0,83,140,289,0,0,0,0,0,0,0,540,9,20,62,322,0.468835,0.588863,1068462.776736,1514901.129739,0.004595,0.029172,0.031245,-0.026649,-0.002072,-0.045256,-0.003519,0.122602,0.240523,-0.482048,-0.549331,1.360579,False,0.141000
v6-2__H20__S0__P6K3__E2_B7,v6-2,20,S0,P6K3,E2_B7,E2,1107,467,461,0,5,0,635,0,1,5,40,6,31,0,0,0,0,0,66,131,264,0,0,0,0,0,0,0,540,9,20,62,369,0.421861,0.499064,768330.697558,1234514.998243,-0.018079,0.014692,0.031245,-0.049324,-0.016552,-0.098833,-0.033167,0.018167,0.183808,-0.581008,-0.592197,0.619849,False,0.131000
v6-2__H20__S0__P6K3__E2_B8,v6-2,20,S0,P6K3,E2_B8,E2,1107,465,460,0,5,0,637,0,0,5,38,5,31,0,0,0,0,0,66,118,276,0,0,0,0,0,0,0,540,9,20,62,373,0.420054,0.500542,757951.757302,1202336.546322,-0.019003,0.012839,0.031245,-0.050248,-0.018406,-0.100387,-0.036772,0.015072,0.176748,-0.583607,-0.597950,0.807719,False,0.131000
v6-2__H20__S0__P6K3__E2_B9,v6-2,20,S0,P6K3,E2_B9,E2,1107,422,418,0,5,0,680,0,0,4,40,4,27,0,0,0,0,0,79,123,216,0,0,0,0,0,0,0,540,9,20,62,403,0.381210,0.407522,490600.353489,874796.606893,-0.048105,-0.009218,0.031245,-0.079350,-0.040462,-0.194713,-0.099289,-0.123028,0.087018,-0.721311,-0.676963,0.381706,False,0.118000
v6-2__H20__S0__P6K3__E3,v6-2,20,S0,P6K3,E3,E3,1107,485,479,0,5,0,617,0,0,6,3278,6,0,0,0,0,0,0,0,0,77,402,0,0,0,0,0,0,540,9,20,62,336,0.438121,0.752166,1427070.562086,1950337.791419,0.024926,0.047332,0.031245,-0.006319,0.016088,-0.008401,0.021389,0.234438,0.319530,-0.296585,-0.563439,1.036251,False,0.077000
v6-2__H20__S0__P6K3__E4,v6-2,20,S0,P6K3,E4,E4,1107,452,671,0,5,0,650,0,0,11,2243,11,0,0,0,12,0,0,0,0,293,148,230,0,0,0,0,0,540,9,20,62,377,0.408311,0.835453,1544726.208860,1376687.832813,0.030563,0.022378,0.031245,-0.000682,-0.008866,-0.000816,-0.010612,0.262352,0.213701,-0.403249,-0.565281,7.513844,False,0.077000
v6-2__H20__S0__P6K3__E5,v6-2,20,S0,P6K3,E5,E5,1107,459,454,0,5,0,643,0,0,5,3230,5,0,0,0,0,0,0,0,0,217,0,0,237,0,0,0,0,540,9,20,62,387,0.414634,0.674518,1190880.808098,1541014.383471,0.012168,0.030391,0.031245,-0.019077,-0.000854,-0.028282,-0.001266,0.158418,0.245934,-0.453832,-0.652872,1.782783,False,0.074000
v6-2__H20__S0__P6K3__E6,v6-2,20,S0,P6K3,E6,E6,1107,681,671,0,5,0,421,0,1,9,2053,10,0,0,0,0,0,0,0,0,286,0,0,0,385,0,0,0,540,9,20,62,265,0.615176,0.896319,2006645.806583,2751128.555162,0.049398,0.072575,0.031245,0.018154,0.041330,0.020253,0.046111,0.370920,0.423575,-0.356141,-0.468828,2.421481,False,0.081000
v6-2__H20__S0__P6K3__E7,v6-2,20,S0,P6K3,E7,E7,1107,363,356,0,5,0,739,0,0,7,891,7,0,0,0,0,0,0,0,0,256,0,0,0,0,100,0,0,540,9,20,62,394,0.327913,0.611165,942533.457374,1282528.262038,-0.004089,0.017376,0.031245,-0.035333,-0.013868,-0.057813,-0.022692,0.091399,0.195738,-0.450710,-0.577144,1.998060,False,0.082000
v6-2__H20__S0__P6K5__E0,v6-2,20,S0,P6K5,E0,E0,1107,447,435,0,5,0,655,0,0,12,39,12,0,0,0,0,0,435,0,0,0,0,0,0,0,0,0,0,540,9,20,34,334,0.403794,0.724128,1301635.861807,1611276.837981,0.018418,0.033576,0.031245,-0.012826,0.002332,-0.017713,0.003220,0.191856,0.258974,-0.345315,-0.562346,1.742325,False,0.073000
v6-2__H20__S0__P6K5__E1_A1,v6-2,20,S0,P6K5,E1_A1,E1,1107,632,625,0,5,0,470,0,3,4,53,7,0,0,0,0,0,0,167,252,206,0,0,0,0,0,0,0,540,9,20,34,235,0.570912,0.421438,1261376.446855,1882300.004172,0.016206,0.044761,0.031245,-0.015039,0.013516,-0.035685,0.032072,0.181211,0.306616,-0.377229,-0.618963,2.203933,False,0.103000
v6-2__H20__S0__P6K5__E1_A10,v6-2,20,S0,P6K5,E1_A10,E1,1107,513,507,0,5,0,589,0,1,5,46,6,0,0,0,0,0,0,38,207,262,0,0,0,0,0,0,0,540,9,20,34,321,0.463415,0.448404,859452.896087,1486795.041112,-0.010431,0.027839,0.031245,-0.041675,-0.003406,-0.092942,-0.007595,0.028624,0.235391,-0.475111,-0.626245,1.573968,False,0.069000
v6-2__H20__S0__P6K5__E1_A11,v6-2,20,S0,P6K5,E1_A11,E1,1107,512,505,0,5,0,590,0,1,6,46,7,0,0,0,0,0,0,39,143,323,0,0,0,0,0,0,0,540,9,20,34,349,0.462511,0.367835,581009.029648,1070138.876416,-0.036894,0.004704,0.031245,-0.068138,-0.026540,-0.185242,-0.072153,-0.098748,0.137954,-0.558151,-0.678599,1.163354,False,0.107000
v6-2__H20__S0__P6K5__E1_A12,v6-2,20,S0,P6K5,E1_A12,E1,1107,493,485,0,5,0,609,0,0,8,59,8,0,0,0,0,0,0,38,92,355,0,0,0,0,0,0,0,540,9,20,34,296,0.445348,0.584673,1106037.840023,1514137.218280,0.007002,0.029136,0.031245,-0.024243,-0.002108,-0.041464,-0.003606,0.127245,0.240677,-0.406519,-0.557401,1.463274,False,0.135000
v6-2__H20__S0__P6K5__E1_A2,v6-2,20,S0,P6K5,E1_A2,E1,1107,613,606,0,5,0,489,0,2,5,48,7,0,0,0,0,0,0,161,168,277,0,0,0,0,0,0,0,540,9,20,34,266,0.553749,0.409008,1030500.873826,1408433.171584,0.002082,0.023993,0.031245,-0.029162,-0.007251,-0.071300,-0.017729,0.096274,0.219249,-0.465313,-0.673797,1.787752,False,0.080000
v6-2__H20__S0__P6K5__E1_A3,v6-2,20,S0,P6K5,E1_A3,E1,1107,604,593,0,5,0,498,0,3,8,68,11,0,0,0,0,0,0,169,109,315,0,0,0,0,0,0,0,540,9,20,34,237,0.545619,0.580099,1430538.458643,1595835.102915,0.025098,0.032887,0.031245,-0.006147,0.001643,-0.010596,0.002832,0.238335,0.256250,-0.369124,-0.557645,2.210605,False,0.156000
v6-2__H20__S0__P6K5__E1_A4,v6-2,20,S0,P6K5,E1_A4,E1,1107,639,633,0,5,0,463,0,1,5,59,6,0,0,0,0,0,0,115,267,251,0,0,0,0,0,0,0,540,9,20,34,219,0.577236,0.443195,1282180.661503,2005760.402161,0.017357,0.049366,0.031245,-0.013887,0.018122,-0.031335,0.040888,0.188000,0.325155,-0.361750,-0.564416,1.772036,False,0.078000
v6-2__H20__S0__P6K5__E1_A5,v6-2,20,S0,P6K5,E1_A5,E1,1107,603,596,0,5,0,499,0,2,5,45,7,0,0,0,0,0,0,112,165,319,0,0,0,0,0,0,0,540,9,20,34,256,0.544715,0.448399,1032801.879245,1490468.868522,0.002237,0.028015,0.031245,-0.029008,-0.003230,-0.064691,-0.007203,0.097046,0.235746,-0.447169,-0.612851,2.021182,False,0.120000
v6-2__H20__S0__P6K5__E1_A6,v6-2,20,S0,P6K5,E1_A6,E1,1107,588,574,0,5,0,514,0,5,9,66,14,0,0,0,0,0,0,109,107,358,0,0,0,0,0,0,0,540,9,20,34,234,0.531165,0.601053,1359749.396897,1627212.968918,0.021503,0.034281,0.031245,-0.009742,0.003036,-0.016208,0.005052,0.214335,0.262032,-0.383129,-0.509046,2.041721,False,0.081000
v6-2__H20__S0__P6K5__E1_A7,v6-2,20,S0,P6K5,E1_A7,E1,1107,565,559,0,5,0,537,0,1,5,60,6,0,0,0,0,0,0,59,230,270,0,0,0,0,0,0,0,540,9,20,34,268,0.510388,0.413935,955515.394532,1573562.398367,-0.003145,0.031883,0.031245,-0.034390,0.000638,-0.083080,0.001542,0.071040,0.252076,-0.414724,-0.608618,1.386881,False,0.107000
v6-2__H20__S0__P6K5__E1_A8,v6-2,20,S0,P6K5,E1_A8,E1,1107,591,584,0,5,0,511,0,2,5,47,7,0,0,0,0,0,0,59,161,364,0,0,0,0,0,0,0,540,9,20,34,295,0.533875,0.393155,711377.867078,1186526.489776,-0.023301,0.011911,0.031245,-0.054545,-0.019334,-0.138738,-0.049176,-0.033514,0.169846,-0.494928,-0.634344,1.723094,False,0.081000
v6-2__H20__S0__P6K5__E1_A9,v6-2,20,S0,P6K5,E1_A9,E1,1107,587,574,0,5,0,515,0,5,8,67,13,0,0,0,0,0,0,61,109,404,0,0,0,0,0,0,0,540,9,20,34,246,0.530262,0.582002,1280429.969826,1637747.678543,0.017261,0.034743,0.031245,-0.013984,0.003498,-0.024027,0.006011,0.186379,0.263726,-0.363358,-0.498799,1.695525,False,0.082000
v6-2__H20__S0__P6K5__E2_B1,v6-2,20,S0,P6K5,E2_B1,E2,1107,590,583,0,5,0,512,0,2,5,47,7,35,0,0,0,0,0,95,156,332,0,0,0,0,0,0,0,540,9,20,34,265,0.532972,0.441815,875253.425082,1358764.071563,-0.009182,0.021451,0.031245,-0.040427,-0.009793,-0.091501,-0.022166,0.033970,0.208488,-0.459167,-0.586621,1.732928,False,0.158000
v6-2__H20__S0__P6K5__E2_B10,v6-2,20,S0,P6K5,E2_B10,E2,1107,648,638,0,5,0,454,0,5,5,46,10,33,0,0,0,0,0,170,165,303,0,0,0,0,0,0,0,540,9,20,34,230,0.585366,0.468431,1364535.178122,1752690.480313,0.021751,0.039613,0.031245,-0.009493,0.008369,-0.020267,0.017866,0.214275,0.283125,-0.430799,-0.624363,2.528545,False,0.115000
v6-2__H20__S0__P6K5__E2_B11,v6-2,20,S0,P6K5,E2_B11,E2,1107,586,579,0,5,0,516,0,2,5,47,7,35,0,0,0,0,0,54,157,368,0,0,0,0,0,0,0,540,9,20,34,289,0.529359,0.402085,716136.725596,1221840.950456,-0.022850,0.013968,0.031245,-0.054094,-0.017277,-0.134535,-0.042968,-0.029150,0.178541,-0.523318,-0.600635,1.455599,False,0.110000
v6-2__H20__S0__P6K5__E2_B12,v6-2,20,S0,P6K5,E2_B12,E2,1107,535,530,0,5,0,567,0,0,5,46,5,37,0,0,0,0,0,37,144,349,0,0,0,0,0,0,0,540,9,20,34,332,0.483288,0.389889,619132.866589,1111489.791545,-0.032647,0.007345,0.031245,-0.063891,-0.023900,-0.163871,-0.061299,-0.076679,0.149947,-0.548096,-0.638574,1.266350,False,0.103000
v6-2__H20__S0__P6K5__E2_B13,v6-2,20,S0,P6K5,E2_B13,E2,1107,594,588,0,5,0,508,0,1,5,58,6,32,0,0,0,0,0,91,241,256,0,0,0,0,0,0,0,540,9,20,34,243,0.536585,0.417938,1029155.520931,1689094.664252,0.001992,0.036957,0.031245,-0.029253,0.005712,-0.069993,0.013668,0.096339,0.273429,-0.391721,-0.571910,1.667321,False,0.100000
v6-2__H20__S0__P6K5__E2_B14,v6-2,20,S0,P6K5,E2_B14,E2,1107,556,546,0,5,0,546,0,2,8,63,10,38,0,0,0,0,0,88,100,358,0,0,0,0,0,0,0,540,9,20,34,250,0.502258,0.584412,1258383.494194,1547853.125301,0.016038,0.030707,0.031245,-0.015206,-0.000538,-0.026020,-0.000920,0.179315,0.247078,-0.372984,-0.515479,1.626403,False,0.129000
v6-2__H20__S0__P6K5__E2_B18,v6-2,20,S0,P6K5,E2_B18,E2,1107,629,622,0,5,0,473,0,2,5,48,7,35,0,0,0,0,0,110,175,337,0,0,0,0,0,0,0,540,9,20,34,232,0.568202,0.471930,1221405.466039,1740392.634229,0.013943,0.039107,0.031245,-0.017302,0.007862,-0.036662,0.016660,0.166533,0.281131,-0.422536,-0.578344,1.829395,False,0.107000
v6-2__H20__S0__P6K5__E2_B19,v6-2,20,S0,P6K5,E2_B19,E2,1107,549,542,0,5,0,553,0,1,6,44,7,38,0,0,0,0,0,36,149,357,0,0,0,0,0,0,0,540,9,20,34,324,0.495935,0.403820,657771.924556,1171848.060199,-0.028584,0.011039,0.031245,-0.059829,-0.020205,-0.148157,-0.050035,-0.058063,0.165286,-0.520464,-0.640754,1.180894,False,0.154000
v6-2__H20__S0__P6K5__E2_B2,v6-2,20,S0,P6K5,E2_B2,E2,1107,617,610,0,5,0,485,0,2,5,47,7,35,0,0,0,0,0,102,171,337,0,0,0,0,0,0,0,540,9,20,34,257,0.557362,0.454289,966696.239524,1411400.111711,-0.002342,0.024143,0.031245,-0.033587,-0.007102,-0.073932,-0.015633,0.071211,0.219784,-0.434716,-0.584555,1.666408,False,0.110000
v6-2__H20__S0__P6K5__E2_B20,v6-2,20,S0,P6K5,E2_B20,E2,1107,625,618,0,5,0,477,0,2,5,46,7,35,0,0,0,0,0,110,173,335,0,0,0,0,0,0,0,540,9,20,34,230,0.564589,0.475242,1196347.234514,1654530.212484,0.012489,0.035474,0.031245,-0.018756,0.004229,-0.039466,0.008899,0.157885,0.266238,-0.418377,-0.574738,1.625834,False,0.161000
v6-2__H20__S0__P6K5__E2_B3,v6-2,20,S0,P6K5,E2_B3,E2,1107,624,617,0,5,0,478,0,2,5,47,7,35,0,0,0,0,0,107,177,333,0,0,0,0,0,0,0,540,9,20,34,238,0.563686,0.468889,1173560.669003,1681086.011404,0.011141,0.036616,0.031245,-0.020103,0.005371,-0.042874,0.011455,0.149974,0.271004,-0.423772,-0.580665,1.553697,False,0.110000
v6-2__H20__S0__P6K5__E2_B4,v6-2,20,S0,P6K5,E2_B4,E2,1107,590,583,0,5,0,512,0,2,5,47,7,35,0,0,0,0,0,95,156,332,0,0,0,0,0,0,0,540,9,20,34,265,0.532972,0.441815,875253.425082,1358764.071563,-0.009182,0.021451,0.031245,-0.040427,-0.009793,-0.091501,-0.022166,0.033970,0.208488,-0.459167,-0.586621,1.732928,False,0.154000
v6-2__H20__S0__P6K5__E2_B5,v6-2,20,S0,P6K5,E2_B5,E2,1107,590,583,0,5,0,512,0,2,5,47,7,35,0,0,0,0,0,95,156,332,0,0,0,0,0,0,0,540,9,20,34,265,0.532972,0.441815,875253.425082,1358764.071563,-0.009182,0.021451,0.031245,-0.040427,-0.009793,-0.091501,-0.022166,0.033970,0.208488,-0.459167,-0.586621,1.732928,False,0.069000
v6-2__H20__S0__P6K5__E2_B6,v6-2,20,S0,P6K5,E2_B6,E2,1107,627,619,0,5,0,475,0,3,5,49,8,35,0,0,0,0,0,112,175,332,0,0,0,0,0,0,0,540,9,20,34,240,0.566396,0.467563,1135520.596906,1641653.347752,0.008837,0.034914,0.031245,-0.022407,0.003669,-0.047923,0.007847,0.136589,0.264139,-0.425005,-0.575873,1.708900,False,0.109000
v6-2__H20__S0__P6K5__E2_B7,v6-2,20,S0,P6K5,E2_B7,E2,1107,595,588,0,5,0,507,0,2,5,47,7,35,0,0,0,0,0,97,161,330,0,0,0,0,0,0,0,540,9,20,34,260,0.537489,0.444774,893143.729879,1381897.172058,-0.007793,0.022646,0.031245,-0.039038,-0.008599,-0.087770,-0.019333,0.041899,0.213473,-0.451899,-0.584332,1.757370,False,0.107000
v6-2__H20__S0__P6K5__E2_B8,v6-2,20,S0,P6K5,E2_B8,E2,1107,597,590,0,5,0,505,0,2,5,48,7,35,0,0,0,0,0,95,144,351,0,0,0,0,0,0,0,540,9,20,34,271,0.539295,0.443627,881668.835647,1322936.917968,-0.008681,0.019563,0.031245,-0.039925,-0.011681,-0.089998,-0.026331,0.037820,0.200724,-0.455526,-0.594317,1.716750,False,0.108000
v6-2__H20__S0__P6K5__E2_B9,v6-2,20,S0,P6K5,E2_B9,E2,1107,597,587,0,5,0,505,0,5,5,50,10,31,0,0,0,0,0,120,161,306,0,0,0,0,0,0,0,540,9,20,34,271,0.539295,0.426863,917272.217426,1349092.385348,-0.005960,0.020946,0.031245,-0.037205,-0.010298,-0.087159,-0.024125,0.053578,0.206412,-0.457906,-0.598973,1.600958,False,0.155000
v6-2__H20__S0__P6K5__E3,v6-2,20,S0,P6K5,E3,E3,1107,592,585,0,5,0,510,0,0,7,3401,7,0,0,0,0,0,0,0,0,103,482,0,0,0,0,0,0,540,9,20,34,267,0.534779,0.616504,1304026.634851,1994665.493737,0.018548,0.048963,0.031245,-0.012697,0.017719,-0.020595,0.028740,0.203075,0.332523,-0.260713,-0.556517,1.066074,False,0.111000
v6-2__H20__S0__P6K5__E4,v6-2,20,S0,P6K5,E4,E4,1107,557,819,0,5,0,545,0,2,11,2248,13,0,0,0,9,0,0,0,0,370,174,275,0,0,0,0,0,540,9,20,34,293,0.503162,0.685467,1325967.560384,1376729.710893,0.019725,0.022381,0.031245,-0.011520,-0.008864,-0.016805,-0.012931,0.206422,0.211646,-0.308111,-0.524374,7.250019,False,0.134000
v6-2__H20__S0__P6K5__E5,v6-2,20,S0,P6K5,E5,E5,1107,528,521,0,5,0,574,0,0,7,3267,7,0,0,0,0,0,0,0,0,260,0,0,261,0,0,0,0,540,9,20,34,324,0.476965,0.569995,1029763.765861,1472998.178504,0.002033,0.027176,0.031245,-0.029212,-0.004069,-0.051249,-0.007138,0.091263,0.232926,-0.280639,-0.568879,1.966225,False,0.081000
v6-2__H20__S0__P6K5__E6,v6-2,20,S0,P6K5,E6,E6,1107,716,706,0,5,0,386,0,1,9,2091,10,0,0,0,0,0,0,0,0,299,0,0,0,407,0,0,0,540,9,20,34,190,0.646793,0.664121,1667495.761816,2484816.661141,0.036033,0.065042,0.031245,0.004789,0.033797,0.007211,0.050890,0.321664,0.401209,-0.283828,-0.456851,2.527611,False,0.081000
v6-2__H20__S0__P6K5__E7,v6-2,20,S0,P6K5,E7,E7,1107,475,465,0,5,0,627,0,2,8,899,10,0,0,0,0,0,0,0,0,328,0,0,0,0,137,0,0,540,9,20,34,295,0.429088,0.729075,1431895.590733,1811809.020462,0.025165,0.042004,0.031245,-0.006079,0.010759,-0.008338,0.014757,0.232377,0.295982,-0.302689,-0.515004,1.001547,False,0.083000
v6-2__H20__S0__P6K7__E0,v6-2,20,S0,P6K7,E0,E0,1107,567,552,0,5,0,535,0,2,13,40,15,0,0,0,0,0,552,0,0,0,0,0,0,0,0,0,0,540,9,20,23,249,0.512195,0.648234,1350924.469551,1760278.047913,0.021042,0.039924,0.031245,-0.010202,0.008680,-0.015739,0.013390,0.209477,0.287127,-0.289595,-0.502688,2.012807,False,0.084000
v6-2__H20__S0__P6K7__E1_A1,v6-2,20,S0,P6K7,E1_A1,E1,1107,693,685,0,5,0,409,0,4,4,59,8,0,0,0,0,0,0,177,281,227,0,0,0,0,0,0,0,540,9,20,23,185,0.626016,0.351382,1118901.285036,1728862.454523,0.007808,0.038629,0.031245,-0.023436,0.007384,-0.066698,0.021015,0.125814,0.282488,-0.340989,-0.612997,1.913074,False,0.075000
v6-2__H20__S0__P6K7__E1_A10,v6-2,20,S0,P6K7,E1_A10,E1,1107,597,590,0,5,0,505,0,1,6,59,7,0,0,0,0,0,0,40,245,305,0,0,0,0,0,0,0,540,9,20,23,257,0.539295,0.385486,832379.471967,1443306.027140,-0.012621,0.025729,0.031245,-0.043866,-0.005516,-0.113793,-0.014309,-0.001748,0.226280,-0.415583,-0.622261,1.229721,False,0.110000
v6-2__H20__S0__P6K7__E1_A11,v6-2,20,S0,P6K7,E1_A11,E1,1107,590,582,0,5,0,512,0,2,6,47,8,0,0,0,0,0,0,38,166,378,0,0,0,0,0,0,0,540,9,20,23,265,0.532972,0.343841,642681.841382,1180413.123378,-0.030144,0.011549,0.031245,-0.061388,-0.019695,-0.178536,-0.057281,-0.098337,0.164776,-0.487751,-0.646211,0.846040,False,0.083000
v6-2__H20__S0__P6K7__E1_A12,v6-2,20,S0,P6K7,E1_A12,E1,1107,569,557,0,5,0,533,0,2,10,69,12,0,0,0,0,0,0,40,106,411,0,0,0,0,0,0,0,540,9,20,23,242,0.514002,0.513808,1021639.793163,1433637.615697,0.001483,0.025252,0.031245,-0.029761,-0.005993,-0.057923,-0.011664,0.086265,0.224093,-0.334179,-0.530247,1.128666,False,0.065000
v6-2__H20__S0__P6K7__E1_A2,v6-2,20,S0,P6K7,E1_A2,E1,1107,661,651,0,5,0,441,0,5,5,51,10,0,0,0,0,0,0,175,183,293,0,0,0,0,0,0,0,540,9,20,23,211,0.597109,0.357315,1020749.894318,1404314.118343,0.001423,0.023786,0.031245,-0.029822,-0.007459,-0.083461,-0.020875,0.083848,0.217843,-0.405668,-0.663805,1.655564,False,0.080000
v6-2__H20__S0__P6K7__E1_A3,v6-2,20,S0,P6K7,E1_A3,E1,1107,662,650,0,5,0,440,0,4,8,73,12,0,0,0,0,0,0,179,120,351,0,0,0,0,0,0,0,540,9,20,23,199,0.598013,0.483123,1282566.155480,1530642.707153,0.017378,0.029909,0.031245,-0.013866,-0.001335,-0.028701,-0.002764,0.193263,0.244390,-0.310225,-0.568358,2.050377,False,0.116000
v6-2__H20__S0__P6K7__E1_A4,v6-2,20,S0,P6K7,E1_A4,E1,1107,671,665,0,5,0,431,0,1,5,60,6,0,0,0,0,0,0,120,286,259,0,0,0,0,0,0,0,540,9,20,23,190,0.606143,0.365495,1093981.754121,1805243.460663,0.006238,0.041742,0.031245,-0.025007,0.010497,-0.068418,0.028721,0.115277,0.295858,-0.340780,-0.573328,1.615598,False,0.070000
v6-2__H20__S0__P6K7__E1_A5,v6-2,20,S0,P6K7,E1_A5,E1,1107,636,625,0,5,0,466,0,5,6,53,11,0,0,0,0,0,0,114,186,325,0,0,0,0,0,0,0,540,9,20,23,203,0.574526,0.365434,1039759.592682,1513986.253822,0.002703,0.029129,0.031245,-0.028542,-0.002115,-0.078103,-0.005788,0.094093,0.240625,-0.389810,-0.623568,1.384237,False,0.079000
v6-2__H20__S0__P6K7__E1_A6,v6-2,20,S0,P6K7,E1_A6,E1,1107,630,616,0,5,0,472,0,5,9,73,14,0,0,0,0,0,0,117,118,381,0,0,0,0,0,0,0,540,9,20,23,204,0.569106,0.491927,1184244.925505,1493193.902401,0.011776,0.028145,0.031245,-0.019468,-0.003100,-0.039576,-0.006302,0.153588,0.236672,-0.373488,-0.535452,1.758916,False,0.125000
v6-2__H20__S0__P6K7__E1_A7,v6-2,20,S0,P6K7,E1_A7,E1,1107,629,623,0,5,0,473,0,1,5,65,6,0,0,0,0,0,0,62,267,294,0,0,0,0,0,0,0,540,9,20,23,224,0.568202,0.334568,815588.487680,1442975.776404,-0.014013,0.025712,0.031245,-0.045258,-0.005532,-0.135272,-0.016535,-0.008705,0.226104,-0.399387,-0.622815,0.868901,False,0.115000
v6-2__H20__S0__P6K7__E1_A8,v6-2,20,S0,P6K7,E1_A8,E1,1107,635,628,0,5,0,467,0,2,5,50,7,0,0,0,0,0,0,67,182,379,0,0,0,0,0,0,0,540,9,20,23,241,0.573622,0.332304,781797.218353,1300219.532259,-0.016897,0.018342,0.031245,-0.048142,-0.012903,-0.144873,-0.038829,-0.019820,0.194921,-0.427403,-0.632823,1.185963,False,0.161000
v6-2__H20__S0__P6K7__E1_A9,v6-2,20,S0,P6K7,E1_A9,E1,1107,632,618,0,5,0,470,0,5,9,72,14,0,0,0,0,0,0,69,116,433,0,0,0,0,0,0,0,540,9,20,23,213,0.570912,0.478789,1102373.908289,1502303.586914,0.006770,0.028578,0.031245,-0.024474,-0.002667,-0.051117,-0.005570,0.120077,0.238448,-0.373825,-0.510658,1.686062,False,0.086000
v6-2__H20__S0__P6K7__E2_B1,v6-2,20,S0,P6K7,E2_B1,E2,1107,614,606,0,5,0,488,0,2,6,54,8,35,0,0,0,0,0,91,179,336,0,0,0,0,0,0,0,540,9,20,23,211,0.554652,0.362428,909807.950539,1419441.228309,-0.006522,0.024545,0.031245,-0.037767,-0.006699,-0.104205,-0.018484,0.037424,0.221084,-0.385178,-0.604699,0.908832,False,0.110000
v6-2__H20__S0__P6K7__E2_B10,v6-2,20,S0,P6K7,E2_B10,E2,1107,662,652,0,5,0,440,0,5,5,48,10,33,0,0,0,0,0,165,181,306,0,0,0,0,0,0,0,540,9,20,23,189,0.598013,0.398259,1273727.409272,1682946.559697,0.016891,0.036695,0.031245,-0.014353,0.005451,-0.036040,0.013686,0.188583,0.272912,-0.336384,-0.597767,1.848564,False,0.162000
v6-2__H20__S0__P6K7__E2_B11,v6-2,20,S0,P6K7,E2_B11,E2,1107,622,615,0,5,0,480,0,2,5,50,7,39,0,0,0,0,0,52,175,388,0,0,0,0,0,0,0,540,9,20,23,238,0.561879,0.336299,733614.208702,1254872.871520,-0.021217,0.015842,0.031245,-0.052462,-0.015403,-0.155998,-0.045800,-0.043647,0.184423,-0.469488,-0.605977,0.675101,False,0.112000
v6-2__H20__S0__P6K7__E2_B12,v6-2,20,S0,P6K7,E2_B12,E2,1107,599,591,0,5,0,503,0,2,6,50,8,40,0,0,0,0,0,37,165,389,0,0,0,0,0,0,0,540,9,20,23,247,0.541102,0.360276,709719.498346,1255318.305182,-0.023459,0.015867,0.031245,-0.054703,-0.015378,-0.151837,-0.042683,-0.058640,0.183791,-0.468644,-0.608694,0.984359,False,0.098000
v6-2__H20__S0__P6K7__E2_B13,v6-2,20,S0,P6K7,E2_B13,E2,1107,654,648,0,5,0,448,0,1,5,61,6,35,0,0,0,0,0,101,276,271,0,0,0,0,0,0,0,540,9,20,23,213,0.590786,0.342966,920863.454058,1593345.432495,-0.005691,0.032776,0.031245,-0.036936,0.001531,-0.107696,0.004465,0.039017,0.256742,-0.355869,-0.593765,1.423507,False,0.154000
v6-2__H20__S0__P6K7__E2_B14,v6-2,20,S0,P6K7,E2_B14,E2,1107,598,584,0,5,0,504,0,5,9,71,14,36,0,0,0,0,0,88,111,385,0,0,0,0,0,0,0,540,9,20,23,216,0.540199,0.481305,1101059.289582,1452267.189389,0.006687,0.026168,0.031245,-0.024557,-0.005076,-0.051022,-0.010547,0.119087,0.228035,-0.367427,-0.525820,1.135404,False,0.166000
v6-2__H20__S0__P6K7__E2_B18,v6-2,20,S0,P6K7,E2_B18,E2,1107,639,628,0,5,0,463,0,5,6,51,11,35,0,0,0,0,0,110,182,336,0,0,0,0,0,0,0,540,9,20,23,198,0.577236,0.381274,1143395.839637,1653231.834952,0.009320,0.035417,0.031245,-0.021924,0.004173,-0.057503,0.010944,0.137251,0.267219,-0.374336,-0.596731,1.544951,False,0.109000
v6-2__H20__S0__P6K7__E2_B19,v6-2,20,S0,P6K7,E2_B19,E2,1107,600,592,0,5,0,502,0,2,6,50,8,40,0,0,0,0,0,38,165,389,0,0,0,0,0,0,0,540,9,20,23,244,0.542005,0.363506,733018.985664,1291252.100119,-0.021272,0.017854,0.031245,-0.052517,-0.013391,-0.144473,-0.036838,-0.047060,0.192322,-0.455221,-0.604957,1.255684,False,0.162000
v6-2__H20__S0__P6K7__E2_B2,v6-2,20,S0,P6K7,E2_B2,E2,1107,625,614,0,5,0,477,0,5,6,51,11,34,0,0,0,0,0,99,178,337,0,0,0,0,0,0,0,540,9,20,23,205,0.564589,0.375273,1015228.583409,1486978.423173,0.001047,0.027848,0.031245,-0.030198,-0.003397,-0.080468,-0.009052,0.084009,0.235133,-0.370696,-0.596728,1.217582,False,0.111000
v6-2__H20__S0__P6K7__E2_B20,v6-2,20,S0,P6K7,E2_B20,E2,1107,643,632,0,5,0,459,0,5,6,53,11,34,0,0,0,0,0,115,181,336,0,0,0,0,0,0,0,540,9,20,23,195,0.580849,0.390025,1161223.811572,1632636.595988,0.010402,0.034519,0.031245,-0.020843,0.003275,-0.053439,0.008396,0.144207,0.263400,-0.361322,-0.586380,1.662557,False,0.146000
v6-2__H20__S0__P6K7__E2_B3,v6-2,20,S0,P6K7,E2_B3,E2,1107,642,631,0,5,0,460,0,5,6,53,11,35,0,0,0,0,0,110,184,337,0,0,0,0,0,0,0,540,9,20,23,198,0.579946,0.379577,1101688.228847,1600574.145642,0.006727,0.033100,0.031245,-0.024517,0.001855,-0.064591,0.004887,0.120323,0.257447,-0.375217,-0.598410,1.361321,False,0.110000
v6-2__H20__S0__P6K7__E2_B4,v6-2,20,S0,P6K7,E2_B4,E2,1107,614,606,0,5,0,488,0,2,6,54,8,35,0,0,0,0,0,91,179,336,0,0,0,0,0,0,0,540,9,20,23,211,0.554652,0.362428,909807.950539,1419441.228309,-0.006522,0.024545,0.031245,-0.037767,-0.006699,-0.104205,-0.018484,0.037424,0.221084,-0.385178,-0.604699,0.908832,False,0.110000
v6-2__H20__S0__P6K7__E2_B5,v6-2,20,S0,P6K7,E2_B5,E2,1107,614,606,0,5,0,488,0,2,6,54,8,35,0,0,0,0,0,91,179,336,0,0,0,0,0,0,0,540,9,20,23,211,0.554652,0.362428,909807.950539,1419441.228309,-0.006522,0.024545,0.031245,-0.037767,-0.006699,-0.104205,-0.018484,0.037424,0.221084,-0.385178,-0.604699,0.908832,False,0.109000
v6-2__H20__S0__P6K7__E2_B6,v6-2,20,S0,P6K7,E2_B6,E2,1107,634,623,0,5,0,468,0,5,6,55,11,35,0,0,0,0,0,108,183,332,0,0,0,0,0,0,0,540,9,20,23,203,0.572719,0.376536,1038086.270693,1539843.677934,0.002591,0.030337,0.031245,-0.028653,-0.000908,-0.076097,-0.002411,0.093832,0.245782,-0.378929,-0.596927,1.258797,False,0.161000
v6-2__H20__S0__P6K7__E2_B7,v6-2,20,S0,P6K7,E2_B7,E2,1107,611,603,0,5,0,491,0,2,6,54,8,35,0,0,0,0,0,87,178,338,0,0,0,0,0,0,0,540,9,20,23,210,0.551942,0.364069,941212.883709,1457137.835061,-0.004186,0.026406,0.031245,-0.035430,-0.004838,-0.097317,-0.013290,0.052477,0.229022,-0.386170,-0.604181,0.941551,False,0.106000
v6-2__H20__S0__P6K7__E2_B8,v6-2,20,S0,P6K7,E2_B8,E2,1107,620,613,0,5,0,482,0,2,5,51,7,35,0,0,0,0,0,88,166,359,0,0,0,0,0,0,0,540,9,20,23,220,0.560072,0.363846,907006.121808,1385601.840612,-0.006735,0.022835,0.031245,-0.037979,-0.008409,-0.104382,-0.023112,0.037185,0.213824,-0.398465,-0.610013,0.632420,False,0.161000
v6-2__H20__S0__P6K7__E2_B9,v6-2,20,S0,P6K7,E2_B9,E2,1107,626,616,0,5,0,476,0,5,5,52,10,32,0,0,0,0,0,123,178,315,0,0,0,0,0,0,0,540,9,20,23,219,0.565492,0.357341,934771.681837,1404193.904765,-0.004659,0.023780,0.031245,-0.035903,-0.007465,-0.100474,-0.020890,0.048958,0.217791,-0.395438,-0.614720,1.056767,False,0.088000
v6-2__H20__S0__P6K7__E3,v6-2,20,S0,P6K7,E3,E3,1107,695,687,0,5,0,407,0,1,7,3403,8,0,0,0,0,0,0,0,0,128,559,0,0,0,0,0,0,540,9,20,23,192,0.627823,0.497067,1338341.086046,2139260.928235,0.020381,0.054058,0.031245,-0.010864,0.022813,-0.021855,0.045896,0.223896,0.356700,-0.227349,-0.551056,1.843298,False,0.123000
v6-2__H20__S0__P6K7__E4,v6-2,20,S0,P6K7,E4,E4,1107,679,993,0,5,0,423,0,2,13,2361,15,0,0,0,22,0,0,0,0,446,218,329,0,0,0,0,0,540,9,20,23,233,0.613369,0.603372,1363312.571797,1501232.691364,0.021688,0.028527,0.031245,-0.009557,-0.002718,-0.015839,-0.004504,0.227453,0.238828,-0.252342,-0.525310,7.860100,False,0.153000
v6-2__H20__S0__P6K7__E5,v6-2,20,S0,P6K7,E5,E5,1107,639,631,0,5,0,463,0,0,8,3381,8,0,0,0,0,0,0,0,0,317,0,0,314,0,0,0,0,540,9,20,23,265,0.577236,0.512340,990355.305336,1477661.517154,-0.000671,0.027401,0.031245,-0.031915,-0.003844,-0.062293,-0.007503,0.065614,0.234332,-0.323592,-0.545464,1.939893,False,0.062000
v6-2__H20__S0__P6K7__E6,v6-2,20,S0,P6K7,E6,E6,1107,789,779,0,5,0,313,0,1,9,2093,10,0,0,0,0,0,0,0,0,340,0,0,0,439,0,0,0,540,9,20,23,139,0.712737,0.515352,1540786.458717,2379433.939692,0.030380,0.061851,0.031245,-0.000864,0.030606,-0.001677,0.059389,0.297086,0.389415,-0.250710,-0.483737,2.577448,False,0.089000
v6-2__H20__S0__P6K7__E7,v6-2,20,S0,P6K7,E7,E7,1107,563,551,0,5,0,539,0,2,10,2360,12,0,0,0,0,0,0,0,0,402,0,0,0,0,149,0,0,540,9,20,23,232,0.508582,0.619013,1325157.575045,1791726.833948,0.019682,0.041200,0.031245,-0.011563,0.009956,-0.018679,0.016083,0.205276,0.294591,-0.262673,-0.498266,1.502102,False,0.098000
v6-2__H25__S0__P6K3__E0,v6-2,25,S0,P6K3,E0,E0,1107,366,356,0,5,0,736,0,0,10,40,10,0,0,0,0,0,356,0,0,0,0,0,0,0,0,0,0,540,9,20,62,397,0.330623,0.964245,1724345.374591,1512007.566709,0.038441,0.029036,0.031245,0.007196,-0.002208,0.007463,-0.002290,0.282310,0.241626,-0.487476,-0.554180,1.883323,False,0.072000
v6-2__H25__S0__P6K3__E1_A1,v6-2,25,S0,P6K3,E1_A1,E1,1107,573,560,0,5,0,529,0,9,4,52,13,0,0,0,0,0,0,164,246,150,0,0,0,0,0,0,0,540,9,20,62,332,0.517615,0.480815,1055187.170314,1636531.877631,0.003726,0.034690,0.031245,-0.027519,0.003445,-0.057233,0.007165,0.118669,0.262216,-0.564749,-0.714446,1.814818,False,0.076000
v6-2__H25__S0__P6K3__E1_A10,v6-2,25,S0,P6K3,E1_A10,E1,1107,409,405,0,5,0,693,0,0,4,50,4,0,0,0,0,0,0,43,185,177,0,0,0,0,0,0,0,540,9,20,62,394,0.369467,0.556936,979206.956872,1553012.083132,-0.001454,0.030944,0.031245,-0.032698,-0.000300,-0.058711,-0.000539,0.099164,0.247793,-0.563511,-0.665894,0.940659,False,0.065000
v6-2__H25__S0__P6K3__E1_A11,v6-2,25,S0,P6K3,E1_A11,E1,1107,446,439,0,5,0,656,0,2,5,32,7,0,0,0,0,0,0,50,146,243,0,0,0,0,0,0,0,540,9,20,62,402,0.402891,0.582654,994201.855124,1496212.802120,-0.000402,0.028288,0.031245,-0.031647,-0.002956,-0.054315,-0.005074,0.104510,0.236991,-0.532059,-0.652988,1.337400,False,0.074000
v6-2__H25__S0__P6K3__E1_A12,v6-2,25,S0,P6K3,E1_A12,E1,1107,377,370,0,5,0,725,0,0,7,52,7,0,0,0,0,0,0,43,85,242,0,0,0,0,0,0,0,540,9,20,62,397,0.340560,0.729683,1251062.608316,1550406.132139,0.015628,0.030824,0.031245,-0.015616,-0.000420,-0.021402,-0.000576,0.178535,0.247192,-0.560081,-0.622005,1.325778,False,0.074000
v6-2__H25__S0__P6K3__E1_A2,v6-2,25,S0,P6K3,E1_A2,E1,1107,508,502,0,5,0,594,0,2,4,34,6,0,0,0,0,0,0,147,165,190,0,0,0,0,0,0,0,540,9,20,62,380,0.458898,0.448287,544091.781892,825295.899488,-0.041261,-0.013205,0.031245,-0.072506,-0.044450,-0.161739,-0.099155,-0.095052,0.079054,-0.679871,-0.727114,1.031179,False,0.076000
v6-2__H25__S0__P6K3__E1_A3,v6-2,25,S0,P6K3,E1_A3,E1,1107,452,444,0,5,0,650,0,1,7,61,8,0,0,0,0,0,0,135,100,209,0,0,0,0,0,0,0,540,9,20,62,355,0.408311,0.706580,1152844.419979,1195873.327861,0.009895,0.012461,0.031245,-0.021349,-0.018784,-0.030215,-0.026584,0.146294,0.174880,-0.550299,-0.642495,1.625955,False,0.074000
v6-2__H25__S0__P6K3__E1_A4,v6-2,25,S0,P6K3,E1_A4,E1,1107,579,573,0,5,0,523,0,1,5,56,6,0,0,0,0,0,0,139,238,196,0,0,0,0,0,0,0,540,9,20,62,304,0.523035,0.573526,1400258.105042,1960397.330785,0.023581,0.047705,0.031245,-0.007664,0.016461,-0.013363,0.028701,0.217074,0.312964,-0.523908,-0.625506,2.974127,False,0.083000
v6-2__H25__S0__P6K3__E1_A5,v6-2,25,S0,P6K3,E1_A5,E1,1107,525,519,0,5,0,577,0,2,4,38,6,0,0,0,0,0,0,124,160,235,0,0,0,0,0,0,0,540,9,20,62,326,0.474255,0.626251,1230679.080518,1585521.669816,0.014474,0.032424,0.031245,-0.016771,0.001179,-0.026780,0.001883,0.170980,0.253232,-0.533453,-0.637804,2.321836,False,0.117000
v6-2__H25__S0__P6K3__E1_A6,v6-2,25,S0,P6K3,E1_A6,E1,1107,510,501,0,5,0,592,0,2,7,63,9,0,0,0,0,0,0,119,110,272,0,0,0,0,0,0,0,540,9,20,62,293,0.460705,0.908399,1793872.332531,1952564.442816,0.041286,0.047415,0.031245,0.010042,0.016171,0.011054,0.017801,0.313563,0.312241,-0.451099,-0.504143,2.301022,False,0.085000
v6-2__H25__S0__P6K3__E1_A7,v6-2,25,S0,P6K3,E1_A7,E1,1107,504,499,0,5,0,598,0,1,4,47,5,0,0,0,0,0,0,79,217,203,0,0,0,0,0,0,0,540,9,20,62,356,0.455285,0.504941,923427.969188,1503235.779681,-0.005500,0.028622,0.031245,-0.036744,-0.002623,-0.072770,-0.005194,0.085533,0.238501,-0.553488,-0.660479,1.810407,False,0.108000
v6-2__H25__S0__P6K3__E1_A8,v6-2,25,S0,P6K3,E1_A8,E1,1107,491,486,0,5,0,611,0,2,3,37,5,0,0,0,0,0,0,78,153,255,0,0,0,0,0,0,0,540,9,20,62,362,0.443541,0.531100,913336.247943,1388285.973369,-0.006256,0.022972,0.031245,-0.037501,-0.008272,-0.070610,-0.015575,0.080327,0.217094,-0.543032,-0.658872,1.759865,False,0.112000
v6-2__H25__S0__P6K3__E1_A9,v6-2,25,S0,P6K3,E1_A9,E1,1107,467,459,0,5,0,635,0,1,7,59,8,0,0,0,0,0,0,79,98,282,0,0,0,0,0,0,0,540,9,20,62,348,0.421861,0.769019,1218517.708391,1400897.861385,0.013776,0.023613,0.031245,-0.017468,-0.007631,-0.022715,-0.009924,0.168863,0.219057,-0.502544,-0.550073,2.181433,False,0.079000
v6-2__H25__S0__P6K3__E2_B1,v6-2,25,S0,P6K3,E2_B1,E2,1107,485,479,0,5,0,617,0,2,4,39,6,36,0,0,0,0,0,98,152,229,0,0,0,0,0,0,0,540,9,20,62,339,0.438121,0.577107,1075055.501666,1522675.562308,0.005023,0.029537,0.031245,-0.026222,-0.001707,-0.045436,-0.002958,0.129267,0.242149,-0.546616,-0.616855,1.700782,False,0.104000
v6-2__H25__S0__P6K3__E2_B10,v6-2,25,S0,P6K3,E2_B10,E2,1107,538,520,0,5,0,564,0,13,5,45,18,30,0,0,0,0,0,145,170,205,0,0,0,0,0,0,0,540,9,20,62,317,0.485998,0.635156,1388662.474190,1595242.495527,0.022992,0.032861,0.031245,-0.008253,0.001616,-0.012994,0.002545,0.214776,0.254912,-0.532434,-0.666377,1.439660,False,0.107000
v6-2__H25__S0__P6K3__E2_B11,v6-2,25,S0,P6K3,E2_B11,E2,1107,478,471,0,5,0,624,0,2,5,40,7,38,0,0,0,0,0,64,157,250,0,0,0,0,0,0,0,540,9,20,62,368,0.431798,0.550500,921533.316374,1388483.246199,-0.005641,0.022982,0.031245,-0.036886,-0.008262,-0.067004,-0.015008,0.085934,0.217157,-0.568676,-0.635636,1.386030,False,0.111000
v6-2__H25__S0__P6K3__E2_B12,v6-2,25,S0,P6K3,E2_B12,E2,1107,421,417,0,5,0,681,0,0,4,40,4,37,0,0,0,0,0,40,142,235,0,0,0,0,0,0,0,540,9,20,62,402,0.380307,0.639474,1149401.922067,1550843.679145,0.009686,0.030845,0.031245,-0.021558,-0.000400,-0.033712,-0.000626,0.152034,0.247213,-0.564764,-0.638622,0.905521,False,0.055000
v6-2__H25__S0__P6K3__E2_B13,v6-2,25,S0,P6K3,E2_B13,E2,1107,527,522,0,5,0,575,0,1,4,52,5,36,0,0,0,0,0,109,227,186,0,0,0,0,0,0,0,540,9,20,62,334,0.476061,0.519258,1136359.454221,1846335.710056,0.008889,0.043367,0.031245,-0.022356,0.012122,-0.043053,0.023345,0.147386,0.296235,-0.526964,-0.626914,2.402457,False,0.102000
v6-2__H25__S0__P6K3__E2_B14,v6-2,25,S0,P6K3,E2_B14,E2,1107,451,443,0,5,0,651,0,1,7,60,8,37,0,0,0,0,0,89,95,259,0,0,0,0,0,0,0,540,9,20,62,335,0.407407,0.791045,1315782.123017,1528709.791229,0.019181,0.029819,0.031245,-0.012064,-0.001425,-0.015250,-0.001802,0.195028,0.243098,-0.468084,-0.524550,1.669176,False,0.153000
v6-2__H25__S0__P6K3__E2_B18,v6-2,25,S0,P6K3,E2_B18,E2,1107,535,527,0,5,0,567,0,3,5,44,8,36,0,0,0,0,0,119,166,242,0,0,0,0,0,0,0,540,9,20,62,295,0.483288,0.710220,1666513.502859,2015269.217342,0.035991,0.049710,0.031245,0.004746,0.018465,0.006683,0.025999,0.278871,0.318700,-0.498029,-0.575874,2.268199,False,0.162000
v6-2__H25__S0__P6K3__E2_B19,v6-2,25,S0,P6K3,E2_B19,E2,1107,438,432,0,5,0,664,0,2,4,42,6,37,0,0,0,0,0,42,148,242,0,0,0,0,0,0,0,540,9,20,62,394,0.395664,0.624215,1058367.294494,1470332.374579,0.003935,0.027047,0.031245,-0.027310,-0.004198,-0.043750,-0.006725,0.125890,0.232183,-0.577133,-0.641010,0.703013,False,0.143000
v6-2__H25__S0__P6K3__E2_B2,v6-2,25,S0,P6K3,E2_B2,E2,1107,516,510,0,5,0,586,0,2,4,42,6,36,0,0,0,0,0,108,162,240,0,0,0,0,0,0,0,540,9,20,62,328,0.466125,0.617980,1184364.482157,1504881.786631,0.011783,0.028700,0.031245,-0.019461,-0.002545,-0.031492,-0.004118,0.158990,0.239087,-0.516772,-0.596162,1.826074,False,0.108000
v6-2__H25__S0__P6K3__E2_B20,v6-2,25,S0,P6K3,E2_B20,E2,1107,544,537,0,5,0,558,0,2,5,46,7,36,0,0,0,0,0,127,168,242,0,0,0,0,0,0,0,540,9,20,62,294,0.491418,0.709508,1608042.953270,1862992.274161,0.033433,0.044015,0.031245,0.002188,0.012771,0.003084,0.018000,0.267079,0.297067,-0.495369,-0.573950,2.211808,False,0.163000
v6-2__H25__S0__P6K3__E2_B3,v6-2,25,S0,P6K3,E2_B3,E2,1107,529,522,0,5,0,573,0,3,4,42,7,36,0,0,0,0,0,118,162,242,0,0,0,0,0,0,0,540,9,20,62,304,0.477868,0.683703,1510774.499247,1876423.366523,0.028978,0.044535,0.031245,-0.002266,0.013290,-0.003315,0.019439,0.243851,0.299355,-0.507790,-0.592582,2.225867,False,0.111000
v6-2__H25__S0__P6K3__E2_B4,v6-2,25,S0,P6K3,E2_B4,E2,1107,485,479,0,5,0,617,0,2,4,39,6,36,0,0,0,0,0,98,152,229,0,0,0,0,0,0,0,540,9,20,62,339,0.438121,0.577107,1075055.501666,1522675.562308,0.005023,0.029537,0.031245,-0.026222,-0.001707,-0.045436,-0.002958,0.129267,0.242149,-0.546616,-0.616855,1.700782,False,0.102000
v6-2__H25__S0__P6K3__E2_B5,v6-2,25,S0,P6K3,E2_B5,E2,1107,485,479,0,5,0,617,0,2,4,39,6,36,0,0,0,0,0,98,152,229,0,0,0,0,0,0,0,540,9,20,62,339,0.438121,0.577107,1075055.501666,1522675.562308,0.005023,0.029537,0.031245,-0.026222,-0.001707,-0.045436,-0.002958,0.129267,0.242149,-0.546616,-0.616855,1.700782,False,0.094000
v6-2__H25__S0__P6K3__E2_B6,v6-2,25,S0,P6K3,E2_B6,E2,1107,519,512,0,5,0,583,0,2,5,45,7,36,0,0,0,0,0,113,166,233,0,0,0,0,0,0,0,540,9,20,62,320,0.468835,0.669516,1362396.279641,1724717.502354,0.021640,0.038456,0.031245,-0.009604,0.007212,-0.014345,0.010771,0.207144,0.276477,-0.516352,-0.593425,1.701182,False,0.084000
v6-2__H25__S0__P6K3__E2_B7,v6-2,25,S0,P6K3,E2_B7,E2,1107,504,498,0,5,0,598,0,2,4,42,6,36,0,0,0,0,0,100,159,239,0,0,0,0,0,0,0,540,9,20,62,331,0.455285,0.621260,1183770.335300,1610257.382913,0.011748,0.033531,0.031245,-0.019497,0.002286,-0.031382,0.003680,0.160014,0.257415,-0.529539,-0.596158,1.821814,False,0.153000
v6-2__H25__S0__P6K3__E2_B8,v6-2,25,S0,P6K3,E2_B8,E2,1107,492,486,0,5,0,610,0,2,4,38,6,36,0,0,0,0,0,99,143,244,0,0,0,0,0,0,0,540,9,20,62,334,0.444444,0.590132,1105820.444770,1562457.805155,0.006988,0.031377,0.031245,-0.024256,0.000133,-0.041103,0.000225,0.137769,0.249170,-0.533524,-0.608370,1.496453,False,0.104000
v6-2__H25__S0__P6K3__E2_B9,v6-2,25,S0,P6K3,E2_B9,E2,1107,452,446,0,5,0,650,0,2,4,39,6,32,0,0,0,0,0,102,146,198,0,0,0,0,0,0,0,540,9,20,62,388,0.408311,0.467049,542417.350335,936402.382301,-0.041466,-0.004539,0.031245,-0.072710,-0.035783,-0.155680,-0.076616,-0.082161,0.109709,-0.717429,-0.659074,1.100294,False,0.095000
v6-2__H25__S0__P6K3__E3,v6-2,25,S0,P6K3,E3,E3,1107,467,461,0,5,0,635,0,0,6,3276,6,0,0,0,0,0,0,0,0,45,416,0,0,0,0,0,0,540,9,20,62,353,0.421861,0.700320,1238737.939095,1639098.706696,0.014932,0.034802,0.031245,-0.016312,0.003558,-0.023293,0.005080,0.172933,0.265308,-0.327966,-0.588785,0.811213,False,0.098000
v6-2__H25__S0__P6K3__E4,v6-2,25,S0,P6K3,E4,E4,1107,477,720,0,5,0,625,0,0,10,2246,10,0,0,0,19,0,0,0,0,251,216,253,0,0,0,0,0,540,9,20,62,380,0.430894,0.823375,1466539.851364,1305138.009054,0.026863,0.018608,0.031245,-0.004381,-0.012637,-0.005321,-0.015348,0.240486,0.197809,-0.418295,-0.592463,7.024841,False,0.139000
v6-2__H25__S0__P6K3__E5,v6-2,25,S0,P6K3,E5,E5,1107,470,465,0,5,0,632,0,0,5,3228,5,0,0,0,0,0,0,0,0,209,0,0,256,0,0,0,0,540,9,20,62,393,0.424571,0.701991,1142191.140507,1284990.796140,0.009247,0.017511,0.031245,-0.021998,-0.013733,-0.031336,-0.019563,0.143204,0.192828,-0.479641,-0.669884,2.426373,False,0.081000
v6-2__H25__S0__P6K3__E6,v6-2,25,S0,P6K3,E6,E6,1107,701,687,0,5,0,401,0,5,9,2079,14,0,0,0,0,0,0,0,0,276,0,0,0,411,0,0,0,540,9,20,62,236,0.633243,1.045035,2463275.944903,3220987.641098,0.064400,0.084347,0.031245,0.033155,0.053103,0.031726,0.050814,0.452450,0.466691,-0.272881,-0.440074,2.436083,False,0.080000
v6-2__H25__S0__P6K3__E7,v6-2,25,S0,P6K3,E7,E7,1107,376,370,0,5,0,726,0,0,6,888,6,0,0,0,0,0,0,0,0,219,0,0,0,0,151,0,0,540,9,20,62,378,0.339657,0.829118,1357268.133449,1501761.385835,0.021373,0.028552,0.031245,-0.009871,-0.002693,-0.011906,-0.003248,0.206511,0.238844,-0.409112,-0.513142,1.234268,False,0.073000
v6-2__H25__S0__P6K5__E0,v6-2,25,S0,P6K5,E0,E0,1107,502,489,0,5,0,600,0,1,12,41,13,0,0,0,0,0,489,0,0,0,0,0,0,0,0,0,0,540,9,20,34,329,0.453478,0.766180,1618006.362757,1699384.090906,0.033875,0.037393,0.031245,0.002630,0.006148,0.003433,0.008025,0.267907,0.273326,-0.398630,-0.551169,2.713071,False,0.088000
v6-2__H25__S0__P6K5__E1_A1,v6-2,25,S0,P6K5,E1_A1,E1,1107,639,628,0,5,0,463,0,8,3,58,11,0,0,0,0,0,0,189,275,164,0,0,0,0,0,0,0,540,9,20,34,245,0.577236,0.410284,1205701.669613,1757671.807141,0.013035,0.039818,0.031245,-0.018210,0.008573,-0.044384,0.020896,0.161337,0.285198,-0.447816,-0.666695,2.212606,False,0.083000
v6-2__H25__S0__P6K5__E1_A10,v6-2,25,S0,P6K5,E1_A10,E1,1107,539,532,0,5,0,563,0,2,5,51,7,0,0,0,0,0,0,66,233,233,0,0,0,0,0,0,0,540,9,20,34,338,0.486902,0.466136,855295.583903,1365689.953741,-0.010763,0.021811,0.031245,-0.042008,-0.009434,-0.090119,-0.020238,0.033485,0.209285,-0.550359,-0.662013,2.227667,False,0.113000
v6-2__H25__S0__P6K5__E1_A11,v6-2,25,S0,P6K5,E1_A11,E1,1107,512,503,0,5,0,590,0,3,6,40,9,0,0,0,0,0,0,64,165,274,0,0,0,0,0,0,0,540,9,20,34,341,0.462511,0.496531,850875.120720,1321135.472864,-0.011118,0.019467,0.031245,-0.042362,-0.011777,-0.085317,-0.023719,0.033228,0.199755,-0.514171,-0.657133,1.898974,False,0.080000
v6-2__H25__S0__P6K5__E1_A12,v6-2,25,S0,P6K5,E1_A12,E1,1107,477,467,0,5,0,625,0,1,9,62,10,0,0,0,0,0,0,53,108,306,0,0,0,0,0,0,0,540,9,20,34,318,0.430894,0.628626,1125487.252707,1547400.134262,0.008218,0.030686,0.031245,-0.023027,-0.000559,-0.036630,-0.000889,0.136260,0.247263,-0.414003,-0.558970,1.515207,False,0.057000
v6-2__H25__S0__P6K5__E1_A2,v6-2,25,S0,P6K5,E1_A2,E1,1107,606,591,0,5,0,496,0,10,5,50,15,0,0,0,0,0,0,190,182,219,0,0,0,0,0,0,0,540,9,20,34,260,0.547425,0.436617,1085837.388954,1489155.209739,0.005718,0.027952,0.031245,-0.025527,-0.003293,-0.058465,-0.007541,0.118793,0.235577,-0.482122,-0.690567,2.234437,False,0.122000
v6-2__H25__S0__P6K5__E1_A3,v6-2,25,S0,P6K5,E1_A3,E1,1107,571,557,0,5,0,531,0,6,8,69,14,0,0,0,0,0,0,184,126,247,0,0,0,0,0,0,0,540,9,20,34,265,0.515808,0.600223,1196650.435529,1369556.767396,0.012506,0.022011,0.031245,-0.018738,-0.009234,-0.031219,-0.015384,0.158092,0.210837,-0.442935,-0.621159,2.207875,False,0.083000
v6-2__H25__S0__P6K5__E1_A4,v6-2,25,S0,P6K5,E1_A4,E1,1107,632,626,0,5,0,470,0,1,5,59,6,0,0,0,0,0,0,143,282,201,0,0,0,0,0,0,0,540,9,20,34,242,0.570912,0.462467,1204628.567605,1714348.694395,0.012972,0.038023,0.031245,-0.018272,0.006778,-0.039511,0.014657,0.160900,0.277661,-0.427485,-0.612853,2.249543,False,0.083000
v6-2__H25__S0__P6K5__E1_A5,v6-2,25,S0,P6K5,E1_A5,E1,1107,602,595,0,5,0,500,0,2,5,46,7,0,0,0,0,0,0,144,191,260,0,0,0,0,0,0,0,540,9,20,34,250,0.543812,0.509910,1194987.720117,1553073.929284,0.012409,0.030947,0.031245,-0.018836,-0.000297,-0.036939,-0.000583,0.157718,0.247707,-0.462740,-0.635095,2.080650,False,0.112000
v6-2__H25__S0__P6K5__E1_A6,v6-2,25,S0,P6K5,E1_A6,E1,1107,581,570,0,5,0,521,0,2,9,68,11,0,0,0,0,0,0,130,127,313,0,0,0,0,0,0,0,540,9,20,34,256,0.524842,0.637880,1356407.552981,1580573.225325,0.021329,0.032201,0.031245,-0.009916,0.000956,-0.015545,0.001499,0.210309,0.253131,-0.433886,-0.566438,2.134268,False,0.131000
v6-2__H25__S0__P6K5__E1_A7,v6-2,25,S0,P6K5,E1_A7,E1,1107,594,588,0,5,0,508,0,1,5,60,6,0,0,0,0,0,0,99,261,228,0,0,0,0,0,0,0,540,9,20,34,282,0.536585,0.445577,941723.039376,1447889.437470,-0.004148,0.025954,0.031245,-0.035393,-0.005291,-0.079431,-0.011874,0.068035,0.227319,-0.467147,-0.630344,2.068371,False,0.065000
v6-2__H25__S0__P6K5__E1_A8,v6-2,25,S0,P6K5,E1_A8,E1,1107,579,572,0,5,0,523,0,2,5,48,7,0,0,0,0,0,0,101,175,296,0,0,0,0,0,0,0,540,9,20,34,277,0.523035,0.470361,983017.380515,1399916.707724,-0.001185,0.023563,0.031245,-0.032430,-0.007681,-0.068946,-0.016330,0.086968,0.217970,-0.466019,-0.625271,2.355114,False,0.087000
v6-2__H25__S0__P6K5__E1_A9,v6-2,25,S0,P6K5,E1_A9,E1,1107,568,559,0,5,0,534,0,2,7,64,9,0,0,0,0,0,0,91,124,344,0,0,0,0,0,0,0,540,9,20,34,275,0.513098,0.606535,1140031.093263,1464097.729725,0.009114,0.026745,0.031245,-0.022130,-0.004500,-0.036486,-0.007419,0.140170,0.230744,-0.437078,-0.544860,1.969877,False,0.139000
v6-2__H25__S0__P6K5__E2_B1,v6-2,25,S0,P6K5,E2_B1,E2,1107,593,585,0,5,0,509,0,3,5,48,8,38,0,0,0,0,0,128,188,269,0,0,0,0,0,0,0,540,9,20,34,265,0.535682,0.502845,1125088.246823,1518008.438619,0.008193,0.029318,0.031245,-0.023052,-0.001926,-0.045842,-0.003830,0.135042,0.241063,-0.456469,-0.612174,1.931384,False,0.174000
v6-2__H25__S0__P6K5__E2_B10,v6-2,25,S0,P6K5,E2_B10,E2,1107,636,618,0,5,0,466,0,13,5,49,18,34,0,0,0,0,0,192,185,241,0,0,0,0,0,0,0,540,9,20,34,234,0.574526,0.526723,1556038.244140,1938600.090982,0.031083,0.046895,0.031245,-0.000161,0.015650,-0.000306,0.029712,0.269083,0.312210,-0.456201,-0.652666,2.780306,False,0.118000
v6-2__H25__S0__P6K5__E2_B11,v6-2,25,S0,P6K5,E2_B11,E2,1107,573,565,0,5,0,529,0,3,5,47,8,41,0,0,0,0,0,86,187,292,0,0,0,0,0,0,0,540,9,20,34,282,0.517615,0.471090,929684.024767,1367946.513089,-0.005035,0.021928,0.031245,-0.036279,-0.009317,-0.077012,-0.019777,0.068578,0.211488,-0.462033,-0.588866,1.638057,False,0.117000
v6-2__H25__S0__P6K5__E2_B12,v6-2,25,S0,P6K5,E2_B12,E2,1107,541,534,0,5,0,561,0,2,5,46,7,43,0,0,0,0,0,55,167,312,0,0,0,0,0,0,0,540,9,20,34,334,0.488708,0.518547,875973.590204,1327314.148648,-0.009126,0.019797,0.031245,-0.040370,-0.011448,-0.077852,-0.022077,0.044402,0.201344,-0.473610,-0.612448,1.685150,False,0.170000
v6-2__H25__S0__P6K5__E2_B13,v6-2,25,S0,P6K5,E2_B13,E2,1107,605,599,0,5,0,497,0,1,5,60,6,39,0,0,0,0,0,123,266,210,0,0,0,0,0,0,0,540,9,20,34,263,0.546522,0.446564,1168214.441885,1730287.536906,0.010822,0.038688,0.031245,-0.020423,0.007443,-0.045733,0.016668,0.149057,0.280305,-0.432968,-0.614282,2.273377,False,0.111000
v6-2__H25__S0__P6K5__E2_B14,v6-2,25,S0,P6K5,E2_B14,E2,1107,554,545,0,5,0,548,0,2,7,63,9,43,0,0,0,0,0,112,114,319,0,0,0,0,0,0,0,540,9,20,34,278,0.500452,0.609693,1228134.931726,1517744.124329,0.014328,0.029306,0.031245,-0.016916,-0.001939,-0.027745,-0.003179,0.169022,0.241197,-0.425334,-0.564847,2.170823,False,0.113000
v6-2__H25__S0__P6K5__E2_B18,v6-2,25,S0,P6K5,E2_B18,E2,1107,603,596,0,5,0,499,0,2,5,48,7,40,0,0,0,0,0,132,192,272,0,0,0,0,0,0,0,540,9,20,34,244,0.544715,0.528144,1329562.771324,1736206.514073,0.019916,0.038934,0.031245,-0.011328,0.007689,-0.021449,0.014559,0.200666,0.279769,-0.452477,-0.614901,2.047715,False,0.116000
v6-2__H25__S0__P6K5__E2_B19,v6-2,25,S0,P6K5,E2_B19,E2,1107,527,518,0,5,0,575,0,3,6,43,9,43,0,0,0,0,0,60,165,293,0,0,0,0,0,0,0,540,9,20,34,329,0.476061,0.524194,877270.449562,1341481.956944,-0.009024,0.020546,0.031245,-0.040269,-0.010698,-0.076820,-0.020409,0.044235,0.204522,-0.469798,-0.612259,1.980764,False,0.159000
v6-2__H25__S0__P6K5__E2_B2,v6-2,25,S0,P6K5,E2_B2,E2,1107,601,593,0,5,0,501,0,3,5,47,8,39,0,0,0,0,0,132,187,274,0,0,0,0,0,0,0,540,9,20,34,263,0.542909,0.510473,1147314.193566,1474288.230129,0.009559,0.027238,0.031245,-0.021685,-0.004007,-0.042481,-0.007849,0.142171,0.232674,-0.447277,-0.610179,2.047565,False,0.182000
v6-2__H25__S0__P6K5__E2_B20,v6-2,25,S0,P6K5,E2_B20,E2,1107,617,609,0,5,0,485,0,3,5,48,8,39,0,0,0,0,0,144,195,270,0,0,0,0,0,0,0,540,9,20,34,242,0.557362,0.528181,1288052.745474,1615132.067700,0.017679,0.033747,0.031245,-0.013566,0.002503,-0.025684,0.004739,0.188069,0.258878,-0.450542,-0.615287,2.098504,False,0.115000
v6-2__H25__S0__P6K5__E2_B3,v6-2,25,S0,P6K5,E2_B3,E2,1107,601,594,0,5,0,501,0,2,5,49,7,40,0,0,0,0,0,132,191,271,0,0,0,0,0,0,0,540,9,20,34,247,0.542909,0.521446,1253314.045281,1633120.874034,0.015755,0.034540,0.031245,-0.015490,0.003296,-0.029706,0.006320,0.176996,0.262170,-0.456370,-0.620420,1.961949,False,0.115000
v6-2__H25__S0__P6K5__E2_B4,v6-2,25,S0,P6K5,E2_B4,E2,1107,593,585,0,5,0,509,0,3,5,48,8,38,0,0,0,0,0,128,188,269,0,0,0,0,0,0,0,540,9,20,34,265,0.535682,0.502845,1125088.246823,1518008.438619,0.008193,0.029318,0.031245,-0.023052,-0.001926,-0.045842,-0.003830,0.135042,0.241063,-0.456469,-0.612174,1.931384,False,0.173000
v6-2__H25__S0__P6K5__E2_B5,v6-2,25,S0,P6K5,E2_B5,E2,1107,593,585,0,5,0,509,0,3,5,48,8,38,0,0,0,0,0,128,188,269,0,0,0,0,0,0,0,540,9,20,34,265,0.535682,0.502845,1125088.246823,1518008.438619,0.008193,0.029318,0.031245,-0.023052,-0.001926,-0.045842,-0.003830,0.135042,0.241063,-0.456469,-0.612174,1.931384,False,0.172000
v6-2__H25__S0__P6K5__E2_B6,v6-2,25,S0,P6K5,E2_B6,E2,1107,608,601,0,5,0,494,0,2,5,48,7,38,0,0,0,0,0,141,191,269,0,0,0,0,0,0,0,540,9,20,34,245,0.549232,0.521574,1234563.628988,1614552.822260,0.014695,0.033722,0.031245,-0.016549,0.002477,-0.031730,0.004749,0.171012,0.258924,-0.460827,-0.617046,2.152238,False,0.120000
v6-2__H25__S0__P6K5__E2_B7,v6-2,25,S0,P6K5,E2_B7,E2,1107,596,588,0,5,0,506,0,3,5,48,8,38,0,0,0,0,0,121,189,278,0,0,0,0,0,0,0,540,9,20,34,265,0.538392,0.506816,1124908.568066,1518071.767731,0.008182,0.029321,0.031245,-0.023063,-0.001923,-0.045505,-0.003795,0.135106,0.241069,-0.455664,-0.607327,1.863859,False,0.174000
v6-2__H25__S0__P6K5__E2_B8,v6-2,25,S0,P6K5,E2_B8,E2,1107,588,580,0,5,0,514,0,3,5,48,8,38,0,0,0,0,0,126,171,283,0,0,0,0,0,0,0,540,9,20,34,264,0.531165,0.506921,1137102.587685,1544792.710709,0.008935,0.030566,0.031245,-0.022310,-0.000679,-0.044011,-0.001339,0.138837,0.246128,-0.453782,-0.611104,1.904979,False,0.118000
v6-2__H25__S0__P6K5__E2_B9,v6-2,25,S0,P6K5,E2_B9,E2,1107,605,591,0,5,0,497,0,9,5,52,14,34,0,0,0,0,0,151,192,248,0,0,0,0,0,0,0,540,9,20,34,269,0.546522,0.489500,1205401.545983,1595842.656445,0.013017,0.032888,0.031245,-0.018227,0.001643,-0.037237,0.003357,0.161756,0.255534,-0.467928,-0.622047,1.820191,False,0.170000
v6-2__H25__S0__P6K5__E3,v6-2,25,S0,P6K5,E3,E3,1107,565,558,0,5,0,537,0,0,7,3400,7,0,0,0,0,0,0,0,0,56,502,0,0,0,0,0,0,540,9,20,34,287,0.510388,0.585905,1134275.194198,1732077.467893,0.008761,0.038762,0.031245,-0.022484,0.007518,-0.038374,0.012831,0.132679,0.286068,-0.313288,-0.565990,0.675691,False,0.073000
v6-2__H25__S0__P6K5__E4,v6-2,25,S0,P6K5,E4,E4,1107,565,854,0,5,0,537,0,1,12,2264,13,0,0,0,12,0,0,0,0,308,244,302,0,0,0,0,0,540,9,20,34,322,0.510388,0.630758,1169623.995622,1201380.564346,0.010906,0.012783,0.031245,-0.020338,-0.018462,-0.032244,-0.029269,0.147832,0.170613,-0.380289,-0.577026,7.458691,False,0.102000
v6-2__H25__S0__P6K5__E5,v6-2,25,S0,P6K5,E5,E5,1107,546,539,0,5,0,556,0,0,7,3263,7,0,0,0,0,0,0,0,0,245,0,0,294,0,0,0,0,540,9,20,34,336,0.493225,0.592287,990209.633538,1326402.025807,-0.000681,0.019748,0.031245,-0.031925,-0.011496,-0.053902,-0.019410,0.076990,0.199867,-0.330117,-0.572830,2.566812,False,0.089000
v6-2__H25__S0__P6K5__E6,v6-2,25,S0,P6K5,E6,E6,1107,826,814,0,5,0,276,0,3,9,2080,12,0,0,0,0,0,0,0,0,344,0,0,0,470,0,0,0,540,9,20,34,154,0.746161,0.745704,2295565.563582,3292604.245570,0.059216,0.086000,0.031245,0.027972,0.054755,0.037511,0.073427,0.466685,0.483159,-0.225925,-0.442710,3.164916,False,0.171000
v6-2__H25__S0__P6K5__E7,v6-2,25,S0,P6K5,E7,E7,1107,448,440,0,5,0,654,0,0,8,889,8,0,0,0,0,0,0,0,0,260,0,0,0,0,180,0,0,540,9,20,34,327,0.404697,0.732518,1275036.892150,1688913.632393,0.016964,0.036949,0.031245,-0.014281,0.005705,-0.019496,0.007788,0.184194,0.274236,-0.347009,-0.502010,1.157182,False,0.053000
v6-2__H25__S0__P6K7__E0,v6-2,25,S0,P6K7,E0,E0,1107,553,540,0,5,0,549,0,1,12,40,13,0,0,0,0,0,540,0,0,0,0,0,0,0,0,0,0,540,9,20,23,291,0.499548,0.670672,1327471.203902,1486736.618869,0.019805,0.027836,0.031245,-0.011440,-0.003408,-0.017057,-0.005082,0.199793,0.235173,-0.396373,-0.554796,2.406813,False,0.141000
v6-2__H25__S0__P6K7__E1_A1,v6-2,25,S0,P6K7,E1_A1,E1,1107,714,706,0,5,0,388,0,4,4,62,8,0,0,0,0,0,0,205,314,187,0,0,0,0,0,0,0,540,9,20,23,182,0.644986,0.388629,1244645.721024,1855732.525869,0.015267,0.043733,0.031245,-0.015978,0.012489,-0.041114,0.032135,0.179479,0.304610,-0.331703,-0.611703,1.994547,False,0.083000
v6-2__H25__S0__P6K7__E1_A10,v6-2,25,S0,P6K7,E1_A10,E1,1107,622,615,0,5,0,480,0,1,6,64,7,0,0,0,0,0,0,66,277,272,0,0,0,0,0,0,0,540,9,20,23,258,0.561879,0.442509,946257.842054,1532127.175778,-0.003817,0.029978,0.031245,-0.035062,-0.001266,-0.079234,-0.002861,0.054906,0.245102,-0.370199,-0.609306,1.778257,False,0.123000
v6-2__H25__S0__P6K7__E1_A11,v6-2,25,S0,P6K7,E1_A11,E1,1107,604,595,0,5,0,498,0,2,7,54,9,0,0,0,0,0,0,75,185,335,0,0,0,0,0,0,0,540,9,20,23,244,0.545619,0.461899,984931.477881,1515230.504885,-0.001051,0.029188,0.031245,-0.032295,-0.002057,-0.069918,-0.004453,0.076237,0.241057,-0.365947,-0.601469,2.206630,False,0.079000
v6-2__H25__S0__P6K7__E1_A12,v6-2,25,S0,P6K7,E1_A12,E1,1107,572,562,0,5,0,530,0,1,9,65,10,0,0,0,0,0,0,67,121,374,0,0,0,0,0,0,0,540,9,20,23,257,0.516712,0.559801,982337.572998,1438108.196194,-0.001233,0.025473,0.031245,-0.032477,-0.005772,-0.058016,-0.010311,0.073606,0.225148,-0.416824,-0.531851,2.268864,False,0.133000
v6-2__H25__S0__P6K7__E1_A2,v6-2,25,S0,P6K7,E1_A2,E1,1107,666,649,0,5,0,436,0,12,5,55,17,0,0,0,0,0,0,200,207,242,0,0,0,0,0,0,0,540,9,20,23,205,0.601626,0.415112,1170655.885320,1577177.564506,0.010968,0.032047,0.031245,-0.020277,0.000802,-0.048846,0.001933,0.147971,0.253127,-0.394893,-0.663705,1.864719,False,0.095000
v6-2__H25__S0__P6K7__E1_A3,v6-2,25,S0,P6K7,E1_A3,E1,1107,655,636,0,5,0,447,0,11,8,73,19,0,0,0,0,0,0,207,143,286,0,0,0,0,0,0,0,540,9,20,23,213,0.591689,0.519536,1233583.796299,1492316.477723,0.014639,0.028103,0.031245,-0.016605,-0.003142,-0.031962,-0.006047,0.172940,0.236535,-0.370089,-0.612836,2.341330,False,0.100000
v6-2__H25__S0__P6K7__E1_A4,v6-2,25,S0,P6K7,E1_A4,E1,1107,696,690,0,5,0,406,0,1,5,61,6,0,0,0,0,0,0,151,313,226,0,0,0,0,0,0,0,540,9,20,23,184,0.628726,0.411767,1252103.017949,1950961.057919,0.015687,0.047356,0.031245,-0.015558,0.016111,-0.037783,0.039126,0.180880,0.319650,-0.345248,-0.575263,2.318202,False,0.085000
v6-2__H25__S0__P6K7__E1_A5,v6-2,25,S0,P6K7,E1_A5,E1,1107,662,651,0,5,0,440,0,5,6,53,11,0,0,0,0,0,0,157,207,287,0,0,0,0,0,0,0,540,9,20,23,198,0.598013,0.439666,1279820.019584,1750632.428138,0.017227,0.039529,0.031245,-0.014017,0.008284,-0.031882,0.018842,0.188475,0.284331,-0.359687,-0.613417,2.322974,False,0.091000
v6-2__H25__S0__P6K7__E1_A6,v6-2,25,S0,P6K7,E1_A6,E1,1107,651,640,0,5,0,451,0,2,9,71,11,0,0,0,0,0,0,157,135,348,0,0,0,0,0,0,0,540,9,20,23,195,0.588076,0.559653,1441138.584469,1761204.361580,0.025622,0.039962,0.031245,-0.005623,0.008718,-0.010047,0.015577,0.244454,0.286850,-0.332641,-0.546226,2.703207,False,0.095000
v6-2__H25__S0__P6K7__E1_A7,v6-2,25,S0,P6K7,E1_A7,E1,1107,654,648,0,5,0,448,0,1,5,65,6,0,0,0,0,0,0,95,299,254,0,0,0,0,0,0,0,540,9,20,23,217,0.590786,0.401230,1080562.612865,1706839.932862,0.005379,0.037707,0.031245,-0.025866,0.006463,-0.064467,0.016107,0.112684,0.277738,-0.348760,-0.596828,1.592704,False,0.125000
v6-2__H25__S0__P6K7__E1_A8,v6-2,25,S0,P6K7,E1_A8,E1,1107,643,631,0,5,0,459,0,6,6,57,12,0,0,0,0,0,0,107,208,316,0,0,0,0,0,0,0,540,9,20,23,216,0.580849,0.410074,1204388.791523,1748957.721417,0.012958,0.039460,0.031245,-0.018286,0.008216,-0.044593,0.020034,0.160701,0.283215,-0.379739,-0.615006,1.859635,False,0.090000
v6-2__H25__S0__P6K7__E1_A9,v6-2,25,S0,P6K7,E1_A9,E1,1107,627,616,0,5,0,475,0,2,9,69,11,0,0,0,0,0,0,107,132,377,0,0,0,0,0,0,0,540,9,20,23,206,0.566396,0.539990,1247011.992366,1640538.359949,0.015400,0.034865,0.031245,-0.015844,0.003620,-0.029342,0.006705,0.175957,0.264861,-0.377274,-0.519455,2.328497,False,0.091000
v6-2__H25__S0__P6K7__E2_B1,v6-2,25,S0,P6K7,E2_B1,E2,1107,652,641,0,5,0,450,0,5,6,56,11,40,0,0,0,0,0,132,206,303,0,0,0,0,0,0,0,540,9,20,23,207,0.588979,0.436769,1235020.211848,1723300.032523,0.014721,0.038397,0.031245,-0.016523,0.007153,-0.037831,0.016376,0.171556,0.279302,-0.378533,-0.608494,1.940580,False,0.143000
v6-2__H25__S0__P6K7__E2_B10,v6-2,25,S0,P6K7,E2_B10,E2,1107,692,673,0,5,0,410,0,14,5,54,19,37,0,0,0,0,0,195,211,267,0,0,0,0,0,0,0,540,9,20,23,183,0.625113,0.458978,1478945.501240,1928267.747211,0.027462,0.046508,0.031245,-0.003782,0.015263,-0.008240,0.033254,0.259266,0.313835,-0.339587,-0.604632,2.229786,False,0.186000
v6-2__H25__S0__P6K7__E2_B11,v6-2,25,S0,P6K7,E2_B11,E2,1107,632,621,0,5,0,470,0,5,6,58,11,45,0,0,0,0,0,88,205,328,0,0,0,0,0,0,0,540,9,20,23,230,0.570912,0.407309,955504.451634,1447636.791639,-0.003146,0.025941,0.031245,-0.034391,-0.005303,-0.084434,-0.013020,0.067139,0.227162,-0.432691,-0.595332,1.527532,False,0.124000
v6-2__H25__S0__P6K7__E2_B12,v6-2,25,S0,P6K7,E2_B12,E2,1107,613,604,0,5,0,489,0,2,7,55,9,44,0,0,0,0,0,57,191,356,0,0,0,0,0,0,0,540,9,20,23,247,0.553749,0.459511,911171.833353,1427151.248592,-0.006419,0.024930,0.031245,-0.037664,-0.006315,-0.081965,-0.013743,0.044889,0.222754,-0.405200,-0.587743,1.688077,False,0.114000
v6-2__H25__S0__P6K7__E2_B13,v6-2,25,S0,P6K7,E2_B13,E2,1107,676,670,0,5,0,426,0,1,5,64,6,43,0,0,0,0,0,132,306,232,0,0,0,0,0,0,0,540,9,20,23,209,0.610659,0.394759,1180831.244192,1848384.268093,0.011574,0.043447,0.031245,-0.019671,0.012202,-0.049829,0.030910,0.152008,0.302345,-0.349733,-0.605414,2.061078,False,0.118000
v6-2__H25__S0__P6K7__E2_B14,v6-2,25,S0,P6K7,E2_B14,E2,1107,626,615,0,5,0,476,0,2,9,69,11,46,0,0,0,0,0,139,122,354,0,0,0,0,0,0,0,540,9,20,23,207,0.565492,0.547622,1350993.413171,1709246.516765,0.021046,0.037809,0.031245,-0.010199,0.006564,-0.018624,0.011986,0.212179,0.277573,-0.335881,-0.544246,2.880802,False,0.195000
v6-2__H25__S0__P6K7__E2_B18,v6-2,25,S0,P6K7,E2_B18,E2,1107,669,658,0,5,0,433,0,5,6,53,11,42,0,0,0,0,0,139,212,307,0,0,0,0,0,0,0,540,9,20,23,191,0.604336,0.466497,1422453.331413,1938430.498747,0.024696,0.046888,0.031245,-0.006549,0.015644,-0.014038,0.033535,0.236809,0.314995,-0.327875,-0.577377,2.236517,False,0.120000
v6-2__H25__S0__P6K7__E2_B19,v6-2,25,S0,P6K7,E2_B19,E2,1107,611,602,0,5,0,491,0,2,7,55,9,44,0,0,0,0,0,61,189,352,0,0,0,0,0,0,0,540,9,20,23,236,0.551942,0.482359,1033527.875152,1571169.759758,0.002286,0.031774,0.031245,-0.028959,0.000530,-0.060036,0.001098,0.096665,0.251984,-0.341674,-0.568404,1.935785,False,0.105000
v6-2__H25__S0__P6K7__E2_B2,v6-2,25,S0,P6K7,E2_B2,E2,1107,654,643,0,5,0,448,0,5,6,52,11,43,0,0,0,0,0,137,206,300,0,0,0,0,0,0,0,540,9,20,23,204,0.590786,0.450551,1306207.034933,1762811.004713,0.018666,0.040028,0.031245,-0.012579,0.008783,-0.027919,0.019495,0.196690,0.285962,-0.349204,-0.589903,2.171215,False,0.187000
v6-2__H25__S0__P6K7__E2_B20,v6-2,25,S0,P6K7,E2_B20,E2,1107,680,668,0,5,0,422,0,6,6,55,12,43,0,0,0,0,0,148,216,304,0,0,0,0,0,0,0,540,9,20,23,190,0.614273,0.467423,1427834.506707,1896375.817914,0.024964,0.045300,0.031245,-0.006281,0.014055,-0.013437,0.030070,0.239081,0.308216,-0.336458,-0.579690,2.081353,False,0.192000
v6-2__H25__S0__P6K7__E2_B3,v6-2,25,S0,P6K7,E2_B3,E2,1107,669,658,0,5,0,433,0,5,6,55,11,42,0,0,0,0,0,143,212,303,0,0,0,0,0,0,0,540,9,20,23,191,0.604336,0.463257,1397577.449886,1902630.792134,0.023445,0.045538,0.031245,-0.007800,0.014294,-0.016836,0.030855,0.228843,0.309458,-0.330646,-0.580926,2.272064,False,0.187000
v6-2__H25__S0__P6K7__E2_B4,v6-2,25,S0,P6K7,E2_B4,E2,1107,652,641,0,5,0,450,0,5,6,56,11,40,0,0,0,0,0,132,206,303,0,0,0,0,0,0,0,540,9,20,23,207,0.588979,0.436769,1235020.211848,1723300.032523,0.014721,0.038397,0.031245,-0.016523,0.007153,-0.037831,0.016376,0.171556,0.279302,-0.378533,-0.608494,1.940580,False,0.126000
v6-2__H25__S0__P6K7__E2_B5,v6-2,25,S0,P6K7,E2_B5,E2,1107,652,641,0,5,0,450,0,5,6,56,11,40,0,0,0,0,0,132,206,303,0,0,0,0,0,0,0,540,9,20,23,207,0.588979,0.436769,1235020.211848,1723300.032523,0.014721,0.038397,0.031245,-0.016523,0.007153,-0.037831,0.016376,0.171556,0.279302,-0.378533,-0.608494,1.940580,False,0.114000
v6-2__H25__S0__P6K7__E2_B6,v6-2,25,S0,P6K7,E2_B6,E2,1107,677,665,0,5,0,425,0,6,6,57,12,40,0,0,0,0,0,153,214,298,0,0,0,0,0,0,0,540,9,20,23,196,0.611563,0.453531,1353352.993718,1859001.927731,0.021169,0.043860,0.031245,-0.010075,0.012616,-0.022215,0.027817,0.213235,0.302379,-0.359360,-0.591999,2.281869,False,0.169000
v6-2__H25__S0__P6K7__E2_B7,v6-2,25,S0,P6K7,E2_B7,E2,1107,654,643,0,5,0,448,0,5,6,56,11,40,0,0,0,0,0,127,206,310,0,0,0,0,0,0,0,540,9,20,23,210,0.590786,0.442240,1182017.286049,1669157.529093,0.011644,0.036105,0.031245,-0.019600,0.004860,-0.044321,0.010990,0.152480,0.269741,-0.367476,-0.596096,1.950351,False,0.112000
v6-2__H25__S0__P6K7__E2_B8,v6-2,25,S0,P6K7,E2_B8,E2,1107,659,648,0,5,0,443,0,5,6,55,11,40,0,0,0,0,0,139,187,322,0,0,0,0,0,0,0,540,9,20,23,212,0.595303,0.439111,1275666.611783,1760657.394434,0.016998,0.039940,0.031245,-0.014246,0.008695,-0.032443,0.019802,0.185629,0.285689,-0.393316,-0.616447,2.221715,False,0.127000
v6-2__H25__S0__P6K7__E2_B9,v6-2,25,S0,P6K7,E2_B9,E2,1107,668,653,0,5,0,434,0,11,4,53,15,36,0,0,0,0,0,158,205,290,0,0,0,0,0,0,0,540,9,20,23,210,0.603433,0.429939,1284351.055204,1763047.421474,0.017476,0.040038,0.031245,-0.013768,0.008793,-0.032024,0.020452,0.188829,0.286390,-0.381582,-0.615246,2.093602,False,0.126000
v6-2__H25__S0__P6K7__E3,v6-2,25,S0,P6K7,E3,E3,1107,683,674,0,5,0,419,0,2,7,3401,9,0,0,0,0,0,0,0,0,65,609,0,0,0,0,0,0,540,9,20,23,201,0.616983,0.504728,1178930.345779,1890032.308745,0.011461,0.045057,0.031245,-0.019783,0.013813,-0.039196,0.027367,0.153761,0.315816,-0.264608,-0.556282,1.209726,False,0.085000
v6-2__H25__S0__P6K7__E4,v6-2,25,S0,P6K7,E4,E4,1107,619,944,0,5,0,483,0,1,14,2372,15,0,0,0,10,0,0,0,0,333,271,340,0,0,0,0,0,540,9,20,23,272,0.559169,0.555845,1047907.221760,1114135.648777,0.003245,0.007510,0.031245,-0.028000,-0.023734,-0.050373,-0.042699,0.094383,0.145096,-0.404727,-0.619670,8.580015,False,0.084000
v6-2__H25__S0__P6K7__E5,v6-2,25,S0,P6K7,E5,E5,1107,700,687,0,5,0,402,0,5,8,3380,13,0,0,0,0,0,0,0,0,308,0,0,379,0,0,0,0,540,9,20,23,251,0.632340,0.583559,1138856.198359,1541846.378692,0.009042,0.030429,0.031245,-0.022202,-0.000815,-0.038046,-0.001397,0.135107,0.247596,-0.294540,-0.511353,2.319546,False,0.103000
v6-2__H25__S0__P6K7__E6,v6-2,25,S0,P6K7,E6,E6,1107,900,884,0,5,0,202,0,7,9,2081,16,0,0,0,0,0,0,0,0,383,0,0,0,501,0,0,0,540,9,20,23,118,0.813008,0.611174,2275149.415327,3271606.433936,0.058561,0.085519,0.031245,0.027317,0.054274,0.044696,0.088803,0.500809,0.487009,-0.200874,-0.444271,3.378087,False,0.105000
v6-2__H25__S0__P6K7__E7,v6-2,25,S0,P6K7,E7,E7,1107,538,529,0,5,0,564,0,1,8,907,9,0,0,0,0,0,0,0,0,316,0,0,0,0,213,0,0,540,9,20,23,251,0.485998,0.632644,1235335.499137,1727492.866294,0.014739,0.038572,0.031245,-0.016506,0.007327,-0.026090,0.011582,0.171790,0.281810,-0.328538,-0.488937,0.726052,False,0.085000
v6-3__H10__S0__P6K3__E0,v6-3,10,S0,P6K3,E0,E0,421,276,268,0,4,0,141,0,1,7,10,8,0,0,0,0,0,268,0,0,0,0,0,0,0,0,0,0,246,4,16,17,71,0.655582,0.714260,2550558.841318,2804727.022025,0.066969,0.074009,0.031245,0.035724,0.042764,0.050016,0.059872,0.571409,0.438175,-0.221614,-0.394941,3.212898,False,0.064000
v6-3__H10__S0__P6K3__E1_A1,v6-3,10,S0,P6K3,E1_A1,E1,421,269,264,0,4,0,148,0,1,4,24,5,0,0,0,0,0,0,36,76,152,0,0,0,0,0,0,0,246,4,16,17,89,0.638955,0.382720,1318779.675763,1765225.332402,0.019341,0.040127,0.031245,-0.011903,0.008882,-0.031102,0.023207,0.215176,0.290357,-0.331476,-0.485948,1.107219,False,0.052000
v6-3__H10__S0__P6K3__E1_A10,v6-3,10,S0,P6K3,E1_A10,E1,421,262,255,0,4,0,155,0,1,6,27,7,0,0,0,0,0,0,5,67,183,0,0,0,0,0,0,0,246,4,16,17,92,0.622328,0.475620,1516600.379220,1879521.651266,0.029252,0.044654,0.031245,-0.001992,0.013410,-0.004189,0.028194,0.286677,0.309955,-0.295067,-0.461140,1.446719,False,0.045000
v6-3__H10__S0__P6K3__E1_A11,v6-3,10,S0,P6K3,E1_A11,E1,421,286,279,0,4,0,131,0,1,6,19,7,0,0,0,0,0,0,5,42,232,0,0,0,0,0,0,0,246,4,16,17,87,0.679335,0.578311,1845794.436410,2237679.692351,0.043345,0.057345,0.031245,0.012101,0.026101,0.020924,0.045133,0.413303,0.368364,-0.257863,-0.465372,2.337633,False,0.048000
v6-3__H10__S0__P6K3__E1_A12,v6-3,10,S0,P6K3,E1_A12,E1,421,275,267,0,4,0,142,0,1,7,20,8,0,0,0,0,0,0,5,21,241,0,0,0,0,0,0,0,246,4,16,17,80,0.653207,0.689972,2311347.087499,2541801.753854,0.059719,0.066715,0.031245,0.028474,0.035470,0.041269,0.051408,0.535321,0.410453,-0.223695,-0.404834,2.769846,False,0.046000
v6-3__H10__S0__P6K3__E1_A2,v6-3,10,S0,P6K3,E1_A2,E1,421,284,278,0,4,0,133,0,1,5,20,6,0,0,0,0,0,0,40,51,187,0,0,0,0,0,0,0,246,4,16,17,83,0.674584,0.516263,1781952.419599,2151243.779188,0.040806,0.054465,0.031245,0.009561,0.023221,0.018520,0.044979,0.406959,0.356736,-0.251977,-0.468919,1.440591,False,0.035000
v6-3__H10__S0__P6K3__E1_A3,v6-3,10,S0,P6K3,E1_A3,E1,421,296,289,0,4,0,121,0,1,6,19,7,0,0,0,0,0,0,49,20,220,0,0,0,0,0,0,0,246,4,16,17,65,0.703088,0.609088,2234365.726299,2516974.864421,0.057237,0.065990,0.031245,0.025992,0.034746,0.042674,0.057045,0.543331,0.408795,-0.251408,-0.395173,3.695336,False,0.035000
v6-3__H10__S0__P6K3__E1_A4,v6-3,10,S0,P6K3,E1_A4,E1,421,271,265,0,4,0,146,0,1,5,26,6,0,0,0,0,0,0,25,70,170,0,0,0,0,0,0,0,246,4,16,17,76,0.643705,0.506818,1929846.694034,2421401.471857,0.046567,0.063137,0.031245,0.015322,0.031892,0.030232,0.062927,0.442337,0.392734,-0.267337,-0.442963,2.100136,False,0.034000
v6-3__H10__S0__P6K3__E1_A5,v6-3,10,S0,P6K3,E1_A5,E1,421,292,285,0,4,0,125,0,1,6,21,7,0,0,0,0,0,0,26,43,216,0,0,0,0,0,0,0,246,4,16,17,64,0.693587,0.570527,2250737.600465,2729654.005863,0.057771,0.071993,0.031245,0.026527,0.040749,0.046495,0.071423,0.565108,0.434802,-0.240139,-0.450666,3.022703,False,0.035000
v6-3__H10__S0__P6K3__E1_A6,v6-3,10,S0,P6K3,E1_A6,E1,421,297,289,0,4,0,120,0,1,7,19,8,0,0,0,0,0,0,29,24,236,0,0,0,0,0,0,0,246,4,16,17,54,0.705463,0.631842,2621678.611428,3037447.559548,0.069002,0.079952,0.031245,0.037758,0.048707,0.059758,0.077088,0.649262,0.469621,-0.240759,-0.378509,2.806912,False,0.037000
v6-3__H10__S0__P6K3__E1_A7,v6-3,10,S0,P6K3,E1_A7,E1,421,268,262,0,4,0,149,0,1,5,26,6,0,0,0,0,0,0,11,70,181,0,0,0,0,0,0,0,246,4,16,17,79,0.636580,0.469986,1789950.173338,2290903.312840,0.041129,0.059067,0.031245,0.009884,0.027823,0.021031,0.059199,0.383328,0.372448,-0.273867,-0.461140,1.736574,False,0.044000
v6-3__H10__S0__P6K3__E1_A8,v6-3,10,S0,P6K3,E1_A8,E1,421,292,285,0,4,0,125,0,1,6,21,7,0,0,0,0,0,0,12,43,230,0,0,0,0,0,0,0,246,4,16,17,65,0.693587,0.528101,2010755.275692,2547424.631115,0.049547,0.066878,0.031245,0.018302,0.035633,0.034657,0.067475,0.475045,0.409697,-0.280405,-0.465372,2.493286,False,0.035000
v6-3__H10__S0__P6K3__E1_A9,v6-3,10,S0,P6K3,E1_A9,E1,421,299,291,0,4,0,118,0,1,7,20,8,0,0,0,0,0,0,13,20,258,0,0,0,0,0,0,0,246,4,16,17,64,0.710214,0.603340,2384232.117980,2833687.433905,0.061999,0.074773,0.031245,0.030755,0.043528,0.050974,0.072146,0.564619,0.444372,-0.266826,-0.404834,3.817942,False,0.037000
v6-3__H10__S0__P6K3__E2_B1,v6-3,10,S0,P6K3,E2_B1,E2,421,297,290,0,4,0,120,0,1,6,21,7,7,0,0,0,0,0,19,41,230,0,0,0,0,0,0,0,246,4,16,17,65,0.705463,0.572054,2216249.271531,2710932.221265,0.056641,0.071483,0.031245,0.025396,0.040238,0.044395,0.070340,0.538015,0.431356,-0.240220,-0.427716,2.924547,False,0.030000
v6-3__H10__S0__P6K3__E2_B10,v6-3,10,S0,P6K3,E2_B10,E2,421,300,294,0,4,0,117,0,1,5,19,6,8,0,0,0,0,0,41,45,208,0,0,0,0,0,0,0,246,4,16,17,70,0.712589,0.559271,2051008.817257,2491077.956301,0.050988,0.065227,0.031245,0.019743,0.033983,0.035302,0.060762,0.486582,0.404155,-0.244515,-0.431406,2.436478,False,0.093000
v6-3__H10__S0__P6K3__E2_B11,v6-3,10,S0,P6K3,E2_B11,E2,421,296,289,0,4,0,121,0,1,6,22,7,7,0,0,0,0,0,8,43,238,0,0,0,0,0,0,0,246,4,16,17,64,0.703088,0.529810,2012620.121816,2543390.633352,0.049614,0.066761,0.031245,0.018370,0.035516,0.034672,0.067036,0.468475,0.408554,-0.280384,-0.437228,2.493785,False,0.043000
v6-3__H10__S0__P6K3__E2_B12,v6-3,10,S0,P6K3,E2_B12,E2,421,294,287,0,4,0,123,0,1,6,18,7,8,0,0,0,0,0,4,41,242,0,0,0,0,0,0,0,246,4,16,17,84,0.698337,0.591381,1891130.891697,2280234.906788,0.045100,0.058725,0.031245,0.013855,0.027481,0.023428,0.046468,0.424356,0.374374,-0.254648,-0.437228,2.486686,False,0.043000
v6-3__H10__S0__P6K3__E2_B13,v6-3,10,S0,P6K3,E2_B13,E2,421,269,263,0,4,0,148,0,1,5,26,6,8,0,0,0,0,0,18,69,176,0,0,0,0,0,0,0,246,4,16,17,79,0.638955,0.468131,1783577.428387,2313171.892301,0.040872,0.059777,0.031245,0.009627,0.028532,0.020565,0.060949,0.385879,0.376499,-0.276854,-0.449856,1.933640,False,0.055000
v6-3__H10__S0__P6K3__E2_B14,v6-3,10,S0,P6K3,E2_B14,E2,421,308,300,0,4,0,109,0,1,7,21,8,8,0,0,0,0,0,21,25,254,0,0,0,0,0,0,0,246,4,16,17,61,0.731591,0.628648,2507431.568118,2920176.659949,0.065710,0.077012,0.031245,0.034465,0.045768,0.054824,0.072803,0.605870,0.455510,-0.240921,-0.386621,2.793343,False,0.045000
v6-3__H10__S0__P6K3__E2_B18,v6-3,10,S0,P6K3,E2_B18,E2,421,300,293,0,4,0,117,0,1,6,21,7,8,0,0,0,0,0,22,41,230,0,0,0,0,0,0,0,246,4,16,17,63,0.712589,0.573200,2261539.658199,2762920.113244,0.058122,0.072893,0.031245,0.026877,0.041648,0.046890,0.072659,0.558519,0.437992,-0.240122,-0.421144,3.052420,False,0.043000
v6-3__H10__S0__P6K3__E2_B19,v6-3,10,S0,P6K3,E2_B19,E2,421,291,284,0,4,0,126,0,1,6,20,7,8,0,0,0,0,0,5,42,237,0,0,0,0,0,0,0,246,4,16,17,80,0.691211,0.593360,1947099.761072,2369518.237257,0.047212,0.061544,0.031245,0.015967,0.030299,0.026910,0.051064,0.441368,0.386607,-0.256345,-0.437228,2.453738,False,0.043000
v6-3__H10__S0__P6K3__E2_B2,v6-3,10,S0,P6K3,E2_B2,E2,421,302,295,0,4,0,115,0,1,6,21,7,8,0,0,0,0,0,20,41,234,0,0,0,0,0,0,0,246,4,16,17,64,0.717340,0.573573,2251319.204584,2739536.868654,0.057790,0.072262,0.031245,0.026546,0.041017,0.046281,0.071511,0.554581,0.435123,-0.240167,-0.421144,3.038295,False,0.060000
v6-3__H10__S0__P6K3__E2_B20,v6-3,10,S0,P6K3,E2_B20,E2,421,300,293,0,4,0,117,0,1,6,21,7,8,0,0,0,0,0,24,41,228,0,0,0,0,0,0,0,246,4,16,17,60,0.712589,0.575755,2306405.398470,2812439.485044,0.059562,0.074213,0.031245,0.028317,0.042968,0.049183,0.074630,0.573004,0.443859,-0.242259,-0.421144,3.203808,False,0.060000
v6-3__H10__S0__P6K3__E2_B3,v6-3,10,S0,P6K3,E2_B3,E2,421,300,293,0,4,0,117,0,1,6,21,7,8,0,0,0,0,0,22,41,230,0,0,0,0,0,0,0,246,4,16,17,63,0.712589,0.573200,2261539.658199,2762920.113244,0.058122,0.072893,0.031245,0.026877,0.041648,0.046890,0.072659,0.558519,0.437992,-0.240122,-0.421144,3.052420,False,0.060000
v6-3__H10__S0__P6K3__E2_B4,v6-3,10,S0,P6K3,E2_B4,E2,421,297,290,0,4,0,120,0,1,6,21,7,7,0,0,0,0,0,19,41,230,0,0,0,0,0,0,0,246,4,16,17,65,0.705463,0.572054,2216249.271531,2710932.221265,0.056641,0.071483,0.031245,0.025396,0.040238,0.044395,0.070340,0.538015,0.431356,-0.240220,-0.427716,2.924547,False,0.048000
v6-3__H10__S0__P6K3__E2_B5,v6-3,10,S0,P6K3,E2_B5,E2,421,297,290,0,4,0,120,0,1,6,21,7,7,0,0,0,0,0,19,41,230,0,0,0,0,0,0,0,246,4,16,17,65,0.705463,0.572054,2216249.271531,2710932.221265,0.056641,0.071483,0.031245,0.025396,0.040238,0.044395,0.070340,0.538015,0.431356,-0.240220,-0.427716,2.924547,False,0.060000
v6-3__H10__S0__P6K3__E2_B6,v6-3,10,S0,P6K3,E2_B6,E2,421,296,289,0,4,0,121,0,1,6,21,7,7,0,0,0,0,0,23,41,225,0,0,0,0,0,0,0,246,4,16,17,62,0.703088,0.574681,2275869.904254,2791045.641595,0.058585,0.073645,0.031245,0.027340,0.042401,0.047574,0.073781,0.557086,0.440943,-0.240982,-0.427716,2.964711,False,0.044000
v6-3__H10__S0__P6K3__E2_B7,v6-3,10,S0,P6K3,E2_B7,E2,421,297,290,0,4,0,120,0,1,6,21,7,7,0,0,0,0,0,19,41,230,0,0,0,0,0,0,0,246,4,16,17,65,0.705463,0.572054,2216249.271531,2710932.221265,0.056641,0.071483,0.031245,0.025396,0.040238,0.044395,0.070340,0.538015,0.431356,-0.240220,-0.427716,2.924547,False,0.047000
v6-3__H10__S0__P6K3__E2_B8,v6-3,10,S0,P6K3,E2_B8,E2,421,297,290,0,4,0,120,0,1,6,21,7,7,0,0,0,0,0,19,40,231,0,0,0,0,0,0,0,246,4,16,17,65,0.705463,0.571259,2200056.990862,2689700.545769,0.056105,0.070900,0.031245,0.024860,0.039655,0.043518,0.069417,0.532802,0.428763,-0.240259,-0.427716,2.879931,False,0.059000
v6-3__H10__S0__P6K3__E2_B9,v6-3,10,S0,P6K3,E2_B9,E2,421,296,290,0,4,0,121,0,1,5,19,6,8,0,0,0,0,0,31,41,218,0,0,0,0,0,0,0,246,4,16,17,65,0.703088,0.564118,2168609.783404,2615328.332597,0.055053,0.068823,0.031245,0.023808,0.037578,0.042204,0.066614,0.524040,0.419884,-0.239982,-0.433588,2.872594,False,0.043000
v6-3__H10__S0__P6K3__E3,v6-3,10,S0,P6K3,E3,E3,421,268,261,0,4,0,149,0,1,6,3346,7,0,0,0,0,0,0,0,0,121,140,0,0,0,0,0,0,246,4,16,17,94,0.636580,0.494044,1672762.321551,2405187.250400,0.036259,0.062643,0.031245,0.005015,0.031398,0.010151,0.063553,0.351806,0.393435,-0.240583,-0.450156,0.867758,False,0.041000
v6-3__H10__S0__P6K3__E4,v6-3,10,S0,P6K3,E4,E4,421,285,390,0,4,0,132,0,1,8,2330,9,0,0,0,3,0,0,0,0,249,27,114,0,0,0,0,0,246,4,16,17,92,0.676960,0.594666,2064253.588633,2291686.162144,0.051456,0.059092,0.031245,0.020212,0.027848,0.033989,0.046829,0.492430,0.379257,-0.255219,-0.416784,5.995809,False,0.064000
v6-3__H10__S0__P6K3__E5,v6-3,10,S0,P6K3,E5,E5,421,268,261,0,4,0,149,0,0,7,2485,7,0,0,0,0,0,0,0,0,186,0,0,75,0,0,0,0,246,4,16,17,104,0.636580,0.586725,1871957.194369,2146855.713633,0.044362,0.054316,0.031245,0.013118,0.023072,0.022358,0.039323,0.416569,0.355448,-0.239535,-0.431866,1.689275,False,0.066000
v6-3__H10__S0__P6K3__E6,v6-3,10,S0,P6K3,E6,E6,421,327,319,0,4,0,90,0,1,7,1991,8,0,0,0,0,0,0,0,0,153,0,0,0,166,0,0,0,246,4,16,17,55,0.776722,0.592385,2724623.817514,3451535.592946,0.071856,0.089550,0.031245,0.040612,0.058305,0.068557,0.098424,0.634821,0.508165,-0.170330,-0.421125,3.505719,False,0.058000
v6-3__H10__S0__P6K3__E7,v6-3,10,S0,P6K3,E7,E7,421,277,269,0,4,0,140,0,1,7,1351,8,0,0,0,0,0,0,0,0,257,0,0,0,0,12,0,0,246,4,16,17,70,0.657957,0.708379,2505517.421888,2816851.901919,0.065653,0.074330,0.031245,0.034409,0.043085,0.048574,0.060822,0.571772,0.441943,-0.226920,-0.405527,3.390269,False,0.060000
v6-3__H10__S0__P6K5__E0,v6-3,10,S0,P6K5,E0,E0,421,302,293,0,4,0,115,0,1,8,11,9,0,0,0,0,0,293,0,0,0,0,0,0,0,0,0,0,246,4,16,9,49,0.717340,0.448974,2073762.090468,2620222.698969,0.051791,0.068961,0.031245,0.020546,0.037716,0.045763,0.084006,0.538723,0.426402,-0.179709,-0.423804,3.653061,False,0.034000
v6-3__H10__S0__P6K5__E1_A1,v6-3,10,S0,P6K5,E1_A1,E1,421,279,274,0,4,0,138,0,1,4,24,5,0,0,0,0,0,0,39,72,163,0,0,0,0,0,0,0,246,4,16,9,54,0.662708,0.307563,1468086.391491,2049353.862921,0.026938,0.050929,0.031245,-0.004306,0.019685,-0.014001,0.064002,0.313925,0.344970,-0.234728,-0.503280,1.737552,False,0.034000
v6-3__H10__S0__P6K5__E1_A10,v6-3,10,S0,P6K5,E1_A10,E1,421,290,283,0,4,0,127,0,1,6,28,7,0,0,0,0,0,0,6,72,205,0,0,0,0,0,0,0,246,4,16,9,61,0.688836,0.366322,1376437.976888,1917747.607319,0.022366,0.046111,0.031245,-0.008879,0.014867,-0.024238,0.040584,0.266922,0.322777,-0.236035,-0.471914,1.798291,False,0.046000
v6-3__H10__S0__P6K5__E1_A11,v6-3,10,S0,P6K5,E1_A11,E1,421,307,299,0,4,0,110,0,1,7,22,8,0,0,0,0,0,0,6,46,247,0,0,0,0,0,0,0,246,4,16,9,55,0.729216,0.374868,1511391.156974,2076586.078948,0.029007,0.051890,0.031245,-0.002237,0.020646,-0.005968,0.055074,0.342848,0.350025,-0.255082,-0.467167,2.611205,False,0.036000
v6-3__H10__S0__P6K5__E1_A12,v6-3,10,S0,P6K5,E1_A12,E1,421,313,304,0,4,0,104,0,1,8,21,9,0,0,0,0,0,0,7,22,275,0,0,0,0,0,0,0,246,4,16,9,52,0.743468,0.418951,1709268.158336,2217718.964932,0.037809,0.056689,0.031245,0.006565,0.025445,0.015670,0.060735,0.422196,0.372302,-0.248881,-0.428506,3.271168,False,0.036000
v6-3__H10__S0__P6K5__E1_A2,v6-3,10,S0,P6K5,E1_A2,E1,421,303,297,0,4,0,114,0,1,5,19,6,0,0,0,0,0,0,48,47,202,0,0,0,0,0,0,0,246,4,16,9,51,0.719715,0.344991,1640676.213769,2145983.622216,0.034871,0.054287,0.031245,0.003626,0.023042,0.010512,0.066791,0.408973,0.361790,-0.211723,-0.501484,2.651300,False,0.034000
v6-3__H10__S0__P6K5__E1_A3,v6-3,10,S0,P6K5,E1_A3,E1,421,326,319,0,4,0,91,0,1,6,19,7,0,0,0,0,0,0,58,23,238,0,0,0,0,0,0,0,246,4,16,9,43,0.774347,0.380163,1931226.701604,2411297.662896,0.046619,0.062829,0.031245,0.015374,0.031585,0.040441,0.083082,0.528688,0.401135,-0.203380,-0.447051,3.784129,False,0.045000
v6-3__H10__S0__P6K5__E1_A4,v6-3,10,S0,P6K5,E1_A4,E1,421,299,293,0,4,0,118,0,1,5,27,6,0,0,0,0,0,0,26,82,185,0,0,0,0,0,0,0,246,4,16,9,50,0.710214,0.318147,1581468.654378,2193424.429590,0.032241,0.055884,0.031245,0.000996,0.024639,0.003132,0.077447,0.373190,0.367100,-0.234326,-0.467573,1.476072,False,0.031000
v6-3__H10__S0__P6K5__E1_A5,v6-3,10,S0,P6K5,E1_A5,E1,421,317,310,0,4,0,100,0,1,6,22,7,0,0,0,0,0,0,29,55,226,0,0,0,0,0,0,0,246,4,16,9,50,0.752969,0.354660,1718456.163359,2266185.487961,0.038195,0.058272,0.031245,0.006950,0.027028,0.019597,0.076207,0.450000,0.379748,-0.228382,-0.469047,1.923453,False,0.049000
v6-3__H10__S0__P6K5__E1_A6,v6-3,10,S0,P6K5,E1_A6,E1,421,329,321,0,4,0,88,0,1,7,20,8,0,0,0,0,0,0,35,25,261,0,0,0,0,0,0,0,246,4,16,9,42,0.781473,0.391513,2006244.717294,2524075.106499,0.049384,0.066198,0.031245,0.018139,0.034953,0.046331,0.089278,0.553819,0.415696,-0.219032,-0.409600,3.424762,False,0.034000
v6-3__H10__S0__P6K5__E1_A7,v6-3,10,S0,P6K5,E1_A7,E1,421,294,288,0,4,0,123,0,1,5,28,6,0,0,0,0,0,0,12,83,193,0,0,0,0,0,0,0,246,4,16,9,51,0.698337,0.320149,1453741.703869,2051595.971814,0.026240,0.051009,0.031245,-0.005004,0.019764,-0.015631,0.061735,0.306403,0.344194,-0.246335,-0.465332,1.078959,False,0.046000
v6-3__H10__S0__P6K5__E1_A8,v6-3,10,S0,P6K5,E1_A8,E1,421,312,305,0,4,0,105,0,1,6,22,7,0,0,0,0,0,0,13,56,236,0,0,0,0,0,0,0,246,4,16,9,50,0.741093,0.357190,1575837.408316,2108507.476303,0.031986,0.053002,0.031245,0.000742,0.021757,0.002076,0.060912,0.376475,0.354846,-0.244170,-0.465832,1.632591,False,0.035000
v6-3__H10__S0__P6K5__E1_A9,v6-3,10,S0,P6K5,E1_A9,E1,421,320,312,0,4,0,97,0,1,7,20,8,0,0,0,0,0,0,14,25,273,0,0,0,0,0,0,0,246,4,16,9,44,0.760095,0.393796,1811947.956707,2321689.975807,0.042009,0.060046,0.031245,0.010765,0.028802,0.027336,0.073139,0.465968,0.386888,-0.232809,-0.428247,2.946133,False,0.050000
v6-3__H10__S0__P6K5__E2_B1,v6-3,10,S0,P6K5,E2_B1,E2,421,316,309,0,4,0,101,0,1,6,23,7,7,0,0,0,0,0,22,53,234,0,0,0,0,0,0,0,246,4,16,9,50,0.750594,0.357141,1721535.095206,2278171.458240,0.038323,0.058659,0.031245,0.007079,0.027414,0.019821,0.076760,0.442314,0.380960,-0.228593,-0.449344,2.055477,False,0.044000
v6-3__H10__S0__P6K5__E2_B10,v6-3,10,S0,P6K5,E2_B10,E2,421,313,307,0,4,0,104,0,1,5,19,6,8,0,0,0,0,0,44,47,216,0,0,0,0,0,0,0,246,4,16,9,47,0.743468,0.350103,1815861.116102,2346626.799305,0.042165,0.060831,0.031245,0.010920,0.029586,0.031192,0.084507,0.482483,0.391282,-0.196380,-0.460739,2.580821,False,0.031000
v6-3__H10__S0__P6K5__E2_B11,v6-3,10,S0,P6K5,E2_B11,E2,421,310,303,0,4,0,107,0,1,6,22,7,7,0,0,0,0,0,9,52,242,0,0,0,0,0,0,0,246,4,16,9,48,0.736342,0.358721,1595275.665086,2119503.255795,0.032862,0.053381,0.031245,0.001618,0.022136,0.004510,0.061709,0.381591,0.356254,-0.242105,-0.444643,1.859750,False,0.042000
v6-3__H10__S0__P6K5__E2_B12,v6-3,10,S0,P6K5,E2_B12,E2,421,314,306,0,4,0,103,0,1,7,22,8,8,0,0,0,0,0,5,46,255,0,0,0,0,0,0,0,246,4,16,9,52,0.745843,0.376746,1542742.534927,2102961.407344,0.030471,0.052810,0.031245,-0.000774,0.021565,-0.002054,0.057240,0.355592,0.354071,-0.253656,-0.445862,2.494327,False,0.062000
v6-3__H10__S0__P6K5__E2_B13,v6-3,10,S0,P6K5,E2_B13,E2,421,293,287,0,4,0,124,0,1,5,27,6,7,0,0,0,0,0,20,81,186,0,0,0,0,0,0,0,246,4,16,9,52,0.695962,0.318373,1493764.788714,2102606.667692,0.028172,0.052797,0.031245,-0.003073,0.021553,-0.009651,0.067697,0.326610,0.352635,-0.241611,-0.471205,1.397074,False,0.042000
v6-3__H10__S0__P6K5__E2_B14,v6-3,10,S0,P6K5,E2_B14,E2,421,322,314,0,4,0,95,0,1,7,20,8,9,0,0,0,0,0,26,24,264,0,0,0,0,0,0,0,246,4,16,9,46,0.764846,0.392124,1896740.948016,2418704.807679,0.045314,0.063055,0.031245,0.014069,0.031810,0.035880,0.081123,0.503913,0.400994,-0.225554,-0.418006,3.310763,False,0.062000
v6-3__H10__S0__P6K5__E2_B18,v6-3,10,S0,P6K5,E2_B18,E2,421,316,309,0,4,0,101,0,1,6,22,7,8,0,0,0,0,0,23,51,235,0,0,0,0,0,0,0,246,4,16,9,48,0.750594,0.356730,1757576.002678,2316178.942634,0.039814,0.059872,0.031245,0.008569,0.028628,0.024022,0.080250,0.461266,0.386693,-0.226091,-0.446959,2.317668,False,0.043000
v6-3__H10__S0__P6K5__E2_B19,v6-3,10,S0,P6K5,E2_B19,E2,421,317,309,0,4,0,100,0,1,7,22,8,8,0,0,0,0,0,6,46,257,0,0,0,0,0,0,0,246,4,16,9,50,0.752969,0.376909,1573511.497282,2143316.834288,0.031881,0.054196,0.031245,0.000636,0.022951,0.001688,0.060894,0.370198,0.360424,-0.251802,-0.445862,2.593173,False,0.044000
v6-3__H10__S0__P6K5__E2_B2,v6-3,10,S0,P6K5,E2_B2,E2,421,319,312,0,4,0,98,0,1,6,22,7,8,0,0,0,0,0,23,51,238,0,0,0,0,0,0,0,246,4,16,9,48,0.757720,0.357117,1743443.168910,2292719.852823,0.039233,0.059125,0.031245,0.007988,0.027881,0.022369,0.078072,0.454581,0.383237,-0.226923,-0.446959,2.358852,False,0.043000
v6-3__H10__S0__P6K5__E2_B20,v6-3,10,S0,P6K5,E2_B20,E2,421,317,310,0,4,0,100,0,1,6,22,7,8,0,0,0,0,0,27,51,232,0,0,0,0,0,0,0,246,4,16,9,48,0.752969,0.357304,1796066.291624,2355771.193232,0.041374,0.061116,0.031245,0.010130,0.029872,0.028351,0.083604,0.478367,0.392406,-0.223396,-0.447368,2.313953,False,0.042000
v6-3__H10__S0__P6K5__E2_B3,v6-3,10,S0,P6K5,E2_B3,E2,421,316,309,0,4,0,101,0,1,6,22,7,8,0,0,0,0,0,25,51,233,0,0,0,0,0,0,0,246,4,16,9,48,0.750594,0.356730,1756545.211824,2315147.208510,0.039772,0.059839,0.031245,0.008527,0.028595,0.023903,0.080158,0.460841,0.386544,-0.226091,-0.446959,2.314518,False,0.052000
v6-3__H10__S0__P6K5__E2_B4,v6-3,10,S0,P6K5,E2_B4,E2,421,316,309,0,4,0,101,0,1,6,23,7,7,0,0,0,0,0,22,53,234,0,0,0,0,0,0,0,246,4,16,9,50,0.750594,0.357141,1721535.095206,2278171.458240,0.038323,0.058659,0.031245,0.007079,0.027414,0.019821,0.076760,0.442314,0.380960,-0.228593,-0.449344,2.055477,False,0.043000
v6-3__H10__S0__P6K5__E2_B5,v6-3,10,S0,P6K5,E2_B5,E2,421,316,309,0,4,0,101,0,1,6,23,7,7,0,0,0,0,0,22,53,234,0,0,0,0,0,0,0,246,4,16,9,50,0.750594,0.357141,1721535.095206,2278171.458240,0.038323,0.058659,0.031245,0.007079,0.027414,0.019821,0.076760,0.442314,0.380960,-0.228593,-0.449344,2.055477,False,0.044000
v6-3__H10__S0__P6K5__E2_B6,v6-3,10,S0,P6K5,E2_B6,E2,421,316,309,0,4,0,101,0,1,6,23,7,7,0,0,0,0,0,26,53,230,0,0,0,0,0,0,0,246,4,16,9,49,0.750594,0.357340,1773255.318545,2340325.204216,0.040453,0.060633,0.031245,0.009209,0.029389,0.025771,0.082243,0.465787,0.390054,-0.224816,-0.449779,2.044732,False,0.043000
v6-3__H10__S0__P6K5__E2_B7,v6-3,10,S0,P6K5,E2_B7,E2,421,316,309,0,4,0,101,0,1,6,23,7,7,0,0,0,0,0,20,53,236,0,0,0,0,0,0,0,246,4,16,9,50,0.750594,0.357141,1722565.886060,2279203.192364,0.038366,0.058692,0.031245,0.007122,0.027447,0.019941,0.076853,0.442744,0.381112,-0.228593,-0.449344,2.060172,False,0.060000
v6-3__H10__S0__P6K5__E2_B8,v6-3,10,S0,P6K5,E2_B8,E2,421,315,308,0,4,0,102,0,1,6,23,7,7,0,0,0,0,0,22,52,234,0,0,0,0,0,0,0,246,4,16,9,50,0.748219,0.357054,1709033.915904,2264225.085402,0.037800,0.058209,0.031245,0.006555,0.026964,0.018359,0.075519,0.436507,0.378878,-0.229695,-0.449344,2.060373,False,0.059000
v6-3__H10__S0__P6K5__E2_B9,v6-3,10,S0,P6K5,E2_B9,E2,421,316,310,0,4,0,101,0,1,5,21,6,7,0,0,0,0,0,35,53,222,0,0,0,0,0,0,0,246,4,16,9,47,0.750594,0.351257,1806275.448440,2326386.205916,0.041783,0.060195,0.031245,0.010539,0.028950,0.030003,0.082419,0.474378,0.387906,-0.198946,-0.459302,2.041763,False,0.038000
v6-3__H10__S0__P6K5__E3,v6-3,10,S0,P6K5,E3,E3,421,275,268,0,4,0,142,0,1,6,3346,7,0,0,0,0,0,0,0,0,126,142,0,0,0,0,0,0,246,4,16,9,55,0.653207,0.359410,1459442.232955,2192238.684077,0.026519,0.055844,0.031245,-0.004726,0.024600,-0.013149,0.068445,0.317520,0.370672,-0.186193,-0.461378,1.457637,False,0.063000
v6-3__H10__S0__P6K5__E4,v6-3,10,S0,P6K5,E4,E4,421,313,433,0,4,0,104,0,1,8,2330,9,0,0,0,2,0,0,0,0,272,32,129,0,0,0,0,0,246,4,16,9,49,0.743468,0.375915,1781878.153421,2315259.259285,0.040803,0.059843,0.031245,0.009558,0.028598,0.025427,0.076077,0.467988,0.388511,-0.180209,-0.444137,6.833961,False,0.065000
v6-3__H10__S0__P6K5__E5,v6-3,10,S0,P6K5,E5,E5,421,297,289,0,4,0,120,0,1,7,2486,8,0,0,0,0,0,0,0,0,205,0,0,84,0,0,0,0,246,4,16,9,60,0.705463,0.397069,1548618.606291,2081362.407969,0.030742,0.052057,0.031245,-0.000502,0.020813,-0.001265,0.052416,0.356570,0.352032,-0.188730,-0.463800,2.303471,False,0.042000
v6-3__H10__S0__P6K5__E6,v6-3,10,S0,P6K5,E6,E6,421,345,337,0,4,0,72,0,1,7,1991,8,0,0,0,0,0,0,0,0,160,0,0,0,177,0,0,0,246,4,16,9,40,0.819477,0.392439,1960376.330888,2592885.682140,0.047705,0.068185,0.031245,0.016460,0.036941,0.041943,0.094131,0.523254,0.425718,-0.161595,-0.430055,3.469600,False,0.049000
v6-3__H10__S0__P6K5__E7,v6-3,10,S0,P6K5,E7,E7,421,303,294,0,4,0,114,0,1,8,1454,9,0,0,0,0,0,0,0,0,281,0,0,0,0,13,0,0,246,4,16,9,50,0.719715,0.445912,2061377.849267,2654241.496825,0.051355,0.069916,0.031245,0.020110,0.038672,0.045100,0.086725,0.542380,0.431855,-0.182179,-0.428989,3.390956,False,0.065000
v6-3__H10__S0__P6K7__E0,v6-3,10,S0,P6K7,E0,E0,421,316,307,0,4,0,101,0,1,8,11,9,0,0,0,0,0,307,0,0,0,0,0,0,0,0,0,0,246,4,16,6,36,0.750594,0.326985,1760004.781590,2335384.126049,0.039913,0.060478,0.031245,0.008669,0.029234,0.026511,0.089404,0.473296,0.391056,-0.164293,-0.458272,3.186316,False,0.049000
v6-3__H10__S0__P6K7__E1_A1,v6-3,10,S0,P6K7,E1_A1,E1,421,318,313,0,4,0,99,0,1,4,27,5,0,0,0,0,0,0,45,87,181,0,0,0,0,0,0,0,246,4,16,6,42,0.755344,0.226346,1327329.534861,1870718.098679,0.019797,0.044315,0.031245,-0.011447,0.013070,-0.050574,0.057744,0.276106,0.316544,-0.198859,-0.521732,1.556562,False,0.046000
v6-3__H10__S0__P6K7__E1_A10,v6-3,10,S0,P6K7,E1_A10,E1,421,306,299,0,4,0,111,0,1,6,29,7,0,0,0,0,0,0,6,81,212,0,0,0,0,0,0,0,246,4,16,6,45,0.726841,0.268971,1251268.645264,1821650.942978,0.015640,0.042395,0.031245,-0.015605,0.011150,-0.058017,0.041455,0.223256,0.307807,-0.221161,-0.511929,1.556150,False,0.033000
v6-3__H10__S0__P6K7__E1_A11,v6-3,10,S0,P6K7,E1_A11,E1,421,319,311,0,4,0,98,0,1,7,24,8,0,0,0,0,0,0,6,53,252,0,0,0,0,0,0,0,246,4,16,6,42,0.757720,0.293899,1343326.503394,1855823.430590,0.020644,0.043737,0.031245,-0.010601,0.012492,-0.036070,0.042505,0.284251,0.314394,-0.219440,-0.505797,2.043356,False,0.036000
v6-3__H10__S0__P6K7__E1_A12,v6-3,10,S0,P6K7,E1_A12,E1,421,328,319,0,4,0,89,0,1,8,21,9,0,0,0,0,0,0,7,25,287,0,0,0,0,0,0,0,246,4,16,6,39,0.779097,0.321595,1549742.491042,2050111.944126,0.030794,0.050956,0.031245,-0.000451,0.019712,-0.001401,0.061293,0.389704,0.348247,-0.211144,-0.461916,2.906264,False,0.036000
v6-3__H10__S0__P6K7__E1_A2,v6-3,10,S0,P6K7,E1_A2,E1,421,326,320,0,4,0,91,0,1,5,24,6,0,0,0,0,0,0,49,58,213,0,0,0,0,0,0,0,246,4,16,6,39,0.774347,0.251993,1414603.723907,1907327.249009,0.024303,0.045717,0.031245,-0.006941,0.014472,-0.027545,0.057431,0.331986,0.323538,-0.182031,-0.525771,1.766436,False,0.049000
v6-3__H10__S0__P6K7__E1_A3,v6-3,10,S0,P6K7,E1_A3,E1,421,335,328,0,4,0,82,0,1,6,21,7,0,0,0,0,0,0,56,27,245,0,0,0,0,0,0,0,246,4,16,6,33,0.795724,0.276905,1644873.716120,2124548.488345,0.035054,0.053554,0.031245,0.003809,0.022310,0.013757,0.080568,0.457042,0.360437,-0.177531,-0.489481,2.922460,False,0.063000
v6-3__H10__S0__P6K7__E1_A4,v6-3,10,S0,P6K7,E1_A4,E1,421,323,317,0,4,0,94,0,1,5,29,6,0,0,0,0,0,0,30,88,199,0,0,0,0,0,0,0,246,4,16,6,40,0.767221,0.233142,1400344.241407,1987883.148840,0.023585,0.048716,0.031245,-0.007659,0.017471,-0.032853,0.074938,0.323722,0.337002,-0.206512,-0.494453,1.948440,False,0.034000
v6-3__H10__S0__P6K7__E1_A5,v6-3,10,S0,P6K7,E1_A5,E1,421,328,321,0,4,0,89,0,1,6,24,7,0,0,0,0,0,0,30,57,234,0,0,0,0,0,0,0,246,4,16,6,37,0.779097,0.258899,1491907.457873,2032748.298913,0.028083,0.050337,0.031245,-0.003161,0.019093,-0.012210,0.073747,0.380240,0.345032,-0.207332,-0.498855,2.031195,False,0.036000
v6-3__H10__S0__P6K7__E1_A6,v6-3,10,S0,P6K7,E1_A6,E1,421,338,330,0,4,0,79,0,1,7,23,8,0,0,0,0,0,0,33,28,269,0,0,0,0,0,0,0,246,4,16,6,35,0.802850,0.284358,1708177.287602,2231550.088998,0.037764,0.057144,0.031245,0.006519,0.025900,0.022926,0.091082,0.485435,0.376517,-0.202853,-0.457548,2.773925,False,0.037000
v6-3__H10__S0__P6K7__E1_A7,v6-3,10,S0,P6K7,E1_A7,E1,421,309,303,0,4,0,108,0,1,5,29,6,0,0,0,0,0,0,13,87,203,0,0,0,0,0,0,0,246,4,16,6,40,0.733967,0.234964,1308253.355774,1897309.191350,0.018776,0.045336,0.031245,-0.012469,0.014091,-0.053066,0.059971,0.261311,0.320783,-0.216138,-0.501360,1.386743,False,0.023000
v6-3__H10__S0__P6K7__E1_A8,v6-3,10,S0,P6K7,E1_A8,E1,421,318,311,0,4,0,99,0,1,6,23,7,0,0,0,0,0,0,13,56,242,0,0,0,0,0,0,0,246,4,16,6,39,0.755344,0.260761,1399418.973485,1939007.974174,0.023538,0.046910,0.031245,-0.007706,0.015665,-0.029553,0.060076,0.319444,0.328580,-0.214702,-0.499984,1.785421,False,0.052000
v6-3__H10__S0__P6K7__E1_A9,v6-3,10,S0,P6K7,E1_A9,E1,421,335,327,0,4,0,82,0,1,7,20,8,0,0,0,0,0,0,14,25,288,0,0,0,0,0,0,0,246,4,16,6,35,0.795724,0.286170,1583501.637794,2120819.838374,0.032333,0.053426,0.031245,0.001088,0.022182,0.003803,0.077512,0.409418,0.358617,-0.211632,-0.456240,3.004746,False,0.051000
v6-3__H10__S0__P6K7__E2_B1,v6-3,10,S0,P6K7,E2_B1,E2,421,325,318,0,4,0,92,0,1,6,23,7,7,0,0,0,0,0,23,54,241,0,0,0,0,0,0,0,246,4,16,6,37,0.771971,0.260673,1493742.623279,2044052.300403,0.028171,0.050741,0.031245,-0.003074,0.019496,-0.011792,0.074792,0.374193,0.346551,-0.207508,-0.487086,2.202546,False,0.039000
v6-3__H10__S0__P6K7__E2_B10,v6-3,10,S0,P6K7,E2_B10,E2,421,321,315,0,4,0,96,0,1,5,21,6,7,0,0,0,0,0,45,54,216,0,0,0,0,0,0,0,246,4,16,6,35,0.762470,0.255387,1571957.666563,2093730.024245,0.031810,0.052489,0.031245,0.000566,0.021245,0.002214,0.083186,0.417524,0.354960,-0.171519,-0.493126,2.187517,False,0.060000
v6-3__H10__S0__P6K7__E2_B11,v6-3,10,S0,P6K7,E2_B11,E2,421,324,317,0,4,0,93,0,1,6,23,7,7,0,0,0,0,0,9,55,253,0,0,0,0,0,0,0,246,4,16,6,38,0.769596,0.261874,1413741.099686,1951718.875050,0.024260,0.047384,0.031245,-0.006985,0.016139,-0.026671,0.061629,0.325098,0.330563,-0.214011,-0.492617,1.776391,False,0.045000
v6-3__H10__S0__P6K7__E2_B12,v6-3,10,S0,P6K7,E2_B12,E2,421,323,315,0,4,0,94,0,1,7,24,8,7,0,0,0,0,0,5,51,259,0,0,0,0,0,0,0,246,4,16,6,41,0.767221,0.295089,1382423.125288,1897453.398860,0.022673,0.045341,0.031245,-0.008572,0.014097,-0.029048,0.047770,0.305889,0.321839,-0.215649,-0.491804,2.099479,False,0.043000
v6-3__H10__S0__P6K7__E2_B13,v6-3,10,S0,P6K7,E2_B13,E2,421,315,309,0,4,0,102,0,1,5,28,6,7,0,0,0,0,0,23,85,201,0,0,0,0,0,0,0,246,4,16,6,40,0.748219,0.233734,1361003.079159,1956995.862454,0.021568,0.047580,0.031245,-0.009677,0.016335,-0.041401,0.069887,0.294842,0.331482,-0.209926,-0.503261,1.871117,False,0.061000
v6-3__H10__S0__P6K7__E2_B14,v6-3,10,S0,P6K7,E2_B14,E2,421,338,330,0,4,0,79,0,1,7,21,8,9,0,0,0,0,0,25,25,280,0,0,0,0,0,0,0,246,4,16,6,35,0.802850,0.284955,1634839.489968,2166269.280960,0.034616,0.054974,0.031245,0.003371,0.023729,0.011830,0.083273,0.438893,0.366062,-0.207297,-0.456224,3.095758,False,0.053000
v6-3__H10__S0__P6K7__E2_B18,v6-3,10,S0,P6K7,E2_B18,E2,421,327,320,0,4,0,90,0,1,6,23,7,7,0,0,0,0,0,24,54,242,0,0,0,0,0,0,0,246,4,16,6,37,0.776722,0.260368,1521203.746037,2070642.394502,0.029468,0.051681,0.031245,-0.001776,0.020437,-0.006822,0.078492,0.391628,0.351009,-0.205892,-0.485438,2.255652,False,0.033000
v6-3__H10__S0__P6K7__E2_B19,v6-3,10,S0,P6K7,E2_B19,E2,421,321,313,0,4,0,96,0,1,7,24,8,7,0,0,0,0,0,6,51,256,0,0,0,0,0,0,0,246,4,16,6,41,0.762470,0.295190,1409016.970819,1932775.251280,0.024023,0.046677,0.031245,-0.007222,0.015432,-0.024465,0.052279,0.321695,0.328128,-0.213449,-0.490374,2.147827,False,0.063000
v6-3__H10__S0__P6K7__E2_B2,v6-3,10,S0,P6K7,E2_B2,E2,421,325,318,0,4,0,92,0,1,6,23,7,7,0,0,0,0,0,23,54,241,0,0,0,0,0,0,0,246,4,16,6,37,0.771971,0.260667,1513009.350504,2056505.062283,0.029083,0.051183,0.031245,-0.002161,0.019938,-0.008291,0.076489,0.386547,0.348660,-0.206374,-0.484675,2.203929,False,0.040000
v6-3__H10__S0__P6K7__E2_B20,v6-3,10,S0,P6K7,E2_B20,E2,421,324,317,0,4,0,93,0,1,6,23,7,7,0,0,0,0,0,28,54,235,0,0,0,0,0,0,0,246,4,16,6,37,0.769596,0.260777,1548023.077185,2099239.671510,0.030715,0.052681,0.031245,-0.000530,0.021436,-0.002032,0.082200,0.407390,0.355688,-0.203936,-0.484145,2.187875,False,0.040000
v6-3__H10__S0__P6K7__E2_B3,v6-3,10,S0,P6K7,E2_B3,E2,421,327,320,0,4,0,90,0,1,6,23,7,7,0,0,0,0,0,26,54,240,0,0,0,0,0,0,0,246,4,16,6,37,0.776722,0.260368,1520172.955182,2069610.660378,0.029420,0.051645,0.031245,-0.001825,0.020401,-0.007008,0.078353,0.391071,0.350839,-0.205892,-0.485438,2.251829,False,0.043000
v6-3__H10__S0__P6K7__E2_B4,v6-3,10,S0,P6K7,E2_B4,E2,421,325,318,0,4,0,92,0,1,6,23,7,7,0,0,0,0,0,23,54,241,0,0,0,0,0,0,0,246,4,16,6,37,0.771971,0.260673,1493742.623279,2044052.300403,0.028171,0.050741,0.031245,-0.003074,0.019496,-0.011792,0.074792,0.374193,0.346551,-0.207508,-0.487086,2.202546,False,0.061000
v6-3__H10__S0__P6K7__E2_B5,v6-3,10,S0,P6K7,E2_B5,E2,421,325,318,0,4,0,92,0,1,6,23,7,7,0,0,0,0,0,23,54,241,0,0,0,0,0,0,0,246,4,16,6,37,0.771971,0.260673,1493742.623279,2044052.300403,0.028171,0.050741,0.031245,-0.003074,0.019496,-0.011792,0.074792,0.374193,0.346551,-0.207508,-0.487086,2.202546,False,0.043000
v6-3__H10__S0__P6K7__E2_B6,v6-3,10,S0,P6K7,E2_B6,E2,421,324,317,0,4,0,93,0,1,6,23,7,7,0,0,0,0,0,26,54,237,0,0,0,0,0,0,0,246,4,16,6,37,0.769596,0.260785,1531064.062302,2088967.208203,0.029929,0.052323,0.031245,-0.001316,0.021079,-0.005045,0.080828,0.396291,0.353975,-0.204975,-0.484976,2.172143,False,0.043000
v6-3__H10__S0__P6K7__E2_B7,v6-3,10,S0,P6K7,E2_B7,E2,421,325,318,0,4,0,92,0,1,6,23,7,7,0,0,0,0,0,21,54,243,0,0,0,0,0,0,0,246,4,16,6,37,0.771971,0.260673,1494738.488709,2045049.077143,0.028218,0.050776,0.031245,-0.003026,0.019532,-0.011610,0.074928,0.374738,0.346716,-0.207508,-0.487086,2.206601,False,0.043000
v6-3__H10__S0__P6K7__E2_B8,v6-3,10,S0,P6K7,E2_B8,E2,421,325,318,0,4,0,92,0,1,6,23,7,7,0,0,0,0,0,23,53,242,0,0,0,0,0,0,0,246,4,16,6,37,0.771971,0.260613,1484383.637074,2033784.404597,0.027723,0.050375,0.031245,-0.003521,0.019130,-0.013511,0.073404,0.368550,0.344827,-0.208104,-0.489743,2.188281,False,0.061000
v6-3__H10__S0__P6K7__E2_B9,v6-3,10,S0,P6K7,E2_B9,E2,421,323,317,0,4,0,94,0,1,5,21,6,7,0,0,0,0,0,35,55,227,0,0,0,0,0,0,0,246,4,16,6,36,0.767221,0.256320,1566127.044210,2080113.609330,0.031545,0.052014,0.031245,0.000300,0.020769,0.001171,0.081028,0.411551,0.352503,-0.172511,-0.492502,2.097647,False,0.053000
v6-3__H10__S0__P6K7__E3,v6-3,10,S0,P6K7,E3,E3,421,298,291,0,4,0,119,0,1,6,3345,7,0,0,0,0,0,0,0,0,142,149,0,0,0,0,0,0,246,4,16,6,43,0.707838,0.262496,1326704.694250,2020598.829581,0.019764,0.049902,0.031245,-0.011480,0.018657,-0.043735,0.071076,0.277910,0.345054,-0.166030,-0.498604,1.600473,False,0.052000
v6-3__H10__S0__P6K7__E4,v6-3,10,S0,P6K7,E4,E4,421,331,453,0,4,0,86,0,1,8,2330,9,0,0,0,5,0,0,0,0,287,35,131,0,0,0,0,0,246,4,16,6,38,0.786223,0.274541,1488087.200644,2045416.278680,0.027901,0.050789,0.031245,-0.003344,0.019545,-0.012179,0.071191,0.371372,0.348221,-0.156261,-0.483968,6.357510,False,0.065000
v6-3__H10__S0__P6K7__E5,v6-3,10,S0,P6K7,E5,E5,421,314,306,0,4,0,103,0,1,7,2486,8,0,0,0,0,0,0,0,0,212,0,0,94,0,0,0,0,246,4,16,6,42,0.745843,0.290960,1412672.726327,1991930.072116,0.024206,0.048864,0.031245,-0.007038,0.017619,-0.024189,0.060555,0.323262,0.339289,-0.173654,-0.494856,2.014430,False,0.041000
v6-3__H10__S0__P6K7__E6,v6-3,10,S0,P6K7,E6,E6,421,361,353,0,4,0,56,0,1,7,1991,8,0,0,0,0,0,0,0,0,166,0,0,0,187,0,0,0,246,4,16,6,27,0.857482,0.289639,1748613.264365,2327905.346039,0.039446,0.060243,0.031245,0.008201,0.028998,0.028316,0.100118,0.507803,0.393445,-0.159627,-0.458941,3.088527,False,0.043000
v6-3__H10__S0__P6K7__E7,v6-3,10,S0,P6K7,E7,E7,421,316,307,0,4,0,101,0,1,8,1454,9,0,0,0,0,0,0,0,0,294,0,0,0,0,13,0,0,246,4,16,6,36,0.750594,0.324651,1742906.380920,2347443.114634,0.039211,0.060856,0.031245,0.007966,0.029612,0.024537,0.091211,0.471213,0.393458,-0.164376,-0.465146,2.991937,False,0.044000
v6-3__H20__S0__P6K3__E0,v6-3,20,S0,P6K3,E0,E0,421,187,175,0,4,0,230,0,3,9,13,12,0,0,0,0,0,175,0,0,0,0,0,0,0,0,0,0,246,4,16,17,131,0.444181,0.944823,2260443.747195,2669927.342089,0.058086,0.070353,0.031245,0.026842,0.039108,0.028409,0.041392,0.404367,0.411168,-0.303962,-0.444633,1.884113,False,0.057000
v6-3__H20__S0__P6K3__E1_A1,v6-3,20,S0,P6K3,E1_A1,E1,421,224,218,0,4,0,193,0,2,4,30,6,0,0,0,0,0,0,55,98,65,0,0,0,0,0,0,0,246,4,16,17,136,0.532067,0.403348,1050012.350861,1523544.707686,0.003384,0.029578,0.031245,-0.027860,-0.001667,-0.069072,-0.004132,0.099611,0.242834,-0.375942,-0.574874,0.440716,False,0.028000
v6-3__H20__S0__P6K3__E1_A10,v6-3,20,S0,P6K3,E1_A10,E1,421,188,182,0,4,0,229,0,1,5,32,6,0,0,0,0,0,0,18,80,84,0,0,0,0,0,0,0,246,4,16,17,157,0.446556,0.397377,946517.529451,1532331.390972,-0.003798,0.029988,0.031245,-0.035043,-0.001257,-0.088185,-0.003162,0.072472,0.244315,-0.482943,-0.604400,0.565537,False,0.045000
v6-3__H20__S0__P6K3__E1_A11,v6-3,20,S0,P6K3,E1_A11,E1,421,205,198,0,4,0,212,0,1,6,20,7,0,0,0,0,0,0,20,60,118,0,0,0,0,0,0,0,246,4,16,17,143,0.486936,0.485060,1184924.966535,1719715.759931,0.011816,0.038247,0.031245,-0.019428,0.007003,-0.040053,0.014437,0.155068,0.279019,-0.442572,-0.588854,1.421070,False,0.050000
v6-3__H20__S0__P6K3__E1_A12,v6-3,20,S0,P6K3,E1_A12,E1,421,202,192,0,4,0,215,0,3,7,26,10,0,0,0,0,0,0,21,34,137,0,0,0,0,0,0,0,246,4,16,17,111,0.479810,0.737227,2133095.986699,2591092.240571,0.053847,0.068134,0.031245,0.022603,0.036889,0.030659,0.050038,0.394697,0.402695,-0.355974,-0.460277,1.932759,False,0.082000
v6-3__H20__S0__P6K3__E1_A2,v6-3,20,S0,P6K3,E1_A2,E1,421,240,234,0,4,0,177,0,1,5,23,6,0,0,0,0,0,0,68,74,92,0,0,0,0,0,0,0,246,4,16,17,139,0.570071,0.436964,1167925.585382,1490317.885848,0.010805,0.028007,0.031245,-0.020440,-0.003237,-0.046777,-0.007408,0.147123,0.235950,-0.426993,-0.614859,1.093305,False,0.035000
v6-3__H20__S0__P6K3__E1_A3,v6-3,20,S0,P6K3,E1_A3,E1,421,221,212,0,4,0,196,0,3,6,22,9,0,0,0,0,0,0,64,36,112,0,0,0,0,0,0,0,246,4,16,17,91,0.524941,0.694024,2419274.802923,2710551.937473,0.063072,0.071472,0.031245,0.031828,0.040228,0.045860,0.057963,0.500035,0.421929,-0.292468,-0.409696,2.725701,False,0.037000
v6-3__H20__S0__P6K3__E1_A4,v6-3,20,S0,P6K3,E1_A4,E1,421,245,237,0,4,0,172,0,3,5,32,8,0,0,0,0,0,0,50,99,88,0,0,0,0,0,0,0,246,4,16,17,98,0.581948,0.466655,1645927.687736,2181898.856363,0.035100,0.055499,0.031245,0.003855,0.024254,0.008262,0.051975,0.305711,0.351753,-0.368678,-0.471168,1.808688,False,0.046000
v6-3__H20__S0__P6K3__E1_A5,v6-3,20,S0,P6K3,E1_A5,E1,421,252,245,0,4,0,165,0,1,6,26,7,0,0,0,0,0,0,56,70,119,0,0,0,0,0,0,0,246,4,16,17,98,0.598575,0.536257,1669801.323525,2003538.003729,0.036132,0.049286,0.031245,0.004888,0.018041,0.009115,0.033642,0.313447,0.325712,-0.357963,-0.491404,2.469473,False,0.055000
v6-3__H20__S0__P6K3__E1_A6,v6-3,20,S0,P6K3,E1_A6,E1,421,237,227,0,4,0,180,0,3,7,24,10,0,0,0,0,0,0,56,38,133,0,0,0,0,0,0,0,246,4,16,17,70,0.562945,0.741723,3268013.642156,3629812.232362,0.085436,0.093355,0.031245,0.054192,0.062111,0.073062,0.083738,0.665242,0.511105,-0.253457,-0.392349,3.335445,False,0.055000
v6-3__H20__S0__P6K3__E1_A7,v6-3,20,S0,P6K3,E1_A7,E1,421,201,196,0,4,0,216,0,1,4,32,5,0,0,0,0,0,0,28,80,88,0,0,0,0,0,0,0,246,4,16,17,139,0.477435,0.396951,963828.347095,1576738.253195,-0.002547,0.032027,0.031245,-0.033792,0.000782,-0.085129,0.001971,0.077711,0.252897,-0.490080,-0.577162,1.192120,False,0.047000
v6-3__H20__S0__P6K3__E1_A8,v6-3,20,S0,P6K3,E1_A8,E1,421,233,227,0,4,0,184,0,1,5,25,6,0,0,0,0,0,0,39,66,122,0,0,0,0,0,0,0,246,4,16,17,118,0.553444,0.461816,1209167.514383,1757408.000686,0.013236,0.039807,0.031245,-0.018009,0.008562,-0.038995,0.018541,0.162654,0.285198,-0.450421,-0.546691,1.848538,False,0.038000
v6-3__H20__S0__P6K3__E1_A9,v6-3,20,S0,P6K3,E1_A9,E1,421,214,204,0,4,0,203,0,3,7,24,10,0,0,0,0,0,0,35,35,134,0,0,0,0,0,0,0,246,4,16,17,79,0.508314,0.707541,2809450.660150,3296832.346236,0.074134,0.086096,0.031245,0.042889,0.054852,0.060617,0.077524,0.535741,0.476478,-0.300237,-0.431868,2.805750,False,0.038000
v6-3__H20__S0__P6K3__E2_B1,v6-3,20,S0,P6K3,E2_B1,E2,421,231,225,0,4,0,186,0,1,5,25,6,11,0,0,0,0,0,43,69,113,0,0,0,0,0,0,0,246,4,16,17,105,0.548694,0.528736,1586325.768204,2077415.904834,0.032460,0.051919,0.031245,0.001216,0.020675,0.002299,0.039102,0.276433,0.335820,-0.369660,-0.473587,1.695750,False,0.071000
v6-3__H20__S0__P6K3__E2_B10,v6-3,20,S0,P6K3,E2_B10,E2,421,230,223,0,4,0,187,0,2,5,23,7,8,0,0,0,0,0,59,72,92,0,0,0,0,0,0,0,246,4,16,17,109,0.546318,0.514839,1510410.623312,1884876.801941,0.028961,0.044860,0.031245,-0.002284,0.013615,-0.004436,0.026446,0.262840,0.307388,-0.375843,-0.501290,1.220908,False,0.034000
v6-3__H20__S0__P6K3__E2_B11,v6-3,20,S0,P6K3,E2_B11,E2,421,224,218,0,4,0,193,0,1,5,26,6,10,0,0,0,0,0,25,68,125,0,0,0,0,0,0,0,246,4,16,17,118,0.532067,0.472569,1217111.263684,1796830.358750,0.013695,0.041405,0.031245,-0.017549,0.010161,-0.037136,0.021501,0.165462,0.291228,-0.403188,-0.515150,1.114387,False,0.047000
v6-3__H20__S0__P6K3__E2_B12,v6-3,20,S0,P6K3,E2_B12,E2,421,202,195,0,4,0,215,0,1,6,23,7,10,0,0,0,0,0,12,61,122,0,0,0,0,0,0,0,246,4,16,17,140,0.479810,0.502612,1209301.589046,1741970.368384,0.013244,0.039172,0.031245,-0.018001,0.007927,-0.035815,0.015773,0.163174,0.282425,-0.415848,-0.565582,0.678346,False,0.047000
v6-3__H20__S0__P6K3__E2_B13,v6-3,20,S0,P6K3,E2_B13,E2,421,219,214,0,4,0,198,0,1,4,30,5,7,0,0,0,0,0,39,89,86,0,0,0,0,0,0,0,246,4,16,17,115,0.520190,0.435771,1232419.510607,1874858.618620,0.014573,0.044474,0.031245,-0.016672,0.013230,-0.038258,0.030360,0.170193,0.305435,-0.454423,-0.500224,1.551455,False,0.039000
v6-3__H20__S0__P6K3__E2_B14,v6-3,20,S0,P6K3,E2_B14,E2,421,216,206,0,4,0,201,0,3,7,23,10,8,0,0,0,0,0,46,36,124,0,0,0,0,0,0,0,246,4,16,17,80,0.513064,0.736149,2901947.690839,3291494.988482,0.076545,0.085974,0.031245,0.045301,0.054730,0.061538,0.074346,0.561189,0.477603,-0.284740,-0.420263,2.757399,False,0.049000
v6-3__H20__S0__P6K3__E2_B18,v6-3,20,S0,P6K3,E2_B18,E2,421,238,231,0,4,0,179,0,1,6,25,7,10,0,0,0,0,0,48,67,116,0,0,0,0,0,0,0,246,4,16,17,92,0.565321,0.649068,2109677.032693,2469814.982533,0.053042,0.064595,0.031245,0.021798,0.033351,0.033583,0.051382,0.422016,0.389899,-0.309029,-0.445684,2.529334,False,0.071000
v6-3__H20__S0__P6K3__E2_B19,v6-3,20,S0,P6K3,E2_B19,E2,421,207,201,0,4,0,210,0,1,5,22,6,10,0,0,0,0,0,15,61,125,0,0,0,0,0,0,0,246,4,16,17,135,0.491686,0.535323,1360589.516458,1893921.748872,0.021546,0.045206,0.031245,-0.009698,0.013962,-0.018117,0.026081,0.208960,0.307778,-0.409551,-0.559083,1.107150,False,0.065000
v6-3__H20__S0__P6K3__E2_B2,v6-3,20,S0,P6K3,E2_B2,E2,421,238,231,0,4,0,179,0,1,6,25,7,11,0,0,0,0,0,49,67,115,0,0,0,0,0,0,0,246,4,16,17,92,0.565321,0.648942,2080288.438409,2441421.849580,0.052020,0.063743,0.031245,0.020775,0.032499,0.032014,0.050079,0.414575,0.386456,-0.303364,-0.445684,2.483569,False,0.047000
v6-3__H20__S0__P6K3__E2_B20,v6-3,20,S0,P6K3,E2_B20,E2,421,243,235,0,4,0,174,0,2,6,25,8,11,0,0,0,0,0,54,68,113,0,0,0,0,0,0,0,246,4,16,17,86,0.577197,0.658978,2354221.948126,2707271.586387,0.061068,0.071382,0.031245,0.029824,0.040138,0.045257,0.060909,0.487574,0.419745,-0.295372,-0.445684,2.613512,False,0.032000
v6-3__H20__S0__P6K3__E2_B3,v6-3,20,S0,P6K3,E2_B3,E2,421,241,234,0,4,0,176,0,1,6,25,7,11,0,0,0,0,0,53,67,114,0,0,0,0,0,0,0,246,4,16,17,88,0.572447,0.655914,2282735.545676,2657468.129648,0.058805,0.070006,0.031245,0.027561,0.038762,0.042019,0.059095,0.462739,0.412816,-0.298991,-0.445684,2.644583,False,0.048000
v6-3__H20__S0__P6K3__E2_B4,v6-3,20,S0,P6K3,E2_B4,E2,421,231,225,0,4,0,186,0,1,5,25,6,11,0,0,0,0,0,43,69,113,0,0,0,0,0,0,0,246,4,16,17,105,0.548694,0.528736,1586325.768204,2077415.904834,0.032460,0.051919,0.031245,0.001216,0.020675,0.002299,0.039102,0.276433,0.335820,-0.369660,-0.473587,1.695750,False,0.049000
v6-3__H20__S0__P6K3__E2_B5,v6-3,20,S0,P6K3,E2_B5,E2,421,231,225,0,4,0,186,0,1,5,25,6,11,0,0,0,0,0,43,69,113,0,0,0,0,0,0,0,246,4,16,17,105,0.548694,0.528736,1586325.768204,2077415.904834,0.032460,0.051919,0.031245,0.001216,0.020675,0.002299,0.039102,0.276433,0.335820,-0.369660,-0.473587,1.695750,False,0.104000
v6-3__H20__S0__P6K3__E2_B6,v6-3,20,S0,P6K3,E2_B6,E2,421,238,231,0,4,0,179,0,1,6,27,7,11,0,0,0,0,0,49,70,112,0,0,0,0,0,0,0,246,4,16,17,99,0.565321,0.566932,1780495.352401,2239323.210299,0.040747,0.057399,0.031245,0.009502,0.026154,0.016761,0.046133,0.334815,0.360339,-0.369660,-0.473587,1.983589,False,0.069000
v6-3__H20__S0__P6K3__E2_B7,v6-3,20,S0,P6K3,E2_B7,E2,421,229,223,0,4,0,188,0,1,5,24,6,10,0,0,0,0,0,38,67,118,0,0,0,0,0,0,0,246,4,16,17,108,0.543943,0.525647,1533766.176970,2012472.348572,0.030055,0.049609,0.031245,-0.001190,0.018364,-0.002264,0.034936,0.261015,0.325969,-0.369660,-0.479348,1.641970,False,0.049000
v6-3__H20__S0__P6K3__E2_B8,v6-3,20,S0,P6K3,E2_B8,E2,421,227,221,0,4,0,190,0,1,5,24,6,10,0,0,0,0,0,41,65,115,0,0,0,0,0,0,0,246,4,16,17,110,0.539192,0.521669,1483416.302831,1960633.501818,0.027677,0.047714,0.031245,-0.003567,0.016470,-0.006839,0.031571,0.247371,0.318376,-0.378075,-0.477717,1.550364,False,0.048000
v6-3__H20__S0__P6K3__E2_B9,v6-3,20,S0,P6K3,E2_B9,E2,421,223,217,0,4,0,194,0,1,5,23,6,9,0,0,0,0,0,47,64,106,0,0,0,0,0,0,0,246,4,16,17,115,0.529691,0.511297,1412512.421635,1848924.414852,0.024198,0.043468,0.031245,-0.007046,0.012223,-0.013781,0.023906,0.226902,0.301051,-0.389751,-0.493498,1.585677,False,0.116000
v6-3__H20__S0__P6K3__E3,v6-3,20,S0,P6K3,E3,E3,421,230,223,0,4,0,187,0,0,7,3347,7,0,0,0,0,0,0,0,0,32,191,0,0,0,0,0,0,246,4,16,17,129,0.546318,0.658977,1699169.927037,2309401.234058,0.037384,0.059657,0.031245,0.006139,0.028413,0.009316,0.043116,0.340132,0.380922,-0.251914,-0.469167,0.778108,False,0.060000
v6-3__H20__S0__P6K3__E4,v6-3,20,S0,P6K3,E4,E4,421,228,346,0,4,0,189,0,1,9,2205,10,0,0,0,5,0,0,0,0,139,79,128,0,0,0,0,0,246,4,16,17,118,0.541568,0.849469,2245452.521059,2412728.678434,0.057599,0.062873,0.031245,0.026354,0.031628,0.031025,0.037233,0.490010,0.392112,-0.252172,-0.409470,7.134381,False,0.047000
v6-3__H20__S0__P6K3__E5,v6-3,20,S0,P6K3,E5,E5,421,223,216,0,4,0,194,0,0,7,3227,7,0,0,0,0,0,0,0,0,96,0,0,120,0,0,0,0,246,4,16,17,142,0.529691,0.650337,1472666.246872,1933137.931378,0.027160,0.046690,0.031245,-0.004085,0.015446,-0.006281,0.023750,0.251568,0.320008,-0.352386,-0.566094,1.075922,False,0.080000
v6-3__H20__S0__P6K3__E6,v6-3,20,S0,P6K3,E6,E6,421,291,281,0,4,0,126,0,2,8,1998,10,0,0,0,0,0,0,0,0,131,0,0,0,150,0,0,0,246,4,16,17,84,0.691211,0.761561,2510036.968820,3195610.022573,0.065786,0.083754,0.031245,0.034542,0.052509,0.045357,0.068950,0.494181,0.474371,-0.256917,-0.461669,3.014247,False,0.045000
v6-3__H20__S0__P6K3__E7,v6-3,20,S0,P6K3,E7,E7,421,195,183,0,4,0,222,0,3,9,2208,12,0,0,0,0,0,0,0,0,137,0,0,0,0,46,0,0,246,4,16,17,122,0.463183,0.960189,2352130.224968,2757843.112269,0.061003,0.072756,0.031245,0.029758,0.041512,0.030992,0.043233,0.441180,0.429599,-0.301835,-0.433486,1.667015,False,0.069000
v6-3__H20__S0__P6K5__E0,v6-3,20,S0,P6K5,E0,E0,421,232,218,0,4,0,185,0,3,11,15,14,0,0,0,0,0,218,0,0,0,0,0,0,0,0,0,0,246,4,16,9,75,0.551069,0.749541,2459232.910112,3193481.435506,0.064279,0.083704,0.031245,0.033034,0.052459,0.044073,0.069989,0.518994,0.481830,-0.231277,-0.464746,2.870268,False,0.095000
v6-3__H20__S0__P6K5__E1_A1,v6-3,20,S0,P6K5,E1_A1,E1,421,267,260,0,4,0,150,0,3,4,30,7,0,0,0,0,0,0,75,104,81,0,0,0,0,0,0,0,246,4,16,9,67,0.634204,0.355044,1609623.501096,2256867.999261,0.033503,0.057970,0.031245,0.002258,0.026726,0.006361,0.075275,0.333922,0.372167,-0.294554,-0.539047,2.105395,False,0.052000
v6-3__H20__S0__P6K5__E1_A10,v6-3,20,S0,P6K5,E1_A10,E1,421,255,248,0,4,0,162,0,1,6,40,7,0,0,0,0,0,0,31,107,110,0,0,0,0,0,0,0,246,4,16,9,78,0.605701,0.423255,1495145.534703,2198970.319413,0.028238,0.056069,0.031245,-0.003007,0.024824,-0.007104,0.058650,0.273867,0.362311,-0.356759,-0.594149,1.640764,False,0.029000
v6-3__H20__S0__P6K5__E1_A11,v6-3,20,S0,P6K5,E1_A11,E1,421,264,254,0,4,0,153,0,3,7,33,10,0,0,0,0,0,0,34,76,144,0,0,0,0,0,0,0,246,4,16,9,74,0.627078,0.440817,1601474.052940,2223070.047239,0.033140,0.056866,0.031245,0.001895,0.025621,0.004299,0.058122,0.310082,0.364720,-0.306639,-0.579665,2.271251,False,0.040000
v6-3__H20__S0__P6K5__E1_A12,v6-3,20,S0,P6K5,E1_A12,E1,421,242,231,0,4,0,175,0,3,8,28,11,0,0,0,0,0,0,29,41,161,0,0,0,0,0,0,0,246,4,16,9,61,0.574822,0.525770,2307181.418997,2980819.062972,0.059587,0.078546,0.031245,0.028342,0.047301,0.053906,0.089966,0.515514,0.458889,-0.242698,-0.472041,2.468779,False,0.029000
v6-3__H20__S0__P6K5__E1_A2,v6-3,20,S0,P6K5,E1_A2,E1,421,274,266,0,4,0,143,0,3,5,24,8,0,0,0,0,0,0,83,73,110,0,0,0,0,0,0,0,246,4,16,9,67,0.650831,0.397841,1654975.516166,2115834.230527,0.035493,0.053255,0.031245,0.004248,0.022010,0.010678,0.055324,0.348878,0.351037,-0.265768,-0.539310,2.719042,False,0.039000
v6-3__H20__S0__P6K5__E1_A3,v6-3,20,S0,P6K5,E1_A3,E1,421,289,280,0,4,0,128,0,3,6,24,9,0,0,0,0,0,0,99,45,136,0,0,0,0,0,0,0,246,4,16,9,52,0.686461,0.452513,2431367.925925,2992804.063808,0.063439,0.078846,0.031245,0.032195,0.047601,0.071147,0.105193,0.592825,0.463157,-0.202855,-0.437157,3.328896,False,0.068000
v6-3__H20__S0__P6K5__E1_A4,v6-3,20,S0,P6K5,E1_A4,E1,421,286,278,0,4,0,131,0,3,5,33,8,0,0,0,0,0,0,61,117,100,0,0,0,0,0,0,0,246,4,16,9,61,0.679335,0.376862,1889018.073397,2547689.894877,0.045019,0.066886,0.031245,0.013774,0.035641,0.036549,0.094573,0.429830,0.409277,-0.260413,-0.511053,2.166490,False,0.050000
v6-3__H20__S0__P6K5__E1_A5,v6-3,20,S0,P6K5,E1_A5,E1,421,294,285,0,4,0,123,0,3,6,27,9,0,0,0,0,0,0,65,85,135,0,0,0,0,0,0,0,246,4,16,9,64,0.698337,0.419322,1928669.309847,2429747.292862,0.046523,0.063390,0.031245,0.015278,0.032146,0.036435,0.076661,0.442938,0.394349,-0.254059,-0.518937,2.216894,False,0.059000
v6-3__H20__S0__P6K5__E1_A6,v6-3,20,S0,P6K5,E1_A6,E1,421,295,285,0,4,0,122,0,3,7,25,10,0,0,0,0,0,0,74,46,165,0,0,0,0,0,0,0,246,4,16,9,48,0.700713,0.473457,2597761.575775,3177891.317587,0.068324,0.083337,0.031245,0.037080,0.052092,0.078317,0.110025,0.630582,0.480562,-0.193756,-0.417896,3.259445,False,0.062000
v6-3__H20__S0__P6K5__E1_A7,v6-3,20,S0,P6K5,E1_A7,E1,421,274,266,0,4,0,143,0,3,5,38,8,0,0,0,0,0,0,42,118,106,0,0,0,0,0,0,0,246,4,16,9,67,0.650831,0.380233,1679985.991777,2445836.896688,0.036569,0.063876,0.031245,0.005324,0.032632,0.014002,0.085821,0.338578,0.395430,-0.327602,-0.554991,1.440679,False,0.039000
v6-3__H20__S0__P6K5__E1_A8,v6-3,20,S0,P6K5,E1_A8,E1,421,285,276,0,4,0,132,0,3,6,30,9,0,0,0,0,0,0,46,88,142,0,0,0,0,0,0,0,246,4,16,9,66,0.676960,0.423292,1750226.624837,2347799.798846,0.039512,0.060868,0.031245,0.008268,0.029623,0.019532,0.069982,0.363664,0.382377,-0.286823,-0.541797,1.743915,False,0.037000
v6-3__H20__S0__P6K5__E1_A9,v6-3,20,S0,P6K5,E1_A9,E1,421,273,263,0,4,0,144,0,3,7,26,10,0,0,0,0,0,0,43,45,175,0,0,0,0,0,0,0,246,4,16,9,53,0.648456,0.479409,2467904.784361,3163452.557354,0.064538,0.082995,0.031245,0.033294,0.051751,0.069447,0.107947,0.571951,0.477648,-0.226097,-0.442958,2.844711,False,0.043000
v6-3__H20__S0__P6K5__E2_B1,v6-3,20,S0,P6K5,E2_B1,E2,421,289,280,0,4,0,128,0,3,6,29,9,12,0,0,0,0,0,61,84,135,0,0,0,0,0,0,0,246,4,16,9,65,0.686461,0.423306,1917628.834121,2496562.496836,0.046107,0.065389,0.031245,0.014862,0.034145,0.035110,0.080662,0.419989,0.401807,-0.255098,-0.496015,2.084600,False,0.053000
v6-3__H20__S0__P6K5__E2_B10,v6-3,20,S0,P6K5,E2_B10,E2,421,282,274,0,4,0,135,0,3,5,24,8,10,0,0,0,0,0,83,76,115,0,0,0,0,0,0,0,246,4,16,9,59,0.669834,0.409794,2020535.493758,2530419.576052,0.049899,0.066383,0.031245,0.018655,0.035139,0.045523,0.085747,0.469334,0.407921,-0.247984,-0.482486,2.702453,False,0.077000
v6-3__H20__S0__P6K5__E2_B11,v6-3,20,S0,P6K5,E2_B11,E2,421,283,274,0,4,0,134,0,3,6,30,9,10,0,0,0,0,0,40,85,149,0,0,0,0,0,0,0,246,4,16,9,69,0.672209,0.428111,1731092.660274,2349130.440163,0.038721,0.060909,0.031245,0.007477,0.029665,0.017465,0.069292,0.351583,0.381308,-0.285712,-0.527472,1.748970,False,0.049000
v6-3__H20__S0__P6K5__E2_B12,v6-3,20,S0,P6K5,E2_B12,E2,421,265,255,0,4,0,152,0,3,7,32,10,12,0,0,0,0,0,27,74,154,0,0,0,0,0,0,0,246,4,16,9,72,0.629454,0.447552,1645441.283429,2290911.554428,0.035079,0.059068,0.031245,0.003834,0.027823,0.008567,0.062167,0.322381,0.373370,-0.292074,-0.561366,2.386141,False,0.067000
v6-3__H20__S0__P6K5__E2_B13,v6-3,20,S0,P6K5,E2_B13,E2,421,278,270,0,4,0,139,0,3,5,35,8,8,0,0,0,0,0,55,116,99,0,0,0,0,0,0,0,246,4,16,9,64,0.660333,0.377232,1733172.211327,2435729.456375,0.038808,0.063571,0.031245,0.007563,0.032327,0.020049,0.085695,0.363273,0.393966,-0.280821,-0.516213,1.838383,False,0.071000
v6-3__H20__S0__P6K5__E2_B14,v6-3,20,S0,P6K5,E2_B14,E2,421,274,264,0,4,0,143,0,3,7,25,10,13,0,0,0,0,0,55,45,164,0,0,0,0,0,0,0,246,4,16,9,50,0.650831,0.473572,2466815.529654,3110486.116040,0.064506,0.081730,0.031245,0.033261,0.050485,0.070234,0.106606,0.574225,0.472652,-0.223824,-0.436929,2.808580,False,0.055000
v6-3__H20__S0__P6K5__E2_B18,v6-3,20,S0,P6K5,E2_B18,E2,421,290,281,0,4,0,127,0,3,6,27,9,12,0,0,0,0,0,61,85,135,0,0,0,0,0,0,0,246,4,16,9,63,0.688836,0.424721,1980296.598347,2520841.630089,0.048438,0.066103,0.031245,0.017194,0.034859,0.040482,0.082075,0.447573,0.404627,-0.250935,-0.505763,2.178337,False,0.076000
v6-3__H20__S0__P6K5__E2_B19,v6-3,20,S0,P6K5,E2_B19,E2,421,272,262,0,4,0,145,0,3,7,32,10,12,0,0,0,0,0,31,76,155,0,0,0,0,0,0,0,246,4,16,9,69,0.646081,0.464444,1793239.544706,2438648.404244,0.041261,0.063660,0.031245,0.010016,0.032415,0.021566,0.069793,0.368620,0.393577,-0.289094,-0.558932,2.488016,False,0.080000
v6-3__H20__S0__P6K5__E2_B2,v6-3,20,S0,P6K5,E2_B2,E2,421,290,281,0,4,0,127,0,3,6,27,9,12,0,0,0,0,0,63,85,133,0,0,0,0,0,0,0,246,4,16,9,63,0.688836,0.425748,2001303.534400,2527512.757048,0.049204,0.066298,0.031245,0.017960,0.035054,0.042184,0.082335,0.452635,0.405540,-0.248957,-0.497001,2.149546,False,0.040000
v6-3__H20__S0__P6K5__E2_B20,v6-3,20,S0,P6K5,E2_B20,E2,421,290,281,0,4,0,127,0,3,6,27,9,12,0,0,0,0,0,65,84,132,0,0,0,0,0,0,0,246,4,16,9,62,0.688836,0.425307,2064784.829119,2594760.201326,0.051475,0.068239,0.031245,0.020231,0.036994,0.047567,0.086982,0.482274,0.414956,-0.249814,-0.492187,2.262672,False,0.052000
v6-3__H20__S0__P6K5__E2_B3,v6-3,20,S0,P6K5,E2_B3,E2,421,291,282,0,4,0,126,0,3,6,27,9,12,0,0,0,0,0,66,86,130,0,0,0,0,0,0,0,246,4,16,9,63,0.691211,0.424703,2056050.746271,2600979.112051,0.051167,0.068416,0.031245,0.019922,0.037171,0.046908,0.087523,0.472302,0.415041,-0.249840,-0.493763,2.201722,False,0.072000
v6-3__H20__S0__P6K5__E2_B4,v6-3,20,S0,P6K5,E2_B4,E2,421,289,280,0,4,0,128,0,3,6,29,9,12,0,0,0,0,0,61,84,135,0,0,0,0,0,0,0,246,4,16,9,65,0.686461,0.423306,1917628.834121,2496562.496836,0.046107,0.065389,0.031245,0.014862,0.034145,0.035110,0.080662,0.419989,0.401807,-0.255098,-0.496015,2.084600,False,0.032000
v6-3__H20__S0__P6K5__E2_B5,v6-3,20,S0,P6K5,E2_B5,E2,421,289,280,0,4,0,128,0,3,6,29,9,12,0,0,0,0,0,61,84,135,0,0,0,0,0,0,0,246,4,16,9,65,0.686461,0.423306,1917628.834121,2496562.496836,0.046107,0.065389,0.031245,0.014862,0.034145,0.035110,0.080662,0.419989,0.401807,-0.255098,-0.496015,2.084600,False,0.111000
v6-3__H20__S0__P6K5__E2_B6,v6-3,20,S0,P6K5,E2_B6,E2,421,290,281,0,4,0,127,0,3,6,29,9,12,0,0,0,0,0,64,85,132,0,0,0,0,0,0,0,246,4,16,9,63,0.688836,0.422500,1962640.437124,2543139.963411,0.047788,0.066754,0.031245,0.016544,0.035509,0.039157,0.084045,0.442349,0.408599,-0.254725,-0.494416,2.061159,False,0.079000
v6-3__H20__S0__P6K5__E2_B7,v6-3,20,S0,P6K5,E2_B7,E2,421,291,282,0,4,0,126,0,3,6,29,9,12,0,0,0,0,0,55,85,142,0,0,0,0,0,0,0,246,4,16,9,65,0.691211,0.422913,1833335.390149,2401616.309392,0.042856,0.062533,0.031245,0.011612,0.031289,0.027456,0.073984,0.391942,0.388994,-0.256289,-0.509208,1.914874,False,0.053000
v6-3__H20__S0__P6K5__E2_B8,v6-3,20,S0,P6K5,E2_B8,E2,421,290,281,0,4,0,127,0,3,6,29,9,12,0,0,0,0,0,61,82,138,0,0,0,0,0,0,0,246,4,16,9,65,0.688836,0.422055,1850872.611435,2410536.157957,0.043544,0.062806,0.031245,0.012299,0.031562,0.029141,0.074781,0.398651,0.390485,-0.262187,-0.505223,1.976827,False,0.079000
v6-3__H20__S0__P6K5__E2_B9,v6-3,20,S0,P6K5,E2_B9,E2,421,291,283,0,4,0,126,0,3,5,28,8,10,0,0,0,0,0,72,84,127,0,0,0,0,0,0,0,246,4,16,9,61,0.691211,0.413287,1974051.638105,2523265.137097,0.048209,0.066174,0.031245,0.016964,0.034930,0.041048,0.084517,0.436572,0.405554,-0.249069,-0.490531,1.971254,False,0.033000
v6-3__H20__S0__P6K5__E3,v6-3,20,S0,P6K5,E3,E3,421,263,255,0,4,0,154,0,1,7,3348,8,0,0,0,0,0,0,0,0,39,216,0,0,0,0,0,0,246,4,16,9,83,0.624703,0.504285,1501347.475052,2168284.229577,0.028532,0.055042,0.031245,-0.002712,0.023797,-0.005378,0.047190,0.315108,0.367801,-0.185647,-0.469630,1.880262,False,0.045000
v6-3__H20__S0__P6K5__E4,v6-3,20,S0,P6K5,E4,E4,421,275,418,0,4,0,142,0,1,11,2322,12,0,0,0,4,0,0,0,0,162,101,155,0,0,0,0,0,246,4,16,9,63,0.653207,0.588931,2158335.237279,2631663.884060,0.054706,0.069284,0.031245,0.023461,0.038039,0.039837,0.064590,0.532989,0.427811,-0.214676,-0.437838,7.513442,False,0.077000
v6-3__H20__S0__P6K5__E5,v6-3,20,S0,P6K5,E5,E5,421,289,280,0,4,0,128,0,1,8,3343,9,0,0,0,0,0,0,0,0,135,0,0,145,0,0,0,0,246,4,16,9,78,0.686461,0.582042,1900446.797185,2459545.248916,0.045455,0.064288,0.031245,0.014211,0.033043,0.024415,0.056772,0.423589,0.404863,-0.241729,-0.545614,2.107222,False,0.052000
v6-3__H20__S0__P6K5__E6,v6-3,20,S0,P6K5,E6,E6,421,314,304,0,4,0,103,0,2,8,1998,10,0,0,0,0,0,0,0,0,143,0,0,0,161,0,0,0,246,4,16,9,46,0.745843,0.568760,2228704.257978,2888425.237302,0.057051,0.076197,0.031245,0.025806,0.044953,0.045373,0.079037,0.525957,0.457522,-0.179400,-0.485276,3.150923,False,0.045000
v6-3__H20__S0__P6K5__E7,v6-3,20,S0,P6K5,E7,E7,421,244,231,0,4,0,173,0,3,10,2311,13,0,0,0,0,0,0,0,0,180,0,0,0,0,51,0,0,246,4,16,9,69,0.579572,0.712230,2473191.648717,3181385.126523,0.064696,0.083419,0.031245,0.033451,0.052175,0.046967,0.073255,0.548822,0.485831,-0.217718,-0.456790,2.673215,False,0.038000
v6-3__H20__S0__P6K7__E0,v6-3,20,S0,P6K7,E0,E0,421,265,251,0,4,0,152,0,3,11,16,14,0,0,0,0,0,251,0,0,0,0,0,0,0,0,0,0,246,4,16,6,59,0.629454,0.558395,2192303.439012,2969555.611341,0.055847,0.078263,0.031245,0.024602,0.047019,0.044058,0.084203,0.510801,0.464169,-0.212035,-0.486716,2.724253,False,0.064000
v6-3__H20__S0__P6K7__E1_A1,v6-3,20,S0,P6K7,E1_A1,E1,421,306,299,0,4,0,111,0,3,4,34,7,0,0,0,0,0,0,88,119,92,0,0,0,0,0,0,0,246,4,16,6,45,0.726841,0.269500,1622519.449721,2222300.687872,0.034074,0.056840,0.031245,0.002829,0.025596,0.010499,0.094976,0.392177,0.370861,-0.224500,-0.547440,2.115597,False,0.039000
v6-3__H20__S0__P6K7__E1_A10,v6-3,20,S0,P6K7,E1_A10,E1,421,293,284,0,4,0,124,0,3,6,41,9,0,0,0,0,0,0,36,121,127,0,0,0,0,0,0,0,246,4,16,6,47,0.695962,0.324239,1704897.146292,2427502.649886,0.037626,0.063322,0.031245,0.006381,0.032078,0.019680,0.098932,0.398394,0.399330,-0.268718,-0.578770,2.043821,False,0.058000
v6-3__H20__S0__P6K7__E1_A11,v6-3,20,S0,P6K7,E1_A11,E1,421,298,288,0,4,0,119,0,3,7,36,10,0,0,0,0,0,0,38,91,159,0,0,0,0,0,0,0,246,4,16,6,50,0.707838,0.355057,1665684.814609,2283315.715670,0.035955,0.058824,0.031245,0.004711,0.027580,0.013268,0.077676,0.379868,0.378810,-0.270461,-0.595261,2.011524,False,0.043000
v6-3__H20__S0__P6K7__E1_A12,v6-3,20,S0,P6K7,E1_A12,E1,421,301,290,0,4,0,116,0,3,8,30,11,0,0,0,0,0,0,42,47,201,0,0,0,0,0,0,0,246,4,16,6,43,0.714964,0.394889,2183908.883480,2882298.153871,0.055566,0.076039,0.031245,0.024322,0.044795,0.061591,0.113436,0.551070,0.453700,-0.202901,-0.509429,2.886770,False,0.046000
v6-3__H20__S0__P6K7__E1_A2,v6-3,20,S0,P6K7,E1_A2,E1,421,306,298,0,4,0,111,0,3,5,29,8,0,0,0,0,0,0,90,89,119,0,0,0,0,0,0,0,246,4,16,6,46,0.726841,0.300826,1668609.834473,2170729.708976,0.036081,0.055124,0.031245,0.004837,0.023879,0.016078,0.079379,0.400753,0.362763,-0.239765,-0.576750,1.933995,False,0.041000
v6-3__H20__S0__P6K7__E1_A3,v6-3,20,S0,P6K7,E1_A3,E1,421,319,310,0,4,0,98,0,3,6,27,9,0,0,0,0,0,0,106,50,154,0,0,0,0,0,0,0,246,4,16,6,42,0.757720,0.338013,2166515.486099,2738828.392288,0.054982,0.072242,0.031245,0.023737,0.040998,0.070227,0.121291,0.589594,0.439358,-0.161033,-0.484683,3.189272,False,0.070000
v6-3__H20__S0__P6K7__E1_A4,v6-3,20,S0,P6K7,E1_A4,E1,421,308,300,0,4,0,109,0,3,5,35,8,0,0,0,0,0,0,67,123,110,0,0,0,0,0,0,0,246,4,16,6,41,0.731591,0.283228,1799866.482357,2416666.205023,0.041527,0.062993,0.031245,0.010282,0.031748,0.036304,0.112095,0.462214,0.397459,-0.213951,-0.536930,2.368779,False,0.067000
v6-3__H20__S0__P6K7__E1_A5,v6-3,20,S0,P6K7,E1_A5,E1,421,311,302,0,4,0,106,0,3,6,30,9,0,0,0,0,0,0,69,93,140,0,0,0,0,0,0,0,246,4,16,6,43,0.738717,0.314989,1817721.143228,2338147.487505,0.042239,0.060565,0.031245,0.010994,0.029320,0.034904,0.093084,0.456808,0.386102,-0.230146,-0.568313,2.093520,False,0.044000
v6-3__H20__S0__P6K7__E1_A6,v6-3,20,S0,P6K7,E1_A6,E1,421,317,307,0,4,0,100,0,3,7,28,10,0,0,0,0,0,0,80,49,178,0,0,0,0,0,0,0,246,4,16,6,38,0.752969,0.352466,2320593.874982,2908829.302470,0.060012,0.076722,0.031245,0.028767,0.045477,0.081617,0.129027,0.631130,0.457599,-0.158715,-0.467573,3.020996,False,0.042000
v6-3__H20__S0__P6K7__E1_A7,v6-3,20,S0,P6K7,E1_A7,E1,421,301,293,0,4,0,116,0,3,5,39,8,0,0,0,0,0,0,50,124,119,0,0,0,0,0,0,0,246,4,16,6,44,0.714964,0.287584,1711343.551834,2437234.422933,0.037897,0.063617,0.031245,0.006652,0.032372,0.023131,0.112566,0.405099,0.399981,-0.261689,-0.561528,1.990876,False,0.059000
v6-3__H20__S0__P6K7__E1_A8,v6-3,20,S0,P6K7,E1_A8,E1,421,300,291,0,4,0,117,0,3,6,31,9,0,0,0,0,0,0,51,91,149,0,0,0,0,0,0,0,246,4,16,6,48,0.712589,0.319302,1737625.597923,2354567.594447,0.038992,0.061079,0.031245,0.007748,0.029834,0.024265,0.093436,0.408650,0.388055,-0.263538,-0.581454,2.165728,False,0.043000
v6-3__H20__S0__P6K7__E1_A9,v6-3,20,S0,P6K7,E1_A9,E1,421,311,301,0,4,0,106,0,3,7,27,10,0,0,0,0,0,0,62,47,192,0,0,0,0,0,0,0,246,4,16,6,40,0.738717,0.359517,2269152.274697,2965074.456536,0.058368,0.078150,0.031245,0.027123,0.046906,0.075444,0.130469,0.591138,0.462641,-0.203567,-0.472463,3.096634,False,0.061000
v6-3__H20__S0__P6K7__E2_B1,v6-3,20,S0,P6K7,E2_B1,E2,421,300,291,0,4,0,117,0,3,6,30,9,11,0,0,0,0,0,64,88,139,0,0,0,0,0,0,0,246,4,16,6,43,0.712589,0.317854,1813534.761391,2401484.761053,0.042073,0.062529,0.031245,0.010828,0.031285,0.034066,0.098425,0.439388,0.394151,-0.230632,-0.549483,2.205531,False,0.051000
v6-3__H20__S0__P6K7__E2_B10,v6-3,20,S0,P6K7,E2_B10,E2,421,314,306,0,4,0,103,0,3,5,26,8,12,0,0,0,0,0,91,87,128,0,0,0,0,0,0,0,246,4,16,6,40,0.745843,0.307430,1845888.098024,2367703.195156,0.043349,0.061488,0.031245,0.012104,0.030243,0.039373,0.098374,0.471778,0.390798,-0.220859,-0.536997,2.554823,False,0.055000
v6-3__H20__S0__P6K7__E2_B11,v6-3,20,S0,P6K7,E2_B11,E2,421,299,290,0,4,0,118,0,3,6,31,9,11,0,0,0,0,0,44,90,156,0,0,0,0,0,0,0,246,4,16,6,47,0.710214,0.323154,1759305.003965,2398527.409782,0.039885,0.062439,0.031245,0.008640,0.031194,0.026737,0.096530,0.409225,0.393030,-0.254740,-0.565900,2.012167,False,0.057000
v6-3__H20__S0__P6K7__E2_B12,v6-3,20,S0,P6K7,E2_B12,E2,421,295,285,0,4,0,122,0,3,7,34,10,11,0,0,0,0,0,31,87,167,0,0,0,0,0,0,0,246,4,16,6,49,0.700713,0.358919,1669883.561540,2296442.951852,0.036136,0.059244,0.031245,0.004891,0.028000,0.013628,0.078012,0.376779,0.379839,-0.262166,-0.584758,2.095687,False,0.082000
v6-3__H20__S0__P6K7__E2_B13,v6-3,20,S0,P6K7,E2_B13,E2,421,302,294,0,4,0,115,0,3,5,36,8,12,0,0,0,0,0,59,120,115,0,0,0,0,0,0,0,246,4,16,6,44,0.717340,0.283661,1723559.011083,2393550.179033,0.038408,0.062286,0.031245,0.007163,0.031041,0.025253,0.109431,0.414617,0.393814,-0.234204,-0.544628,2.180884,False,0.075000
v6-3__H20__S0__P6K7__E2_B14,v6-3,20,S0,P6K7,E2_B14,E2,421,306,296,0,4,0,111,0,3,7,26,10,13,0,0,0,0,0,73,47,176,0,0,0,0,0,0,0,246,4,16,6,39,0.726841,0.354338,2242163.323804,2896010.829118,0.057492,0.076393,0.031245,0.026247,0.045148,0.074074,0.127416,0.583559,0.455216,-0.204758,-0.460170,3.018348,False,0.086000
v6-3__H20__S0__P6K7__E2_B18,v6-3,20,S0,P6K7,E2_B18,E2,421,309,300,0,4,0,108,0,3,6,28,9,13,0,0,0,0,0,65,90,145,0,0,0,0,0,0,0,246,4,16,6,42,0.733967,0.318846,1887582.058217,2447481.889100,0.044964,0.063926,0.031245,0.013719,0.032681,0.043027,0.102499,0.474341,0.400126,-0.218797,-0.548270,2.348424,False,0.054000
v6-3__H20__S0__P6K7__E2_B19,v6-3,20,S0,P6K7,E2_B19,E2,421,296,286,0,4,0,121,0,3,7,34,10,11,0,0,0,0,0,34,89,163,0,0,0,0,0,0,0,246,4,16,6,49,0.703088,0.359929,1791413.364779,2438963.740290,0.041187,0.063669,0.031245,0.009943,0.032425,0.027625,0.090086,0.422229,0.399433,-0.259755,-0.582332,2.271643,False,0.063000
v6-3__H20__S0__P6K7__E2_B2,v6-3,20,S0,P6K7,E2_B2,E2,421,307,298,0,4,0,110,0,3,6,28,9,13,0,0,0,0,0,65,89,144,0,0,0,0,0,0,0,246,4,16,6,42,0.729216,0.319579,1903809.264311,2455830.999443,0.045583,0.064177,0.031245,0.014339,0.032932,0.044867,0.103049,0.479261,0.401303,-0.217006,-0.542635,2.273539,False,0.056000
v6-3__H20__S0__P6K7__E2_B20,v6-3,20,S0,P6K7,E2_B20,E2,421,310,301,0,4,0,107,0,3,6,28,9,13,0,0,0,0,0,70,89,142,0,0,0,0,0,0,0,246,4,16,6,41,0.736342,0.318903,1948475.236681,2500824.549407,0.047263,0.065515,0.031245,0.016019,0.034271,0.050230,0.107464,0.505130,0.407840,-0.213861,-0.538631,2.468364,False,0.082000
v6-3__H20__S0__P6K7__E2_B3,v6-3,20,S0,P6K7,E2_B3,E2,421,306,297,0,4,0,111,0,3,6,28,9,13,0,0,0,0,0,68,90,139,0,0,0,0,0,0,0,246,4,16,6,42,0.726841,0.318530,1941840.092153,2507515.327878,0.047016,0.065712,0.031245,0.015771,0.034468,0.049513,0.108209,0.495967,0.408329,-0.215156,-0.539376,2.285786,False,0.081000
v6-3__H20__S0__P6K7__E2_B4,v6-3,20,S0,P6K7,E2_B4,E2,421,300,291,0,4,0,117,0,3,6,30,9,11,0,0,0,0,0,64,88,139,0,0,0,0,0,0,0,246,4,16,6,43,0.712589,0.317854,1813534.761391,2401484.761053,0.042073,0.062529,0.031245,0.010828,0.031285,0.034066,0.098425,0.439388,0.394151,-0.230632,-0.549483,2.205531,False,0.081000
v6-3__H20__S0__P6K7__E2_B5,v6-3,20,S0,P6K7,E2_B5,E2,421,300,291,0,4,0,117,0,3,6,30,9,11,0,0,0,0,0,64,88,139,0,0,0,0,0,0,0,246,4,16,6,43,0.712589,0.317854,1813534.761391,2401484.761053,0.042073,0.062529,0.031245,0.010828,0.031285,0.034066,0.098425,0.439388,0.394151,-0.230632,-0.549483,2.205531,False,0.054000
v6-3__H20__S0__P6K7__E2_B6,v6-3,20,S0,P6K7,E2_B6,E2,421,308,299,0,4,0,109,0,3,6,30,9,11,0,0,0,0,0,69,90,140,0,0,0,0,0,0,0,246,4,16,6,41,0.731591,0.317311,1859909.195289,2450674.373321,0.043896,0.064022,0.031245,0.012651,0.032777,0.039870,0.103297,0.465663,0.401388,-0.227685,-0.545356,2.293015,False,0.087000
v6-3__H20__S0__P6K7__E2_B7,v6-3,20,S0,P6K7,E2_B7,E2,421,297,288,0,4,0,120,0,3,6,30,9,11,0,0,0,0,0,58,88,142,0,0,0,0,0,0,0,246,4,16,6,45,0.705463,0.318205,1760805.125582,2342669.072147,0.039946,0.060707,0.031245,0.008701,0.029462,0.027345,0.092589,0.417588,0.385739,-0.233290,-0.557780,2.032723,False,0.054000
v6-3__H20__S0__P6K7__E2_B8,v6-3,20,S0,P6K7,E2_B8,E2,421,296,287,0,4,0,121,0,3,6,30,9,11,0,0,0,0,0,62,86,139,0,0,0,0,0,0,0,246,4,16,6,45,0.703088,0.317484,1771878.609262,2349338.317329,0.040397,0.060916,0.031245,0.009153,0.029671,0.028830,0.093457,0.422537,0.386848,-0.238465,-0.556650,1.971629,False,0.084000
v6-3__H20__S0__P6K7__E2_B9,v6-3,20,S0,P6K7,E2_B9,E2,421,307,299,0,4,0,110,0,3,5,27,8,11,0,0,0,0,0,78,87,134,0,0,0,0,0,0,0,246,4,16,6,43,0.729216,0.310258,1816405.199377,2373114.659101,0.042187,0.061655,0.031245,0.010942,0.030411,0.035268,0.098018,0.441015,0.390536,-0.227395,-0.549532,2.454491,False,0.071000
v6-3__H20__S0__P6K7__E3,v6-3,20,S0,P6K7,E3,E3,421,290,282,0,4,0,127,0,1,7,3348,8,0,0,0,0,0,0,0,0,44,238,0,0,0,0,0,0,246,4,16,6,49,0.688836,0.375766,1497471.523347,2201141.605454,0.028348,0.056141,0.031245,-0.002896,0.024896,-0.007708,0.066255,0.342955,0.374950,-0.170568,-0.498569,1.596834,False,0.045000
v6-3__H20__S0__P6K7__E4,v6-3,20,S0,P6K7,E4,E4,421,300,457,0,4,0,117,0,1,11,2322,12,0,0,0,6,0,0,0,0,179,109,169,0,0,0,0,0,246,4,16,6,51,0.712589,0.433830,1935000.789062,2486928.753976,0.046760,0.065104,0.031245,0.015516,0.033860,0.035764,0.078048,0.508840,0.411743,-0.173103,-0.478671,8.082963,False,0.096000
v6-3__H20__S0__P6K7__E5,v6-3,20,S0,P6K7,E5,E5,421,308,298,0,4,0,109,0,2,8,3343,10,0,0,0,0,0,0,0,0,138,0,0,160,0,0,0,0,246,4,16,6,51,0.731591,0.432624,1752071.349736,2330750.998530,0.039588,0.060332,0.031245,0.008344,0.029088,0.019286,0.067236,0.414470,0.389578,-0.224029,-0.570794,1.973871,False,0.077000
v6-3__H20__S0__P6K7__E6,v6-3,20,S0,P6K7,E6,E6,421,338,329,0,4,0,79,0,1,8,1998,9,0,0,0,0,0,0,0,0,152,0,0,0,177,0,0,0,246,4,16,6,28,0.802850,0.421922,2134929.834619,2794853.627789,0.053910,0.073747,0.031245,0.022665,0.042502,0.053719,0.100734,0.565768,0.450709,-0.174214,-0.512584,2.904576,False,0.047000
v6-3__H20__S0__P6K7__E7,v6-3,20,S0,P6K7,E7,E7,421,269,256,0,4,0,148,0,3,10,2312,13,0,0,0,0,0,0,0,0,204,0,0,0,0,52,0,0,246,4,16,6,51,0.638955,0.544886,2240140.590041,2930963.271548,0.057426,0.077287,0.031245,0.026181,0.046043,0.048049,0.084500,0.552812,0.464198,-0.200146,-0.490419,2.911794,False,0.053000
v6-3__H25__S0__P6K3__E0,v6-3,25,S0,P6K3,E0,E0,421,167,158,0,4,0,250,0,0,9,15,9,0,0,0,0,0,158,0,0,0,0,0,0,0,0,0,0,246,4,16,17,130,0.396675,1.027235,2309750.001920,2448845.923082,0.059668,0.063967,0.031245,0.028424,0.032722,0.027670,0.031855,0.413625,0.382068,-0.266044,-0.407694,2.246238,False,0.039000
v6-3__H25__S0__P6K3__E1_A1,v6-3,25,S0,P6K3,E1_A1,E1,421,243,238,0,4,0,174,0,2,3,29,5,0,0,0,0,0,0,71,112,55,0,0,0,0,0,0,0,246,4,16,17,119,0.577197,0.442257,1224491.295992,1736688.525617,0.014120,0.038954,0.031245,-0.017125,0.007709,-0.038721,0.017431,0.168362,0.283097,-0.345627,-0.602203,1.145477,False,0.085000
v6-3__H25__S0__P6K3__E1_A10,v6-3,25,S0,P6K3,E1_A10,E1,421,203,197,0,4,0,214,0,1,5,33,6,0,0,0,0,0,0,24,100,73,0,0,0,0,0,0,0,246,4,16,17,145,0.482185,0.487256,1171977.397516,1762288.485942,0.011047,0.040007,0.031245,-0.020198,0.008762,-0.041452,0.017983,0.151767,0.286692,-0.416891,-0.628291,0.863047,False,0.050000
v6-3__H25__S0__P6K3__E1_A11,v6-3,25,S0,P6K3,E1_A11,E1,421,231,224,0,4,0,186,0,1,6,25,7,0,0,0,0,0,0,33,78,113,0,0,0,0,0,0,0,246,4,16,17,129,0.548694,0.577565,1433240.368348,1925740.779975,0.025232,0.046413,0.031245,-0.006013,0.015168,-0.010410,0.026262,0.229699,0.312074,-0.405121,-0.608652,1.920121,False,0.041000
v6-3__H25__S0__P6K3__E1_A12,v6-3,25,S0,P6K3,E1_A12,E1,421,218,208,0,4,0,199,0,3,7,23,10,0,0,0,0,0,0,27,50,131,0,0,0,0,0,0,0,246,4,16,17,103,0.517815,0.837565,2430173.761900,2832924.908436,0.063403,0.074753,0.031245,0.032159,0.043508,0.038395,0.051946,0.459329,0.427634,-0.296902,-0.454609,1.837341,False,0.058000
v6-3__H25__S0__P6K3__E1_A2,v6-3,25,S0,P6K3,E1_A2,E1,421,254,248,0,4,0,163,0,1,5,24,6,0,0,0,0,0,0,85,82,81,0,0,0,0,0,0,0,246,4,16,17,114,0.603325,0.528571,1483475.227313,1789661.386104,0.027680,0.041117,0.031245,-0.003565,0.009872,-0.006744,0.018678,0.257395,0.291737,-0.362493,-0.590993,1.897885,False,0.054000
v6-3__H25__S0__P6K3__E1_A3,v6-3,25,S0,P6K3,E1_A3,E1,421,250,241,0,4,0,167,0,3,6,20,9,0,0,0,0,0,0,96,48,97,0,0,0,0,0,0,0,246,4,16,17,82,0.593824,0.745138,2864955.880208,3254322.041110,0.075590,0.085121,0.031245,0.044345,0.053876,0.059513,0.072304,0.579436,0.475723,-0.224582,-0.403819,3.139126,False,0.058000
v6-3__H25__S0__P6K3__E1_A4,v6-3,25,S0,P6K3,E1_A4,E1,421,257,249,0,4,0,160,0,3,5,31,8,0,0,0,0,0,0,64,111,74,0,0,0,0,0,0,0,246,4,16,17,85,0.610451,0.606632,2334242.434106,2883161.924752,0.060442,0.076061,0.031245,0.029198,0.044817,0.048131,0.073878,0.486244,0.438106,-0.300240,-0.487981,2.609208,False,0.057000
v6-3__H25__S0__P6K3__E1_A5,v6-3,25,S0,P6K3,E1_A5,E1,421,267,258,0,4,0,150,0,3,6,27,9,0,0,0,0,0,0,74,80,104,0,0,0,0,0,0,0,246,4,16,17,78,0.634204,0.699599,2605387.365261,2905237.142424,0.068541,0.076630,0.031245,0.037296,0.045385,0.053311,0.064873,0.549019,0.440879,-0.262206,-0.468949,3.102615,False,0.043000
v6-3__H25__S0__P6K3__E1_A6,v6-3,25,S0,P6K3,E1_A6,E1,421,263,253,0,4,0,154,0,3,7,21,10,0,0,0,0,0,0,71,52,130,0,0,0,0,0,0,0,246,4,16,17,69,0.624703,0.800219,3710354.639375,4106578.118399,0.095018,0.102736,0.031245,0.063773,0.071492,0.079694,0.089340,0.724543,0.545477,-0.185398,-0.391014,3.243129,False,0.037000
v6-3__H25__S0__P6K3__E1_A7,v6-3,25,S0,P6K3,E1_A7,E1,421,242,236,0,4,0,175,0,1,5,34,6,0,0,0,0,0,0,44,110,82,0,0,0,0,0,0,0,246,4,16,17,110,0.574822,0.491597,1452726.360871,2106561.539880,0.026191,0.052934,0.031245,-0.005054,0.021690,-0.010280,0.044121,0.236776,0.339461,-0.368576,-0.572452,1.866102,False,0.055000
v6-3__H25__S0__P6K3__E1_A8,v6-3,25,S0,P6K3,E1_A8,E1,421,252,245,0,4,0,165,0,1,6,29,7,0,0,0,0,0,0,50,79,116,0,0,0,0,0,0,0,246,4,16,17,97,0.598575,0.545631,1864278.915909,2355190.628902,0.044065,0.061098,0.031245,0.012821,0.029854,0.023497,0.054714,0.340439,0.370283,-0.357235,-0.546472,2.567804,False,0.061000
v6-3__H25__S0__P6K3__E1_A9,v6-3,25,S0,P6K3,E1_A9,E1,421,230,222,0,4,0,187,0,1,7,22,8,0,0,0,0,0,0,45,49,128,0,0,0,0,0,0,0,246,4,16,17,79,0.546318,0.800000,3290166.357245,3762877.814849,0.085944,0.096084,0.031245,0.054699,0.064839,0.068374,0.081049,0.607072,0.513011,-0.250050,-0.428770,2.757357,False,0.033000
v6-3__H25__S0__P6K3__E2_B1,v6-3,25,S0,P6K3,E2_B1,E2,421,263,254,0,4,0,154,0,3,6,29,9,10,0,0,0,0,0,67,80,107,0,0,0,0,0,0,0,246,4,16,17,81,0.624703,0.706125,2585489.120920,2975007.897362,0.067974,0.078400,0.031245,0.036729,0.047156,0.052015,0.066781,0.508637,0.445239,-0.276476,-0.465605,2.635932,False,0.082000
v6-3__H25__S0__P6K3__E2_B10,v6-3,25,S0,P6K3,E2_B10,E2,421,265,257,0,4,0,152,0,3,5,24,8,11,0,0,0,0,0,90,78,89,0,0,0,0,0,0,0,246,4,16,17,77,0.629454,0.676951,2762690.156321,3069314.204421,0.072886,0.080733,0.031245,0.041642,0.049488,0.061514,0.073104,0.563929,0.457720,-0.285095,-0.453402,2.904875,False,0.077000
v6-3__H25__S0__P6K3__E2_B11,v6-3,25,S0,P6K3,E2_B11,E2,421,238,229,0,4,0,179,0,3,6,28,9,12,0,0,0,0,0,37,76,116,0,0,0,0,0,0,0,246,4,16,17,96,0.565321,0.558983,1868454.436653,2416193.636984,0.044227,0.062979,0.031245,0.012983,0.031734,0.023225,0.056771,0.334790,0.376140,-0.335366,-0.504889,2.101160,False,0.049000
v6-3__H25__S0__P6K3__E2_B12,v6-3,25,S0,P6K3,E2_B12,E2,421,216,209,0,4,0,201,0,1,6,24,7,12,0,0,0,0,0,19,75,115,0,0,0,0,0,0,0,246,4,16,17,124,0.513064,0.588601,1389359.492217,1863785.295214,0.023027,0.044046,0.031245,-0.008217,0.012802,-0.013961,0.021749,0.215943,0.301266,-0.404924,-0.589149,1.052178,False,0.051000
v6-3__H25__S0__P6K3__E2_B13,v6-3,25,S0,P6K3,E2_B13,E2,421,250,242,0,4,0,167,0,3,5,34,8,10,0,0,0,0,0,54,114,74,0,0,0,0,0,0,0,246,4,16,17,98,0.593824,0.504225,1830400.106827,2455126.239882,0.042741,0.064156,0.031245,0.011496,0.032911,0.022799,0.065270,0.342087,0.385551,-0.353342,-0.530399,1.916370,False,0.050000
v6-3__H25__S0__P6K3__E2_B14,v6-3,25,S0,P6K3,E2_B14,E2,421,239,229,0,4,0,178,0,3,7,22,10,12,0,0,0,0,0,59,46,124,0,0,0,0,0,0,0,246,4,16,17,76,0.567696,0.797865,3522426.765997,3986695.005478,0.091084,0.100477,0.031245,0.059840,0.069232,0.075000,0.086772,0.660609,0.533616,-0.261913,-0.417426,3.377131,False,0.081000
v6-3__H25__S0__P6K3__E2_B18,v6-3,25,S0,P6K3,E2_B18,E2,421,263,256,0,4,0,154,0,1,6,26,7,11,0,0,0,0,0,68,78,110,0,0,0,0,0,0,0,246,4,16,17,77,0.624703,0.711344,2674343.235689,3050468.672485,0.070475,0.080272,0.031245,0.039231,0.049027,0.055150,0.068922,0.541848,0.452482,-0.254748,-0.443243,3.223122,False,0.056000
v6-3__H25__S0__P6K3__E2_B19,v6-3,25,S0,P6K3,E2_B19,E2,421,233,224,0,4,0,184,0,2,7,29,9,11,0,0,0,0,0,22,81,121,0,0,0,0,0,0,0,246,4,16,17,111,0.553444,0.618120,1713071.156485,2242589.573115,0.037969,0.057506,0.031245,0.006725,0.026261,0.010879,0.042485,0.297431,0.354889,-0.389059,-0.570333,1.265241,False,0.077000
v6-3__H25__S0__P6K3__E2_B2,v6-3,25,S0,P6K3,E2_B2,E2,421,264,257,0,4,0,153,0,1,6,26,7,10,0,0,0,0,0,69,78,110,0,0,0,0,0,0,0,246,4,16,17,77,0.627078,0.715885,2823985.084907,3157242.758688,0.074518,0.082848,0.031245,0.043273,0.051603,0.060447,0.072083,0.574272,0.463883,-0.238953,-0.443243,2.996398,False,0.055000
v6-3__H25__S0__P6K3__E2_B20,v6-3,25,S0,P6K3,E2_B20,E2,421,277,268,0,4,0,140,0,3,6,26,9,11,0,0,0,0,0,75,86,107,0,0,0,0,0,0,0,246,4,16,17,71,0.657957,0.716694,2991548.586412,3384764.036909,0.078814,0.088077,0.031245,0.047570,0.056833,0.066374,0.079298,0.624527,0.487845,-0.236447,-0.443243,2.757905,False,0.056000
v6-3__H25__S0__P6K3__E2_B3,v6-3,25,S0,P6K3,E2_B3,E2,421,266,259,0,4,0,151,0,1,6,26,7,10,0,0,0,0,0,70,80,109,0,0,0,0,0,0,0,246,4,16,17,75,0.631829,0.714124,2954012.422129,3349552.471652,0.077872,0.087290,0.031245,0.046627,0.056045,0.065293,0.078481,0.603274,0.482827,-0.238558,-0.443243,3.104626,False,0.056000
v6-3__H25__S0__P6K3__E2_B4,v6-3,25,S0,P6K3,E2_B4,E2,421,263,254,0,4,0,154,0,3,6,29,9,10,0,0,0,0,0,67,80,107,0,0,0,0,0,0,0,246,4,16,17,81,0.624703,0.706125,2585489.120920,2975007.897362,0.067974,0.078400,0.031245,0.036729,0.047156,0.052015,0.066781,0.508637,0.445239,-0.276476,-0.465605,2.635932,False,0.076000
v6-3__H25__S0__P6K3__E2_B5,v6-3,25,S0,P6K3,E2_B5,E2,421,263,254,0,4,0,154,0,3,6,29,9,10,0,0,0,0,0,67,80,107,0,0,0,0,0,0,0,246,4,16,17,81,0.624703,0.706125,2585489.120920,2975007.897362,0.067974,0.078400,0.031245,0.036729,0.047156,0.052015,0.066781,0.508637,0.445239,-0.276476,-0.465605,2.635932,False,0.056000
v6-3__H25__S0__P6K3__E2_B6,v6-3,25,S0,P6K3,E2_B6,E2,421,267,258,0,4,0,150,0,3,6,29,9,10,0,0,0,0,0,74,80,104,0,0,0,0,0,0,0,246,4,16,17,75,0.634204,0.708418,2739117.481424,3180371.864351,0.072250,0.083395,0.031245,0.041006,0.052151,0.057883,0.073616,0.555359,0.468267,-0.276476,-0.465605,2.816306,False,0.070000
v6-3__H25__S0__P6K3__E2_B7,v6-3,25,S0,P6K3,E2_B7,E2,421,258,251,0,4,0,159,0,1,6,29,7,10,0,0,0,0,0,62,80,109,0,0,0,0,0,0,0,246,4,16,17,85,0.612827,0.701712,2336345.357295,2729578.540308,0.060508,0.071991,0.031245,0.029264,0.040747,0.041703,0.058068,0.453276,0.417606,-0.278611,-0.465605,2.444113,False,0.079000
v6-3__H25__S0__P6K3__E2_B8,v6-3,25,S0,P6K3,E2_B8,E2,421,259,251,0,4,0,158,0,2,6,29,8,10,0,0,0,0,0,67,78,106,0,0,0,0,0,0,0,246,4,16,17,86,0.615202,0.701978,2465401.419079,2847071.740367,0.064463,0.075123,0.031245,0.033219,0.043879,0.047322,0.062508,0.484653,0.431666,-0.276656,-0.465605,2.509369,False,0.054000
v6-3__H25__S0__P6K3__E2_B9,v6-3,25,S0,P6K3,E2_B9,E2,421,241,233,0,4,0,176,0,3,5,24,8,10,0,0,0,0,0,66,73,94,0,0,0,0,0,0,0,246,4,16,17,80,0.572447,0.690412,2800812.826323,3189919.557535,0.073905,0.083620,0.031245,0.042660,0.052376,0.061790,0.075861,0.542770,0.466945,-0.279884,-0.471079,2.631181,False,0.049000
v6-3__H25__S0__P6K3__E3,v6-3,25,S0,P6K3,E3,E3,421,210,204,0,4,0,207,0,0,6,3227,6,0,0,0,0,0,0,0,0,18,186,0,0,0,0,0,0,246,4,16,17,138,0.498812,0.651857,1604116.577629,2149704.226099,0.033258,0.054413,0.031245,0.002013,0.023169,0.003088,0.035543,0.307880,0.356804,-0.260110,-0.473251,0.673908,False,0.041000
v6-3__H25__S0__P6K3__E4,v6-3,25,S0,P6K3,E4,E4,421,205,323,0,4,0,212,0,0,9,2215,9,0,0,0,5,0,0,0,0,103,93,127,0,0,0,0,0,246,4,16,17,121,0.486936,0.868186,2178527.226492,2266973.140452,0.055386,0.058298,0.031245,0.024141,0.027053,0.027807,0.031160,0.465718,0.369870,-0.245243,-0.410233,7.765262,False,0.049000
v6-3__H25__S0__P6K3__E5,v6-3,25,S0,P6K3,E5,E5,421,223,217,0,4,0,194,0,0,6,3226,6,0,0,0,0,0,0,0,0,90,0,0,127,0,0,0,0,246,4,16,17,139,0.529691,0.705822,1591319.592798,2052887.992046,0.032685,0.051055,0.031245,0.001440,0.019810,0.002041,0.028067,0.281902,0.337141,-0.339211,-0.571088,1.553538,False,0.070000
v6-3__H25__S0__P6K3__E6,v6-3,25,S0,P6K3,E6,E6,421,312,295,0,4,0,105,0,9,8,1990,17,0,0,0,0,0,0,0,0,128,0,0,0,167,0,0,0,246,4,16,17,72,0.741093,0.914271,2863083.182262,3449278.376553,0.075541,0.089500,0.031245,0.044296,0.058256,0.048450,0.063718,0.555112,0.496237,-0.245947,-0.466819,2.548499,False,0.048000
v6-3__H25__S0__P6K3__E7,v6-3,25,S0,P6K3,E7,E7,421,199,189,0,4,0,218,0,1,9,2200,10,0,0,0,0,0,0,0,0,125,0,0,0,0,64,0,0,246,4,16,17,106,0.472684,1.040435,2572843.340119,2793674.237086,0.067611,0.073715,0.031245,0.036367,0.042471,0.034954,0.040820,0.472916,0.425842,-0.244864,-0.415672,2.434990,False,0.078000
v6-3__H25__S0__P6K5__E0,v6-3,25,S0,P6K5,E0,E0,421,243,227,0,4,0,174,0,4,12,15,16,0,0,0,0,0,227,0,0,0,0,0,0,0,0,0,0,246,4,16,9,81,0.577197,0.809588,2465787.059754,3006712.817686,0.064475,0.079192,0.031245,0.033230,0.047947,0.041046,0.059224,0.498424,0.455307,-0.212039,-0.465154,2.838922,False,0.047000
v6-3__H25__S0__P6K5__E1_A1,v6-3,25,S0,P6K5,E1_A1,E1,421,287,279,0,4,0,130,0,4,4,31,8,0,0,0,0,0,0,92,121,66,0,0,0,0,0,0,0,246,4,16,9,58,0.681710,0.380639,1953224.341070,2634541.763900,0.047440,0.069364,0.031245,0.016195,0.038120,0.042547,0.100147,0.458262,0.421550,-0.240213,-0.541162,2.272431,False,0.033000
v6-3__H25__S0__P6K5__E1_A10,v6-3,25,S0,P6K5,E1_A10,E1,421,266,259,0,4,0,151,0,1,6,37,7,0,0,0,0,0,0,38,119,102,0,0,0,0,0,0,0,246,4,16,9,69,0.631829,0.459671,1844410.403395,2603741.884540,0.043291,0.068494,0.031245,0.012047,0.037250,0.026207,0.081035,0.387588,0.415353,-0.283188,-0.594143,2.198846,False,0.062000
v6-3__H25__S0__P6K5__E1_A11,v6-3,25,S0,P6K5,E1_A11,E1,421,272,262,0,4,0,145,0,3,7,31,10,0,0,0,0,0,0,41,89,132,0,0,0,0,0,0,0,246,4,16,9,68,0.646081,0.506563,1928189.669772,2551974.484869,0.046505,0.067010,0.031245,0.015260,0.035765,0.030125,0.070604,0.411399,0.407928,-0.283585,-0.588505,2.308878,False,0.045000
v6-3__H25__S0__P6K5__E1_A12,v6-3,25,S0,P6K5,E1_A12,E1,421,267,258,0,4,0,150,0,1,8,23,9,0,0,0,0,0,0,37,56,165,0,0,0,0,0,0,0,246,4,16,9,59,0.634204,0.570548,2574803.983228,3272243.851282,0.067668,0.085533,0.031245,0.036423,0.054289,0.063839,0.095152,0.559695,0.483509,-0.218354,-0.504831,2.733637,False,0.066000
v6-3__H25__S0__P6K5__E1_A2,v6-3,25,S0,P6K5,E1_A2,E1,421,289,280,0,4,0,128,0,4,5,25,9,0,0,0,0,0,0,99,86,95,0,0,0,0,0,0,0,246,4,16,9,62,0.686461,0.428861,2015304.495774,2522001.466389,0.049711,0.066137,0.031245,0.018466,0.034893,0.043059,0.081361,0.475863,0.407298,-0.226657,-0.540458,2.713365,False,0.037000
v6-3__H25__S0__P6K5__E1_A3,v6-3,25,S0,P6K5,E1_A3,E1,421,299,290,0,4,0,118,0,3,6,23,9,0,0,0,0,0,0,112,58,120,0,0,0,0,0,0,0,246,4,16,9,49,0.710214,0.486294,2608107.840769,3164010.356277,0.068618,0.083008,0.031245,0.037374,0.051764,0.076854,0.106446,0.625683,0.478694,-0.183599,-0.456624,3.166190,False,0.069000
v6-3__H25__S0__P6K5__E1_A4,v6-3,25,S0,P6K5,E1_A4,E1,421,295,285,0,4,0,122,0,5,5,32,10,0,0,0,0,0,0,74,127,84,0,0,0,0,0,0,0,246,4,16,9,53,0.700713,0.408233,2280785.645146,3001792.593564,0.058743,0.079070,0.031245,0.027498,0.047825,0.067359,0.117151,0.553645,0.461282,-0.211067,-0.519061,2.704189,False,0.037000
v6-3__H25__S0__P6K5__E1_A5,v6-3,25,S0,P6K5,E1_A5,E1,421,296,287,0,4,0,121,0,3,6,28,9,0,0,0,0,0,0,79,95,113,0,0,0,0,0,0,0,246,4,16,9,52,0.703088,0.456154,2293262.109752,2816007.594987,0.059143,0.074307,0.031245,0.027898,0.043063,0.061160,0.094404,0.552627,0.440251,-0.227315,-0.541969,2.570183,False,0.044000
v6-3__H25__S0__P6K5__E1_A6,v6-3,25,S0,P6K5,E1_A6,E1,421,307,297,0,4,0,110,0,3,7,24,10,0,0,0,0,0,0,90,57,150,0,0,0,0,0,0,0,246,4,16,9,44,0.729216,0.517603,2978791.063790,3574919.695361,0.078495,0.092202,0.031245,0.047251,0.060958,0.091287,0.117769,0.702560,0.514415,-0.163832,-0.442174,3.372076,False,0.045000
v6-3__H25__S0__P6K5__E1_A7,v6-3,25,S0,P6K5,E1_A7,E1,421,280,274,0,4,0,137,0,1,5,35,6,0,0,0,0,0,0,55,128,91,0,0,0,0,0,0,0,246,4,16,9,58,0.665083,0.414876,2077976.558247,2900668.119380,0.051939,0.076513,0.031245,0.020694,0.045268,0.049881,0.109112,0.466932,0.449221,-0.252077,-0.542379,2.227231,False,0.059000
v6-3__H25__S0__P6K5__E1_A8,v6-3,25,S0,P6K5,E1_A8,E1,421,284,277,0,4,0,133,0,1,6,30,7,0,0,0,0,0,0,59,95,123,0,0,0,0,0,0,0,246,4,16,9,61,0.674584,0.463507,2125412.250641,2775433.759078,0.053584,0.073228,0.031245,0.022339,0.041984,0.048196,0.090579,0.478808,0.434296,-0.247696,-0.548047,2.408101,False,0.044000
v6-3__H25__S0__P6K5__E1_A9,v6-3,25,S0,P6K5,E1_A9,E1,421,279,271,0,4,0,138,0,1,7,22,8,0,0,0,0,0,0,55,57,159,0,0,0,0,0,0,0,246,4,16,9,51,0.662708,0.528278,2900357.832002,3619935.460273,0.076505,0.093149,0.031245,0.045260,0.061904,0.085675,0.117181,0.648710,0.515305,-0.211454,-0.443702,2.850003,False,0.046000
v6-3__H25__S0__P6K5__E2_B1,v6-3,25,S0,P6K5,E2_B1,E2,421,289,278,0,4,0,128,0,5,6,29,11,13,0,0,0,0,0,70,92,116,0,0,0,0,0,0,0,246,4,16,9,54,0.686461,0.460905,2288422.800850,2876538.088281,0.058988,0.075890,0.031245,0.027743,0.044646,0.060193,0.096865,0.530057,0.445746,-0.227916,-0.523888,2.464463,False,0.087000
v6-3__H25__S0__P6K5__E2_B10,v6-3,25,S0,P6K5,E2_B10,E2,421,298,284,0,4,0,119,0,9,5,26,14,11,0,0,0,0,0,98,87,99,0,0,0,0,0,0,0,246,4,16,9,51,0.707838,0.441558,2393103.049722,2904238.113767,0.062272,0.076604,0.031245,0.031028,0.045360,0.070268,0.102726,0.583309,0.451486,-0.235533,-0.504325,2.972212,False,0.054000
v6-3__H25__S0__P6K5__E2_B11,v6-3,25,S0,P6K5,E2_B11,E2,421,280,273,0,4,0,137,0,1,6,30,7,11,0,0,0,0,0,51,92,130,0,0,0,0,0,0,0,246,4,16,9,63,0.665083,0.469238,2060196.150540,2718921.233214,0.051313,0.071701,0.031245,0.020069,0.040456,0.042769,0.086217,0.450679,0.426043,-0.243184,-0.540568,2.270166,False,0.052000
v6-3__H25__S0__P6K5__E2_B12,v6-3,25,S0,P6K5,E2_B12,E2,421,272,264,0,4,0,145,0,1,7,30,8,13,0,0,0,0,0,33,89,142,0,0,0,0,0,0,0,246,4,16,9,70,0.646081,0.507657,1837371.059264,2469590.830580,0.043015,0.064588,0.031245,0.011770,0.033344,0.023186,0.065682,0.379534,0.396105,-0.285060,-0.581222,2.143411,False,0.047000
v6-3__H25__S0__P6K5__E2_B13,v6-3,25,S0,P6K5,E2_B13,E2,421,280,272,0,4,0,137,0,3,5,34,8,10,0,0,0,0,0,63,126,83,0,0,0,0,0,0,0,246,4,16,9,60,0.665083,0.408226,2063279.361029,2822649.293095,0.051422,0.074482,0.031245,0.020178,0.043238,0.049427,0.105917,0.470022,0.440477,-0.252114,-0.531209,2.250512,False,0.054000
v6-3__H25__S0__P6K5__E2_B14,v6-3,25,S0,P6K5,E2_B14,E2,421,282,270,0,4,0,135,0,5,7,22,12,14,0,0,0,0,0,65,54,151,0,0,0,0,0,0,0,246,4,16,9,50,0.669834,0.519173,2874258.380334,3529996.352140,0.075831,0.091246,0.031245,0.044587,0.060002,0.085880,0.115572,0.654013,0.509019,-0.211130,-0.440792,3.006983,False,0.124000
v6-3__H25__S0__P6K5__E2_B18,v6-3,25,S0,P6K5,E2_B18,E2,421,293,282,0,4,0,124,0,5,6,27,11,13,0,0,0,0,0,71,92,119,0,0,0,0,0,0,0,246,4,16,9,53,0.695962,0.462868,2358448.933919,2929330.662051,0.061200,0.077246,0.031245,0.029955,0.046001,0.064717,0.099383,0.554989,0.450798,-0.224043,-0.530090,2.643697,False,0.086000
v6-3__H25__S0__P6K5__E2_B19,v6-3,25,S0,P6K5,E2_B19,E2,421,276,267,0,4,0,141,0,2,7,30,9,13,0,0,0,0,0,35,92,140,0,0,0,0,0,0,0,246,4,16,9,65,0.655582,0.517693,2006962.236589,2650490.982172,0.049410,0.069811,0.031245,0.018165,0.038567,0.035088,0.074497,0.429920,0.418622,-0.286328,-0.574276,2.240169,False,0.130000
v6-3__H25__S0__P6K5__E2_B2,v6-3,25,S0,P6K5,E2_B2,E2,421,294,284,0,4,0,123,0,4,6,27,10,13,0,0,0,0,0,75,91,118,0,0,0,0,0,0,0,246,4,16,9,53,0.698337,0.464967,2421701.655635,2954490.797272,0.063146,0.077884,0.031245,0.031902,0.046639,0.068610,0.100306,0.574148,0.454043,-0.218872,-0.515859,2.764860,False,0.045000
v6-3__H25__S0__P6K5__E2_B20,v6-3,25,S0,P6K5,E2_B20,E2,421,292,283,0,4,0,125,0,3,6,27,9,13,0,0,0,0,0,78,91,114,0,0,0,0,0,0,0,246,4,16,9,49,0.693587,0.464916,2524170.921071,3078360.391193,0.066201,0.080953,0.031245,0.034956,0.049708,0.075188,0.106919,0.613321,0.468197,-0.216128,-0.507155,2.810444,False,0.057000
v6-3__H25__S0__P6K5__E2_B3,v6-3,25,S0,P6K5,E2_B3,E2,421,290,281,0,4,0,127,0,3,6,27,9,13,0,0,0,0,0,75,92,114,0,0,0,0,0,0,0,246,4,16,9,52,0.688836,0.463065,2489435.587056,3052325.609267,0.065178,0.080317,0.031245,0.033934,0.049073,0.073281,0.105974,0.595515,0.464872,-0.218813,-0.512727,2.731829,False,0.085000
v6-3__H25__S0__P6K5__E2_B4,v6-3,25,S0,P6K5,E2_B4,E2,421,289,278,0,4,0,128,0,5,6,29,11,13,0,0,0,0,0,70,92,116,0,0,0,0,0,0,0,246,4,16,9,54,0.686461,0.460905,2288422.800850,2876538.088281,0.058988,0.075890,0.031245,0.027743,0.044646,0.060193,0.096865,0.530057,0.445746,-0.227916,-0.523888,2.464463,False,0.085000
v6-3__H25__S0__P6K5__E2_B5,v6-3,25,S0,P6K5,E2_B5,E2,421,289,278,0,4,0,128,0,5,6,29,11,13,0,0,0,0,0,70,92,116,0,0,0,0,0,0,0,246,4,16,9,54,0.686461,0.460905,2288422.800850,2876538.088281,0.058988,0.075890,0.031245,0.027743,0.044646,0.060193,0.096865,0.530057,0.445746,-0.227916,-0.523888,2.464463,False,0.093000
v6-3__H25__S0__P6K5__E2_B6,v6-3,25,S0,P6K5,E2_B6,E2,421,293,284,0,4,0,124,0,3,6,29,9,13,0,0,0,0,0,76,92,116,0,0,0,0,0,0,0,246,4,16,9,52,0.695962,0.461204,2403084.378043,3011557.186739,0.062578,0.079312,0.031245,0.031334,0.048068,0.067939,0.104222,0.573144,0.461508,-0.224338,-0.513825,2.631032,False,0.061000
v6-3__H25__S0__P6K5__E2_B7,v6-3,25,S0,P6K5,E2_B7,E2,421,281,274,0,4,0,136,0,1,6,29,7,13,0,0,0,0,0,64,91,119,0,0,0,0,0,0,0,246,4,16,9,60,0.667458,0.461209,2156660.951575,2752286.130019,0.054649,0.072606,0.031245,0.023405,0.041362,0.050746,0.089681,0.487881,0.430678,-0.227901,-0.539624,2.337182,False,0.057000
v6-3__H25__S0__P6K5__E2_B8,v6-3,25,S0,P6K5,E2_B8,E2,421,287,278,0,4,0,130,0,3,6,29,9,13,0,0,0,0,0,71,89,118,0,0,0,0,0,0,0,246,4,16,9,58,0.681710,0.460277,2236295.343887,2822890.566458,0.057300,0.074489,0.031245,0.026055,0.043244,0.056608,0.093953,0.514721,0.439574,-0.233903,-0.531435,2.445840,False,0.058000
v6-3__H25__S0__P6K5__E2_B9,v6-3,25,S0,P6K5,E2_B9,E2,421,293,282,0,4,0,124,0,6,5,28,11,11,0,0,0,0,0,85,91,106,0,0,0,0,0,0,0,246,4,16,9,56,0.695962,0.448899,2395007.657929,2969763.819790,0.062331,0.078268,0.031245,0.031086,0.047024,0.069250,0.104754,0.555031,0.456282,-0.230848,-0.521319,2.583410,False,0.058000
v6-3__H25__S0__P6K5__E3,v6-3,25,S0,P6K5,E3,E3,421,263,255,0,4,0,154,0,1,7,3347,8,0,0,0,0,0,0,0,0,24,231,0,0,0,0,0,0,246,4,16,9,86,0.624703,0.491156,1397258.945695,2007733.112415,0.023429,0.049437,0.031245,-0.007816,0.018193,-0.015913,0.037041,0.267223,0.340961,-0.196202,-0.469525,1.476019,False,0.065000
v6-3__H25__S0__P6K5__E4,v6-3,25,S0,P6K5,E4,E4,421,258,403,0,4,0,159,0,1,12,2331,13,0,0,0,4,0,0,0,0,128,117,158,0,0,0,0,0,246,4,16,9,78,0.612827,0.609859,1912306.552774,2276988.832780,0.045905,0.058621,0.031245,0.014661,0.027376,0.024040,0.044889,0.443752,0.377234,-0.213709,-0.444207,7.769314,False,0.039000
v6-3__H25__S0__P6K5__E5,v6-3,25,S0,P6K5,E5,E5,421,292,282,0,4,0,125,0,2,8,3338,10,0,0,0,0,0,0,0,0,117,0,0,165,0,0,0,0,246,4,16,9,82,0.693587,0.611543,1903782.594502,2479903.768870,0.045582,0.064896,0.031245,0.014338,0.033651,0.023445,0.055026,0.409078,0.404089,-0.227564,-0.558184,1.882768,False,0.080000
v6-3__H25__S0__P6K5__E6,v6-3,25,S0,P6K5,E6,E6,421,329,310,0,4,0,88,0,11,8,1990,19,0,0,0,0,0,0,0,0,136,0,0,0,174,0,0,0,246,4,16,9,46,0.781473,0.602127,2269366.568017,2871503.896873,0.058375,0.075760,0.031245,0.027130,0.044515,0.045058,0.073930,0.514337,0.451357,-0.214629,-0.509030,2.350359,False,0.073000
v6-3__H25__S0__P6K5__E7,v6-3,25,S0,P6K5,E7,E7,421,245,234,0,4,0,172,0,1,10,2304,11,0,0,0,0,0,0,0,0,154,0,0,0,0,80,0,0,246,4,16,9,62,0.581948,0.758681,2640065.238788,3309712.978255,0.069519,0.086389,0.031245,0.038275,0.055145,0.050449,0.072685,0.554172,0.490526,-0.210482,-0.461028,2.808065,False,0.057000
v6-3__H25__S0__P6K7__E0,v6-3,25,S0,P6K7,E0,E0,421,261,245,0,4,0,156,0,4,12,15,16,0,0,0,0,0,245,0,0,0,0,0,0,0,0,0,0,246,4,16,6,58,0.619952,0.605733,2310860.629872,2934991.186025,0.059703,0.077390,0.031245,0.028459,0.046145,0.046983,0.076181,0.513452,0.453887,-0.197579,-0.491233,3.349910,False,0.046000
v6-3__H25__S0__P6K7__E1_A1,v6-3,25,S0,P6K7,E1_A1,E1,421,311,303,0,4,0,106,0,4,4,33,8,0,0,0,0,0,0,102,131,70,0,0,0,0,0,0,0,246,4,16,6,43,0.738717,0.287377,1792341.116003,2373713.425036,0.041225,0.061674,0.031245,0.009980,0.030429,0.034729,0.105887,0.466396,0.392120,-0.201036,-0.559268,2.338511,False,0.059000
v6-3__H25__S0__P6K7__E1_A10,v6-3,25,S0,P6K7,E1_A10,E1,421,299,290,0,4,0,118,0,3,6,39,9,0,0,0,0,0,0,44,138,108,0,0,0,0,0,0,0,246,4,16,6,46,0.710214,0.348241,1805448.071501,2491210.853258,0.041750,0.065231,0.031245,0.010506,0.033986,0.030168,0.097595,0.433804,0.406438,-0.240956,-0.590822,1.988506,False,0.044000
v6-3__H25__S0__P6K7__E1_A11,v6-3,25,S0,P6K7,E1_A11,E1,421,296,288,0,4,0,121,0,1,7,34,8,0,0,0,0,0,0,44,101,143,0,0,0,0,0,0,0,246,4,16,6,50,0.703088,0.384510,1887629.459462,2486262.144818,0.044965,0.065084,0.031245,0.013721,0.033840,0.035684,0.088008,0.452186,0.404690,-0.254015,-0.603291,2.077103,False,0.046000
v6-3__H25__S0__P6K7__E1_A12,v6-3,25,S0,P6K7,E1_A12,E1,421,302,293,0,4,0,115,0,1,8,26,9,0,0,0,0,0,0,49,61,183,0,0,0,0,0,0,0,246,4,16,6,45,0.717340,0.427962,2330468.659007,2969741.835818,0.060323,0.078268,0.031245,0.029079,0.047023,0.067947,0.109877,0.567024,0.459413,-0.198796,-0.536194,2.829714,False,0.049000
v6-3__H25__S0__P6K7__E1_A2,v6-3,25,S0,P6K7,E1_A2,E1,421,326,312,0,4,0,91,0,9,5,28,14,0,0,0,0,0,0,111,98,103,0,0,0,0,0,0,0,246,4,16,6,44,0.774347,0.322380,1826603.734667,2305842.308260,0.042591,0.059544,0.031245,0.011346,0.028299,0.035195,0.087783,0.468192,0.382152,-0.214556,-0.578463,2.461698,False,0.045000
v6-3__H25__S0__P6K7__E1_A3,v6-3,25,S0,P6K7,E1_A3,E1,421,323,314,0,4,0,94,0,3,6,24,9,0,0,0,0,0,0,120,59,135,0,0,0,0,0,0,0,246,4,16,6,41,0.767221,0.364967,2336419.447971,2893830.691515,0.060511,0.076337,0.031245,0.029266,0.045092,0.080189,0.123551,0.621062,0.454873,-0.160046,-0.499783,3.540857,False,0.048000
v6-3__H25__S0__P6K7__E1_A4,v6-3,25,S0,P6K7,E1_A4,E1,421,321,311,0,4,0,96,0,5,5,36,10,0,0,0,0,0,0,81,137,93,0,0,0,0,0,0,0,246,4,16,6,38,0.762470,0.307169,2039857.057428,2657317.571138,0.050591,0.070002,0.031245,0.019347,0.038757,0.062984,0.126176,0.553668,0.427420,-0.180963,-0.543615,2.519784,False,0.063000
v6-3__H25__S0__P6K7__E1_A5,v6-3,25,S0,P6K7,E1_A5,E1,421,324,307,0,4,0,93,0,11,6,31,17,0,0,0,0,0,0,85,101,121,0,0,0,0,0,0,0,246,4,16,6,40,0.769596,0.342237,2054718.307474,2566008.791624,0.051119,0.067415,0.031245,0.019875,0.036170,0.058074,0.105688,0.540499,0.415061,-0.196582,-0.568819,2.451510,False,0.048000
v6-3__H25__S0__P6K7__E1_A6,v6-3,25,S0,P6K7,E1_A6,E1,421,323,313,0,4,0,94,0,3,7,25,10,0,0,0,0,0,0,96,59,158,0,0,0,0,0,0,0,246,4,16,6,38,0.767221,0.384606,2583227.970189,3145656.280609,0.067909,0.082572,0.031245,0.036665,0.051328,0.095331,0.133456,0.681759,0.479717,-0.160289,-0.496682,3.578233,False,0.053000
v6-3__H25__S0__P6K7__E1_A7,v6-3,25,S0,P6K7,E1_A7,E1,421,309,301,0,4,0,108,0,3,5,39,8,0,0,0,0,0,0,62,139,100,0,0,0,0,0,0,0,246,4,16,6,41,0.733967,0.313153,1948850.439541,2671863.339597,0.047277,0.070406,0.031245,0.016033,0.039162,0.051197,0.125057,0.499182,0.428888,-0.222216,-0.551651,2.261545,False,0.044000
v6-3__H25__S0__P6K7__E1_A8,v6-3,25,S0,P6K7,E1_A8,E1,421,312,300,0,4,0,105,0,6,6,33,12,0,0,0,0,0,0,65,103,132,0,0,0,0,0,0,0,246,4,16,6,43,0.741093,0.349241,2008595.004666,2628844.641498,0.049469,0.069204,0.031245,0.018224,0.037960,0.052182,0.108692,0.503313,0.422146,-0.222982,-0.571795,2.352174,False,0.034000
v6-3__H25__S0__P6K7__E1_A9,v6-3,25,S0,P6K7,E1_A9,E1,421,312,304,0,4,0,105,0,1,7,25,8,0,0,0,0,0,0,72,61,171,0,0,0,0,0,0,0,246,4,16,6,40,0.741093,0.394675,2552063.519250,3212839.610145,0.067012,0.084157,0.031245,0.035768,0.052913,0.090626,0.134067,0.643905,0.484645,-0.198877,-0.495929,3.192256,False,0.072000
v6-3__H25__S0__P6K7__E2_B1,v6-3,25,S0,P6K7,E2_B1,E2,421,313,296,0,4,0,104,0,11,6,30,17,15,0,0,0,0,0,75,97,124,0,0,0,0,0,0,0,246,4,16,6,42,0.743468,0.345778,2054155.899583,2617103.482870,0.051100,0.068873,0.031245,0.019855,0.037628,0.057421,0.108822,0.524148,0.420763,-0.197190,-0.553549,2.525444,False,0.048000
v6-3__H25__S0__P6K7__E2_B10,v6-3,25,S0,P6K7,E2_B10,E2,421,318,303,0,4,0,99,0,10,5,26,15,12,0,0,0,0,0,105,92,106,0,0,0,0,0,0,0,246,4,16,6,40,0.755344,0.331286,2107320.078693,2620148.786630,0.052961,0.068959,0.031245,0.021716,0.037714,0.065551,0.113842,0.567810,0.423129,-0.203142,-0.542408,3.044542,False,0.086000
v6-3__H25__S0__P6K7__E2_B11,v6-3,25,S0,P6K7,E2_B11,E2,421,304,293,0,4,0,113,0,5,6,31,11,15,0,0,0,0,0,54,99,140,0,0,0,0,0,0,0,246,4,16,6,44,0.722090,0.353494,1974191.706590,2603865.747029,0.048214,0.068498,0.031245,0.016970,0.037253,0.048005,0.105386,0.481153,0.417765,-0.207464,-0.564045,2.294893,False,0.060000
v6-3__H25__S0__P6K7__E2_B12,v6-3,25,S0,P6K7,E2_B12,E2,421,296,287,0,4,0,121,0,2,7,33,9,15,0,0,0,0,0,37,99,151,0,0,0,0,0,0,0,246,4,16,6,49,0.703088,0.388300,1805786.540167,2406744.851594,0.041764,0.062690,0.031245,0.010519,0.031446,0.027090,0.080983,0.417762,0.393162,-0.267263,-0.597092,2.043082,False,0.091000
v6-3__H25__S0__P6K7__E2_B13,v6-3,25,S0,P6K7,E2_B13,E2,421,316,300,0,4,0,101,0,11,5,36,16,13,0,0,0,0,0,73,136,91,0,0,0,0,0,0,0,246,4,16,6,40,0.750594,0.307956,1963286.702050,2620566.435304,0.047812,0.068971,0.031245,0.016568,0.037726,0.053799,0.122505,0.510351,0.422520,-0.222127,-0.547085,2.497856,False,0.057000
v6-3__H25__S0__P6K7__E2_B14,v6-3,25,S0,P6K7,E2_B14,E2,421,313,303,0,4,0,104,0,3,7,25,10,18,0,0,0,0,0,84,58,161,0,0,0,0,0,0,0,246,4,16,6,40,0.743468,0.386878,2508026.111671,3121745.376946,0.065727,0.082001,0.031245,0.034483,0.050756,0.089131,0.131194,0.639390,0.476291,-0.198926,-0.492464,3.245901,False,0.144000
v6-3__H25__S0__P6K7__E2_B18,v6-3,25,S0,P6K7,E2_B18,E2,421,315,296,0,4,0,102,0,13,6,29,19,13,0,0,0,0,0,74,98,124,0,0,0,0,0,0,0,246,4,16,6,41,0.748219,0.347090,2084436.365520,2634585.820520,0.052165,0.069366,0.031245,0.020920,0.038121,0.060274,0.109831,0.537125,0.422245,-0.193560,-0.557750,2.422094,False,0.063000
v6-3__H25__S0__P6K7__E2_B19,v6-3,25,S0,P6K7,E2_B19,E2,421,297,289,0,4,0,120,0,1,7,33,8,15,0,0,0,0,0,39,100,150,0,0,0,0,0,0,0,246,4,16,6,45,0.705463,0.390235,1970798.417741,2600679.813902,0.048089,0.068407,0.031245,0.016845,0.037163,0.043166,0.095231,0.474343,0.418076,-0.261814,-0.588644,2.193571,False,0.062000
v6-3__H25__S0__P6K7__E2_B2,v6-3,25,S0,P6K7,E2_B2,E2,421,316,299,0,4,0,101,0,11,6,29,17,13,0,0,0,0,0,79,97,123,0,0,0,0,0,0,0,246,4,16,6,41,0.750594,0.348328,2117229.321787,2638487.230240,0.053303,0.069475,0.031245,0.022058,0.038231,0.063326,0.109755,0.550809,0.423114,-0.189620,-0.547431,2.644450,False,0.078000
v6-3__H25__S0__P6K7__E2_B20,v6-3,25,S0,P6K7,E2_B20,E2,421,322,305,0,4,0,95,0,11,6,29,17,13,0,0,0,0,0,86,98,121,0,0,0,0,0,0,0,246,4,16,6,38,0.764846,0.348075,2170713.247930,2706304.552400,0.055123,0.071356,0.031245,0.023879,0.040111,0.068603,0.115238,0.578638,0.431998,-0.188424,-0.541464,2.837068,False,0.059000
v6-3__H25__S0__P6K7__E2_B3,v6-3,25,S0,P6K7,E2_B3,E2,421,318,301,0,4,0,99,0,11,6,29,17,13,0,0,0,0,0,80,98,123,0,0,0,0,0,0,0,246,4,16,6,41,0.755344,0.346778,2152186.505898,2695665.868044,0.054497,0.071064,0.031245,0.023253,0.039819,0.067054,0.114826,0.565617,0.430361,-0.189636,-0.545099,2.677558,False,0.052000
v6-3__H25__S0__P6K7__E2_B4,v6-3,25,S0,P6K7,E2_B4,E2,421,313,296,0,4,0,104,0,11,6,30,17,15,0,0,0,0,0,75,97,124,0,0,0,0,0,0,0,246,4,16,6,42,0.743468,0.345778,2054155.899583,2617103.482870,0.051100,0.068873,0.031245,0.019855,0.037628,0.057421,0.108822,0.524148,0.420763,-0.197190,-0.553549,2.525444,False,0.060000
v6-3__H25__S0__P6K7__E2_B5,v6-3,25,S0,P6K7,E2_B5,E2,421,313,296,0,4,0,104,0,11,6,30,17,15,0,0,0,0,0,75,97,124,0,0,0,0,0,0,0,246,4,16,6,42,0.743468,0.345778,2054155.899583,2617103.482870,0.051100,0.068873,0.031245,0.019855,0.037628,0.057421,0.108822,0.524148,0.420763,-0.197190,-0.553549,2.525444,False,0.072000
v6-3__H25__S0__P6K7__E2_B6,v6-3,25,S0,P6K7,E2_B6,E2,421,319,302,0,4,0,98,0,11,6,30,17,15,0,0,0,0,0,85,97,120,0,0,0,0,0,0,0,246,4,16,6,40,0.757720,0.345807,2103870.089547,2681831.985475,0.052841,0.070682,0.031245,0.021597,0.039438,0.062453,0.114046,0.551272,0.429378,-0.197190,-0.546071,2.854241,False,0.061000
v6-3__H25__S0__P6K7__E2_B7,v6-3,25,S0,P6K7,E2_B7,E2,421,304,294,0,4,0,113,0,4,6,30,10,15,0,0,0,0,0,70,96,128,0,0,0,0,0,0,0,246,4,16,6,43,0.722090,0.345922,1981280.249838,2547798.259559,0.048474,0.066889,0.031245,0.017230,0.035644,0.049808,0.103041,0.493617,0.411394,-0.201570,-0.567076,2.447883,False,0.087000
v6-3__H25__S0__P6K7__E2_B8,v6-3,25,S0,P6K7,E2_B8,E2,421,307,298,0,4,0,110,0,3,6,30,9,15,0,0,0,0,0,77,94,127,0,0,0,0,0,0,0,246,4,16,6,43,0.729216,0.345204,2039185.972945,2601024.122722,0.050567,0.068417,0.031245,0.019323,0.037172,0.055975,0.107682,0.517722,0.418669,-0.203297,-0.560034,2.620387,False,0.089000
v6-3__H25__S0__P6K7__E2_B9,v6-3,25,S0,P6K7,E2_B9,E2,421,319,304,0,4,0,98,0,10,5,28,15,15,0,0,0,0,0,91,95,118,0,0,0,0,0,0,0,246,4,16,6,43,0.757720,0.336870,2093650.293772,2634852.652013,0.052486,0.069373,0.031245,0.021242,0.038129,0.063056,0.113185,0.539260,0.423452,-0.200813,-0.554028,2.781705,False,0.091000
v6-3__H25__S0__P6K7__E3,v6-3,25,S0,P6K7,E3,E3,421,294,286,0,4,0,123,0,1,7,3347,8,0,0,0,0,0,0,0,0,26,260,0,0,0,0,0,0,246,4,16,6,50,0.698337,0.381039,1419683.320923,2086732.067018,0.024557,0.052245,0.031245,-0.006687,0.021001,-0.017550,0.055114,0.300668,0.356170,-0.179073,-0.501874,1.305238,False,0.046000
v6-3__H25__S0__P6K7__E4,v6-3,25,S0,P6K7,E4,E4,421,289,455,0,4,0,128,0,2,12,2331,14,0,0,0,5,0,0,0,0,139,136,180,0,0,0,0,0,246,4,16,6,53,0.686461,0.461369,1850704.079350,2284436.325482,0.043537,0.058860,0.031245,0.012293,0.027615,0.026644,0.059856,0.459650,0.381254,-0.159850,-0.484436,8.651707,False,0.057000
v6-3__H25__S0__P6K7__E5,v6-3,25,S0,P6K7,E5,E5,421,313,303,0,4,0,104,0,2,8,3338,10,0,0,0,0,0,0,0,0,124,0,0,179,0,0,0,0,246,4,16,6,52,0.743468,0.457327,1734117.649740,2299752.525688,0.038847,0.059350,0.031245,0.007602,0.028105,0.016624,0.061456,0.392183,0.382555,-0.240133,-0.583079,1.807197,False,0.055000
v6-3__H25__S0__P6K7__E6,v6-3,25,S0,P6K7,E6,E6,421,343,330,0,4,0,74,0,5,8,1990,13,0,0,0,0,0,0,0,0,148,0,0,0,182,0,0,0,246,4,16,6,28,0.814727,0.455947,2214773.914555,2822355.220237,0.056592,0.074475,0.031245,0.025348,0.043230,0.055594,0.094814,0.567032,0.451680,-0.181913,-0.517289,2.619113,False,0.050000
v6-3__H25__S0__P6K7__E7,v6-3,25,S0,P6K7,E7,E7,421,267,256,0,4,0,150,0,1,10,2304,11,0,0,0,0,0,0,0,0,174,0,0,0,0,82,0,0,246,4,16,6,48,0.634204,0.586132,2439637.758340,3096130.147462,0.063689,0.081384,0.031245,0.032445,0.050139,0.055354,0.085542,0.570900,0.475954,-0.196336,-0.499410,3.348400,False,0.062000
v6-4__H10__S0__P6K3__E0,v6-4,10,S0,P6K3,E0,E0,7444,2399,2384,0,71,0,4974,0,0,15,66,15,0,0,0,0,0,2384,0,0,0,0,0,0,0,0,0,0,1568,147,223,440,1150,0.322273,0.902382,1014703.033149,885706.688936,0.001011,-0.008367,0.031245,-0.030234,-0.039612,-0.033504,-0.043897,0.137378,0.124193,-0.689039,-0.720479,3.666848,False,0.382000
v6-4__H10__S0__P6K3__E1_A1,v6-4,10,S0,P6K3,E1_A1,E1,7444,3003,2989,0,71,0,4370,0,2,12,185,14,0,0,0,0,0,0,374,916,1699,0,0,0,0,0,0,0,1568,147,223,440,1289,0.403412,0.478641,496974.424460,784033.494983,-0.047254,-0.016703,0.031245,-0.078499,-0.047948,-0.164004,-0.100174,-0.031166,0.087304,-0.642054,-0.730847,0.348903,False,0.414000
v6-4__H10__S0__P6K3__E1_A10,v6-4,10,S0,P6K3,E1_A10,E1,7444,2242,2228,0,71,0,5131,0,0,14,154,14,0,0,0,0,0,0,61,577,1590,0,0,0,0,0,0,0,1568,147,223,440,1337,0.301182,0.513564,590807.085920,1060128.997126,-0.035778,0.004051,0.031245,-0.067023,-0.027194,-0.130505,-0.052951,-0.006801,0.148394,-0.671128,-0.712967,1.848452,False,0.270000
v6-4__H10__S0__P6K3__E1_A11,v6-4,10,S0,P6K3,E1_A11,E1,7444,1941,1934,0,71,0,5432,0,0,7,57,7,0,0,0,0,0,0,58,201,1675,0,0,0,0,0,0,0,1568,147,223,440,1367,0.260747,0.486237,519185.949762,915452.852453,-0.044366,-0.006097,0.031245,-0.075611,-0.037341,-0.155501,-0.076797,-0.040842,0.112601,-0.720205,-0.751053,4.479819,False,0.250000
v6-4__H10__S0__P6K3__E1_A12,v6-4,10,S0,P6K3,E1_A12,E1,7444,2238,2224,0,71,0,5135,0,0,14,99,14,0,0,0,0,0,0,65,126,2033,0,0,0,0,0,0,0,1568,147,223,440,1256,0.300645,0.764906,1013376.976341,1015806.617368,0.000920,0.001086,0.031245,-0.030324,-0.030158,-0.039644,-0.039427,0.125963,0.141980,-0.520449,-0.653738,3.794901,False,0.259000
v6-4__H10__S0__P6K3__E1_A2,v6-4,10,S0,P6K3,E1_A2,E1,7444,2971,2954,0,71,0,4402,0,2,15,127,17,0,0,0,0,0,0,386,405,2163,0,0,0,0,0,0,0,1568,147,223,440,1292,0.399113,0.509592,616253.618414,725590.357417,-0.032959,-0.021962,0.031245,-0.064204,-0.053207,-0.125990,-0.104411,0.023898,0.080862,-0.731568,-0.802118,2.404740,False,0.299000
v6-4__H10__S0__P6K3__E1_A3,v6-4,10,S0,P6K3,E1_A3,E1,7444,3139,3120,0,71,0,4234,0,3,16,122,19,0,0,0,0,0,0,440,202,2478,0,0,0,0,0,0,0,1568,147,223,440,1152,0.421682,0.797780,1218773.046604,994521.558752,0.013791,-0.000380,0.031245,-0.017453,-0.031625,-0.021877,-0.039641,0.180151,0.146358,-0.620812,-0.709286,4.099865,False,0.321000
v6-4__H10__S0__P6K3__E1_A4,v6-4,10,S0,P6K3,E1_A4,E1,7444,2595,2579,0,71,0,4778,0,2,14,165,16,0,0,0,0,0,0,209,683,1687,0,0,0,0,0,0,0,1568,147,223,440,1298,0.348603,0.489077,558234.559013,1056435.671755,-0.039556,0.003808,0.031245,-0.070801,-0.027436,-0.144764,-0.056098,-0.003276,0.151860,-0.665168,-0.702664,2.250771,False,0.277000
v6-4__H10__S0__P6K3__E1_A5,v6-4,10,S0,P6K3,E1_A5,E1,7444,2537,2520,0,71,0,4836,0,2,15,123,17,0,0,0,0,0,0,206,265,2049,0,0,0,0,0,0,0,1568,147,223,440,1334,0.340811,0.500285,468523.281094,775507.136404,-0.051135,-0.017447,0.031245,-0.082379,-0.048692,-0.164665,-0.097328,-0.062766,0.073884,-0.730266,-0.769135,4.097178,False,0.283000
v6-4__H10__S0__P6K3__E1_A6,v6-4,10,S0,P6K3,E1_A6,E1,7444,2777,2755,0,71,0,4596,0,3,19,133,22,0,0,0,0,0,0,228,186,2341,0,0,0,0,0,0,0,1568,147,223,440,1144,0.373052,0.914220,1222439.793689,1080590.562092,0.014002,0.005380,0.031245,-0.017243,-0.025864,-0.018860,-0.028291,0.176678,0.156832,-0.578533,-0.620948,3.575918,False,0.184000
v6-4__H10__S0__P6K3__E1_A7,v6-4,10,S0,P6K3,E1_A7,E1,7444,2480,2463,0,71,0,4893,0,2,15,158,17,0,0,0,0,0,0,119,657,1687,0,0,0,0,0,0,0,1568,147,223,440,1312,0.333154,0.556869,721653.848260,1084725.406666,-0.022331,0.005646,0.031245,-0.053575,-0.025598,-0.096208,-0.045968,0.043749,0.155419,-0.582432,-0.712071,1.840007,False,0.383000
v6-4__H10__S0__P6K3__E1_A8,v6-4,10,S0,P6K3,E1_A8,E1,7444,2285,2267,0,71,0,5088,0,1,17,115,18,0,0,0,0,0,0,116,252,1899,0,0,0,0,0,0,0,1568,147,223,440,1359,0.306959,0.480869,472434.769584,794230.159280,-0.050589,-0.015823,0.031245,-0.081833,-0.047068,-0.170178,-0.097880,-0.060295,0.079128,-0.669587,-0.739918,3.649996,False,0.382000
v6-4__H10__S0__P6K3__E1_A9,v6-4,10,S0,P6K3,E1_A9,E1,7444,2503,2486,0,71,0,4870,0,1,16,115,17,0,0,0,0,0,0,123,146,2217,0,0,0,0,0,0,0,1568,147,223,440,1240,0.336244,0.747334,922399.798781,845972.932529,-0.005577,-0.011513,0.031245,-0.036821,-0.042758,-0.049270,-0.057214,0.101828,0.098795,-0.609877,-0.675972,3.677296,False,0.234000
v6-4__H10__S0__P6K3__E2_B1,v6-4,10,S0,P6K3,E2_B1,E2,7444,2591,2574,0,71,0,4782,0,2,15,121,17,88,0,0,0,0,0,191,262,2121,0,0,0,0,0,0,0,1568,147,223,440,1313,0.348066,0.539678,534202.555319,796008.117521,-0.042478,-0.015671,0.031245,-0.073722,-0.046915,-0.136604,-0.086932,-0.027703,0.083157,-0.689599,-0.755688,4.170894,False,0.354000
v6-4__H10__S0__P6K3__E2_B10,v6-4,10,S0,P6K3,E2_B10,E2,7444,2916,2898,0,71,0,4457,0,2,16,121,18,94,0,0,0,0,0,362,318,2218,0,0,0,0,0,0,0,1568,147,223,440,1292,0.391725,0.520284,539715.801075,614567.177726,-0.041797,-0.033142,0.031245,-0.073041,-0.064387,-0.140387,-0.123753,-0.011776,0.043099,-0.747807,-0.818770,3.847130,False,0.376000
v6-4__H10__S0__P6K3__E2_B11,v6-4,10,S0,P6K3,E2_B11,E2,7444,2291,2272,0,71,0,5082,0,2,17,120,19,89,0,0,0,0,0,99,262,1911,0,0,0,0,0,0,0,1568,147,223,440,1340,0.307765,0.501682,508541.931651,819348.971567,-0.045735,-0.013699,0.031245,-0.076980,-0.044944,-0.153444,-0.089586,-0.044702,0.086270,-0.658783,-0.734541,3.465293,False,0.295000
v6-4__H10__S0__P6K3__E2_B12,v6-4,10,S0,P6K3,E2_B12,E2,7444,1944,1938,0,71,0,5429,0,0,6,71,6,86,0,0,0,0,0,45,210,1683,0,0,0,0,0,0,0,1568,147,223,440,1358,0.261150,0.506374,566523.826963,931642.349872,-0.038576,-0.004890,0.031245,-0.069820,-0.036135,-0.137883,-0.071359,-0.016041,0.118167,-0.691101,-0.752428,3.942237,False,0.284000
v6-4__H10__S0__P6K3__E2_B13,v6-4,10,S0,P6K3,E2_B13,E2,7444,2478,2464,0,71,0,4895,0,2,12,135,14,78,0,0,0,0,0,175,631,1658,0,0,0,0,0,0,0,1568,147,223,440,1303,0.332886,0.482549,504005.956947,992878.096099,-0.046327,-0.000495,0.031245,-0.077572,-0.031739,-0.160754,-0.065774,-0.031545,0.135928,-0.667682,-0.717150,2.151499,False,0.321000
v6-4__H10__S0__P6K3__E2_B14,v6-4,10,S0,P6K3,E2_B14,E2,7444,2846,2825,0,71,0,4527,0,3,18,136,21,98,0,0,0,0,0,201,186,2438,0,0,0,0,0,0,0,1568,147,223,440,1142,0.382321,0.946153,1279099.954436,1038727.668503,0.017188,0.002634,0.031245,-0.014057,-0.028611,-0.014857,-0.030239,0.190260,0.148073,-0.579135,-0.640494,3.504865,False,0.377000
v6-4__H10__S0__P6K3__E2_B18,v6-4,10,S0,P6K3,E2_B18,E2,7444,2374,2353,0,71,0,4999,0,2,19,116,21,86,0,0,0,0,0,174,255,1924,0,0,0,0,0,0,0,1568,147,223,440,1338,0.318915,0.489709,482048.682566,818829.384445,-0.049264,-0.013743,0.031245,-0.080508,-0.044987,-0.164400,-0.091865,-0.048923,0.088516,-0.722448,-0.761015,3.675870,False,0.470000
v6-4__H10__S0__P6K3__E2_B19,v6-4,10,S0,P6K3,E2_B19,E2,7444,1891,1885,0,71,0,5482,0,0,6,50,6,75,0,0,0,0,0,50,196,1639,0,0,0,0,0,0,0,1568,147,223,440,1368,0.254030,0.477356,505211.827206,893912.930965,-0.046169,-0.007734,0.031245,-0.077414,-0.038978,-0.162172,-0.081655,-0.043269,0.107851,-0.723774,-0.754229,4.214478,False,0.403000
v6-4__H10__S0__P6K3__E2_B2,v6-4,10,S0,P6K3,E2_B2,E2,7444,2556,2536,0,71,0,4817,0,2,18,126,20,91,0,0,0,0,0,183,276,2077,0,0,0,0,0,0,0,1568,147,223,440,1323,0.343364,0.508802,461200.858557,766182.596060,-0.052169,-0.018270,0.031245,-0.083414,-0.049514,-0.163941,-0.097315,-0.067156,0.070616,-0.714916,-0.764052,3.846126,False,0.345000
v6-4__H10__S0__P6K3__E2_B20,v6-4,10,S0,P6K3,E2_B20,E2,7444,2543,2523,0,71,0,4830,0,2,18,113,20,87,0,0,0,0,0,190,267,2066,0,0,0,0,0,0,0,1568,147,223,440,1337,0.341617,0.487603,413642.528678,695405.059208,-0.059284,-0.024835,0.031245,-0.090528,-0.056080,-0.185660,-0.115011,-0.094291,0.046542,-0.729955,-0.781887,3.990641,False,0.371000
v6-4__H10__S0__P6K3__E2_B3,v6-4,10,S0,P6K3,E2_B3,E2,7444,2411,2390,0,71,0,4962,0,2,19,118,21,89,0,0,0,0,0,171,257,1962,0,0,0,0,0,0,0,1568,147,223,440,1343,0.323885,0.491290,460069.173831,798373.628705,-0.052330,-0.015468,0.031245,-0.083575,-0.046713,-0.170113,-0.095082,-0.075542,0.078108,-0.705044,-0.753874,3.540622,False,0.331000
v6-4__H10__S0__P6K3__E2_B4,v6-4,10,S0,P6K3,E2_B4,E2,7444,2591,2574,0,71,0,4782,0,2,15,121,17,88,0,0,0,0,0,191,262,2121,0,0,0,0,0,0,0,1568,147,223,440,1313,0.348066,0.539678,534202.555319,796008.117521,-0.042478,-0.015671,0.031245,-0.073722,-0.046915,-0.136604,-0.086932,-0.027703,0.083157,-0.689599,-0.755688,4.170894,False,0.351000
v6-4__H10__S0__P6K3__E2_B5,v6-4,10,S0,P6K3,E2_B5,E2,7444,2591,2574,0,71,0,4782,0,2,15,121,17,88,0,0,0,0,0,191,262,2121,0,0,0,0,0,0,0,1568,147,223,440,1313,0.348066,0.539678,534202.555319,796008.117521,-0.042478,-0.015671,0.031245,-0.073722,-0.046915,-0.136604,-0.086932,-0.027703,0.083157,-0.689599,-0.755688,4.170894,False,0.471000
v6-4__H10__S0__P6K3__E2_B6,v6-4,10,S0,P6K3,E2_B6,E2,7444,2576,2556,0,71,0,4797,0,2,18,131,20,87,0,0,0,0,0,194,260,2102,0,0,0,0,0,0,0,1568,147,223,440,1322,0.346051,0.523406,509525.912400,754059.214272,-0.045608,-0.019353,0.031245,-0.076852,-0.050598,-0.146831,-0.096670,-0.038245,0.070098,-0.690958,-0.763255,4.097740,False,0.493000
v6-4__H10__S0__P6K3__E2_B7,v6-4,10,S0,P6K3,E2_B7,E2,7444,2552,2532,0,71,0,4821,0,2,18,129,20,87,0,0,0,0,0,174,273,2085,0,0,0,0,0,0,0,1568,147,223,440,1322,0.342826,0.526347,525401.363610,811109.950862,-0.043578,-0.014389,0.031245,-0.074823,-0.045634,-0.142155,-0.086699,-0.032464,0.086920,-0.696484,-0.756567,3.849439,False,0.346000
v6-4__H10__S0__P6K3__E2_B8,v6-4,10,S0,P6K3,E2_B8,E2,7444,2676,2656,0,71,0,4697,0,2,18,127,20,92,0,0,0,0,0,200,248,2208,0,0,0,0,0,0,0,1568,147,223,440,1288,0.359484,0.621002,682953.963758,923744.769441,-0.026054,-0.005476,0.031245,-0.057299,-0.036721,-0.092268,-0.059132,0.018932,0.115071,-0.657041,-0.719375,4.633415,False,0.351000
v6-4__H10__S0__P6K3__E2_B9,v6-4,10,S0,P6K3,E2_B9,E2,7444,2730,2711,0,71,0,4643,0,2,17,125,19,91,0,0,0,0,0,267,301,2143,0,0,0,0,0,0,0,1568,147,223,440,1332,0.366738,0.460923,399273.742767,673893.039386,-0.061583,-0.026954,0.031245,-0.092828,-0.058199,-0.201396,-0.126266,-0.067257,0.049768,-0.794935,-0.819001,3.693822,False,0.513000
v6-4__H10__S0__P6K3__E3,v6-4,10,S0,P6K3,E3,E3,7444,2831,2814,0,71,0,4542,0,2,15,5994,17,0,0,0,0,0,0,0,0,1538,1276,0,0,0,0,0,0,1568,147,223,440,1231,0.380306,0.632819,710069.934896,935687.324937,-0.023425,-0.004591,0.031245,-0.054670,-0.035836,-0.086391,-0.056629,0.022702,0.119894,-0.568416,-0.744241,2.155869,False,0.303000
v6-4__H10__S0__P6K3__E4,v6-4,10,S0,P6K3,E4,E4,7444,3555,4671,0,71,0,3818,0,3,18,1830,21,0,0,0,226,0,0,0,0,3147,387,1137,0,0,0,0,0,1568,147,223,440,1215,0.477566,0.733570,976065.894549,962195.224355,-0.001676,-0.002664,0.031245,-0.032920,-0.033909,-0.044877,-0.046225,0.114634,0.129564,-0.683152,-0.766739,9.991541,False,0.537000
v6-4__H10__S0__P6K3__E5,v6-4,10,S0,P6K3,E5,E5,7444,2443,2427,0,71,0,4930,0,2,14,3368,16,0,0,0,0,0,0,0,0,1827,0,0,600,0,0,0,0,1568,147,223,440,1330,0.328184,0.521986,655705.725062,1083114.657035,-0.028796,0.005543,0.031245,-0.060040,-0.025702,-0.115023,-0.049238,0.015785,0.153889,-0.546265,-0.673366,2.456495,False,0.390000
v6-4__H10__S0__P6K3__E6,v6-4,10,S0,P6K3,E6,E6,7444,3221,3207,0,71,0,4152,0,0,14,4939,14,0,0,0,0,0,0,0,0,1268,0,0,0,1939,0,0,0,1568,147,223,440,1182,0.432697,0.669851,732066.996665,764737.493747,-0.021360,-0.018398,0.031245,-0.052605,-0.049642,-0.078532,-0.074110,0.026463,0.070645,-0.646074,-0.746422,1.132300,False,0.312000
v6-4__H10__S0__P6K3__E7,v6-4,10,S0,P6K3,E7,E7,7444,2544,2528,0,71,0,4829,0,0,16,2455,16,0,0,0,0,0,0,0,0,2376,0,0,0,0,152,0,0,1568,147,223,440,1136,0.341752,0.980391,1407459.996762,1248953.537704,0.023944,0.015509,0.031245,-0.007300,-0.015735,-0.007446,-0.016050,0.218892,0.193461,-0.550890,-0.585904,4.167541,False,0.289000
v6-4__H10__S0__P6K5__E0,v6-4,10,S0,P6K5,E0,E0,7444,2926,2908,0,71,0,4447,0,1,17,79,18,0,0,0,0,0,2908,0,0,0,0,0,0,0,0,0,0,1568,147,223,283,991,0.393068,0.773671,1201466.839172,1149031.896675,0.012788,0.009664,0.031245,-0.018457,-0.021581,-0.023856,-0.027894,0.172383,0.174700,-0.599638,-0.623778,3.967766,False,0.305000
v6-4__H10__S0__P6K5__E1_A1,v6-4,10,S0,P6K5,E1_A1,E1,7444,3607,3593,0,71,0,3766,0,2,12,246,14,0,0,0,0,0,0,437,1072,2084,0,0,0,0,0,0,0,1568,147,223,283,953,0.484551,0.596899,1167149.628095,1333487.092324,0.010758,0.020124,0.031245,-0.020486,-0.011120,-0.034321,-0.018630,0.159278,0.208355,-0.521738,-0.717929,0.391932,False,0.470000
v6-4__H10__S0__P6K5__E1_A10,v6-4,10,S0,P6K5,E1_A10,E1,7444,3005,2989,0,71,0,4368,0,2,14,181,16,0,0,0,0,0,0,78,765,2146,0,0,0,0,0,0,0,1568,147,223,283,1067,0.403681,0.648674,931355.767680,1199147.854098,-0.004911,0.012652,0.031245,-0.036156,-0.018592,-0.055738,-0.028662,0.084319,0.175174,-0.472026,-0.662502,2.558986,False,0.332000
v6-4__H10__S0__P6K5__E1_A11,v6-4,10,S0,P6K5,E1_A11,E1,7444,3000,2978,0,71,0,4373,0,2,20,127,22,0,0,0,0,0,0,89,322,2567,0,0,0,0,0,0,0,1568,147,223,283,1096,0.403009,0.681168,949718.643658,1000591.388200,-0.003565,0.000041,0.031245,-0.034810,-0.031204,-0.051103,-0.045809,0.089197,0.127613,-0.528930,-0.654990,4.301966,False,0.295000
v6-4__H10__S0__P6K5__E1_A12,v6-4,10,S0,P6K5,E1_A12,E1,7444,2744,2731,0,71,0,4629,0,0,13,109,13,0,0,0,0,0,0,83,162,2486,0,0,0,0,0,0,0,1568,147,223,283,1104,0.368619,0.690485,866871.787120,703044.012341,-0.009842,-0.024097,0.031245,-0.041086,-0.055342,-0.059504,-0.080149,0.058803,0.037373,-0.578209,-0.700436,4.096356,False,0.267000
v6-4__H10__S0__P6K5__E1_A2,v6-4,10,S0,P6K5,E1_A2,E1,7444,3595,3579,0,71,0,3778,0,2,14,165,16,0,0,0,0,0,0,446,527,2606,0,0,0,0,0,0,0,1568,147,223,283,923,0.482939,0.682326,1344660.052254,1388741.152103,0.020714,0.022996,0.031245,-0.010531,-0.008249,-0.015434,-0.012089,0.203189,0.219407,-0.519984,-0.655733,1.893026,False,0.347000
v6-4__H10__S0__P6K5__E1_A3,v6-4,10,S0,P6K5,E1_A3,E1,7444,3514,3498,0,71,0,3859,0,3,13,152,16,0,0,0,0,0,0,471,244,2783,0,0,0,0,0,0,0,1568,147,223,283,1004,0.472058,0.679862,1198559.621914,1015806.514320,0.012618,0.001086,0.031245,-0.018626,-0.030158,-0.027397,-0.044359,0.166677,0.141057,-0.553242,-0.694262,3.442056,False,0.495000
v6-4__H10__S0__P6K5__E1_A4,v6-4,10,S0,P6K5,E1_A4,E1,7444,3178,3162,0,71,0,4195,0,2,14,198,16,0,0,0,0,0,0,241,812,2109,0,0,0,0,0,0,0,1568,147,223,283,943,0.426921,0.707229,1345816.557958,1597865.770058,0.020774,0.032978,0.031245,-0.010470,0.001734,-0.014804,0.002452,0.203367,0.255336,-0.416377,-0.639274,2.565841,False,0.480000
v6-4__H10__S0__P6K5__E1_A5,v6-4,10,S0,P6K5,E1_A5,E1,7444,3261,3242,0,71,0,4112,0,2,17,148,19,0,0,0,0,0,0,248,348,2646,0,0,0,0,0,0,0,1568,147,223,283,962,0.438071,0.727604,1304662.498851,1411816.262493,0.018582,0.024163,0.031245,-0.012662,-0.007081,-0.017403,-0.009732,0.192958,0.221862,-0.490090,-0.612936,4.275346,False,0.329000
v6-4__H10__S0__P6K5__E1_A6,v6-4,10,S0,P6K5,E1_A6,E1,7444,3277,3257,0,71,0,4096,0,3,17,136,20,0,0,0,0,0,0,267,207,2783,0,0,0,0,0,0,0,1568,147,223,283,996,0.440220,0.764793,1245117.559558,1018094.838884,0.015293,0.001242,0.031245,-0.015951,-0.030002,-0.020857,-0.039229,0.177452,0.136964,-0.521155,-0.654578,4.557815,False,0.322000
v6-4__H10__S0__P6K5__E1_A7,v6-4,10,S0,P6K5,E1_A7,E1,7444,3161,3144,0,71,0,4212,0,2,15,200,17,0,0,0,0,0,0,149,816,2179,0,0,0,0,0,0,0,1568,147,223,283,968,0.424637,0.708880,1356138.989603,1565411.814128,0.021315,0.031512,0.031245,-0.009930,0.000267,-0.014008,0.000377,0.206180,0.249731,-0.448612,-0.650561,2.672641,False,0.289000
v6-4__H10__S0__P6K5__E1_A8,v6-4,10,S0,P6K5,E1_A8,E1,7444,3168,3150,0,71,0,4205,0,2,16,143,18,0,0,0,0,0,0,153,357,2640,0,0,0,0,0,0,0,1568,147,223,283,1027,0.425578,0.699252,1108462.744788,1133452.509214,0.007154,0.008710,0.031245,-0.024090,-0.022534,-0.034451,-0.032226,0.140195,0.162821,-0.546000,-0.670393,3.890427,False,0.464000
v6-4__H10__S0__P6K5__E1_A9,v6-4,10,S0,P6K5,E1_A9,E1,7444,3172,3155,0,71,0,4201,0,2,15,120,17,0,0,0,0,0,0,165,186,2804,0,0,0,0,0,0,0,1568,147,223,283,1024,0.426115,0.730777,1118360.836035,894732.278977,0.007775,-0.007671,0.031245,-0.023470,-0.038916,-0.032117,-0.053252,0.143231,0.104173,-0.554190,-0.676512,4.789123,False,0.316000
v6-4__H10__S0__P6K5__E2_B1,v6-4,10,S0,P6K5,E2_B1,E2,7444,3207,3188,0,71,0,4166,0,2,17,151,19,107,0,0,0,0,0,219,328,2641,0,0,0,0,0,0,0,1568,147,223,283,978,0.430817,0.737411,1261109.968490,1291369.770658,0.016191,0.017860,0.031245,-0.015054,-0.013384,-0.020414,-0.018151,0.181747,0.197864,-0.514308,-0.637579,4.344279,False,0.415000
v6-4__H10__S0__P6K5__E2_B10,v6-4,10,S0,P6K5,E2_B10,E2,7444,3611,3593,0,71,0,3762,0,2,16,159,18,109,0,0,0,0,0,436,399,2758,0,0,0,0,0,0,0,1568,147,223,283,906,0.485089,0.748020,1585274.775052,1571114.544806,0.032413,0.031772,0.031245,0.001168,0.000527,0.001562,0.000705,0.257349,0.251099,-0.452564,-0.593829,4.180269,False,0.411000
v6-4__H10__S0__P6K5__E2_B11,v6-4,10,S0,P6K5,E2_B11,E2,7444,3131,3113,0,71,0,4242,0,2,16,147,18,109,0,0,0,0,0,123,346,2644,0,0,0,0,0,0,0,1568,147,223,283,1019,0.420607,0.706609,1128089.875021,1116085.912148,0.008379,0.007632,0.031245,-0.022866,-0.023612,-0.032360,-0.033416,0.146090,0.159084,-0.568696,-0.693018,3.977006,False,0.395000
v6-4__H10__S0__P6K5__E2_B12,v6-4,10,S0,P6K5,E2_B12,E2,7444,2902,2882,0,71,0,4471,0,1,19,118,20,109,0,0,0,0,0,72,298,2512,0,0,0,0,0,0,0,1568,147,223,283,1106,0.389844,0.661183,878176.234299,913792.735102,-0.008953,-0.006222,0.031245,-0.040198,-0.037466,-0.060797,-0.056666,0.063396,0.102579,-0.559835,-0.679684,4.375113,False,0.380000
v6-4__H10__S0__P6K5__E2_B13,v6-4,10,S0,P6K5,E2_B13,E2,7444,3192,3176,0,71,0,4181,0,2,14,201,16,94,0,0,0,0,0,212,823,2141,0,0,0,0,0,0,0,1568,147,223,283,949,0.428802,0.695157,1269086.463202,1483435.718983,0.016634,0.027678,0.031245,-0.014610,-0.003567,-0.021017,-0.005131,0.184411,0.235130,-0.422406,-0.646706,2.303913,False,0.522000
v6-4__H10__S0__P6K5__E2_B14,v6-4,10,S0,P6K5,E2_B14,E2,7444,3250,3229,0,71,0,4123,0,3,18,147,21,116,0,0,0,0,0,226,205,2798,0,0,0,0,0,0,0,1568,147,223,283,983,0.436593,0.785063,1344644.659998,1106919.208064,0.020713,0.007057,0.031245,-0.010532,-0.024187,-0.013415,-0.030809,0.202985,0.159647,-0.501932,-0.637396,4.555379,False,0.386000
v6-4__H10__S0__P6K5__E2_B18,v6-4,10,S0,P6K5,E2_B18,E2,7444,3294,3275,0,71,0,4079,0,2,17,145,19,105,0,0,0,0,0,234,345,2696,0,0,0,0,0,0,0,1568,147,223,283,957,0.442504,0.729107,1331042.391255,1403527.510844,0.019995,0.023746,0.031245,-0.011250,-0.007499,-0.015430,-0.010285,0.199650,0.220516,-0.494691,-0.622366,4.454497,False,0.380000
v6-4__H10__S0__P6K5__E2_B19,v6-4,10,S0,P6K5,E2_B19,E2,7444,2896,2876,0,71,0,4477,0,2,18,113,20,106,0,0,0,0,0,77,309,2490,0,0,0,0,0,0,0,1568,147,223,283,1106,0.389038,0.661801,883570.589564,927550.969377,-0.008533,-0.005193,0.031245,-0.039778,-0.036438,-0.060105,-0.055058,0.065745,0.106872,-0.550917,-0.671666,4.287029,False,0.545000
v6-4__H10__S0__P6K5__E2_B2,v6-4,10,S0,P6K5,E2_B2,E2,7444,3228,3212,0,71,0,4145,0,2,14,138,16,104,0,0,0,0,0,218,344,2650,0,0,0,0,0,0,0,1568,147,223,283,996,0.433638,0.710444,1171079.673027,1196306.849647,0.010993,0.012486,0.031245,-0.020251,-0.018758,-0.028505,-0.026404,0.157637,0.177146,-0.542083,-0.659832,4.300412,False,0.410000
v6-4__H10__S0__P6K5__E2_B20,v6-4,10,S0,P6K5,E2_B20,E2,7444,3249,3230,0,71,0,4124,0,2,17,144,19,104,0,0,0,0,0,236,342,2652,0,0,0,0,0,0,0,1568,147,223,283,1021,0.436459,0.700057,1143718.617576,1162466.453801,0.009340,0.010477,0.031245,-0.021905,-0.020768,-0.031290,-0.029666,0.149912,0.169433,-0.540422,-0.666645,4.208453,False,0.601000
v6-4__H10__S0__P6K5__E2_B3,v6-4,10,S0,P6K5,E2_B3,E2,7444,3274,3255,0,71,0,4099,0,2,17,142,19,106,0,0,0,0,0,236,344,2675,0,0,0,0,0,0,0,1568,147,223,283,960,0.439817,0.728653,1300461.002505,1383797.410675,0.018355,0.022743,0.031245,-0.012890,-0.008501,-0.017690,-0.011667,0.191973,0.216552,-0.497654,-0.620620,4.425657,False,0.589000
v6-4__H10__S0__P6K5__E2_B4,v6-4,10,S0,P6K5,E2_B4,E2,7444,3207,3188,0,71,0,4166,0,2,17,151,19,107,0,0,0,0,0,219,328,2641,0,0,0,0,0,0,0,1568,147,223,283,978,0.430817,0.737411,1261109.968490,1291369.770658,0.016191,0.017860,0.031245,-0.015054,-0.013384,-0.020414,-0.018151,0.181747,0.197864,-0.514308,-0.637579,4.344279,False,0.584000
v6-4__H10__S0__P6K5__E2_B5,v6-4,10,S0,P6K5,E2_B5,E2,7444,3207,3188,0,71,0,4166,0,2,17,151,19,107,0,0,0,0,0,219,328,2641,0,0,0,0,0,0,0,1568,147,223,283,978,0.430817,0.737411,1261109.968490,1291369.770658,0.016191,0.017860,0.031245,-0.015054,-0.013384,-0.020414,-0.018151,0.181747,0.197864,-0.514308,-0.637579,4.344279,False,0.326000
v6-4__H10__S0__P6K5__E2_B6,v6-4,10,S0,P6K5,E2_B6,E2,7444,3229,3210,0,71,0,4144,0,2,17,151,19,106,0,0,0,0,0,235,329,2646,0,0,0,0,0,0,0,1568,147,223,283,973,0.433772,0.734420,1273491.036837,1307792.529177,0.016878,0.018751,0.031245,-0.014366,-0.012493,-0.019561,-0.017011,0.184933,0.201231,-0.506995,-0.632371,4.291865,False,0.581000
v6-4__H10__S0__P6K5__E2_B7,v6-4,10,S0,P6K5,E2_B7,E2,7444,3241,3223,0,71,0,4132,0,2,16,149,18,107,0,0,0,0,0,205,340,2678,0,0,0,0,0,0,0,1568,147,223,283,979,0.435384,0.738836,1268810.332707,1292761.669390,0.016619,0.017936,0.031245,-0.014626,-0.013308,-0.019795,-0.018013,0.183792,0.198242,-0.516356,-0.639929,4.110679,False,0.399000
v6-4__H10__S0__P6K5__E2_B8,v6-4,10,S0,P6K5,E2_B8,E2,7444,3439,3422,0,71,0,3934,0,2,15,151,17,110,0,0,0,0,0,234,338,2850,0,0,0,0,0,0,0,1568,147,223,283,900,0.461983,0.809795,1557157.365987,1611161.307451,0.031135,0.033571,0.031245,-0.000110,0.002327,-0.000136,0.002873,0.251657,0.257562,-0.443931,-0.566562,4.684494,False,0.620000
v6-4__H10__S0__P6K5__E2_B9,v6-4,10,S0,P6K5,E2_B9,E2,7444,3539,3523,0,71,0,3834,0,2,14,155,16,109,0,0,0,0,0,330,383,2810,0,0,0,0,0,0,0,1568,147,223,283,898,0.475416,0.752712,1539081.182287,1609122.500969,0.030301,0.033481,0.031245,-0.000943,0.002236,-0.001253,0.002971,0.247063,0.257237,-0.464161,-0.593639,4.247535,False,0.361000
v6-4__H10__S0__P6K5__E3,v6-4,10,S0,P6K5,E3,E3,7444,3150,3134,0,71,0,4223,0,2,14,6141,16,0,0,0,0,0,0,0,0,1658,1476,0,0,0,0,0,0,1568,147,223,283,1052,0.423160,0.596743,803405.333318,902767.470026,-0.015040,-0.007057,0.031245,-0.046285,-0.038301,-0.077562,-0.064184,0.036634,0.101184,-0.493233,-0.683368,1.560782,False,0.441000
v6-4__H10__S0__P6K5__E4,v6-4,10,S0,P6K5,E4,E4,7444,4010,5217,0,71,0,3363,0,3,18,3207,21,0,0,0,206,0,0,0,0,3549,440,1228,0,0,0,0,0,1568,147,223,283,1004,0.538689,0.726653,1146763.362139,1019046.258036,0.009526,0.001307,0.031245,-0.021719,-0.029937,-0.029889,-0.041199,0.150259,0.136515,-0.562225,-0.687208,9.701113,False,0.581000
v6-4__H10__S0__P6K5__E5,v6-4,10,S0,P6K5,E5,E5,7444,2817,2797,0,71,0,4556,0,2,18,5259,20,0,0,0,0,0,0,0,0,2116,0,0,681,0,0,0,0,1568,147,223,283,1169,0.378426,0.508902,620145.517109,874145.617967,-0.032537,-0.009269,0.031245,-0.063782,-0.040513,-0.125333,-0.079610,-0.036447,0.089870,-0.556317,-0.686965,2.764994,False,0.273000
v6-4__H10__S0__P6K5__E6,v6-4,10,S0,P6K5,E6,E6,7444,3489,3474,0,71,0,3884,0,0,15,4947,15,0,0,0,0,0,0,0,0,1357,0,0,0,2117,0,0,0,1568,147,223,283,1014,0.468700,0.610719,863870.944906,945286.037047,-0.010080,-0.003888,0.031245,-0.041324,-0.035132,-0.067665,-0.057526,0.053152,0.109825,-0.503070,-0.635854,1.017849,False,0.451000
v6-4__H10__S0__P6K5__E7,v6-4,10,S0,P6K5,E7,E7,7444,2876,2856,0,71,0,4497,0,1,19,2584,20,0,0,0,0,0,0,0,0,2686,0,0,0,0,170,0,0,1568,147,223,283,1021,0.386351,0.781553,1076361.137614,1051866.379953,0.005107,0.003507,0.031245,-0.026137,-0.027738,-0.033443,-0.035490,0.129824,0.142585,-0.553075,-0.604291,4.079259,False,0.336000
v6-4__H10__S0__P6K7__E0,v6-4,10,S0,P6K7,E0,E0,7444,3427,3405,0,71,0,3946,0,3,19,109,22,0,0,0,0,0,3405,0,0,0,0,0,0,0,0,0,0,1568,147,223,216,757,0.460371,0.794337,1443940.049497,1423687.208170,0.025760,0.024757,0.031245,-0.005485,-0.006487,-0.006905,-0.008167,0.226071,0.225210,-0.437985,-0.523378,3.820908,False,0.334000
v6-4__H10__S0__P6K7__E1_A1,v6-4,10,S0,P6K7,E1_A1,E1,7444,3775,3761,0,71,0,3598,0,2,12,244,14,0,0,0,0,0,0,438,1124,2199,0,0,0,0,0,0,0,1568,147,223,216,812,0.507120,0.554375,1096661.776730,1292821.379689,0.006408,0.017939,0.031245,-0.024836,-0.013305,-0.044800,-0.024000,0.131540,0.196935,-0.483073,-0.672340,0.256553,False,0.325000
v6-4__H10__S0__P6K7__E1_A10,v6-4,10,S0,P6K7,E1_A10,E1,7444,3128,3111,0,71,0,4245,0,2,15,201,17,0,0,0,0,0,0,86,809,2216,0,0,0,0,0,0,0,1568,147,223,216,920,0.420204,0.571131,857532.712944,1073660.770464,-0.010584,0.004933,0.031245,-0.041829,-0.026312,-0.073238,-0.046070,0.047412,0.142999,-0.487691,-0.668714,2.507828,False,0.293000
v6-4__H10__S0__P6K7__E1_A11,v6-4,10,S0,P6K7,E1_A11,E1,7444,3565,3544,0,71,0,3808,0,2,19,161,21,0,0,0,0,0,0,104,407,3033,0,0,0,0,0,0,0,1568,147,223,216,813,0.478909,0.687707,1338217.993535,1556650.685065,0.020374,0.031111,0.031245,-0.010870,-0.000133,-0.015806,-0.000194,0.201025,0.247989,-0.479203,-0.575641,4.409033,False,0.344000
v6-4__H10__S0__P6K7__E1_A12,v6-4,10,S0,P6K7,E1_A12,E1,7444,3466,3444,0,71,0,3907,0,3,19,140,22,0,0,0,0,0,0,97,239,3108,0,0,0,0,0,0,0,1568,147,223,216,821,0.465610,0.735442,1478064.669499,1467414.894758,0.027420,0.026906,0.031245,-0.003825,-0.004339,-0.005200,-0.005900,0.235766,0.232405,-0.425421,-0.562100,4.114453,False,0.457000
v6-4__H10__S0__P6K7__E1_A2,v6-4,10,S0,P6K7,E1_A2,E1,7444,4014,3995,0,71,0,3359,0,2,17,183,19,0,0,0,0,0,0,494,587,2914,0,0,0,0,0,0,0,1568,147,223,216,708,0.539226,0.739256,1516571.246461,1690694.358499,0.029251,0.037025,0.031245,-0.001994,0.005780,-0.002697,0.007819,0.247933,0.271236,-0.329317,-0.533310,1.951563,False,0.362000
v6-4__H10__S0__P6K7__E1_A3,v6-4,10,S0,P6K7,E1_A3,E1,7444,3895,3875,0,71,0,3478,0,3,17,159,20,0,0,0,0,0,0,510,282,3083,0,0,0,0,0,0,0,1568,147,223,216,731,0.523240,0.739467,1583502.578927,1601546.362361,0.032333,0.033143,0.031245,0.001088,0.001898,0.001472,0.002567,0.261080,0.256065,-0.327264,-0.536109,3.781214,False,0.364000
v6-4__H10__S0__P6K7__E1_A4,v6-4,10,S0,P6K7,E1_A4,E1,7444,3271,3257,0,71,0,4102,0,2,12,202,14,0,0,0,0,0,0,236,834,2187,0,0,0,0,0,0,0,1568,147,223,216,821,0.439414,0.591963,1024430.447038,1291672.091786,0.001672,0.017877,0.031245,-0.029572,-0.013368,-0.049956,-0.022582,0.106772,0.195280,-0.466971,-0.642000,2.501677,False,0.425000
v6-4__H10__S0__P6K7__E1_A5,v6-4,10,S0,P6K7,E1_A5,E1,7444,3680,3661,0,71,0,3693,0,2,17,162,19,0,0,0,0,0,0,274,417,2970,0,0,0,0,0,0,0,1568,147,223,216,733,0.494358,0.730436,1498927.899228,1728022.335030,0.028417,0.038594,0.031245,-0.002827,0.007349,-0.003870,0.010061,0.241880,0.277104,-0.337547,-0.548003,4.416980,False,0.348000
v6-4__H10__S0__P6K7__E1_A6,v6-4,10,S0,P6K7,E1_A6,E1,7444,3697,3675,0,71,0,3676,0,3,19,171,22,0,0,0,0,0,0,284,263,3128,0,0,0,0,0,0,0,1568,147,223,216,737,0.496642,0.798867,1709436.648035,1686853.399824,0.037817,0.036861,0.031245,0.006572,0.005617,0.008227,0.007031,0.289546,0.270237,-0.335518,-0.527576,4.207038,False,0.521000
v6-4__H10__S0__P6K7__E1_A7,v6-4,10,S0,P6K7,E1_A7,E1,7444,3252,3236,0,71,0,4121,0,2,14,203,16,0,0,0,0,0,0,144,843,2249,0,0,0,0,0,0,0,1568,147,223,216,845,0.436862,0.589238,1058480.425666,1262198.275388,0.003942,0.016251,0.031245,-0.027302,-0.014993,-0.046335,-0.025445,0.120333,0.189345,-0.472937,-0.649839,2.421542,False,0.491000
v6-4__H10__S0__P6K7__E1_A8,v6-4,10,S0,P6K7,E1_A8,E1,7444,3609,3589,0,71,0,3764,0,2,18,172,20,0,0,0,0,0,0,171,432,2986,0,0,0,0,0,0,0,1568,147,223,216,752,0.484820,0.722522,1513553.842773,1738905.492218,0.029109,0.039045,0.031245,-0.002136,0.007801,-0.002956,0.010797,0.244728,0.278812,-0.391955,-0.558941,4.038450,False,0.507000
v6-4__H10__S0__P6K7__E1_A9,v6-4,10,S0,P6K7,E1_A9,E1,7444,3646,3624,0,71,0,3727,0,3,19,156,22,0,0,0,0,0,0,166,247,3211,0,0,0,0,0,0,0,1568,147,223,216,742,0.489790,0.782931,1820123.843630,1835144.342297,0.042334,0.042927,0.031245,0.011090,0.011683,0.014164,0.014922,0.309265,0.292930,-0.350429,-0.534717,4.326892,False,0.396000
v6-4__H10__S0__P6K7__E2_B1,v6-4,10,S0,P6K7,E2_B1,E2,7444,3678,3658,0,71,0,3695,0,2,18,170,20,112,0,0,0,0,0,243,411,3004,0,0,0,0,0,0,0,1568,147,223,216,730,0.494089,0.736234,1506239.046699,1664625.049864,0.028764,0.035910,0.031245,-0.002481,0.004665,-0.003369,0.006337,0.243347,0.266593,-0.348741,-0.553530,4.326861,False,0.664000
v6-4__H10__S0__P6K7__E2_B10,v6-4,10,S0,P6K7,E2_B10,E2,7444,3916,3897,0,71,0,3457,0,2,17,169,19,113,0,0,0,0,0,468,445,2984,0,0,0,0,0,0,0,1568,147,223,216,699,0.526061,0.780824,1722043.963358,1872822.597925,0.038345,0.044396,0.031245,0.007100,0.013151,0.009093,0.016843,0.295208,0.300005,-0.319431,-0.536043,4.292165,False,0.648000
v6-4__H10__S0__P6K7__E2_B11,v6-4,10,S0,P6K7,E2_B11,E2,7444,3556,3537,0,71,0,3817,0,2,17,176,19,115,0,0,0,0,0,147,406,2984,0,0,0,0,0,0,0,1568,147,223,216,746,0.477700,0.728283,1509965.343769,1684033.140772,0.028940,0.036741,0.031245,-0.002305,0.005497,-0.003164,0.007548,0.243780,0.269840,-0.411991,-0.560584,4.210530,False,0.422000
v6-4__H10__S0__P6K7__E2_B12,v6-4,10,S0,P6K7,E2_B12,E2,7444,3537,3519,0,71,0,3836,0,2,16,159,18,114,0,0,0,0,0,85,387,3047,0,0,0,0,0,0,0,1568,147,223,216,818,0.475148,0.687572,1360762.395704,1533377.131181,0.021555,0.030037,0.031245,-0.009689,-0.001208,-0.014092,-0.001757,0.206837,0.243822,-0.477079,-0.585884,4.450181,False,0.340000
v6-4__H10__S0__P6K7__E2_B13,v6-4,10,S0,P6K7,E2_B13,E2,7444,3279,3262,0,71,0,4094,0,2,15,200,17,96,0,0,0,0,0,211,817,2234,0,0,0,0,0,0,0,1568,147,223,216,795,0.440489,0.639032,1167819.596972,1452332.571172,0.010798,0.026172,0.031245,-0.020446,-0.005073,-0.031996,-0.007939,0.152515,0.228280,-0.405335,-0.607529,2.586709,False,0.386000
v6-4__H10__S0__P6K7__E2_B14,v6-4,10,S0,P6K7,E2_B14,E2,7444,3676,3653,0,71,0,3697,0,3,20,159,23,114,0,0,0,0,0,243,248,3162,0,0,0,0,0,0,0,1568,147,223,216,736,0.493821,0.798088,1675890.607342,1634726.823023,0.036394,0.034611,0.031245,0.005149,0.003366,0.006452,0.004218,0.282039,0.261635,-0.334843,-0.530089,4.259230,False,0.663000
v6-4__H10__S0__P6K7__E2_B18,v6-4,10,S0,P6K7,E2_B18,E2,7444,3705,3685,0,71,0,3668,0,2,18,174,20,116,0,0,0,0,0,253,419,3013,0,0,0,0,0,0,0,1568,147,223,216,731,0.497716,0.732615,1514127.240226,1712741.291911,0.029136,0.037955,0.031245,-0.002109,0.006711,-0.002878,0.009160,0.245182,0.274509,-0.340707,-0.550056,4.502928,False,0.430000
v6-4__H10__S0__P6K7__E2_B19,v6-4,10,S0,P6K7,E2_B19,E2,7444,3532,3512,0,71,0,3841,0,2,18,167,20,115,0,0,0,0,0,94,395,3023,0,0,0,0,0,0,0,1568,147,223,216,819,0.474476,0.683902,1344304.886940,1538324.559007,0.020695,0.030266,0.031245,-0.010550,-0.000978,-0.015425,-0.001430,0.202600,0.244707,-0.488367,-0.586595,4.435283,False,0.431000
v6-4__H10__S0__P6K7__E2_B2,v6-4,10,S0,P6K7,E2_B2,E2,7444,3626,3607,0,71,0,3747,0,2,17,164,19,113,0,0,0,0,0,232,411,2964,0,0,0,0,0,0,0,1568,147,223,216,746,0.487104,0.723063,1434638.072905,1617397.186872,0.025301,0.033848,0.031245,-0.005944,0.002603,-0.008220,0.003600,0.225947,0.258651,-0.365715,-0.553439,4.175659,False,0.641000
v6-4__H10__S0__P6K7__E2_B20,v6-4,10,S0,P6K7,E2_B20,E2,7444,3613,3594,0,71,0,3760,0,2,17,162,19,111,0,0,0,0,0,248,411,2935,0,0,0,0,0,0,0,1568,147,223,216,748,0.485357,0.720761,1438024.185866,1630162.805396,0.025468,0.034410,0.031245,-0.005776,0.003166,-0.008014,0.004393,0.226792,0.260851,-0.352911,-0.554144,4.214737,False,0.431000
v6-4__H10__S0__P6K7__E2_B3,v6-4,10,S0,P6K7,E2_B3,E2,7444,3694,3675,0,71,0,3679,0,2,17,167,19,115,0,0,0,0,0,252,419,3004,0,0,0,0,0,0,0,1568,147,223,216,732,0.496239,0.731805,1495193.903827,1688432.896458,0.028240,0.036929,0.031245,-0.003005,0.005684,-0.004106,0.007767,0.240763,0.270552,-0.339238,-0.550313,4.357403,False,0.422000
v6-4__H10__S0__P6K7__E2_B4,v6-4,10,S0,P6K7,E2_B4,E2,7444,3678,3658,0,71,0,3695,0,2,18,170,20,112,0,0,0,0,0,243,411,3004,0,0,0,0,0,0,0,1568,147,223,216,730,0.494089,0.736234,1506239.046699,1664625.049864,0.028764,0.035910,0.031245,-0.002481,0.004665,-0.003369,0.006337,0.243347,0.266593,-0.348741,-0.553530,4.326861,False,0.453000
v6-4__H10__S0__P6K7__E2_B5,v6-4,10,S0,P6K7,E2_B5,E2,7444,3678,3658,0,71,0,3695,0,2,18,170,20,112,0,0,0,0,0,243,411,3004,0,0,0,0,0,0,0,1568,147,223,216,730,0.494089,0.736234,1506239.046699,1664625.049864,0.028764,0.035910,0.031245,-0.002481,0.004665,-0.003369,0.006337,0.243347,0.266593,-0.348741,-0.553530,4.326861,False,0.438000
v6-4__H10__S0__P6K7__E2_B6,v6-4,10,S0,P6K7,E2_B6,E2,7444,3698,3678,0,71,0,3675,0,2,18,170,20,113,0,0,0,0,0,259,411,3008,0,0,0,0,0,0,0,1568,147,223,216,737,0.496776,0.738257,1537640.121855,1701607.259141,0.030235,0.037487,0.031245,-0.001010,0.006242,-0.001368,0.008455,0.250767,0.272706,-0.343329,-0.554828,4.318098,False,0.642000
v6-4__H10__S0__P6K7__E2_B7,v6-4,10,S0,P6K7,E2_B7,E2,7444,3678,3659,0,71,0,3695,0,2,17,169,19,114,0,0,0,0,0,237,409,3013,0,0,0,0,0,0,0,1568,147,223,216,735,0.494089,0.738414,1529065.537515,1681541.234615,0.029836,0.036635,0.031245,-0.001409,0.005391,-0.001908,0.007300,0.248672,0.269384,-0.345699,-0.554632,4.355668,False,0.433000
v6-4__H10__S0__P6K7__E2_B8,v6-4,10,S0,P6K7,E2_B8,E2,7444,3775,3755,0,71,0,3598,0,2,18,167,20,111,0,0,0,0,0,256,389,3110,0,0,0,0,0,0,0,1568,147,223,216,717,0.507120,0.753330,1546449.370284,1698418.885442,0.030642,0.037352,0.031245,-0.000602,0.006108,-0.000800,0.008107,0.252960,0.272203,-0.352876,-0.553799,4.827810,False,0.661000
v6-4__H10__S0__P6K7__E2_B9,v6-4,10,S0,P6K7,E2_B9,E2,7444,3848,3829,0,71,0,3525,0,2,17,165,19,114,0,0,0,0,0,358,431,3040,0,0,0,0,0,0,0,1568,147,223,216,694,0.516926,0.771690,1658766.651429,1803553.783951,0.035657,0.041674,0.031245,0.004412,0.010430,0.005718,0.013516,0.279639,0.288951,-0.322112,-0.541892,4.260406,False,0.437000
v6-4__H10__S0__P6K7__E3,v6-4,10,S0,P6K7,E3,E3,7444,3329,3313,0,71,0,4044,0,2,14,6183,16,0,0,0,0,0,0,0,0,1765,1548,0,0,0,0,0,0,1568,147,223,216,906,0.447206,0.536299,757748.312532,893400.276847,-0.019022,-0.007773,0.031245,-0.050266,-0.039018,-0.093728,-0.072754,-0.002241,0.089421,-0.469672,-0.654555,1.736371,False,0.317000
v6-4__H10__S0__P6K7__E4,v6-4,10,S0,P6K7,E4,E4,7444,4392,5708,0,71,0,2981,0,3,20,3191,23,0,0,0,223,0,0,0,0,3908,461,1339,0,0,0,0,0,1568,147,223,216,757,0.590005,0.725912,1338049.893733,1320988.594444,0.020366,0.019459,0.031245,-0.010879,-0.011785,-0.014987,-0.016235,0.201178,0.203478,-0.394279,-0.523152,9.905284,False,0.415000
v6-4__H10__S0__P6K7__E5,v6-4,10,S0,P6K7,E5,E5,7444,3122,3104,0,71,0,4251,0,2,16,5283,18,0,0,0,0,0,0,0,0,2352,0,0,752,0,0,0,0,1568,147,223,216,1047,0.419398,0.483099,659329.044568,749463.539928,-0.028425,-0.019768,0.031245,-0.059670,-0.051013,-0.123514,-0.105594,-0.035694,0.045650,-0.533641,-0.668986,3.249548,False,0.321000
v6-4__H10__S0__P6K7__E6,v6-4,10,S0,P6K7,E6,E6,7444,3991,3973,0,71,0,3382,0,2,16,5088,18,0,0,0,0,0,0,0,0,1586,0,0,0,2387,0,0,0,1568,147,223,216,886,0.536136,0.546128,795756.748204,843648.006930,-0.015692,-0.011702,0.031245,-0.046937,-0.042946,-0.085945,-0.078638,0.012165,0.072348,-0.494554,-0.650025,1.198412,False,0.345000
v6-4__H10__S0__P6K7__E7,v6-4,10,S0,P6K7,E7,E7,7444,3397,3372,0,71,0,3976,0,2,23,3706,25,0,0,0,0,0,0,0,0,3155,0,0,0,0,217,0,0,1568,147,223,216,810,0.456341,0.790979,1462262.476952,1565383.198071,0.026656,0.031511,0.031245,-0.004589,0.000266,-0.005801,0.000337,0.232792,0.249713,-0.415441,-0.522383,3.600928,False,0.381000
v6-4__H20__S0__P6K3__E0,v6-4,20,S0,P6K3,E0,E0,7444,1275,1257,0,71,0,6098,0,0,18,51,18,0,0,0,0,0,1257,0,0,0,0,0,0,0,0,0,0,1568,147,223,440,1400,0.171279,1.160738,1327418.703263,2007843.668314,0.019802,0.049441,0.031245,-0.011442,0.018197,-0.009858,0.015677,0.205576,0.318914,-0.580607,-0.650023,3.416246,False,0.242000
v6-4__H20__S0__P6K3__E1_A1,v6-4,20,S0,P6K3,E1_A1,E1,7444,3250,3214,0,71,0,4123,0,22,14,300,36,0,0,0,0,0,0,849,1321,1044,0,0,0,0,0,0,0,1568,147,223,440,1272,0.436593,0.992491,1651095.580549,2282637.689443,0.035325,0.058802,0.031245,0.004080,0.027558,0.004111,0.027766,0.266390,0.354292,-0.578504,-0.695387,0.983497,False,0.547000
v6-4__H20__S0__P6K3__E1_A10,v6-4,20,S0,P6K3,E1_A10,E1,7444,2009,1988,0,71,0,5364,0,6,15,177,21,0,0,0,0,0,0,193,763,1032,0,0,0,0,0,0,0,1568,147,223,440,1441,0.269882,0.781866,851452.303311,1478415.374699,-0.011071,0.027437,0.031245,-0.042316,-0.003808,-0.054122,-0.004870,0.068049,0.234128,-0.687327,-0.722198,2.160358,False,0.237000
v6-4__H20__S0__P6K3__E1_A11,v6-4,20,S0,P6K3,E1_A11,E1,7444,2261,2229,0,71,0,5112,0,13,19,187,32,0,0,0,0,0,0,242,554,1433,0,0,0,0,0,0,0,1568,147,223,440,1361,0.303735,1.047947,1101596.304885,1590681.652145,0.006721,0.032656,0.031245,-0.024523,0.001412,-0.023401,0.001347,0.143911,0.255266,-0.662275,-0.737686,3.555897,False,0.334000
v6-4__H20__S0__P6K3__E1_A12,v6-4,20,S0,P6K3,E1_A12,E1,7444,1854,1836,0,71,0,5519,0,0,18,169,18,0,0,0,0,0,0,217,271,1348,0,0,0,0,0,0,0,1568,147,223,440,1391,0.249060,1.201737,1595600.197614,2014430.739407,0.032877,0.049679,0.031245,0.001632,0.018435,0.001358,0.015340,0.258095,0.324690,-0.618567,-0.706814,3.625462,False,0.446000
v6-4__H20__S0__P6K3__E1_A2,v6-4,20,S0,P6K3,E1_A2,E1,7444,3233,3186,0,71,0,4140,0,31,16,248,47,0,0,0,0,0,0,927,885,1374,0,0,0,0,0,0,0,1568,147,223,440,1258,0.434310,1.163786,1849228.648544,2376882.073788,0.043480,0.061772,0.031245,0.012235,0.030528,0.010513,0.026231,0.302132,0.365506,-0.635289,-0.710565,1.980098,False,0.597000
v6-4__H20__S0__P6K3__E1_A3,v6-4,20,S0,P6K3,E1_A3,E1,7444,3000,2953,0,71,0,4373,0,29,18,238,47,0,0,0,0,0,0,853,494,1606,0,0,0,0,0,0,0,1568,147,223,440,1308,0.403009,1.382298,2306765.565566,2581646.289956,0.059573,0.067864,0.031245,0.028329,0.036619,0.020494,0.026492,0.378160,0.393991,-0.566418,-0.657495,3.688069,False,0.648000
v6-4__H20__S0__P6K3__E1_A4,v6-4,20,S0,P6K3,E1_A4,E1,7444,2683,2648,0,71,0,4690,0,20,15,198,35,0,0,0,0,0,0,540,988,1120,0,0,0,0,0,0,0,1568,147,223,440,1307,0.360425,0.946588,1364038.532823,2074204.764305,0.021725,0.051807,0.031245,-0.009519,0.020562,-0.010056,0.021722,0.209735,0.328713,-0.642789,-0.709009,3.406172,False,0.304000
v6-4__H20__S0__P6K3__E1_A5,v6-4,20,S0,P6K3,E1_A5,E1,7444,2814,2761,0,71,0,4559,0,34,19,200,53,0,0,0,0,0,0,611,618,1532,0,0,0,0,0,0,0,1568,147,223,440,1248,0.378023,1.258260,2125143.786959,2694742.717856,0.053575,0.071038,0.031245,0.022330,0.039794,0.017747,0.031626,0.344562,0.401172,-0.594564,-0.708496,4.850175,False,0.578000
v6-4__H20__S0__P6K3__E1_A6,v6-4,20,S0,P6K3,E1_A6,E1,7444,2692,2650,0,71,0,4681,0,19,23,226,42,0,0,0,0,0,0,534,423,1693,0,0,0,0,0,0,0,1568,147,223,440,1207,0.361634,1.585993,2710987.615302,2922358.698082,0.071484,0.077068,0.031245,0.040240,0.045823,0.025372,0.028893,0.425920,0.427111,-0.499297,-0.658608,4.164033,False,0.416000
v6-4__H20__S0__P6K3__E1_A7,v6-4,20,S0,P6K3,E1_A7,E1,7444,2333,2305,0,71,0,5040,0,15,13,206,28,0,0,0,0,0,0,350,848,1107,0,0,0,0,0,0,0,1568,147,223,440,1409,0.313407,0.777977,824359.103526,1409073.362983,-0.013283,0.024026,0.031245,-0.044527,-0.007219,-0.057235,-0.009279,0.065177,0.220587,-0.667325,-0.719265,3.036832,False,0.317000
v6-4__H20__S0__P6K3__E1_A8,v6-4,20,S0,P6K3,E1_A8,E1,7444,2395,2365,0,71,0,4978,0,11,19,184,30,0,0,0,0,0,0,397,579,1389,0,0,0,0,0,0,0,1568,147,223,440,1337,0.321736,1.061215,972169.119374,1195359.126728,-0.001952,0.012431,0.031245,-0.033197,-0.018814,-0.031282,-0.017729,0.107829,0.177175,-0.627438,-0.731850,4.023668,False,0.348000
v6-4__H20__S0__P6K3__E1_A9,v6-4,20,S0,P6K3,E1_A9,E1,7444,2302,2257,0,71,0,5071,0,24,21,205,45,0,0,0,0,0,0,375,319,1563,0,0,0,0,0,0,0,1568,147,223,440,1298,0.309242,1.336878,2033634.538840,2224430.601829,0.050369,0.056911,0.031245,0.019125,0.025666,0.014305,0.019198,0.333047,0.349899,-0.572209,-0.695591,4.402115,False,0.350000
v6-4__H20__S0__P6K3__E2_B1,v6-4,20,S0,P6K3,E2_B1,E2,7444,2564,2516,0,71,0,4809,0,32,16,198,48,157,0,0,0,0,0,535,548,1433,0,0,0,0,0,0,0,1568,147,223,440,1250,0.344438,1.247629,1888409.752936,2396943.206529,0.044995,0.062390,0.031245,0.013751,0.031146,0.011022,0.024964,0.308243,0.369389,-0.590605,-0.697200,4.788487,False,0.492000
v6-4__H20__S0__P6K3__E2_B10,v6-4,20,S0,P6K3,E2_B10,E2,7444,2991,2942,0,71,0,4382,0,35,14,183,49,155,0,0,0,0,0,858,659,1425,0,0,0,0,0,0,0,1568,147,223,440,1181,0.401800,1.386265,2528151.663720,2976604.058934,0.066317,0.078440,0.031245,0.035073,0.047196,0.025300,0.034045,0.398057,0.423973,-0.545355,-0.655834,4.824420,False,0.501000
v6-4__H20__S0__P6K3__E2_B11,v6-4,20,S0,P6K3,E2_B11,E2,7444,2421,2383,0,71,0,4952,0,20,18,175,38,156,0,0,0,0,0,358,555,1470,0,0,0,0,0,0,0,1568,147,223,440,1282,0.325228,1.185900,1551711.188674,1715953.240855,0.030884,0.038090,0.031245,-0.000360,0.006845,-0.000304,0.005772,0.248318,0.275130,-0.615511,-0.727488,4.165648,False,0.359000
v6-4__H20__S0__P6K3__E2_B12,v6-4,20,S0,P6K3,E2_B12,E2,7444,2278,2242,0,71,0,5095,0,17,19,185,36,147,0,0,0,0,0,235,537,1470,0,0,0,0,0,0,0,1568,147,223,440,1361,0.306018,1.135050,1455840.262506,1846667.623920,0.026343,0.043379,0.031245,-0.004902,0.012135,-0.004318,0.010691,0.229418,0.297007,-0.648558,-0.729488,3.764151,False,0.704000
v6-4__H20__S0__P6K3__E2_B13,v6-4,20,S0,P6K3,E2_B13,E2,7444,2561,2533,0,71,0,4812,0,16,12,175,28,129,0,0,0,0,0,493,927,1113,0,0,0,0,0,0,0,1568,147,223,440,1352,0.344035,0.830958,720940.912963,1431894.496200,-0.022398,0.025165,0.031245,-0.053642,-0.006079,-0.064554,-0.007316,0.010374,0.224386,-0.709093,-0.727896,3.218119,False,0.439000
v6-4__H20__S0__P6K3__E2_B14,v6-4,20,S0,P6K3,E2_B14,E2,7444,2543,2502,0,71,0,4830,0,18,23,210,41,159,0,0,0,0,0,512,342,1648,0,0,0,0,0,0,0,1568,147,223,440,1229,0.341617,1.534750,2806655.814859,3142663.172712,0.074060,0.082501,0.031245,0.042815,0.051256,0.027897,0.033397,0.437658,0.452217,-0.551426,-0.678192,5.114801,False,0.665000
v6-4__H20__S0__P6K3__E2_B18,v6-4,20,S0,P6K3,E2_B18,E2,7444,2720,2668,0,71,0,4653,0,35,17,196,52,157,0,0,0,0,0,582,598,1488,0,0,0,0,0,0,0,1568,147,223,440,1235,0.365395,1.283713,2118716.262638,2570356.294816,0.053354,0.067540,0.031245,0.022109,0.036295,0.017223,0.028274,0.341542,0.385333,-0.608177,-0.724615,5.085654,False,0.511000
v6-4__H20__S0__P6K3__E2_B19,v6-4,20,S0,P6K3,E2_B19,E2,7444,2244,2207,0,71,0,5129,0,18,19,193,37,160,0,0,0,0,0,237,543,1427,0,0,0,0,0,0,0,1568,147,223,440,1365,0.301451,1.093001,1326568.221601,1725697.315106,0.019757,0.038497,0.031245,-0.011488,0.007252,-0.010510,0.006635,0.201332,0.278301,-0.652399,-0.739227,3.772681,False,0.660000
v6-4__H20__S0__P6K3__E2_B2,v6-4,20,S0,P6K3,E2_B2,E2,7444,2580,2531,0,71,0,4793,0,30,19,194,49,157,0,0,0,0,0,527,555,1449,0,0,0,0,0,0,0,1568,147,223,440,1249,0.346588,1.250227,1836918.323520,2278690.587365,0.042997,0.058675,0.031245,0.011753,0.027431,0.009400,0.021941,0.299361,0.353917,-0.592924,-0.715607,4.804006,False,0.606000
v6-4__H20__S0__P6K3__E2_B20,v6-4,20,S0,P6K3,E2_B20,E2,7444,2670,2624,0,71,0,4703,0,29,17,195,46,151,0,0,0,0,0,571,565,1488,0,0,0,0,0,0,0,1568,147,223,440,1219,0.358678,1.325810,1948035.470671,2366457.729483,0.047247,0.061449,0.031245,0.016002,0.030204,0.012070,0.022782,0.317254,0.363526,-0.570052,-0.695969,5.050182,False,0.795000
v6-4__H20__S0__P6K3__E2_B3,v6-4,20,S0,P6K3,E2_B3,E2,7444,2718,2666,0,71,0,4655,0,33,19,195,52,157,0,0,0,0,0,579,591,1496,0,0,0,0,0,0,0,1568,147,223,440,1223,0.365126,1.286307,2110445.682473,2581966.370385,0.053069,0.067873,0.031245,0.021824,0.036629,0.016966,0.028476,0.340349,0.386597,-0.584904,-0.715629,5.062506,False,0.500000
v6-4__H20__S0__P6K3__E2_B4,v6-4,20,S0,P6K3,E2_B4,E2,7444,2564,2516,0,71,0,4809,0,32,16,198,48,157,0,0,0,0,0,535,548,1433,0,0,0,0,0,0,0,1568,147,223,440,1250,0.344438,1.247629,1888409.752936,2396943.206529,0.044995,0.062390,0.031245,0.013751,0.031146,0.011022,0.024964,0.308243,0.369389,-0.590605,-0.697200,4.788487,False,0.752000
v6-4__H20__S0__P6K3__E2_B5,v6-4,20,S0,P6K3,E2_B5,E2,7444,2564,2516,0,71,0,4809,0,32,16,198,48,157,0,0,0,0,0,535,548,1433,0,0,0,0,0,0,0,1568,147,223,440,1250,0.344438,1.247629,1888409.752936,2396943.206529,0.044995,0.062390,0.031245,0.013751,0.031146,0.011022,0.024964,0.308243,0.369389,-0.590605,-0.697200,4.788487,False,0.714000
v6-4__H20__S0__P6K3__E2_B6,v6-4,20,S0,P6K3,E2_B6,E2,7444,2670,2617,0,71,0,4703,0,34,19,196,53,157,0,0,0,0,0,563,587,1467,0,0,0,0,0,0,0,1568,147,223,440,1222,0.358678,1.326674,2148120.867703,2652037.491656,0.054359,0.069855,0.031245,0.023115,0.038610,0.017423,0.029103,0.347772,0.396234,-0.559713,-0.683972,4.730226,False,0.737000
v6-4__H20__S0__P6K3__E2_B7,v6-4,20,S0,P6K3,E2_B7,E2,7444,2633,2584,0,71,0,4740,0,35,14,192,49,163,0,0,0,0,0,537,576,1471,0,0,0,0,0,0,0,1568,147,223,440,1248,0.353708,1.287303,2163325.511612,2658625.422582,0.054874,0.070038,0.031245,0.023630,0.038794,0.018356,0.030136,0.349164,0.397320,-0.590894,-0.706764,4.709186,False,0.716000
v6-4__H20__S0__P6K3__E2_B8,v6-4,20,S0,P6K3,E2_B8,E2,7444,2637,2586,0,71,0,4736,0,36,15,199,51,151,0,0,0,0,0,523,573,1490,0,0,0,0,0,0,0,1568,147,223,440,1148,0.354245,1.549479,2762119.408182,3338258.566973,0.072871,0.087035,0.031245,0.041627,0.055791,0.026865,0.036006,0.428473,0.461120,-0.535975,-0.678169,4.166809,False,0.324000
v6-4__H20__S0__P6K3__E2_B9,v6-4,20,S0,P6K3,E2_B9,E2,7444,2912,2859,0,71,0,4461,0,35,18,208,53,149,0,0,0,0,0,690,670,1499,0,0,0,0,0,0,0,1568,147,223,440,1149,0.391188,1.464035,2417105.589350,2819013.717713,0.063006,0.074387,0.031245,0.031762,0.043142,0.021695,0.029468,0.385578,0.408916,-0.549386,-0.665327,4.217645,False,0.776000
v6-4__H20__S0__P6K3__E3,v6-4,20,S0,P6K3,E3,E3,7444,2496,2480,0,71,0,4877,0,3,13,5683,16,0,0,0,0,0,0,0,0,478,2002,0,0,0,0,0,0,1568,147,223,440,1324,0.335304,0.742052,883378.304422,1201258.720617,-0.008548,0.012776,0.031245,-0.039793,-0.018469,-0.053625,-0.024889,0.095414,0.183947,-0.688064,-0.789338,1.705191,False,0.314000
v6-4__H20__S0__P6K3__E4,v6-4,20,S0,P6K3,E4,E4,7444,3301,4636,0,71,0,4072,0,5,25,3061,30,0,0,0,509,0,0,0,0,2081,1190,1365,0,0,0,0,0,1568,147,223,440,1351,0.443444,1.355598,1690108.809902,1874104.104676,0.037000,0.044445,0.031245,0.005755,0.013201,0.004246,0.009738,0.282667,0.305062,-0.479418,-0.608167,11.775314,False,0.754000
v6-4__H20__S0__P6K3__E5,v6-4,20,S0,P6K3,E5,E5,7444,2534,2510,0,71,0,4839,0,5,19,6202,24,0,0,0,0,0,0,0,0,1343,0,0,1167,0,0,0,0,1568,147,223,440,1314,0.340408,0.909775,953401.360595,1909750.425815,-0.003298,0.045809,0.031245,-0.034543,0.014564,-0.037968,0.016008,0.120954,0.298740,-0.701323,-0.736737,2.569815,False,0.382000
v6-4__H20__S0__P6K3__E6,v6-4,20,S0,P6K3,E6,E6,7444,3124,3101,0,71,0,4249,0,7,16,3709,23,0,0,0,0,0,0,0,0,1096,0,0,0,2005,0,0,0,1568,147,223,440,1267,0.419667,0.879404,1640438.740948,1927753.401779,0.034861,0.046488,0.031245,0.003616,0.015244,0.004112,0.017334,0.264558,0.304299,-0.681081,-0.741179,-0.169839,False,0.462000
v6-4__H20__S0__P6K3__E7,v6-4,20,S0,P6K3,E7,E7,7444,1819,1789,0,71,0,5554,0,7,23,4721,30,0,0,0,0,0,0,0,0,1228,0,0,0,0,561,0,0,1568,147,223,440,1334,0.244358,1.422466,1655456.210240,2360837.863818,0.035514,0.061274,0.031245,0.004269,0.030030,0.003001,0.021111,0.271008,0.374527,-0.613610,-0.669128,2.001249,False,0.345000
v6-4__H20__S0__P6K5__E0,v6-4,20,S0,P6K5,E0,E0,7444,1569,1549,0,71,0,5804,0,0,20,56,20,0,0,0,0,0,1549,0,0,0,0,0,0,0,0,0,0,1568,147,223,283,1340,0.210774,0.912363,1005235.564812,1454798.433365,0.000362,0.026292,0.031245,-0.030883,-0.004952,-0.033849,-0.005428,0.118117,0.229174,-0.607030,-0.679255,4.616697,False,0.282000
v6-4__H20__S0__P6K5__E1_A1,v6-4,20,S0,P6K5,E1_A1,E1,7444,3316,3284,0,71,0,4057,0,20,12,282,32,0,0,0,0,0,0,840,1370,1074,0,0,0,0,0,0,0,1568,147,223,283,1170,0.445459,0.758620,1119311.883252,1552460.839283,0.007834,0.030919,0.031245,-0.023411,-0.000326,-0.030860,-0.000429,0.144799,0.247648,-0.558205,-0.690719,0.928052,False,0.334000
v6-4__H20__S0__P6K5__E1_A10,v6-4,20,S0,P6K5,E1_A10,E1,7444,2363,2340,0,71,0,5010,0,11,12,208,23,0,0,0,0,0,0,223,912,1205,0,0,0,0,0,0,0,1568,147,223,283,1301,0.317437,0.673542,740650.440694,1225973.498365,-0.020570,0.014205,0.031245,-0.051815,-0.017040,-0.076929,-0.025299,0.025875,0.179508,-0.687646,-0.729335,2.666382,False,0.317000
v6-4__H20__S0__P6K5__E1_A11,v6-4,20,S0,P6K5,E1_A11,E1,7444,2506,2473,0,71,0,4867,0,16,17,193,33,0,0,0,0,0,0,268,617,1588,0,0,0,0,0,0,0,1568,147,223,283,1175,0.336647,0.991841,1485926.168428,1844907.928856,0.027797,0.043311,0.031245,-0.003447,0.012066,-0.003476,0.012165,0.235621,0.296809,-0.620789,-0.714910,3.854730,False,0.325000
v6-4__H20__S0__P6K5__E1_A12,v6-4,20,S0,P6K5,E1_A12,E1,7444,2425,2389,0,71,0,4948,0,15,21,211,36,0,0,0,0,0,0,264,338,1787,0,0,0,0,0,0,0,1568,147,223,283,1170,0.325766,1.183833,1969325.208840,2349010.668563,0.048035,0.060905,0.031245,0.016791,0.029661,0.014183,0.025055,0.327384,0.369369,-0.577673,-0.666555,4.346328,False,0.307000
v6-4__H20__S0__P6K5__E1_A2,v6-4,20,S0,P6K5,E1_A2,E1,7444,3326,3279,0,71,0,4047,0,30,17,219,47,0,0,0,0,0,0,935,848,1496,0,0,0,0,0,0,0,1568,147,223,283,1066,0.446803,1.063422,1722183.043295,2056458.588872,0.038350,0.051181,0.031245,0.007106,0.019937,0.006682,0.018748,0.284531,0.325641,-0.545647,-0.666416,2.823189,False,0.666000
v6-4__H20__S0__P6K5__E1_A3,v6-4,20,S0,P6K5,E1_A3,E1,7444,3428,3384,0,71,0,3945,0,25,19,260,44,0,0,0,0,0,0,925,590,1869,0,0,0,0,0,0,0,1568,147,223,283,1098,0.460505,1.200272,2078216.411494,2402722.603794,0.051947,0.062567,0.031245,0.020703,0.031323,0.017248,0.026096,0.347178,0.372741,-0.536149,-0.639425,3.246136,False,0.680000
v6-4__H20__S0__P6K5__E1_A4,v6-4,20,S0,P6K5,E1_A4,E1,7444,2801,2771,0,71,0,4572,0,15,15,215,30,0,0,0,0,0,0,544,1029,1198,0,0,0,0,0,0,0,1568,147,223,283,1222,0.376276,0.726260,1010301.526145,1546335.809120,0.000710,0.030637,0.031245,-0.030535,-0.000608,-0.042044,-0.000837,0.117106,0.246374,-0.624143,-0.696494,3.631269,False,0.327000
v6-4__H20__S0__P6K5__E1_A5,v6-4,20,S0,P6K5,E1_A5,E1,7444,2998,2948,0,71,0,4375,0,32,18,209,50,0,0,0,0,0,0,634,657,1657,0,0,0,0,0,0,0,1568,147,223,283,1091,0.402740,1.027101,1701008.555900,2085098.387268,0.037461,0.052188,0.031245,0.006217,0.020944,0.006053,0.020391,0.278387,0.329434,-0.550540,-0.696030,4.961465,False,0.362000
v6-4__H20__S0__P6K5__E1_A6,v6-4,20,S0,P6K5,E1_A6,E1,7444,2970,2927,0,71,0,4403,0,20,23,225,43,0,0,0,0,0,0,608,447,1872,0,0,0,0,0,0,0,1568,147,223,283,1064,0.398979,1.256273,2213275.826551,2549290.664569,0.056543,0.066932,0.031245,0.025298,0.035687,0.020138,0.028407,0.366684,0.389853,-0.505188,-0.651426,4.580001,False,0.575000
v6-4__H20__S0__P6K5__E1_A7,v6-4,20,S0,P6K5,E1_A7,E1,7444,2545,2518,0,71,0,4828,0,13,14,210,27,0,0,0,0,0,0,364,957,1197,0,0,0,0,0,0,0,1568,147,223,283,1272,0.341886,0.683564,804150.715013,1226263.052197,-0.014977,0.014221,0.031245,-0.046221,-0.017023,-0.067618,-0.024904,0.049475,0.180408,-0.659962,-0.730868,3.182869,False,0.324000
v6-4__H20__S0__P6K5__E1_A8,v6-4,20,S0,P6K5,E1_A8,E1,7444,2686,2649,0,71,0,4687,0,20,17,213,37,0,0,0,0,0,0,418,644,1587,0,0,0,0,0,0,0,1568,147,223,283,1141,0.360828,0.951598,1383856.456172,1701464.178108,0.022746,0.037481,0.031245,-0.008498,0.006236,-0.008931,0.006553,0.212942,0.272816,-0.580421,-0.707079,4.032541,False,0.554000
v6-4__H20__S0__P6K5__E1_A9,v6-4,20,S0,P6K5,E1_A9,E1,7444,2739,2695,0,71,0,4634,0,25,19,210,44,0,0,0,0,0,0,434,380,1881,0,0,0,0,0,0,0,1568,147,223,283,1107,0.367947,1.213401,2086562.193761,2326476.589885,0.052239,0.060198,0.031245,0.020995,0.028953,0.017302,0.023861,0.346375,0.363565,-0.529409,-0.653806,4.953022,False,0.621000
v6-4__H20__S0__P6K5__E2_B1,v6-4,20,S0,P6K5,E2_B1,E2,7444,2838,2786,0,71,0,4535,0,33,19,203,52,156,0,0,0,0,0,585,622,1579,0,0,0,0,0,0,0,1568,147,223,283,1090,0.381247,1.061688,1741662.330608,2060734.456948,0.039159,0.051332,0.031245,0.007915,0.020088,0.007455,0.018921,0.287017,0.327002,-0.527286,-0.683864,5.102126,False,0.517000
v6-4__H20__S0__P6K5__E2_B10,v6-4,20,S0,P6K5,E2_B10,E2,7444,3161,3113,0,71,0,4212,0,32,16,210,48,158,0,0,0,0,0,862,726,1525,0,0,0,0,0,0,0,1568,147,223,283,1034,0.424637,1.101480,1884944.870542,2210359.469371,0.044862,0.056446,0.031245,0.013618,0.025202,0.012363,0.022880,0.312803,0.344604,-0.521288,-0.652401,4.162136,False,0.702000
v6-4__H20__S0__P6K5__E2_B11,v6-4,20,S0,P6K5,E2_B11,E2,7444,2617,2584,0,71,0,4756,0,17,16,207,33,161,0,0,0,0,0,370,609,1605,0,0,0,0,0,0,0,1568,147,223,283,1147,0.351558,0.949854,1381626.832960,1563959.144670,0.022632,0.031446,0.031245,-0.008613,0.000201,-0.009067,0.000212,0.212895,0.249908,-0.625631,-0.730661,4.140950,False,0.503000
v6-4__H20__S0__P6K5__E2_B12,v6-4,20,S0,P6K5,E2_B12,E2,7444,2464,2434,0,71,0,4909,0,13,17,213,30,159,0,0,0,0,0,234,586,1614,0,0,0,0,0,0,0,1568,147,223,283,1186,0.331005,1.006522,1516019.593586,1793289.452491,0.029225,0.041263,0.031245,-0.002020,0.010018,-0.002006,0.009953,0.241984,0.288502,-0.633530,-0.727695,3.654174,False,0.462000
v6-4__H20__S0__P6K5__E2_B13,v6-4,20,S0,P6K5,E2_B13,E2,7444,2702,2670,0,71,0,4671,0,16,16,209,32,145,0,0,0,0,0,506,998,1166,0,0,0,0,0,0,0,1568,147,223,283,1252,0.362977,0.685149,751236.759659,1234724.054287,-0.019608,0.014704,0.031245,-0.050852,-0.016540,-0.074221,-0.024141,0.025586,0.181787,-0.644047,-0.710263,3.319681,False,0.451000
v6-4__H20__S0__P6K5__E2_B14,v6-4,20,S0,P6K5,E2_B14,E2,7444,2926,2884,0,71,0,4447,0,21,21,219,42,171,0,0,0,0,0,564,426,1894,0,0,0,0,0,0,0,1568,147,223,283,1028,0.393068,1.350789,2680398.610360,2954212.491054,0.070643,0.077877,0.031245,0.039398,0.046632,0.029167,0.034522,0.432533,0.433631,-0.491050,-0.638711,4.662104,False,0.562000
v6-4__H20__S0__P6K5__E2_B18,v6-4,20,S0,P6K5,E2_B18,E2,7444,2814,2765,0,71,0,4559,0,29,20,205,49,163,0,0,0,0,0,577,631,1557,0,0,0,0,0,0,0,1568,147,223,283,1102,0.378023,0.995592,1589161.860859,1864661.681240,0.032588,0.044080,0.031245,0.001343,0.012836,0.001349,0.012892,0.256047,0.297609,-0.595615,-0.725123,4.698168,False,0.765000
v6-4__H20__S0__P6K5__E2_B19,v6-4,20,S0,P6K5,E2_B19,E2,7444,2407,2378,0,71,0,4966,0,12,17,214,29,160,0,0,0,0,0,233,584,1561,0,0,0,0,0,0,0,1568,147,223,283,1212,0.323348,0.928755,1266099.156081,1575255.386707,0.016468,0.031960,0.031245,-0.014776,0.000715,-0.015910,0.000770,0.185235,0.251949,-0.654513,-0.741337,3.431154,False,0.696000
v6-4__H20__S0__P6K5__E2_B2,v6-4,20,S0,P6K5,E2_B2,E2,7444,2763,2716,0,71,0,4610,0,29,18,197,47,156,0,0,0,0,0,552,616,1548,0,0,0,0,0,0,0,1568,147,223,283,1098,0.371171,1.031079,1580316.244596,1872088.624917,0.032189,0.044368,0.031245,0.000944,0.013123,0.000916,0.012727,0.255089,0.299684,-0.547464,-0.693281,4.697587,False,0.723000
v6-4__H20__S0__P6K5__E2_B20,v6-4,20,S0,P6K5,E2_B20,E2,7444,2778,2731,0,71,0,4595,0,29,18,195,47,156,0,0,0,0,0,574,603,1554,0,0,0,0,0,0,0,1568,147,223,283,1100,0.373186,0.995399,1502063.225377,1873151.357547,0.028566,0.044409,0.031245,-0.002678,0.013164,-0.002691,0.013225,0.238468,0.299760,-0.559217,-0.691552,4.880699,False,0.762000
v6-4__H20__S0__P6K5__E2_B3,v6-4,20,S0,P6K5,E2_B3,E2,7444,2935,2885,0,71,0,4438,0,32,18,208,50,165,0,0,0,0,0,605,683,1597,0,0,0,0,0,0,0,1568,147,223,283,1065,0.394277,1.124656,1881802.849593,2139222.547257,0.044742,0.054056,0.031245,0.013497,0.022812,0.012001,0.020283,0.313051,0.336977,-0.527183,-0.689556,4.611988,False,0.532000
v6-4__H20__S0__P6K5__E2_B4,v6-4,20,S0,P6K5,E2_B4,E2,7444,2838,2786,0,71,0,4535,0,33,19,203,52,156,0,0,0,0,0,585,622,1579,0,0,0,0,0,0,0,1568,147,223,283,1090,0.381247,1.061688,1741662.330608,2060734.456948,0.039159,0.051332,0.031245,0.007915,0.020088,0.007455,0.018921,0.287017,0.327002,-0.527286,-0.683864,5.102126,False,0.772000
v6-4__H20__S0__P6K5__E2_B5,v6-4,20,S0,P6K5,E2_B5,E2,7444,2838,2786,0,71,0,4535,0,33,19,203,52,156,0,0,0,0,0,585,622,1579,0,0,0,0,0,0,0,1568,147,223,283,1090,0.381247,1.061688,1741662.330608,2060734.456948,0.039159,0.051332,0.031245,0.007915,0.020088,0.007455,0.018921,0.287017,0.327002,-0.527286,-0.683864,5.102126,False,0.507000
v6-4__H20__S0__P6K5__E2_B6,v6-4,20,S0,P6K5,E2_B6,E2,7444,2842,2791,0,71,0,4531,0,32,19,206,51,154,0,0,0,0,0,576,621,1594,0,0,0,0,0,0,0,1568,147,223,283,1092,0.381784,1.039001,1680065.947091,2035973.458412,0.036572,0.050453,0.031245,0.005328,0.019208,0.005128,0.018487,0.274623,0.323214,-0.537844,-0.681937,4.705090,False,0.508000
v6-4__H20__S0__P6K5__E2_B7,v6-4,20,S0,P6K5,E2_B7,E2,7444,2777,2728,0,71,0,4596,0,32,17,196,49,164,0,0,0,0,0,537,613,1578,0,0,0,0,0,0,0,1568,147,223,283,1094,0.373052,1.017230,1696414.412602,1981673.915748,0.037267,0.048489,0.031245,0.006023,0.017244,0.005921,0.016952,0.276873,0.314762,-0.575983,-0.714608,4.687577,False,0.795000
v6-4__H20__S0__P6K5__E2_B8,v6-4,20,S0,P6K5,E2_B8,E2,7444,2838,2789,0,71,0,4535,0,33,16,204,49,153,0,0,0,0,0,569,620,1600,0,0,0,0,0,0,0,1568,147,223,283,1070,0.381247,1.144519,1985868.127665,2321939.027095,0.048642,0.060054,0.031245,0.017398,0.028810,0.015201,0.025172,0.331379,0.361509,-0.514062,-0.680544,4.426049,False,0.770000
v6-4__H20__S0__P6K5__E2_B9,v6-4,20,S0,P6K5,E2_B9,E2,7444,3133,3083,0,71,0,4240,0,35,15,213,50,153,0,0,0,0,0,731,724,1628,0,0,0,0,0,0,0,1568,147,223,283,1024,0.420876,1.161030,2080108.801912,2317838.700834,0.052014,0.059925,0.031245,0.020769,0.028680,0.017888,0.024702,0.345209,0.356957,-0.523258,-0.655930,3.877321,False,0.512000
v6-4__H20__S0__P6K5__E3,v6-4,20,S0,P6K5,E3,E3,7444,2604,2588,0,71,0,4769,0,3,13,4510,16,0,0,0,0,0,0,0,0,488,2100,0,0,0,0,0,0,1568,147,223,283,1214,0.349812,0.586176,625685.782844,723510.714197,-0.031942,-0.022157,0.031245,-0.063186,-0.053401,-0.107794,-0.091101,-0.011865,0.054382,-0.662647,-0.784941,1.560702,False,0.456000
v6-4__H20__S0__P6K5__E4,v6-4,20,S0,P6K5,E4,E4,7444,3350,4785,0,71,0,4023,0,4,23,2940,27,0,0,0,398,0,0,0,0,2118,1205,1462,0,0,0,0,0,1568,147,223,283,1214,0.450027,1.098994,1432683.810093,1446858.393907,0.025204,0.025903,0.031245,-0.006040,-0.005341,-0.005496,-0.004860,0.225030,0.227214,-0.467135,-0.598472,12.193539,False,0.527000
v6-4__H20__S0__P6K5__E5,v6-4,20,S0,P6K5,E5,E5,7444,2626,2602,0,71,0,4747,0,5,19,6608,24,0,0,0,0,0,0,0,0,1398,0,0,1204,0,0,0,0,1568,147,223,283,1189,0.352767,0.765000,840826.104296,1583186.669717,-0.011931,0.032319,0.031245,-0.043175,0.001074,-0.056438,0.001404,0.076917,0.250537,-0.695148,-0.729180,2.402646,False,0.401000
v6-4__H20__S0__P6K5__E6,v6-4,20,S0,P6K5,E6,E6,7444,3278,3258,0,71,0,4095,0,3,17,3715,20,0,0,0,0,0,0,0,0,1206,0,0,0,2052,0,0,0,1568,147,223,283,1168,0.440355,0.657826,1086033.605995,1347801.361905,0.005730,0.020879,0.031245,-0.025514,-0.010366,-0.038786,-0.015758,0.155471,0.215067,-0.681250,-0.747163,0.479711,False,0.434000
v6-4__H20__S0__P6K5__E7,v6-4,20,S0,P6K5,E7,E7,7444,2105,2072,0,71,0,5268,0,13,20,5460,33,0,0,0,0,0,0,0,0,1425,0,0,0,0,647,0,0,1568,147,223,283,1223,0.282778,1.098449,1265960.220113,1905840.936502,0.016461,0.045660,0.031245,-0.014784,0.014416,-0.013459,0.013124,0.184381,0.309542,-0.625878,-0.663614,2.195278,False,0.552000
v6-4__H20__S0__P6K7__E0,v6-4,20,S0,P6K7,E0,E0,7444,2314,2287,0,71,0,5059,0,1,26,80,27,0,0,0,0,0,2287,0,0,0,0,0,0,0,0,0,0,1568,147,223,216,1205,0.310854,0.962963,1249765.204156,1588031.425594,0.015555,0.032537,0.031245,-0.015689,0.001292,-0.016293,0.001342,0.181341,0.254348,-0.547497,-0.632529,5.324228,False,0.321000
v6-4__H20__S0__P6K7__E1_A1,v6-4,20,S0,P6K7,E1_A1,E1,7444,3433,3400,0,71,0,3940,0,20,13,264,33,0,0,0,0,0,0,843,1443,1114,0,0,0,0,0,0,0,1568,147,223,216,1041,0.461177,0.684521,1058822.675390,1364772.060582,0.003965,0.021763,0.031245,-0.027280,-0.009481,-0.039852,-0.013851,0.122003,0.210708,-0.537451,-0.696868,0.773956,False,0.411000
v6-4__H20__S0__P6K7__E1_A10,v6-4,20,S0,P6K7,E1_A10,E1,7444,2591,2566,0,71,0,4782,0,10,15,226,25,0,0,0,0,0,0,239,981,1346,0,0,0,0,0,0,0,1568,147,223,216,1142,0.348066,0.651046,869046.064929,1244530.405253,-0.009670,0.015260,0.031245,-0.040915,-0.015984,-0.062844,-0.024552,0.064568,0.183521,-0.648773,-0.714665,3.007950,False,0.340000
v6-4__H20__S0__P6K7__E1_A11,v6-4,20,S0,P6K7,E1_A11,E1,7444,2751,2713,0,71,0,4622,0,17,21,244,38,0,0,0,0,0,0,283,694,1736,0,0,0,0,0,0,0,1568,147,223,216,1040,0.369559,0.890998,1440956.807116,1701477.270894,0.025613,0.037481,0.031245,-0.005632,0.006237,-0.006320,0.007000,0.225954,0.273677,-0.583487,-0.691997,3.381529,False,0.353000
v6-4__H20__S0__P6K7__E1_A12,v6-4,20,S0,P6K7,E1_A12,E1,7444,2620,2587,0,71,0,4753,0,12,21,223,33,0,0,0,0,0,0,280,360,1947,0,0,0,0,0,0,0,1568,147,223,216,1076,0.351961,0.977523,1575662.850265,1821383.852946,0.031978,0.042384,0.031245,0.000734,0.011140,0.000751,0.011396,0.255955,0.294579,-0.576093,-0.668916,4.393806,False,0.386000
v6-4__H20__S0__P6K7__E1_A2,v6-4,20,S0,P6K7,E1_A2,E1,7444,3572,3527,0,71,0,3801,0,31,14,224,45,0,0,0,0,0,0,975,892,1660,0,0,0,0,0,0,0,1568,147,223,216,949,0.479850,0.907339,1426301.675238,1675343.195653,0.024887,0.036370,0.031245,-0.006357,0.005126,-0.007006,0.005649,0.223012,0.268710,-0.528790,-0.672413,3.071325,False,0.419000
v6-4__H20__S0__P6K7__E1_A3,v6-4,20,S0,P6K7,E1_A3,E1,7444,3432,3388,0,71,0,3941,0,24,20,224,44,0,0,0,0,0,0,871,537,1980,0,0,0,0,0,0,0,1568,147,223,216,937,0.461042,1.099011,1978523.454934,2215930.089099,0.048373,0.056630,0.031245,0.017129,0.025386,0.015586,0.023099,0.337752,0.350463,-0.503991,-0.635608,3.997847,False,0.593000
v6-4__H20__S0__P6K7__E1_A4,v6-4,20,S0,P6K7,E1_A4,E1,7444,2845,2813,0,71,0,4528,0,16,16,215,32,0,0,0,0,0,0,521,1073,1219,0,0,0,0,0,0,0,1568,147,223,216,1100,0.382187,0.643086,935264.701991,1368199.544769,-0.004623,0.021941,0.031245,-0.035867,-0.009304,-0.055773,-0.014467,0.086681,0.211132,-0.606429,-0.701498,3.012145,False,0.378000
v6-4__H20__S0__P6K7__E1_A5,v6-4,20,S0,P6K7,E1_A5,E1,7444,3243,3203,0,71,0,4130,0,24,16,231,40,0,0,0,0,0,0,656,763,1784,0,0,0,0,0,0,0,1568,147,223,216,995,0.435653,0.866973,1322264.829217,1616542.464544,0.019528,0.033810,0.031245,-0.011717,0.002565,-0.013515,0.002959,0.197423,0.258759,-0.519906,-0.676693,4.293995,False,0.641000
v6-4__H20__S0__P6K7__E1_A6,v6-4,20,S0,P6K7,E1_A6,E1,7444,3151,3111,0,71,0,4222,0,17,23,220,40,0,0,0,0,0,0,633,456,2022,0,0,0,0,0,0,0,1568,147,223,216,967,0.423294,1.022682,1694779.634293,1962834.505056,0.037198,0.047796,0.031245,0.005953,0.016551,0.005821,0.016184,0.281165,0.315352,-0.510225,-0.647625,5.007390,False,0.423000
v6-4__H20__S0__P6K7__E1_A7,v6-4,20,S0,P6K7,E1_A7,E1,7444,2808,2777,0,71,0,4565,0,15,16,241,31,0,0,0,0,0,0,393,1062,1322,0,0,0,0,0,0,0,1568,147,223,216,1114,0.377217,0.664722,936947.129255,1256975.333917,-0.004499,0.015960,0.031245,-0.035743,-0.015285,-0.053772,-0.022994,0.085899,0.186749,-0.626202,-0.720740,3.059066,False,0.352000
v6-4__H20__S0__P6K7__E1_A8,v6-4,20,S0,P6K7,E1_A8,E1,7444,2905,2870,0,71,0,4468,0,17,18,219,35,0,0,0,0,0,0,422,722,1726,0,0,0,0,0,0,0,1568,147,223,216,1022,0.390247,0.847300,1253586.438604,1501488.981076,0.015770,0.028539,0.031245,-0.015475,-0.002706,-0.018264,-0.003193,0.180069,0.238049,-0.582754,-0.693528,3.666637,False,0.590000
v6-4__H20__S0__P6K7__E1_A9,v6-4,20,S0,P6K7,E1_A9,E1,7444,2973,2927,0,71,0,4400,0,24,22,223,46,0,0,0,0,0,0,449,419,2059,0,0,0,0,0,0,0,1568,147,223,216,1004,0.399382,0.996905,1728515.112966,1958841.230709,0.038614,0.047648,0.031245,0.007370,0.016403,0.007393,0.016454,0.286237,0.314276,-0.545268,-0.662824,4.842277,False,0.415000
v6-4__H20__S0__P6K7__E2_B1,v6-4,20,S0,P6K7,E2_B1,E2,7444,3081,3030,0,71,0,4292,0,34,17,216,51,178,0,0,0,0,0,582,723,1725,0,0,0,0,0,0,0,1568,147,223,216,965,0.413890,0.937759,1622381.920360,1899239.018957,0.034068,0.045409,0.031245,0.002823,0.014165,0.003011,0.015105,0.266590,0.304930,-0.504427,-0.661123,4.233402,False,0.825000
v6-4__H20__S0__P6K7__E2_B10,v6-4,20,S0,P6K7,E2_B10,E2,7444,3413,3364,0,71,0,3960,0,33,16,211,49,166,0,0,0,0,0,921,770,1673,0,0,0,0,0,0,0,1568,147,223,216,905,0.458490,0.982582,1867190.060573,2135406.316997,0.044178,0.053926,0.031245,0.012934,0.022682,0.013163,0.023084,0.315724,0.337167,-0.508001,-0.644696,4.376864,False,0.577000
v6-4__H20__S0__P6K7__E2_B11,v6-4,20,S0,P6K7,E2_B11,E2,7444,2782,2747,0,71,0,4591,0,18,17,225,35,175,0,0,0,0,0,378,674,1695,0,0,0,0,0,0,0,1568,147,223,216,1057,0.373724,0.793908,1134249.761596,1296105.226133,0.008759,0.018118,0.031245,-0.022485,-0.013126,-0.028322,-0.016534,0.149424,0.197776,-0.630636,-0.727033,3.654522,False,0.508000
v6-4__H20__S0__P6K7__E2_B12,v6-4,20,S0,P6K7,E2_B12,E2,7444,2653,2619,0,71,0,4720,0,18,16,235,34,171,0,0,0,0,0,249,647,1723,0,0,0,0,0,0,0,1568,147,223,216,1072,0.356394,0.851316,1315063.276985,1575674.189253,0.019142,0.031979,0.031245,-0.012102,0.000734,-0.014216,0.000862,0.196169,0.251808,-0.633803,-0.722914,3.483494,False,0.497000
v6-4__H20__S0__P6K7__E2_B13,v6-4,20,S0,P6K7,E2_B13,E2,7444,2842,2810,0,71,0,4531,0,17,15,226,32,148,0,0,0,0,0,512,1062,1236,0,0,0,0,0,0,0,1568,147,223,216,1108,0.381784,0.654414,948595.582471,1348366.243127,-0.003647,0.020908,0.031245,-0.034891,-0.010336,-0.053317,-0.015795,0.090435,0.206600,-0.613264,-0.702647,3.140722,False,0.472000
v6-4__H20__S0__P6K7__E2_B14,v6-4,20,S0,P6K7,E2_B14,E2,7444,3105,3067,0,71,0,4268,0,18,20,220,38,183,0,0,0,0,0,571,454,2042,0,0,0,0,0,0,0,1568,147,223,216,953,0.417114,1.098019,2084868.017472,2283506.042495,0.052180,0.058830,0.031245,0.020935,0.027586,0.019067,0.025123,0.353690,0.360231,-0.489885,-0.634894,4.611174,False,0.585000
v6-4__H20__S0__P6K7__E2_B18,v6-4,20,S0,P6K7,E2_B18,E2,7444,2954,2910,0,71,0,4419,0,28,16,224,44,176,0,0,0,0,0,580,701,1629,0,0,0,0,0,0,0,1568,147,223,216,1026,0.396830,0.839130,1287499.412595,1466693.367758,0.017649,0.026871,0.031245,-0.013596,-0.004374,-0.016202,-0.005212,0.189049,0.231718,-0.572034,-0.714179,4.189870,False,0.505000
v6-4__H20__S0__P6K7__E2_B19,v6-4,20,S0,P6K7,E2_B19,E2,7444,2661,2624,0,71,0,4712,0,17,20,245,37,165,0,0,0,0,0,267,660,1697,0,0,0,0,0,0,0,1568,147,223,216,1064,0.357469,0.855031,1363110.001988,1576599.904091,0.021677,0.032021,0.031245,-0.009567,0.000776,-0.011190,0.000908,0.207809,0.251914,-0.635768,-0.726088,3.422755,False,0.486000
v6-4__H20__S0__P6K7__E2_B2,v6-4,20,S0,P6K7,E2_B2,E2,7444,3036,2995,0,71,0,4337,0,24,17,218,41,170,0,0,0,0,0,565,732,1698,0,0,0,0,0,0,0,1568,147,223,216,994,0.407845,0.908387,1408468.239239,1659853.337699,0.023995,0.035704,0.031245,-0.007249,0.004459,-0.007981,0.004909,0.218516,0.266453,-0.508755,-0.667642,3.867390,False,0.550000
v6-4__H20__S0__P6K7__E2_B20,v6-4,20,S0,P6K7,E2_B20,E2,7444,3052,3010,0,71,0,4321,0,24,18,212,42,169,0,0,0,0,0,583,723,1704,0,0,0,0,0,0,0,1568,147,223,216,988,0.409995,0.861150,1279521.516060,1594230.727262,0.017211,0.032816,0.031245,-0.014034,0.001571,-0.016296,0.001824,0.186663,0.254831,-0.527896,-0.670691,3.988155,False,0.401000
v6-4__H20__S0__P6K7__E2_B3,v6-4,20,S0,P6K7,E2_B3,E2,7444,3101,3057,0,71,0,4272,0,29,15,229,44,177,0,0,0,0,0,616,748,1693,0,0,0,0,0,0,0,1568,147,223,216,977,0.416577,0.918214,1552904.072289,1821884.211262,0.030939,0.042404,0.031245,-0.000305,0.011159,-0.000332,0.012153,0.251354,0.292670,-0.510792,-0.679552,4.141340,False,0.559000
v6-4__H20__S0__P6K7__E2_B4,v6-4,20,S0,P6K7,E2_B4,E2,7444,3081,3030,0,71,0,4292,0,34,17,216,51,178,0,0,0,0,0,582,723,1725,0,0,0,0,0,0,0,1568,147,223,216,965,0.413890,0.937759,1622381.920360,1899239.018957,0.034068,0.045409,0.031245,0.002823,0.014165,0.003011,0.015105,0.266590,0.304930,-0.504427,-0.661123,4.233402,False,0.535000
v6-4__H20__S0__P6K7__E2_B5,v6-4,20,S0,P6K7,E2_B5,E2,7444,3081,3030,0,71,0,4292,0,34,17,216,51,178,0,0,0,0,0,582,723,1725,0,0,0,0,0,0,0,1568,147,223,216,965,0.413890,0.937759,1622381.920360,1899239.018957,0.034068,0.045409,0.031245,0.002823,0.014165,0.003011,0.015105,0.266590,0.304930,-0.504427,-0.661123,4.233402,False,0.539000
v6-4__H20__S0__P6K7__E2_B6,v6-4,20,S0,P6K7,E2_B6,E2,7444,3097,3045,0,71,0,4276,0,33,19,216,52,172,0,0,0,0,0,596,720,1729,0,0,0,0,0,0,0,1568,147,223,216,956,0.416040,0.900683,1493707.878027,1798357.992465,0.028169,0.041466,0.031245,-0.003075,0.010222,-0.003415,0.011349,0.237880,0.288829,-0.515459,-0.661023,4.119930,False,0.480000
v6-4__H20__S0__P6K7__E2_B7,v6-4,20,S0,P6K7,E2_B7,E2,7444,2974,2928,0,71,0,4399,0,31,15,210,46,173,0,0,0,0,0,556,679,1693,0,0,0,0,0,0,0,1568,147,223,216,1013,0.399516,0.846331,1438628.701012,1676409.473753,0.025498,0.036416,0.031245,-0.005746,0.005171,-0.006790,0.006110,0.225222,0.268858,-0.572316,-0.704564,4.436701,False,0.529000
v6-4__H20__S0__P6K7__E2_B8,v6-4,20,S0,P6K7,E2_B8,E2,7444,3014,2964,0,71,0,4359,0,34,16,215,50,167,0,0,0,0,0,559,681,1724,0,0,0,0,0,0,0,1568,147,223,216,941,0.404890,0.968486,1627136.067313,1910287.377812,0.034277,0.045829,0.031245,0.003033,0.014584,0.003132,0.015059,0.267317,0.306272,-0.491967,-0.662580,3.807376,False,0.532000
v6-4__H20__S0__P6K7__E2_B9,v6-4,20,S0,P6K7,E2_B9,E2,7444,3204,3151,0,71,0,4169,0,36,17,217,53,160,0,0,0,0,0,690,778,1683,0,0,0,0,0,0,0,1568,147,223,216,861,0.430414,1.069442,1948549.557533,2163402.797911,0.047266,0.054877,0.031245,0.016021,0.023632,0.014981,0.022098,0.331054,0.339919,-0.443596,-0.616168,3.382055,False,0.837000
v6-4__H20__S0__P6K7__E3,v6-4,20,S0,P6K7,E3,E3,7444,2668,2652,0,71,0,4705,0,3,13,4511,16,0,0,0,0,0,0,0,0,505,2147,0,0,0,0,0,0,1568,147,223,216,1114,0.358409,0.525607,590020.755703,730168.352917,-0.035867,-0.021536,0.031245,-0.067111,-0.052781,-0.127684,-0.100419,-0.051212,0.043058,-0.642120,-0.758010,1.374578,False,0.454000
v6-4__H20__S0__P6K7__E4,v6-4,20,S0,P6K7,E4,E4,7444,3801,5361,0,71,0,3572,0,18,25,1951,43,0,0,0,442,0,0,0,0,2439,1319,1603,0,0,0,0,0,1568,147,223,216,983,0.510613,1.057721,1663949.625905,1500105.703432,0.035881,0.028473,0.031245,0.004636,-0.002771,0.004383,-0.002620,0.277765,0.237819,-0.409200,-0.555529,12.154237,False,0.574000
v6-4__H20__S0__P6K7__E5,v6-4,20,S0,P6K7,E5,E5,7444,2829,2806,0,71,0,4544,0,5,18,5195,23,0,0,0,0,0,0,0,0,1478,0,0,1328,0,0,0,0,1568,147,223,216,1078,0.380038,0.684385,766783.606241,1301143.030482,-0.018216,0.018392,0.031245,-0.049461,-0.012853,-0.072271,-0.018780,0.045943,0.197714,-0.684851,-0.733505,2.302757,False,0.388000
v6-4__H20__S0__P6K7__E6,v6-4,20,S0,P6K7,E6,E6,7444,3512,3491,0,71,0,3861,0,3,18,4266,21,0,0,0,0,0,0,0,0,1297,0,0,0,2194,0,0,0,1568,147,223,216,1064,0.471789,0.562647,824139.946678,1120891.348276,-0.013301,0.007932,0.031245,-0.044546,-0.023312,-0.079171,-0.041433,0.071577,0.163072,-0.668763,-0.736854,0.870138,False,0.348000
v6-4__H20__S0__P6K7__E7,v6-4,20,S0,P6K7,E7,E7,7444,2355,2318,0,71,0,5018,0,11,26,5826,37,0,0,0,0,0,0,0,0,1615,0,0,0,0,703,0,0,1568,147,223,216,1130,0.316362,0.903674,1120571.808704,1615396.013778,0.007912,0.033759,0.031245,-0.023332,0.002514,-0.025819,0.002783,0.143749,0.259948,-0.625120,-0.666174,2.470696,False,0.411000
v6-4__H25__S0__P6K3__E0,v6-4,25,S0,P6K3,E0,E0,7444,1155,1132,0,71,0,6218,0,4,19,33,23,0,0,0,0,0,1132,0,0,0,0,0,0,0,0,0,0,1568,147,223,440,1480,0.155159,0.805450,851706.089853,982278.703810,-0.011051,-0.001237,0.031245,-0.042296,-0.032482,-0.052512,-0.040327,0.099870,0.141142,-0.545841,-0.576976,2.494207,False,0.264000
v6-4__H25__S0__P6K3__E1_A1,v6-4,25,S0,P6K3,E1_A1,E1,7444,3117,3061,0,71,0,4256,0,44,12,288,56,0,0,0,0,0,0,943,1391,727,0,0,0,0,0,0,0,1568,147,223,440,1332,0.418726,0.907851,1461695.721653,1835131.542037,0.026628,0.042927,0.031245,-0.004616,0.011682,-0.005085,0.012868,0.228118,0.291358,-0.601251,-0.732153,0.898536,False,0.285000
v6-4__H25__S0__P6K3__E1_A10,v6-4,25,S0,P6K3,E1_A10,E1,7444,1581,1571,0,71,0,5792,0,0,10,178,10,0,0,0,0,0,0,196,678,697,0,0,0,0,0,0,0,1568,147,223,440,1468,0.212386,0.660897,666542.536115,937909.581083,-0.027693,-0.004428,0.031245,-0.058937,-0.035673,-0.089178,-0.053976,-0.021826,0.100277,-0.714045,-0.764964,1.252460,False,0.261000
v6-4__H25__S0__P6K3__E1_A11,v6-4,25,S0,P6K3,E1_A11,E1,7444,1835,1804,0,71,0,5538,0,14,17,160,31,0,0,0,0,0,0,283,505,1016,0,0,0,0,0,0,0,1568,147,223,440,1473,0.246507,0.770793,832931.874493,977063.787305,-0.012576,-0.001605,0.031245,-0.043820,-0.032850,-0.056851,-0.042618,0.056577,0.119074,-0.618449,-0.730705,3.362570,False,0.431000
v6-4__H25__S0__P6K3__E1_A12,v6-4,25,S0,P6K3,E1_A12,E1,7444,1274,1251,0,71,0,6099,0,6,17,134,23,0,0,0,0,0,0,175,234,842,0,0,0,0,0,0,0,1568,147,223,440,1506,0.171145,0.663760,718315.014125,817903.911521,-0.022644,-0.013820,0.031245,-0.053889,-0.045064,-0.081188,-0.067892,0.023561,0.070727,-0.594632,-0.676326,2.595935,False,0.253000
v6-4__H25__S0__P6K3__E1_A2,v6-4,25,S0,P6K3,E1_A2,E1,7444,3099,3042,0,71,0,4274,0,43,14,225,57,0,0,0,0,0,0,1037,930,1075,0,0,0,0,0,0,0,1568,147,223,440,1325,0.416308,1.034151,1487849.797488,1519707.349623,0.027889,0.029398,0.031245,-0.003355,-0.001846,-0.003244,-0.001785,0.234846,0.243459,-0.637481,-0.743881,2.233861,False,0.440000
v6-4__H25__S0__P6K3__E1_A3,v6-4,25,S0,P6K3,E1_A3,E1,7444,3083,3010,0,71,0,4290,0,52,21,220,73,0,0,0,0,0,0,1162,541,1307,0,0,0,0,0,0,0,1568,147,223,440,1289,0.414159,1.450004,2257422.301769,2062088.310100,0.057988,0.051380,0.031245,0.026744,0.020136,0.018444,0.013887,0.364961,0.323084,-0.519064,-0.653471,5.871083,False,0.444000
v6-4__H25__S0__P6K3__E1_A4,v6-4,25,S0,P6K3,E1_A4,E1,7444,2415,2370,0,71,0,4958,0,29,16,229,45,0,0,0,0,0,0,588,1013,769,0,0,0,0,0,0,0,1568,147,223,440,1408,0.324422,0.736177,999439.759268,1463097.397593,-0.000039,0.026696,0.031245,-0.031283,-0.004548,-0.042494,-0.006178,0.115977,0.231368,-0.692955,-0.733701,2.698527,False,0.368000
v6-4__H25__S0__P6K3__E1_A5,v6-4,25,S0,P6K3,E1_A5,E1,7444,2745,2666,0,71,0,4628,0,61,18,196,79,0,0,0,0,0,0,725,721,1220,0,0,0,0,0,0,0,1568,147,223,440,1345,0.368753,1.042179,1493639.017398,1785716.917885,0.028166,0.040958,0.031245,-0.003079,0.009713,-0.002954,0.009320,0.236182,0.285170,-0.593261,-0.721630,4.792545,False,0.556000
v6-4__H25__S0__P6K3__E1_A6,v6-4,25,S0,P6K3,E1_A6,E1,7444,2338,2280,0,71,0,5035,0,37,21,192,58,0,0,0,0,0,0,599,454,1227,0,0,0,0,0,0,0,1568,147,223,440,1320,0.314078,1.416342,2442302.055475,2476181.784045,0.063770,0.064785,0.031245,0.032525,0.033540,0.022964,0.023681,0.382475,0.372236,-0.430314,-0.614418,4.348789,False,0.566000
v6-4__H25__S0__P6K3__E1_A7,v6-4,25,S0,P6K3,E1_A7,E1,7444,2153,2118,0,71,0,5220,0,21,14,193,35,0,0,0,0,0,0,363,943,812,0,0,0,0,0,0,0,1568,147,223,440,1456,0.289226,0.652014,498958.158582,848697.244919,-0.046992,-0.011293,0.031245,-0.078236,-0.042538,-0.119991,-0.065241,-0.098738,0.076190,-0.730413,-0.741506,1.742433,False,0.296000
v6-4__H25__S0__P6K3__E1_A8,v6-4,25,S0,P6K3,E1_A8,E1,7444,2190,2142,0,71,0,5183,0,33,15,170,48,0,0,0,0,0,0,463,611,1068,0,0,0,0,0,0,0,1568,147,223,440,1404,0.294197,0.873927,1059822.426524,1076897.509151,0.004031,0.005142,0.031245,-0.027214,-0.026102,-0.031140,-0.029868,0.135765,0.153832,-0.546105,-0.723413,3.968323,False,0.523000
v6-4__H25__S0__P6K3__E1_A9,v6-4,25,S0,P6K3,E1_A9,E1,7444,1965,1922,0,71,0,5408,0,21,22,183,43,0,0,0,0,0,0,405,357,1160,0,0,0,0,0,0,0,1568,147,223,440,1425,0.263971,1.067074,1475234.059449,1469654.370546,0.027284,0.027014,0.031245,-0.003961,-0.004230,-0.003712,-0.003964,0.232843,0.233937,-0.506715,-0.648707,4.370438,False,0.337000
v6-4__H25__S0__P6K3__E2_B1,v6-4,25,S0,P6K3,E2_B1,E2,7444,2614,2537,0,71,0,4759,0,59,18,191,77,178,0,0,0,0,0,649,696,1192,0,0,0,0,0,0,0,1568,147,223,440,1336,0.351155,1.113428,1580593.631573,1680296.452406,0.032201,0.036582,0.031245,0.000957,0.005337,0.000859,0.004794,0.253185,0.269019,-0.521127,-0.710468,4.465513,False,0.811000
v6-4__H25__S0__P6K3__E2_B10,v6-4,25,S0,P6K3,E2_B10,E2,7444,2835,2777,0,71,0,4538,0,44,14,166,58,179,0,0,0,0,0,934,730,1113,0,0,0,0,0,0,0,1568,147,223,440,1311,0.380844,1.119473,1845877.695263,1848352.381177,0.043349,0.043445,0.031245,0.012104,0.012201,0.010812,0.010899,0.297752,0.292122,-0.585099,-0.725465,4.123507,False,0.723000
v6-4__H25__S0__P6K3__E2_B11,v6-4,25,S0,P6K3,E2_B11,E2,7444,2113,2053,0,71,0,5260,0,44,16,167,60,168,0,0,0,0,0,420,559,1074,0,0,0,0,0,0,0,1568,147,223,440,1405,0.283853,0.900378,1336551.197211,1308809.605893,0.020286,0.018806,0.031245,-0.010958,-0.012439,-0.012171,-0.013815,0.204073,0.204829,-0.583571,-0.743838,4.417004,False,0.467000
v6-4__H25__S0__P6K3__E2_B12,v6-4,25,S0,P6K3,E2_B12,E2,7444,1775,1743,0,71,0,5598,0,14,18,148,32,169,0,0,0,0,0,265,483,995,0,0,0,0,0,0,0,1568,147,223,440,1475,0.238447,0.780894,892166.927955,959264.668102,-0.007868,-0.002875,0.031245,-0.039113,-0.034120,-0.050087,-0.043693,0.077375,0.113891,-0.629168,-0.738086,3.393772,False,0.322000
v6-4__H25__S0__P6K3__E2_B13,v6-4,25,S0,P6K3,E2_B13,E2,7444,2323,2276,0,71,0,5050,0,32,15,193,47,136,0,0,0,0,0,556,944,776,0,0,0,0,0,0,0,1568,147,223,440,1453,0.312063,0.661872,486674.352873,861314.454492,-0.048635,-0.010283,0.031245,-0.079879,-0.041527,-0.120687,-0.062742,-0.114683,0.078887,-0.753407,-0.777177,2.649704,False,0.407000
v6-4__H25__S0__P6K3__E2_B14,v6-4,25,S0,P6K3,E2_B14,E2,7444,2282,2222,0,71,0,5091,0,38,22,204,60,174,0,0,0,0,0,604,420,1198,0,0,0,0,0,0,0,1568,147,223,440,1341,0.306556,1.384296,2410845.837219,2299726.033920,0.062816,0.059349,0.031245,0.031571,0.028105,0.022807,0.020302,0.377643,0.350873,-0.439423,-0.638682,4.950086,False,0.507000
v6-4__H25__S0__P6K3__E2_B18,v6-4,25,S0,P6K3,E2_B18,E2,7444,2667,2584,0,71,0,4706,0,65,18,193,83,175,0,0,0,0,0,691,707,1186,0,0,0,0,0,0,0,1568,147,223,440,1323,0.358275,1.119029,1921406.083605,2047844.445422,0.046249,0.050876,0.031245,0.015005,0.019631,0.013409,0.017543,0.308075,0.318270,-0.563457,-0.737210,4.843499,False,0.421000
v6-4__H25__S0__P6K3__E2_B19,v6-4,25,S0,P6K3,E2_B19,E2,7444,1797,1769,0,71,0,5576,0,12,16,151,28,177,0,0,0,0,0,269,490,1010,0,0,0,0,0,0,0,1568,147,223,440,1476,0.241402,0.769436,835113.877241,922886.214247,-0.012397,-0.005540,0.031245,-0.043642,-0.036785,-0.056719,-0.047808,0.057389,0.103257,-0.621942,-0.729123,3.366367,False,0.418000
v6-4__H25__S0__P6K3__E2_B2,v6-4,25,S0,P6K3,E2_B2,E2,7444,2421,2350,0,71,0,4952,0,56,15,175,71,167,0,0,0,0,0,623,632,1095,0,0,0,0,0,0,0,1568,147,223,440,1347,0.325228,1.063613,1376981.874999,1375848.099373,0.022394,0.022335,0.031245,-0.008851,-0.008909,-0.008322,-0.008376,0.212041,0.216933,-0.551653,-0.726961,4.718738,False,0.759000
v6-4__H25__S0__P6K3__E2_B20,v6-4,25,S0,P6K3,E2_B20,E2,7444,2429,2361,0,71,0,4944,0,52,16,172,68,173,0,0,0,0,0,633,640,1088,0,0,0,0,0,0,0,1568,147,223,440,1355,0.326303,1.025050,1245520.087590,1286950.128547,0.015316,0.017619,0.031245,-0.015929,-0.013626,-0.015539,-0.013293,0.181739,0.198607,-0.555498,-0.717807,4.461081,False,0.808000
v6-4__H25__S0__P6K3__E2_B3,v6-4,25,S0,P6K3,E2_B3,E2,7444,2632,2560,0,71,0,4741,0,53,19,195,72,178,0,0,0,0,0,693,719,1148,0,0,0,0,0,0,0,1568,147,223,440,1338,0.353573,1.088495,1749768.129284,1913558.203399,0.039493,0.045953,0.031245,0.008249,0.014708,0.007578,0.013513,0.282370,0.302357,-0.563137,-0.728795,4.542031,False,0.513000
v6-4__H25__S0__P6K3__E2_B4,v6-4,25,S0,P6K3,E2_B4,E2,7444,2614,2537,0,71,0,4759,0,59,18,191,77,178,0,0,0,0,0,649,696,1192,0,0,0,0,0,0,0,1568,147,223,440,1336,0.351155,1.113428,1580593.631573,1680296.452406,0.032201,0.036582,0.031245,0.000957,0.005337,0.000859,0.004794,0.253185,0.269019,-0.521127,-0.710468,4.465513,False,0.536000
v6-4__H25__S0__P6K3__E2_B5,v6-4,25,S0,P6K3,E2_B5,E2,7444,2614,2537,0,71,0,4759,0,59,18,191,77,178,0,0,0,0,0,649,696,1192,0,0,0,0,0,0,0,1568,147,223,440,1336,0.351155,1.113428,1580593.631573,1680296.452406,0.032201,0.036582,0.031245,0.000957,0.005337,0.000859,0.004794,0.253185,0.269019,-0.521127,-0.710468,4.465513,False,0.537000
v6-4__H25__S0__P6K3__E2_B6,v6-4,25,S0,P6K3,E2_B6,E2,7444,2543,2467,0,71,0,4830,0,59,17,186,76,186,0,0,0,0,0,644,671,1152,0,0,0,0,0,0,0,1568,147,223,440,1347,0.341617,1.057300,1355191.374452,1506316.021139,0.021265,0.028768,0.031245,-0.009979,-0.002477,-0.009439,-0.002343,0.207199,0.240047,-0.539590,-0.704326,4.346694,False,0.530000
v6-4__H25__S0__P6K3__E2_B7,v6-4,25,S0,P6K3,E2_B7,E2,7444,2595,2523,0,71,0,4778,0,55,17,192,72,181,0,0,0,0,0,632,708,1183,0,0,0,0,0,0,0,1568,147,223,440,1333,0.348603,1.104388,1911418.876876,2078813.075808,0.045872,0.051968,0.031245,0.014627,0.020724,0.013245,0.018765,0.306578,0.322803,-0.571149,-0.728459,4.310901,False,0.534000
v6-4__H25__S0__P6K3__E2_B8,v6-4,25,S0,P6K3,E2_B8,E2,7444,2570,2493,0,71,0,4803,0,59,18,192,77,177,0,0,0,0,0,663,638,1192,0,0,0,0,0,0,0,1568,147,223,440,1352,0.345244,1.100728,1658221.371252,1671122.375773,0.035633,0.036189,0.031245,0.004389,0.004945,0.003987,0.004492,0.267694,0.267536,-0.498458,-0.708808,4.786980,False,0.823000
v6-4__H25__S0__P6K3__E2_B9,v6-4,25,S0,P6K3,E2_B9,E2,7444,2850,2774,0,71,0,4523,0,59,17,189,76,178,0,0,0,0,0,836,752,1186,0,0,0,0,0,0,0,1568,147,223,440,1279,0.382859,1.267219,2356171.165602,2486125.788953,0.061129,0.065080,0.031245,0.029884,0.033836,0.023583,0.026701,0.368354,0.367159,-0.574498,-0.707655,4.096314,False,0.847000
v6-4__H25__S0__P6K3__E3,v6-4,25,S0,P6K3,E3,E3,7444,2560,2538,0,71,0,4813,0,8,14,5338,22,0,0,0,0,0,0,0,0,279,2259,0,0,0,0,0,0,1568,147,223,440,1329,0.343901,0.762689,926553.869840,1189512.971027,-0.005267,0.012087,0.031245,-0.036512,-0.019157,-0.047872,-0.025118,0.106867,0.181883,-0.668643,-0.791661,1.723465,False,0.314000
v6-4__H25__S0__P6K3__E4,v6-4,25,S0,P6K3,E4,E4,7444,2492,3585,0,71,0,4881,0,16,24,3495,40,0,0,0,364,0,0,0,0,1309,1143,1133,0,0,0,0,0,1568,147,223,440,1466,0.334766,0.811556,865152.587421,1088441.339627,-0.009978,0.005884,0.031245,-0.041222,-0.025360,-0.050794,-0.031249,0.062773,0.145627,-0.511551,-0.622109,10.261485,False,0.651000
v6-4__H25__S0__P6K3__E5,v6-4,25,S0,P6K3,E5,E5,7444,2040,2021,0,71,0,5333,0,1,18,5460,19,0,0,0,0,0,0,0,0,983,0,0,1038,0,0,0,0,1568,147,223,440,1437,0.274046,0.659617,588172.984838,728978.382484,-0.036076,-0.021647,0.031245,-0.067321,-0.052891,-0.102061,-0.080185,-0.006864,0.065187,-0.707285,-0.811367,2.285878,False,0.334000
v6-4__H25__S0__P6K3__E6,v6-4,25,S0,P6K3,E6,E6,7444,3448,3388,0,71,0,3925,0,42,18,4776,60,0,0,0,0,0,0,0,0,1346,0,0,0,2042,0,0,0,1568,147,223,440,1270,0.463192,1.140610,1841568.337583,1935439.250989,0.043180,0.046777,0.031245,0.011935,0.015532,0.010464,0.013617,0.294648,0.304506,-0.684025,-0.747269,2.392042,False,0.424000
v6-4__H25__S0__P6K3__E7,v6-4,25,S0,P6K3,E7,E7,7444,1695,1620,0,71,0,5678,0,51,24,5904,75,0,0,0,0,0,0,0,0,922,0,0,0,0,698,0,0,1568,147,223,440,1385,0.227700,1.288495,1742156.567065,1731934.542359,0.039180,0.038756,0.031245,0.007935,0.007512,0.006158,0.005830,0.279477,0.277048,-0.473903,-0.616641,2.127175,False,0.341000
v6-4__H25__S0__P6K5__E0,v6-4,25,S0,P6K5,E0,E0,7444,1347,1328,0,71,0,6026,0,2,17,69,19,0,0,0,0,0,1328,0,0,0,0,0,0,0,0,0,0,1568,147,223,283,1403,0.180951,0.813980,795698.263597,1432065.574365,-0.015697,0.025174,0.031245,-0.046942,-0.006071,-0.057669,-0.007458,0.056669,0.225087,-0.601503,-0.601626,2.663962,False,0.419000
v6-4__H25__S0__P6K5__E1_A1,v6-4,25,S0,P6K5,E1_A1,E1,7444,3452,3401,0,71,0,3921,0,39,12,281,51,0,0,0,0,0,0,1040,1508,853,0,0,0,0,0,0,0,1568,147,223,283,1124,0.463729,0.868396,1208518.427582,1608766.065661,0.013198,0.033465,0.031245,-0.018046,0.002220,-0.020781,0.002557,0.168648,0.257442,-0.555566,-0.700661,1.258538,False,0.410000
v6-4__H25__S0__P6K5__E1_A10,v6-4,25,S0,P6K5,E1_A10,E1,7444,2346,2312,0,71,0,5027,0,18,16,221,34,0,0,0,0,0,0,292,1012,1008,0,0,0,0,0,0,0,1568,147,223,283,1334,0.315153,0.668037,710442.374525,1070690.494530,-0.023390,0.004740,0.031245,-0.054634,-0.026505,-0.081784,-0.039675,0.005695,0.141180,-0.692397,-0.753518,1.997856,False,0.488000
v6-4__H25__S0__P6K5__E1_A11,v6-4,25,S0,P6K5,E1_A11,E1,7444,2386,2327,0,71,0,4987,0,42,17,193,59,0,0,0,0,0,0,342,667,1318,0,0,0,0,0,0,0,1568,147,223,283,1300,0.320527,0.806769,1054442.625501,1311809.727258,0.003677,0.018967,0.031245,-0.027568,-0.012277,-0.034171,-0.015218,0.128546,0.201047,-0.635203,-0.731727,3.380607,False,0.377000
v6-4__H25__S0__P6K5__E1_A12,v6-4,25,S0,P6K5,E1_A12,E1,7444,2175,2118,0,71,0,5198,0,34,23,199,57,0,0,0,0,0,0,314,395,1409,0,0,0,0,0,0,0,1568,147,223,283,1255,0.292182,1.114367,1883518.908045,2078903.475692,0.044808,0.051971,0.031245,0.013563,0.020727,0.012171,0.018600,0.309727,0.329147,-0.486941,-0.649245,3.908149,False,0.345000
v6-4__H25__S0__P6K5__E1_A2,v6-4,25,S0,P6K5,E1_A2,E1,7444,3278,3213,0,71,0,4095,0,49,16,209,65,0,0,0,0,0,0,1086,934,1193,0,0,0,0,0,0,0,1568,147,223,283,1124,0.440355,1.027620,1564732.331106,1872461.105899,0.031481,0.044382,0.031245,0.000236,0.013137,0.000230,0.012784,0.251587,0.298474,-0.584738,-0.691405,2.921561,False,0.476000
v6-4__H25__S0__P6K5__E1_A3,v6-4,25,S0,P6K5,E1_A3,E1,7444,3524,3432,0,71,0,3849,0,72,20,236,92,0,0,0,0,0,0,1303,629,1500,0,0,0,0,0,0,0,1568,147,223,283,1061,0.473401,1.353849,2301650.645015,2396035.754127,0.059410,0.062362,0.031245,0.028166,0.031118,0.020804,0.022985,0.379448,0.366055,-0.522669,-0.645826,5.720192,False,0.816000
v6-4__H25__S0__P6K5__E1_A4,v6-4,25,S0,P6K5,E1_A4,E1,7444,2899,2832,0,71,0,4474,0,52,15,245,67,0,0,0,0,0,0,690,1199,943,0,0,0,0,0,0,0,1568,147,223,283,1179,0.389441,0.834734,1259301.932961,1825918.977332,0.016090,0.042564,0.031245,-0.015155,0.011319,-0.018155,0.013560,0.183270,0.292639,-0.544296,-0.679807,3.004362,False,0.450000
v6-4__H25__S0__P6K5__E1_A5,v6-4,25,S0,P6K5,E1_A5,E1,7444,2987,2913,0,71,0,4386,0,55,19,206,74,0,0,0,0,0,0,780,803,1330,0,0,0,0,0,0,0,1568,147,223,283,1157,0.401263,0.999496,1545602.038554,1952831.156059,0.030603,0.047425,0.031245,-0.000642,0.016180,-0.000642,0.016189,0.246513,0.309508,-0.556384,-0.690745,4.391307,False,0.441000
v6-4__H25__S0__P6K5__E1_A6,v6-4,25,S0,P6K5,E1_A6,E1,7444,3364,3253,0,71,0,4009,0,88,23,227,111,0,0,0,0,0,0,847,648,1758,0,0,0,0,0,0,0,1568,147,223,283,995,0.451908,1.575420,3179667.090497,3243324.251242,0.083379,0.084866,0.031245,0.052134,0.053622,0.033092,0.034037,0.482303,0.449207,-0.474778,-0.629368,4.711761,False,0.503000
v6-4__H25__S0__P6K5__E1_A7,v6-4,25,S0,P6K5,E1_A7,E1,7444,2576,2539,0,71,0,4797,0,22,15,239,37,0,0,0,0,0,0,456,1084,999,0,0,0,0,0,0,0,1568,147,223,283,1268,0.346051,0.713871,929356.750383,1251372.002399,-0.005059,0.015645,0.031245,-0.036304,-0.015599,-0.050855,-0.021851,0.091845,0.188271,-0.637465,-0.739554,2.752605,False,0.279000
v6-4__H25__S0__P6K5__E1_A8,v6-4,25,S0,P6K5,E1_A8,E1,7444,2664,2581,0,71,0,4709,0,66,17,191,83,0,0,0,0,0,0,521,766,1294,0,0,0,0,0,0,0,1568,147,223,283,1199,0.357872,0.920238,1399642.534099,1619903.473148,0.023550,0.033958,0.031245,-0.007695,0.002714,-0.008362,0.002949,0.216346,0.259102,-0.534318,-0.686404,3.641025,False,0.604000
v6-4__H25__S0__P6K5__E1_A9,v6-4,25,S0,P6K5,E1_A9,E1,7444,2484,2404,0,71,0,4889,0,58,22,185,80,0,0,0,0,0,0,504,439,1461,0,0,0,0,0,0,0,1568,147,223,283,1167,0.333692,1.196581,2115021.072957,2232810.998154,0.053227,0.057186,0.031245,0.021982,0.025941,0.018371,0.021679,0.345712,0.347433,-0.473338,-0.646525,5.093500,False,0.613000
v6-4__H25__S0__P6K5__E2_B1,v6-4,25,S0,P6K5,E2_B1,E2,7444,2756,2681,0,71,0,4617,0,58,17,199,75,181,0,0,0,0,0,683,747,1251,0,0,0,0,0,0,0,1568,147,223,283,1148,0.370231,1.096744,1856788.110028,2182703.427043,0.043774,0.055526,0.031245,0.012530,0.024281,0.011425,0.022139,0.304327,0.340115,-0.526569,-0.685678,4.192207,False,0.781000
v6-4__H25__S0__P6K5__E2_B10,v6-4,25,S0,P6K5,E2_B10,E2,7444,3090,3020,0,71,0,4283,0,53,17,197,70,189,0,0,0,0,0,1010,787,1223,0,0,0,0,0,0,0,1568,147,223,283,1114,0.415099,1.069617,1787114.030039,2023930.706758,0.041014,0.050021,0.031245,0.009770,0.018777,0.009134,0.017555,0.293791,0.319314,-0.550082,-0.674934,4.263582,False,0.596000
v6-4__H25__S0__P6K5__E2_B11,v6-4,25,S0,P6K5,E2_B11,E2,7444,2562,2486,0,71,0,4811,0,59,17,207,76,186,0,0,0,0,0,462,711,1313,0,0,0,0,0,0,0,1568,147,223,283,1229,0.344170,0.924516,1451397.644867,1633350.833107,0.026126,0.034550,0.031245,-0.005119,0.003306,-0.005537,0.003576,0.227449,0.261279,-0.526839,-0.703468,3.717411,False,0.544000
v6-4__H25__S0__P6K5__E2_B12,v6-4,25,S0,P6K5,E2_B12,E2,7444,2296,2234,0,71,0,5077,0,43,19,195,62,186,0,0,0,0,0,301,624,1309,0,0,0,0,0,0,0,1568,147,223,283,1293,0.308436,0.827434,1087442.920032,1312470.006601,0.005820,0.019003,0.031245,-0.025424,-0.012242,-0.030726,-0.014795,0.139149,0.201587,-0.656998,-0.751698,3.260795,False,0.513000
v6-4__H25__S0__P6K5__E2_B13,v6-4,25,S0,P6K5,E2_B13,E2,7444,2854,2801,0,71,0,4519,0,38,15,212,53,162,0,0,0,0,0,665,1146,990,0,0,0,0,0,0,0,1568,147,223,283,1192,0.383396,0.849698,1302092.796392,1786110.219938,0.018443,0.040974,0.031245,-0.012801,0.009729,-0.015066,0.011450,0.193348,0.286458,-0.576640,-0.696240,3.142015,False,0.527000
v6-4__H25__S0__P6K5__E2_B14,v6-4,25,S0,P6K5,E2_B14,E2,7444,2980,2884,0,71,0,4393,0,74,22,228,96,202,0,0,0,0,0,746,553,1585,0,0,0,0,0,0,0,1568,147,223,283,1008,0.400322,1.603147,3149451.921968,3191572.097415,0.082663,0.083659,0.031245,0.051418,0.052414,0.032073,0.032695,0.481883,0.446156,-0.436265,-0.618242,4.835544,False,0.816000
v6-4__H25__S0__P6K5__E2_B18,v6-4,25,S0,P6K5,E2_B18,E2,7444,2859,2773,0,71,0,4514,0,68,18,197,86,183,0,0,0,0,0,728,767,1278,0,0,0,0,0,0,0,1568,147,223,283,1146,0.384068,1.040237,1736514.502185,1998033.990060,0.038946,0.049086,0.031245,0.007702,0.017841,0.007404,0.017151,0.282005,0.314719,-0.550117,-0.697911,4.440323,False,0.608000
v6-4__H25__S0__P6K5__E2_B19,v6-4,25,S0,P6K5,E2_B19,E2,7444,2209,2159,0,71,0,5164,0,34,16,177,50,195,0,0,0,0,0,290,599,1270,0,0,0,0,0,0,0,1568,147,223,283,1313,0.296749,0.790587,888535.617123,1079359.807584,-0.008148,0.005301,0.031245,-0.039393,-0.025944,-0.049827,-0.032816,0.075399,0.147160,-0.662721,-0.753534,3.293763,False,0.492000
v6-4__H25__S0__P6K5__E2_B2,v6-4,25,S0,P6K5,E2_B2,E2,7444,2709,2634,0,71,0,4664,0,59,16,189,75,179,0,0,0,0,0,681,735,1218,0,0,0,0,0,0,0,1568,147,223,283,1172,0.363917,1.040615,1577842.001944,1851947.537962,0.032077,0.043586,0.031245,0.000832,0.012341,0.000800,0.011860,0.253414,0.295222,-0.541531,-0.697909,4.227725,False,0.549000
v6-4__H25__S0__P6K5__E2_B20,v6-4,25,S0,P6K5,E2_B20,E2,7444,2815,2740,0,71,0,4558,0,57,18,184,75,181,0,0,0,0,0,731,746,1263,0,0,0,0,0,0,0,1568,147,223,283,1155,0.378157,1.026683,1669039.488643,1979741.870875,0.036100,0.048418,0.031245,0.004855,0.017173,0.004729,0.016727,0.270571,0.313065,-0.530124,-0.677576,4.461962,False,0.523000
v6-4__H25__S0__P6K5__E2_B3,v6-4,25,S0,P6K5,E2_B3,E2,7444,2866,2781,0,71,0,4507,0,68,17,207,85,186,0,0,0,0,0,737,775,1269,0,0,0,0,0,0,0,1568,147,223,283,1147,0.385008,1.064461,1775144.858588,2088984.215093,0.040530,0.052324,0.031245,0.009286,0.021079,0.008723,0.019803,0.289560,0.327522,-0.531039,-0.694396,4.427970,False,0.555000
v6-4__H25__S0__P6K5__E2_B4,v6-4,25,S0,P6K5,E2_B4,E2,7444,2756,2681,0,71,0,4617,0,58,17,199,75,181,0,0,0,0,0,683,747,1251,0,0,0,0,0,0,0,1568,147,223,283,1148,0.370231,1.096744,1856788.110028,2182703.427043,0.043774,0.055526,0.031245,0.012530,0.024281,0.011425,0.022139,0.304327,0.340115,-0.526569,-0.685678,4.192207,False,0.540000
v6-4__H25__S0__P6K5__E2_B5,v6-4,25,S0,P6K5,E2_B5,E2,7444,2756,2681,0,71,0,4617,0,58,17,199,75,181,0,0,0,0,0,683,747,1251,0,0,0,0,0,0,0,1568,147,223,283,1148,0.370231,1.096744,1856788.110028,2182703.427043,0.043774,0.055526,0.031245,0.012530,0.024281,0.011425,0.022139,0.304327,0.340115,-0.526569,-0.685678,4.192207,False,0.838000
v6-4__H25__S0__P6K5__E2_B6,v6-4,25,S0,P6K5,E2_B6,E2,7444,2824,2756,0,71,0,4549,0,50,18,194,68,184,0,0,0,0,0,733,755,1268,0,0,0,0,0,0,0,1568,147,223,283,1152,0.379366,1.047142,1736449.657508,2100577.428036,0.038944,0.052727,0.031245,0.007699,0.021482,0.007353,0.020515,0.282908,0.329637,-0.512757,-0.666852,4.260750,False,0.333000
v6-4__H25__S0__P6K5__E2_B7,v6-4,25,S0,P6K5,E2_B7,E2,7444,2788,2710,0,71,0,4585,0,60,18,178,78,176,0,0,0,0,0,676,748,1286,0,0,0,0,0,0,0,1568,147,223,283,1152,0.374530,1.053738,1839930.470938,2178470.194484,0.043116,0.055384,0.031245,0.011871,0.024139,0.011266,0.022908,0.299983,0.338712,-0.539804,-0.690773,4.354356,False,0.561000
v6-4__H25__S0__P6K5__E2_B8,v6-4,25,S0,P6K5,E2_B8,E2,7444,2861,2787,0,71,0,4512,0,58,16,195,74,183,0,0,0,0,0,734,686,1367,0,0,0,0,0,0,0,1568,147,223,283,1110,0.384336,1.177735,1963406.398338,2188966.131011,0.047817,0.055735,0.031245,0.016572,0.024491,0.014071,0.020795,0.323689,0.341136,-0.506103,-0.675825,4.861108,False,0.887000
v6-4__H25__S0__P6K5__E2_B9,v6-4,25,S0,P6K5,E2_B9,E2,7444,3000,2938,0,71,0,4373,0,47,15,198,62,193,0,0,0,0,0,867,783,1288,0,0,0,0,0,0,0,1568,147,223,283,1108,0.403009,1.141055,2007130.640529,2213791.718753,0.049416,0.056560,0.031245,0.018171,0.025315,0.015925,0.022186,0.328699,0.342145,-0.553488,-0.689443,4.110324,False,0.586000
v6-4__H25__S0__P6K5__E3,v6-4,25,S0,P6K5,E3,E3,7444,2600,2578,0,71,0,4773,0,7,15,5358,22,0,0,0,0,0,0,0,0,290,2288,0,0,0,0,0,0,1568,147,223,283,1234,0.349275,0.593138,680170.680533,892806.129092,-0.026330,-0.007819,0.031245,-0.057574,-0.039064,-0.097067,-0.065859,0.010739,0.102157,-0.657995,-0.772989,1.811593,False,0.477000
v6-4__H25__S0__P6K5__E4,v6-4,25,S0,P6K5,E4,E4,7444,3009,4363,0,71,0,4364,0,11,26,3527,37,0,0,0,429,0,0,0,0,1562,1410,1391,0,0,0,0,0,1568,147,223,283,1292,0.404218,0.989736,1187204.736340,1326715.860978,0.011951,0.019765,0.031245,-0.019294,-0.011480,-0.019494,-0.011599,0.160632,0.201948,-0.441041,-0.590311,10.936511,False,0.499000
v6-4__H25__S0__P6K5__E5,v6-4,25,S0,P6K5,E5,E5,7444,2343,2326,0,71,0,5030,0,0,17,5093,17,0,0,0,0,0,0,0,0,1123,0,0,1203,0,0,0,0,1568,147,223,283,1291,0.314750,0.767120,778796.262627,1367757.151569,-0.017159,0.021918,0.031245,-0.048404,-0.009327,-0.063098,-0.012158,0.044512,0.211260,-0.663291,-0.728571,2.672644,False,0.534000
v6-4__H25__S0__P6K5__E6,v6-4,25,S0,P6K5,E6,E6,7444,3346,3265,0,71,0,4027,0,63,18,4651,81,0,0,0,0,0,0,0,0,1264,0,0,0,2001,0,0,0,1568,147,223,283,1226,0.449490,0.763489,976725.831427,1089275.391057,-0.001629,0.005938,0.031245,-0.032874,-0.025307,-0.043057,-0.033146,0.105649,0.151695,-0.685677,-0.758622,1.907171,False,0.421000
v6-4__H25__S0__P6K5__E7,v6-4,25,S0,P6K5,E7,E7,7444,2007,1938,0,71,0,5366,0,48,21,4711,69,0,0,0,0,0,0,0,0,1089,0,0,0,0,849,0,0,1568,147,223,283,1237,0.269613,1.272930,1646663.072795,1748129.637630,0.035132,0.039426,0.031245,0.003887,0.008181,0.003054,0.006427,0.267223,0.280904,-0.546732,-0.658835,1.011926,False,0.456000
v6-4__H25__S0__P6K7__E0,v6-4,25,S0,P6K7,E0,E0,7444,1644,1623,0,71,0,5729,0,2,19,78,21,0,0,0,0,0,1623,0,0,0,0,0,0,0,0,0,0,1568,147,223,216,1318,0.220849,0.850162,869905.333687,1119368.349188,-0.009602,0.007837,0.031245,-0.040847,-0.023407,-0.048046,-0.027533,0.068191,0.155787,-0.546049,-0.648801,2.745366,False,0.311000
v6-4__H25__S0__P6K7__E1_A1,v6-4,25,S0,P6K7,E1_A1,E1,7444,3477,3435,0,71,0,3896,0,31,11,279,42,0,0,0,0,0,0,1031,1543,861,0,0,0,0,0,0,0,1568,147,223,216,1045,0.467088,0.716861,953195.072586,1313251.493874,-0.003313,0.019045,0.031245,-0.034558,-0.012200,-0.048207,-0.017018,0.087646,0.199806,-0.575084,-0.705743,1.098094,False,0.558000
v6-4__H25__S0__P6K7__E1_A10,v6-4,25,S0,P6K7,E1_A10,E1,7444,2492,2458,0,71,0,4881,0,19,15,213,34,0,0,0,0,0,0,301,1078,1079,0,0,0,0,0,0,0,1568,147,223,216,1211,0.334766,0.632675,803413.721146,1108866.339926,-0.015039,0.007180,0.031245,-0.046284,-0.024065,-0.073156,-0.038036,0.042237,0.152184,-0.643844,-0.731536,2.076912,False,0.359000
v6-4__H25__S0__P6K7__E1_A11,v6-4,25,S0,P6K7,E1_A11,E1,7444,2626,2550,0,71,0,4747,0,61,15,186,76,0,0,0,0,0,0,373,730,1447,0,0,0,0,0,0,0,1568,147,223,216,1137,0.352767,0.828317,1389109.179945,1668321.269010,0.023014,0.036069,0.031245,-0.008230,0.004824,-0.009936,0.005824,0.213858,0.267310,-0.586498,-0.710491,3.864321,False,0.340000
v6-4__H25__S0__P6K7__E1_A12,v6-4,25,S0,P6K7,E1_A12,E1,7444,2541,2464,0,71,0,4832,0,55,22,218,77,0,0,0,0,0,0,355,473,1636,0,0,0,0,0,0,0,1568,147,223,216,1094,0.341349,1.048643,1789267.374133,1807922.232612,0.041101,0.041849,0.031245,0.009857,0.010604,0.009399,0.010112,0.296364,0.289748,-0.499689,-0.669520,4.074671,False,0.412000
v6-4__H25__S0__P6K7__E1_A2,v6-4,25,S0,P6K7,E1_A2,E1,7444,3330,3264,0,71,0,4043,0,51,15,194,66,0,0,0,0,0,0,1112,926,1226,0,0,0,0,0,0,0,1568,147,223,216,1037,0.447340,0.859841,1229649.248186,1469437.322970,0.014415,0.027004,0.031245,-0.016830,-0.004241,-0.019573,-0.004932,0.173714,0.232442,-0.617283,-0.719231,3.320448,False,0.638000
v6-4__H25__S0__P6K7__E1_A3,v6-4,25,S0,P6K7,E1_A3,E1,7444,3702,3600,0,71,0,3671,0,81,21,244,102,0,0,0,0,0,0,1285,684,1631,0,0,0,0,0,0,0,1568,147,223,216,929,0.497313,1.241641,2335614.657763,2418479.323350,0.060485,0.063048,0.031245,0.029241,0.031804,0.023550,0.025614,0.393511,0.371521,-0.474098,-0.632141,4.890737,False,0.511000
v6-4__H25__S0__P6K7__E1_A4,v6-4,25,S0,P6K7,E1_A4,E1,7444,2972,2910,0,71,0,4401,0,46,16,247,62,0,0,0,0,0,0,694,1238,978,0,0,0,0,0,0,0,1568,147,223,216,1105,0.399248,0.694951,987739.756796,1409303.605094,-0.000854,0.024037,0.031245,-0.032098,-0.007207,-0.046188,-0.010371,0.103975,0.219973,-0.577042,-0.694784,3.049025,False,0.580000
v6-4__H25__S0__P6K7__E1_A5,v6-4,25,S0,P6K7,E1_A5,E1,7444,3069,3001,0,71,0,4304,0,53,15,205,68,0,0,0,0,0,0,803,831,1367,0,0,0,0,0,0,0,1568,147,223,216,1051,0.412278,0.869322,1265576.652303,1495599.825217,0.016439,0.028259,0.031245,-0.014805,-0.002985,-0.017031,-0.003434,0.183530,0.237255,-0.506155,-0.677109,4.391985,False,0.448000
v6-4__H25__S0__P6K7__E1_A6,v6-4,25,S0,P6K7,E1_A6,E1,7444,3275,3165,0,71,0,4098,0,87,23,225,110,0,0,0,0,0,0,789,609,1767,0,0,0,0,0,0,0,1568,147,223,216,887,0.439952,1.345493,2789164.519725,2816632.631914,0.073595,0.074324,0.031245,0.042351,0.043079,0.031476,0.032017,0.451266,0.413125,-0.463674,-0.640826,4.544286,False,0.760000
v6-4__H25__S0__P6K7__E1_A7,v6-4,25,S0,P6K7,E1_A7,E1,7444,2715,2677,0,71,0,4658,0,23,15,215,38,0,0,0,0,0,0,464,1168,1045,0,0,0,0,0,0,0,1568,147,223,216,1154,0.364723,0.658138,888610.727865,1175111.661031,-0.008143,0.011234,0.031245,-0.039387,-0.020011,-0.059846,-0.030405,0.072330,0.169539,-0.607349,-0.724076,2.516970,False,0.378000
v6-4__H25__S0__P6K7__E1_A8,v6-4,25,S0,P6K7,E1_A8,E1,7444,2801,2722,0,71,0,4572,0,62,17,204,79,0,0,0,0,0,0,543,800,1379,0,0,0,0,0,0,0,1568,147,223,216,1094,0.376276,0.822048,1197471.677167,1392472.974895,0.012554,0.023186,0.031245,-0.018690,-0.008059,-0.022736,-0.009803,0.166360,0.218035,-0.588463,-0.709897,3.946614,False,0.434000
v6-4__H25__S0__P6K7__E1_A9,v6-4,25,S0,P6K7,E1_A9,E1,7444,2918,2821,0,71,0,4455,0,75,22,192,97,0,0,0,0,0,0,584,515,1722,0,0,0,0,0,0,0,1568,147,223,216,994,0.391994,1.157630,2271430.191592,2302880.090880,0.058442,0.059450,0.031245,0.027197,0.028205,0.023494,0.024365,0.376310,0.356252,-0.496184,-0.663297,5.469759,False,0.442000
v6-4__H25__S0__P6K7__E2_B1,v6-4,25,S0,P6K7,E2_B1,E2,7444,2866,2795,0,71,0,4507,0,54,17,203,71,205,0,0,0,0,0,699,774,1322,0,0,0,0,0,0,0,1568,147,223,216,1062,0.385008,0.907158,1464735.640745,1671712.706603,0.026776,0.036214,0.031245,-0.004469,0.004970,-0.004926,0.005479,0.231019,0.267917,-0.538386,-0.696288,4.253198,False,0.574000
v6-4__H25__S0__P6K7__E2_B10,v6-4,25,S0,P6K7,E2_B10,E2,7444,3359,3296,0,71,0,4014,0,45,18,196,63,198,0,0,0,0,0,1099,852,1345,0,0,0,0,0,0,0,1568,147,223,216,959,0.451236,1.056456,2092952.325290,2303880.271951,0.052462,0.059482,0.031245,0.021217,0.028237,0.020084,0.026728,0.352655,0.356727,-0.542617,-0.680347,4.593596,False,0.533000
v6-4__H25__S0__P6K7__E2_B11,v6-4,25,S0,P6K7,E2_B11,E2,7444,2754,2678,0,71,0,4619,0,57,19,215,76,205,0,0,0,0,0,500,751,1427,0,0,0,0,0,0,0,1568,147,223,216,1087,0.369962,0.868930,1361932.252798,1470878.180533,0.021616,0.027073,0.031245,-0.009629,-0.004171,-0.011081,-0.004800,0.207441,0.233077,-0.563623,-0.711514,4.193131,False,0.563000
v6-4__H25__S0__P6K7__E2_B12,v6-4,25,S0,P6K7,E2_B12,E2,7444,2642,2571,0,71,0,4731,0,52,19,215,71,218,0,0,0,0,0,345,706,1520,0,0,0,0,0,0,0,1568,147,223,216,1118,0.354917,0.878865,1529311.710315,1761543.135793,0.029847,0.039976,0.031245,-0.001397,0.008732,-0.001590,0.009935,0.244464,0.282384,-0.588497,-0.713860,3.923056,False,0.572000
v6-4__H25__S0__P6K7__E2_B13,v6-4,25,S0,P6K7,E2_B13,E2,7444,2900,2846,0,71,0,4473,0,38,16,214,54,158,0,0,0,0,0,661,1184,1001,0,0,0,0,0,0,0,1568,147,223,216,1120,0.389575,0.709783,1073326.325272,1456639.144804,0.004911,0.026382,0.031245,-0.026334,-0.004863,-0.037101,-0.006851,0.129907,0.229199,-0.582785,-0.700231,3.343329,False,0.784000
v6-4__H25__S0__P6K7__E2_B14,v6-4,25,S0,P6K7,E2_B14,E2,7444,2967,2859,0,71,0,4406,0,86,22,215,108,210,0,0,0,0,0,735,523,1601,0,0,0,0,0,0,0,1568,147,223,216,945,0.398576,1.261492,2496203.753673,2490681.894569,0.065379,0.065215,0.031245,0.034134,0.033971,0.027059,0.026929,0.411873,0.378323,-0.461056,-0.642552,5.181423,False,0.614000
v6-4__H25__S0__P6K7__E2_B18,v6-4,25,S0,P6K7,E2_B18,E2,7444,2886,2805,0,71,0,4487,0,62,19,206,81,200,0,0,0,0,0,725,783,1297,0,0,0,0,0,0,0,1568,147,223,216,1066,0.387695,0.867407,1348948.942059,1477072.409930,0.020939,0.027372,0.031245,-0.010306,-0.003872,-0.011881,-0.004464,0.204353,0.234218,-0.557756,-0.711519,4.220595,False,0.888000
v6-4__H25__S0__P6K7__E2_B19,v6-4,25,S0,P6K7,E2_B19,E2,7444,2598,2527,0,71,0,4775,0,55,16,204,71,207,0,0,0,0,0,352,715,1460,0,0,0,0,0,0,0,1568,147,223,216,1136,0.349006,0.835720,1435848.409167,1709612.071985,0.025361,0.037824,0.031245,-0.005884,0.006579,-0.007040,0.007873,0.224203,0.273995,-0.601476,-0.718973,3.838544,False,0.899000
v6-4__H25__S0__P6K7__E2_B2,v6-4,25,S0,P6K7,E2_B2,E2,7444,2841,2775,0,71,0,4532,0,50,16,192,66,198,0,0,0,0,0,700,776,1299,0,0,0,0,0,0,0,1568,147,223,216,1069,0.381650,0.886427,1282557.151945,1416487.365059,0.017378,0.024398,0.031245,-0.013867,-0.006847,-0.015643,-0.007724,0.187703,0.222399,-0.538133,-0.700309,4.156121,False,0.570000
v6-4__H25__S0__P6K7__E2_B20,v6-4,25,S0,P6K7,E2_B20,E2,7444,2952,2877,0,71,0,4421,0,57,18,176,75,195,0,0,0,0,0,747,797,1333,0,0,0,0,0,0,0,1568,147,223,216,1049,0.396561,0.898468,1345000.062333,1510036.306525,0.020732,0.028943,0.031245,-0.010513,-0.002301,-0.011701,-0.002561,0.202970,0.239778,-0.515249,-0.678091,4.282241,False,0.913000
v6-4__H25__S0__P6K7__E2_B3,v6-4,25,S0,P6K7,E2_B3,E2,7444,2922,2845,0,71,0,4451,0,60,17,203,77,201,0,0,0,0,0,745,794,1306,0,0,0,0,0,0,0,1568,147,223,216,1058,0.392531,0.893786,1389038.487972,1556153.822905,0.023011,0.031089,0.031245,-0.008234,-0.000156,-0.009212,-0.000175,0.213720,0.248184,-0.539311,-0.702811,4.248163,False,0.877000
v6-4__H25__S0__P6K7__E2_B4,v6-4,25,S0,P6K7,E2_B4,E2,7444,2866,2795,0,71,0,4507,0,54,17,203,71,205,0,0,0,0,0,699,774,1322,0,0,0,0,0,0,0,1568,147,223,216,1062,0.385008,0.907158,1464735.640745,1671712.706603,0.026776,0.036214,0.031245,-0.004469,0.004970,-0.004926,0.005479,0.231019,0.267917,-0.538386,-0.696288,4.253198,False,0.848000
v6-4__H25__S0__P6K7__E2_B5,v6-4,25,S0,P6K7,E2_B5,E2,7444,2866,2795,0,71,0,4507,0,54,17,203,71,205,0,0,0,0,0,699,774,1322,0,0,0,0,0,0,0,1568,147,223,216,1062,0.385008,0.907158,1464735.640745,1671712.706603,0.026776,0.036214,0.031245,-0.004469,0.004970,-0.004926,0.005479,0.231019,0.267917,-0.538386,-0.696288,4.253198,False,0.823000
v6-4__H25__S0__P6K7__E2_B6,v6-4,25,S0,P6K7,E2_B6,E2,7444,2954,2884,0,71,0,4419,0,52,18,200,70,195,0,0,0,0,0,755,772,1357,0,0,0,0,0,0,0,1568,147,223,216,1044,0.396830,0.923715,1474571.340420,1680168.624245,0.027252,0.036576,0.031245,-0.003993,0.005332,-0.004323,0.005772,0.233304,0.269304,-0.514521,-0.671967,4.513027,False,0.577000
v6-4__H25__S0__P6K7__E2_B7,v6-4,25,S0,P6K7,E2_B7,E2,7444,2909,2834,0,71,0,4464,0,58,17,182,75,192,0,0,0,0,0,703,774,1357,0,0,0,0,0,0,0,1568,147,223,216,1081,0.390785,0.869507,1425305.586024,1600938.252566,0.024838,0.033116,0.031245,-0.006407,0.001871,-0.007368,0.002152,0.221904,0.255863,-0.559300,-0.709737,4.616811,False,0.863000
v6-4__H25__S0__P6K7__E2_B8,v6-4,25,S0,P6K7,E2_B8,E2,7444,2979,2905,0,71,0,4394,0,58,16,195,74,202,0,0,0,0,0,744,723,1438,0,0,0,0,0,0,0,1568,147,223,216,1019,0.400188,0.976398,1658493.041652,1798196.199742,0.035645,0.041460,0.031245,0.004401,0.010215,0.004507,0.010462,0.272154,0.287943,-0.508517,-0.685926,4.845005,False,0.917000
v6-4__H25__S0__P6K7__E2_B9,v6-4,25,S0,P6K7,E2_B9,E2,7444,3119,3055,0,71,0,4254,0,47,17,208,64,201,0,0,0,0,0,906,818,1331,0,0,0,0,0,0,0,1568,147,223,216,1019,0.418995,0.932588,1606165.931908,1809986.237417,0.033349,0.041931,0.031245,0.002104,0.010687,0.002257,0.011459,0.260711,0.289165,-0.582233,-0.708038,4.180672,False,0.709000
v6-4__H25__S0__P6K7__E3,v6-4,25,S0,P6K7,E3,E3,7444,2730,2708,0,71,0,4643,0,7,15,6464,22,0,0,0,0,0,0,0,0,294,2414,0,0,0,0,0,0,1568,147,223,216,1133,0.366738,0.522255,598569.457265,760954.440936,-0.034906,-0.018735,0.031245,-0.066151,-0.049979,-0.126664,-0.095699,-0.035342,0.059112,-0.647623,-0.762076,1.192930,False,0.479000
v6-4__H25__S0__P6K7__E4,v6-4,25,S0,P6K7,E4,E4,7444,3430,4960,0,71,0,3943,0,20,27,3548,47,0,0,0,452,0,0,0,0,1821,1562,1577,0,0,0,0,0,1568,147,223,216,1103,0.460774,1.009106,1331412.551308,1234011.718212,0.020014,0.014664,0.031245,-0.011230,-0.016581,-0.011129,-0.016431,0.199546,0.181411,-0.442463,-0.598800,11.813618,False,0.848000
v6-4__H25__S0__P6K7__E5,v6-4,25,S0,P6K7,E5,E5,7444,2557,2525,0,71,0,4816,0,15,17,5483,32,0,0,0,0,0,0,0,0,1210,0,0,1315,0,0,0,0,1568,147,223,216,1205,0.343498,0.677751,735638.916915,1275303.780477,-0.021031,0.016978,0.031245,-0.052275,-0.014266,-0.077130,-0.021049,0.025734,0.191144,-0.679721,-0.727484,2.695047,False,0.397000
v6-4__H25__S0__P6K7__E6,v6-4,25,S0,P6K7,E6,E6,7444,3491,3406,0,71,0,3882,0,66,19,4797,85,0,0,0,0,0,0,0,0,1317,0,0,0,2089,0,0,0,1568,147,223,216,1118,0.468968,0.679372,922850.127988,1081528.115026,-0.005543,0.005441,0.031245,-0.036788,-0.025804,-0.054149,-0.037982,0.084003,0.146976,-0.655488,-0.742804,1.826242,False,0.626000
v6-4__H25__S0__P6K7__E7,v6-4,25,S0,P6K7,E7,E7,7444,2237,2163,0,71,0,5136,0,48,26,5892,74,0,0,0,0,0,0,0,0,1251,0,0,0,0,912,0,0,1568,147,223,216,1118,0.300510,1.064590,1511228.481349,1590232.535697,0.028999,0.032636,0.031245,-0.002245,0.001391,-0.002109,0.001307,0.240950,0.254431,-0.557372,-0.674098,1.784120,False,0.346000
v6-5__H10__S0__P6K3__E0,v6-5,10,S0,P6K3,E0,E0,1883,666,657,0,22,0,1195,0,0,9,20,9,0,0,0,0,0,657,0,0,0,0,0,0,0,0,0,0,511,20,212,58,264,0.353691,0.957497,2232786.306458,2190930.985087,0.057185,0.055801,0.031245,0.025940,0.024556,0.027092,0.025646,0.393501,0.347214,-0.293108,-0.380760,4.248191,False,0.086000
v6-5__H10__S0__P6K3__E1_A1,v6-5,10,S0,P6K3,E1_A1,E1,1883,832,830,0,22,0,1029,0,0,2,101,2,0,0,0,0,0,0,100,419,311,0,0,0,0,0,0,0,511,20,212,58,377,0.441848,0.296529,388703.107732,538217.112805,-0.063325,-0.041981,0.031245,-0.094570,-0.073226,-0.318921,-0.246943,-0.237653,-0.054236,-0.767777,-0.748634,-1.131657,False,0.086000
v6-5__H10__S0__P6K3__E1_A10,v6-5,10,S0,P6K3,E1_A10,E1,1883,543,541,0,22,0,1318,0,0,2,40,2,0,0,0,0,0,0,17,143,381,0,0,0,0,0,0,0,511,20,212,58,391,0.288370,0.276125,342363.159399,601057.359870,-0.071521,-0.034629,0.031245,-0.102765,-0.065874,-0.372169,-0.238565,-0.246266,-0.023062,-0.761643,-0.712926,2.518718,False,0.070000
v6-5__H10__S0__P6K3__E1_A11,v6-5,10,S0,P6K3,E1_A11,E1,1883,513,506,0,22,0,1348,0,0,7,24,7,0,0,0,0,0,0,15,76,415,0,0,0,0,0,0,0,511,20,212,58,311,0.272438,0.501361,1017361.988779,1097647.724848,0.001192,0.006471,0.031245,-0.030052,-0.024773,-0.059941,-0.049412,0.101849,0.149167,-0.463761,-0.526674,3.016246,False,0.065000
v6-5__H10__S0__P6K3__E1_A12,v6-5,10,S0,P6K3,E1_A12,E1,1883,608,601,0,22,0,1253,0,0,7,24,7,0,0,0,0,0,0,17,47,537,0,0,0,0,0,0,0,511,20,212,58,293,0.322889,0.613227,1237200.394062,1319370.168864,0.014845,0.019373,0.031245,-0.016400,-0.011872,-0.026743,-0.019359,0.172748,0.199632,-0.421766,-0.481276,3.189838,False,0.078000
v6-5__H10__S0__P6K3__E1_A2,v6-5,10,S0,P6K3,E1_A2,E1,1883,872,865,0,22,0,989,0,0,7,77,7,0,0,0,0,0,0,104,306,455,0,0,0,0,0,0,0,511,20,212,58,301,0.463091,0.473430,929615.520037,910112.284746,-0.005040,-0.006499,0.031245,-0.036285,-0.037744,-0.076642,-0.079724,0.059410,0.093607,-0.528729,-0.569892,-0.838087,False,0.089000
v6-5__H10__S0__P6K3__E1_A3,v6-5,10,S0,P6K3,E1_A3,E1,1883,939,931,0,22,0,922,0,0,8,46,8,0,0,0,0,0,0,135,141,655,0,0,0,0,0,0,0,511,20,212,58,283,0.498672,0.564173,1163191.468295,1142996.196754,0.010520,0.009296,0.031245,-0.020724,-0.021949,-0.036734,-0.038904,0.146942,0.156454,-0.474578,-0.516981,0.099809,False,0.102000
v6-5__H10__S0__P6K3__E1_A4,v6-5,10,S0,P6K3,E1_A4,E1,1883,516,514,0,22,0,1345,0,0,2,34,2,0,0,0,0,0,0,56,143,315,0,0,0,0,0,0,0,511,20,212,58,384,0.274031,0.283516,358093.958050,637882.739546,-0.068629,-0.030647,0.031245,-0.099873,-0.061891,-0.352266,-0.218299,-0.249034,-0.011007,-0.768907,-0.727777,2.128441,False,0.069000
v6-5__H10__S0__P6K3__E1_A5,v6-5,10,S0,P6K3,E1_A5,E1,1883,618,606,0,22,0,1243,0,0,12,46,12,0,0,0,0,0,0,60,92,454,0,0,0,0,0,0,0,511,20,212,58,288,0.328200,0.529151,1173715.922647,1201076.088759,0.011151,0.012765,0.031245,-0.020094,-0.018479,-0.037974,-0.034923,0.151597,0.172700,-0.447511,-0.516535,3.297172,False,0.106000
v6-5__H10__S0__P6K3__E1_A6,v6-5,10,S0,P6K3,E1_A6,E1,1883,698,690,0,22,0,1163,0,0,8,27,8,0,0,0,0,0,0,74,58,558,0,0,0,0,0,0,0,511,20,212,58,261,0.370685,0.701145,1578767.080891,1607473.461620,0.032119,0.033407,0.031245,0.000874,0.002163,0.001247,0.003085,0.277816,0.259466,-0.377494,-0.458276,3.603875,False,0.081000
v6-5__H10__S0__P6K3__E1_A7,v6-5,10,S0,P6K3,E1_A7,E1,1883,534,532,0,22,0,1327,0,0,2,38,2,0,0,0,0,0,0,36,146,350,0,0,0,0,0,0,0,511,20,212,58,387,0.283590,0.300119,397435.938517,612971.370524,-0.061883,-0.033316,0.031245,-0.093128,-0.064561,-0.310303,-0.215118,-0.206732,-0.017499,-0.755255,-0.704896,2.127576,False,0.068000
v6-5__H10__S0__P6K3__E1_A8,v6-5,10,S0,P6K3,E1_A8,E1,1883,492,484,0,22,0,1369,0,0,8,24,8,0,0,0,0,0,0,30,83,371,0,0,0,0,0,0,0,511,20,212,58,301,0.261285,0.488851,1003213.147678,1017080.341933,0.000222,0.001173,0.031245,-0.031022,-0.030071,-0.063460,-0.061514,0.096307,0.127656,-0.498212,-0.527577,2.170741,False,0.065000
v6-5__H10__S0__P6K3__E1_A9,v6-5,10,S0,P6K3,E1_A9,E1,1883,627,618,0,22,0,1234,0,0,9,23,9,0,0,0,0,0,0,41,48,529,0,0,0,0,0,0,0,511,20,212,58,285,0.332979,0.612632,1278848.617973,1275011.547606,0.017174,0.016962,0.031245,-0.014071,-0.014282,-0.022968,-0.023313,0.185893,0.189400,-0.438952,-0.482532,3.463791,False,0.081000
v6-5__H10__S0__P6K3__E2_B1,v6-5,10,S0,P6K3,E2_B1,E2,1883,591,578,0,22,0,1270,0,0,13,41,13,33,0,0,0,0,0,50,85,443,0,0,0,0,0,0,0,511,20,212,58,295,0.313861,0.502944,1050517.573653,1061609.911755,0.003418,0.004148,0.031245,-0.027827,-0.027097,-0.055328,-0.053877,0.109592,0.137744,-0.493782,-0.530299,3.328333,False,0.057000
v6-5__H10__S0__P6K3__E2_B10,v6-5,10,S0,P6K3,E2_B10,E2,1883,637,627,0,22,0,1224,0,0,10,45,10,34,0,0,0,0,0,98,101,428,0,0,0,0,0,0,0,511,20,212,58,291,0.338290,0.489448,997478.905366,916766.992495,-0.000175,-0.005998,0.031245,-0.031419,-0.037243,-0.064193,-0.076091,0.087619,0.096914,-0.511968,-0.568604,2.817528,False,0.132000
v6-5__H10__S0__P6K3__E2_B11,v6-5,10,S0,P6K3,E2_B11,E2,1883,480,474,0,22,0,1381,0,0,6,21,6,28,0,0,0,0,0,26,78,370,0,0,0,0,0,0,0,511,20,212,58,306,0.254912,0.480140,967888.222575,978789.591373,-0.002257,-0.001483,0.031245,-0.033502,-0.032728,-0.069775,-0.068163,0.083969,0.117287,-0.517571,-0.527577,2.306851,False,0.108000
v6-5__H10__S0__P6K3__E2_B12,v6-5,10,S0,P6K3,E2_B12,E2,1883,499,494,0,22,0,1362,0,0,5,23,5,32,0,0,0,0,0,14,71,409,0,0,0,0,0,0,0,511,20,212,58,317,0.265003,0.493616,987124.659256,1069987.967862,-0.000897,0.004694,0.031245,-0.032141,-0.026550,-0.065114,-0.053787,0.091376,0.142157,-0.485436,-0.526674,3.151645,False,0.147000
v6-5__H10__S0__P6K3__E2_B13,v6-5,10,S0,P6K3,E2_B13,E2,1883,544,542,0,22,0,1317,0,0,2,35,2,29,0,0,0,0,0,49,140,353,0,0,0,0,0,0,0,511,20,212,58,387,0.288901,0.292355,373982.102427,623578.161581,-0.065825,-0.032168,0.031245,-0.097070,-0.063412,-0.332027,-0.216902,-0.232328,-0.015835,-0.766666,-0.733640,2.520795,False,0.061000
v6-5__H10__S0__P6K3__E2_B14,v6-5,10,S0,P6K3,E2_B14,E2,1883,671,662,0,22,0,1190,0,0,9,27,9,33,0,0,0,0,0,59,57,546,0,0,0,0,0,0,0,511,20,212,58,264,0.356346,0.691329,1529811.056947,1528774.581517,0.029870,0.029822,0.031245,-0.001374,-0.001422,-0.001988,-0.002057,0.262694,0.243919,-0.390541,-0.461118,3.122620,False,0.180000
v6-5__H10__S0__P6K3__E2_B18,v6-5,10,S0,P6K3,E2_B18,E2,1883,606,594,0,22,0,1255,0,0,12,44,12,31,0,0,0,0,0,57,85,452,0,0,0,0,0,0,0,511,20,212,58,296,0.321827,0.521263,1136858.824276,1154385.478485,0.008920,0.009989,0.031245,-0.022325,-0.021256,-0.042828,-0.040777,0.139455,0.161614,-0.457607,-0.516535,3.540087,False,0.092000
v6-5__H10__S0__P6K3__E2_B19,v6-5,10,S0,P6K3,E2_B19,E2,1883,512,504,0,22,0,1349,0,0,8,23,8,31,0,0,0,0,0,15,73,416,0,0,0,0,0,0,0,511,20,212,58,311,0.271907,0.502107,1020338.273745,1100528.248329,0.001395,0.006654,0.031245,-0.029850,-0.024591,-0.059449,-0.048975,0.103045,0.149981,-0.468114,-0.526674,3.074251,False,0.082000
v6-5__H10__S0__P6K3__E2_B2,v6-5,10,S0,P6K3,E2_B2,E2,1883,593,581,0,22,0,1268,0,0,12,45,12,34,0,0,0,0,0,52,86,443,0,0,0,0,0,0,0,511,20,212,58,295,0.314923,0.501295,1042839.412695,1055690.374891,0.002908,0.003759,0.031245,-0.028336,-0.027486,-0.056526,-0.054829,0.106743,0.136096,-0.496265,-0.531617,3.217622,False,0.094000
v6-5__H10__S0__P6K3__E2_B20,v6-5,10,S0,P6K3,E2_B20,E2,1883,590,577,0,22,0,1271,0,0,13,46,13,32,0,0,0,0,0,57,86,434,0,0,0,0,0,0,0,511,20,212,58,294,0.313330,0.505053,1061694.862840,1080247.535308,0.004153,0.005358,0.031245,-0.027091,-0.025886,-0.053641,-0.051255,0.113335,0.142543,-0.482887,-0.523289,3.239703,False,0.088000
v6-5__H10__S0__P6K3__E2_B3,v6-5,10,S0,P6K3,E2_B3,E2,1883,603,591,0,22,0,1258,0,0,12,41,12,31,0,0,0,0,0,57,86,448,0,0,0,0,0,0,0,511,20,212,58,293,0.320234,0.515717,1119547.579320,1135088.791145,0.007849,0.008811,0.031245,-0.023396,-0.022434,-0.045366,-0.043500,0.133500,0.156788,-0.463127,-0.516535,3.456014,False,0.086000
v6-5__H10__S0__P6K3__E2_B4,v6-5,10,S0,P6K3,E2_B4,E2,1883,591,578,0,22,0,1270,0,0,13,41,13,33,0,0,0,0,0,50,85,443,0,0,0,0,0,0,0,511,20,212,58,295,0.313861,0.502944,1050517.573653,1061609.911755,0.003418,0.004148,0.031245,-0.027827,-0.027097,-0.055328,-0.053877,0.109592,0.137744,-0.493782,-0.530299,3.328333,False,0.109000
v6-5__H10__S0__P6K3__E2_B5,v6-5,10,S0,P6K3,E2_B5,E2,1883,591,578,0,22,0,1270,0,0,13,41,13,33,0,0,0,0,0,50,85,443,0,0,0,0,0,0,0,511,20,212,58,295,0.313861,0.502944,1050517.573653,1061609.911755,0.003418,0.004148,0.031245,-0.027827,-0.027097,-0.055328,-0.053877,0.109592,0.137744,-0.493782,-0.530299,3.328333,False,0.090000
v6-5__H10__S0__P6K3__E2_B6,v6-5,10,S0,P6K3,E2_B6,E2,1883,595,583,0,22,0,1266,0,0,12,46,12,32,0,0,0,0,0,56,86,441,0,0,0,0,0,0,0,511,20,212,58,294,0.315985,0.509419,1086568.593463,1105363.006018,0.005764,0.006959,0.031245,-0.025480,-0.024285,-0.050018,-0.047673,0.122195,0.149175,-0.472782,-0.521794,3.164728,False,0.089000
v6-5__H10__S0__P6K3__E2_B7,v6-5,10,S0,P6K3,E2_B7,E2,1883,598,585,0,22,0,1263,0,0,13,38,13,32,0,0,0,0,0,51,86,448,0,0,0,0,0,0,0,511,20,212,58,294,0.317578,0.507753,1078567.226740,1091360.524036,0.005250,0.006071,0.031245,-0.025995,-0.025174,-0.051195,-0.049579,0.119525,0.145655,-0.481638,-0.521794,3.296644,False,0.093000
v6-5__H10__S0__P6K3__E2_B8,v6-5,10,S0,P6K3,E2_B8,E2,1883,559,552,0,22,0,1302,0,0,7,24,7,33,0,0,0,0,0,48,76,428,0,0,0,0,0,0,0,511,20,212,58,300,0.296867,0.491263,992772.404137,1004921.052632,-0.000502,0.000340,0.031245,-0.031747,-0.030905,-0.064622,-0.062909,0.088874,0.122523,-0.514931,-0.549186,3.385119,False,0.103000
v6-5__H10__S0__P6K3__E2_B9,v6-5,10,S0,P6K3,E2_B9,E2,1883,509,502,0,22,0,1352,0,0,7,26,7,31,0,0,0,0,0,56,81,365,0,0,0,0,0,0,0,511,20,212,58,316,0.270313,0.454172,857003.801168,887675.328438,-0.010626,-0.008215,0.031245,-0.041871,-0.039459,-0.092192,-0.086882,0.034776,0.087289,-0.567191,-0.596643,2.683490,False,0.082000
v6-5__H10__S0__P6K3__E3,v6-5,10,S0,P6K3,E3,E3,1883,599,594,0,22,0,1262,0,0,5,3239,5,0,0,0,0,0,0,0,0,272,322,0,0,0,0,0,0,511,20,212,58,347,0.318109,0.448833,887504.183118,1265736.848973,-0.008228,0.016448,0.031245,-0.039473,-0.014796,-0.087945,-0.032966,0.056440,0.187905,-0.524167,-0.532175,1.580230,False,0.081000
v6-5__H10__S0__P6K3__E4,v6-5,10,S0,P6K3,E4,E4,1883,923,1240,0,22,0,938,0,0,8,2651,8,0,0,0,78,0,0,0,0,762,153,325,0,0,0,0,0,511,20,212,58,296,0.490175,0.646579,1402556.489862,1468257.576146,0.023697,0.026947,0.031245,-0.007548,-0.004298,-0.011673,-0.006647,0.224582,0.231901,-0.428216,-0.459047,3.520229,False,0.117000
v6-5__H10__S0__P6K3__E5,v6-5,10,S0,P6K3,E5,E5,1883,619,615,0,22,0,1242,0,0,4,2402,4,0,0,0,0,0,0,0,0,416,0,0,199,0,0,0,0,511,20,212,58,350,0.328731,0.417598,725620.437206,1113065.582719,-0.021960,0.007443,0.031245,-0.053204,-0.023801,-0.127405,-0.056995,-0.008416,0.150176,-0.607185,-0.578019,2.026528,False,0.118000
v6-5__H10__S0__P6K3__E6,v6-5,10,S0,P6K3,E6,E6,1883,955,941,0,22,0,906,0,0,14,3477,14,0,0,0,0,0,0,0,0,360,0,0,0,581,0,0,0,511,20,212,58,268,0.507169,0.634725,1668145.035285,1909477.587253,0.036061,0.045798,0.031245,0.004817,0.014554,0.007589,0.022929,0.293777,0.311937,-0.339842,-0.442694,0.199505,False,0.158000
v6-5__H10__S0__P6K3__E7,v6-5,10,S0,P6K3,E7,E7,1883,607,596,0,22,0,1254,0,0,11,1357,11,0,0,0,0,0,0,0,0,578,0,0,0,0,18,0,0,511,20,212,58,271,0.322358,0.807359,1856889.531902,1873033.023054,0.043778,0.044404,0.031245,0.012534,0.013159,0.015524,0.016299,0.336092,0.305221,-0.340972,-0.414926,3.842637,False,0.089000
v6-5__H10__S0__P6K5__E0,v6-5,10,S0,P6K5,E0,E0,1883,789,772,0,22,0,1072,0,1,16,33,17,0,0,0,0,0,772,0,0,0,0,0,0,0,0,0,0,511,20,212,30,165,0.419012,0.851186,2477671.059593,2519394.408393,0.064829,0.066061,0.031245,0.033585,0.034816,0.039456,0.040903,0.479079,0.400505,-0.211180,-0.381441,4.322326,False,0.096000
v6-5__H10__S0__P6K5__E1_A1,v6-5,10,S0,P6K5,E1_A1,E1,1883,913,907,0,22,0,948,0,0,6,99,6,0,0,0,0,0,0,107,428,372,0,0,0,0,0,0,0,511,20,212,30,289,0.484865,0.317777,631151.068124,822935.738649,-0.031358,-0.013401,0.031245,-0.062603,-0.044645,-0.197003,-0.140493,-0.117951,0.050620,-0.538142,-0.617514,-0.994538,False,0.086000
v6-5__H10__S0__P6K5__E1_A10,v6-5,10,S0,P6K5,E1_A10,E1,1883,676,669,0,22,0,1185,0,0,7,42,7,0,0,0,0,0,0,18,174,477,0,0,0,0,0,0,0,511,20,212,30,270,0.359002,0.379840,819408.012780,1036497.578951,-0.013694,0.002485,0.031245,-0.044939,-0.028760,-0.118310,-0.075715,0.000046,0.123035,-0.441165,-0.539605,2.462188,False,0.101000
v6-5__H10__S0__P6K5__E1_A11,v6-5,10,S0,P6K5,E1_A11,E1,1883,677,664,0,22,0,1184,0,0,13,46,13,0,0,0,0,0,0,22,94,548,0,0,0,0,0,0,0,511,20,212,30,240,0.359533,0.486091,1104300.612575,1197648.020164,0.006892,0.012565,0.031245,-0.024352,-0.018680,-0.050098,-0.038429,0.121802,0.166875,-0.361830,-0.514118,3.703442,False,0.077000
v6-5__H10__S0__P6K5__E1_A12,v6-5,10,S0,P6K5,E1_A12,E1,1883,730,715,0,22,0,1131,0,0,15,48,15,0,0,0,0,0,0,24,69,622,0,0,0,0,0,0,0,511,20,212,30,203,0.387679,0.682858,1981926.472184,2051028.260008,0.048498,0.050989,0.031245,0.017253,0.019744,0.025267,0.028914,0.401875,0.339632,-0.245187,-0.475916,2.943180,False,0.117000
v6-5__H10__S0__P6K5__E1_A2,v6-5,10,S0,P6K5,E1_A2,E1,1883,936,925,0,22,0,925,0,0,11,89,11,0,0,0,0,0,0,111,316,498,0,0,0,0,0,0,0,511,20,212,30,243,0.497079,0.410339,903569.451764,1035798.842600,-0.006996,0.002438,0.031245,-0.038240,-0.028807,-0.093192,-0.070202,0.023723,0.119084,-0.480280,-0.560669,-0.858244,False,0.090000
v6-5__H10__S0__P6K5__E1_A3,v6-5,10,S0,P6K5,E1_A3,E1,1883,1015,1003,0,22,0,846,0,0,12,68,12,0,0,0,0,0,0,148,147,708,0,0,0,0,0,0,0,511,20,212,30,197,0.539033,0.618583,1751971.938026,1754120.304832,0.039584,0.039672,0.031245,0.008339,0.008428,0.013482,0.013624,0.356287,0.290007,-0.268098,-0.467286,0.189832,False,0.103000
v6-5__H10__S0__P6K5__E1_A4,v6-5,10,S0,P6K5,E1_A4,E1,1883,689,678,0,22,0,1172,0,0,11,63,11,0,0,0,0,0,0,69,186,423,0,0,0,0,0,0,0,511,20,212,30,250,0.365905,0.372511,855567.812138,1029374.180100,-0.010741,0.002006,0.031245,-0.041986,-0.029238,-0.112710,-0.078490,0.010121,0.120529,-0.459722,-0.539179,2.352896,False,0.102000
v6-5__H10__S0__P6K5__E1_A5,v6-5,10,S0,P6K5,E1_A5,E1,1883,649,636,0,22,0,1212,0,0,13,45,13,0,0,0,0,0,0,71,95,470,0,0,0,0,0,0,0,511,20,212,30,221,0.344663,0.519838,1300386.193289,1391048.142227,0.018351,0.023113,0.031245,-0.012894,-0.008131,-0.024804,-0.015642,0.200888,0.214618,-0.347450,-0.508286,3.752928,False,0.076000
v6-5__H10__S0__P6K5__E1_A6,v6-5,10,S0,P6K5,E1_A6,E1,1883,817,802,0,22,0,1044,0,0,15,50,15,0,0,0,0,0,0,88,74,640,0,0,0,0,0,0,0,511,20,212,30,157,0.433882,0.701469,2194174.876329,2160410.091501,0.055909,0.054776,0.031245,0.024664,0.023531,0.035161,0.033546,0.476478,0.357574,-0.247050,-0.446130,3.623778,False,0.127000
v6-5__H10__S0__P6K5__E1_A7,v6-5,10,S0,P6K5,E1_A7,E1,1883,705,695,0,22,0,1156,0,0,10,64,10,0,0,0,0,0,0,41,188,466,0,0,0,0,0,0,0,511,20,212,30,256,0.374403,0.375845,864224.934906,1031182.488054,-0.010051,0.002128,0.031245,-0.041296,-0.029116,-0.109875,-0.077469,0.020614,0.121625,-0.461315,-0.529861,2.262196,False,0.079000
v6-5__H10__S0__P6K5__E1_A8,v6-5,10,S0,P6K5,E1_A8,E1,1883,664,652,0,22,0,1197,0,0,12,47,12,0,0,0,0,0,0,50,96,506,0,0,0,0,0,0,0,511,20,212,30,227,0.352629,0.505056,1216181.328279,1279222.095065,0.013642,0.017194,0.031245,-0.017603,-0.014050,-0.034853,-0.027819,0.166340,0.187771,-0.364849,-0.514887,3.448149,False,0.089000
v6-5__H10__S0__P6K5__E1_A9,v6-5,10,S0,P6K5,E1_A9,E1,1883,756,740,0,22,0,1105,0,0,16,52,16,0,0,0,0,0,0,53,73,614,0,0,0,0,0,0,0,511,20,212,30,187,0.401487,0.667079,2007948.249229,2047974.553218,0.049445,0.050880,0.031245,0.018201,0.019636,0.027284,0.029435,0.411703,0.338908,-0.245693,-0.479665,2.992988,False,0.082000
v6-5__H10__S0__P6K5__E2_B1,v6-5,10,S0,P6K5,E2_B1,E2,1883,624,613,0,22,0,1237,0,0,11,44,11,32,0,0,0,0,0,53,92,468,0,0,0,0,0,0,0,511,20,212,30,228,0.331386,0.488661,1168691.834620,1242776.657757,0.010850,0.015161,0.031245,-0.020394,-0.016084,-0.041735,-0.032914,0.147639,0.178145,-0.385339,-0.515155,3.094814,False,0.090000
v6-5__H10__S0__P6K5__E2_B10,v6-5,10,S0,P6K5,E2_B10,E2,1883,579,567,0,22,0,1282,0,0,12,45,12,32,0,0,0,0,0,92,100,375,0,0,0,0,0,0,0,511,20,212,30,245,0.307488,0.415153,938866.604833,1064053.573068,-0.004358,0.004307,0.031245,-0.035602,-0.026937,-0.085757,-0.064885,0.044327,0.128442,-0.464253,-0.554262,1.909301,False,0.073000
v6-5__H10__S0__P6K5__E2_B11,v6-5,10,S0,P6K5,E2_B11,E2,1883,661,649,0,22,0,1200,0,0,12,46,12,32,0,0,0,0,0,41,93,515,0,0,0,0,0,0,0,511,20,212,30,228,0.351036,0.494983,1176315.751050,1232192.591870,0.011306,0.014560,0.031245,-0.019939,-0.016685,-0.040282,-0.033707,0.150693,0.175868,-0.384937,-0.514887,3.294705,False,0.095000
v6-5__H10__S0__P6K5__E2_B12,v6-5,10,S0,P6K5,E2_B12,E2,1883,673,660,0,22,0,1188,0,0,13,45,13,34,0,0,0,0,0,21,90,549,0,0,0,0,0,0,0,511,20,212,30,240,0.357408,0.475835,1070590.590378,1163193.727341,0.004733,0.010521,0.031245,-0.026511,-0.020724,-0.055715,-0.043553,0.107756,0.157634,-0.381896,-0.514118,3.766769,False,0.137000
v6-5__H10__S0__P6K5__E2_B13,v6-5,10,S0,P6K5,E2_B13,E2,1883,719,708,0,22,0,1142,0,0,11,58,11,31,0,0,0,0,0,62,182,464,0,0,0,0,0,0,0,511,20,212,30,253,0.381837,0.373230,847846.110965,1014001.404723,-0.011362,0.000963,0.031245,-0.042606,-0.030281,-0.114156,-0.081133,0.008540,0.116413,-0.473817,-0.547650,2.540576,False,0.096000
v6-5__H10__S0__P6K5__E2_B14,v6-5,10,S0,P6K5,E2_B14,E2,1883,786,770,0,22,0,1075,0,0,16,52,16,34,0,0,0,0,0,71,71,628,0,0,0,0,0,0,0,511,20,212,30,168,0.417419,0.684833,2086449.209299,2056402.124383,0.052235,0.051179,0.031245,0.020991,0.019935,0.030651,0.029109,0.445305,0.341232,-0.262156,-0.453419,3.291356,False,0.153000
v6-5__H10__S0__P6K5__E2_B18,v6-5,10,S0,P6K5,E2_B18,E2,1883,646,633,0,22,0,1215,0,0,13,45,13,32,0,0,0,0,0,64,93,476,0,0,0,0,0,0,0,511,20,212,30,220,0.343070,0.521449,1300844.311916,1374324.508704,0.018375,0.022257,0.031245,-0.012869,-0.008988,-0.024680,-0.017236,0.200693,0.210671,-0.349472,-0.508286,3.725113,False,0.127000
v6-5__H10__S0__P6K5__E2_B19,v6-5,10,S0,P6K5,E2_B19,E2,1883,677,663,0,22,0,1184,0,0,14,45,14,34,0,0,0,0,0,22,91,550,0,0,0,0,0,0,0,511,20,212,30,240,0.359533,0.486768,1108651.017181,1201943.798567,0.007166,0.012816,0.031245,-0.024078,-0.018429,-0.049466,-0.037859,0.123624,0.168035,-0.362881,-0.514118,3.815123,False,0.094000
v6-5__H10__S0__P6K5__E2_B2,v6-5,10,S0,P6K5,E2_B2,E2,1883,635,623,0,22,0,1226,0,0,12,45,12,33,0,0,0,0,0,58,93,472,0,0,0,0,0,0,0,511,20,212,30,228,0.337228,0.488408,1167836.719214,1241609.412020,0.010799,0.015095,0.031245,-0.020445,-0.016150,-0.041861,-0.033066,0.147291,0.177806,-0.385160,-0.514167,3.292294,False,0.092000
v6-5__H10__S0__P6K5__E2_B20,v6-5,10,S0,P6K5,E2_B20,E2,1883,634,622,0,22,0,1227,0,0,12,48,12,32,0,0,0,0,0,62,92,468,0,0,0,0,0,0,0,511,20,212,30,227,0.336697,0.494424,1190623.310567,1268330.868281,0.012152,0.016592,0.031245,-0.019092,-0.014652,-0.038615,-0.029635,0.156715,0.184664,-0.372659,-0.514167,3.262897,False,0.089000
v6-5__H10__S0__P6K5__E2_B3,v6-5,10,S0,P6K5,E2_B3,E2,1883,640,629,0,22,0,1221,0,0,11,42,11,32,0,0,0,0,0,64,93,472,0,0,0,0,0,0,0,511,20,212,30,224,0.339883,0.509130,1247278.119417,1321731.645377,0.015415,0.019499,0.031245,-0.015829,-0.011745,-0.031091,-0.023070,0.179760,0.197987,-0.360525,-0.508286,3.619471,False,0.090000
v6-5__H10__S0__P6K5__E2_B4,v6-5,10,S0,P6K5,E2_B4,E2,1883,624,613,0,22,0,1237,0,0,11,44,11,32,0,0,0,0,0,53,92,468,0,0,0,0,0,0,0,511,20,212,30,228,0.331386,0.488661,1168691.834620,1242776.657757,0.010850,0.015161,0.031245,-0.020394,-0.016084,-0.041735,-0.032914,0.147639,0.178145,-0.385339,-0.515155,3.094814,False,0.087000
v6-5__H10__S0__P6K5__E2_B5,v6-5,10,S0,P6K5,E2_B5,E2,1883,624,613,0,22,0,1237,0,0,11,44,11,32,0,0,0,0,0,53,92,468,0,0,0,0,0,0,0,511,20,212,30,228,0.331386,0.488661,1168691.834620,1242776.657757,0.010850,0.015161,0.031245,-0.020394,-0.016084,-0.041735,-0.032914,0.147639,0.178145,-0.385339,-0.515155,3.094814,False,0.070000
v6-5__H10__S0__P6K5__E2_B6,v6-5,10,S0,P6K5,E2_B6,E2,1883,626,614,0,22,0,1235,0,0,12,45,12,32,0,0,0,0,0,61,92,461,0,0,0,0,0,0,0,511,20,212,30,227,0.332448,0.494603,1190328.914498,1268936.100060,0.012135,0.016626,0.031245,-0.019109,-0.014619,-0.038636,-0.029556,0.156563,0.184840,-0.372803,-0.515155,3.154540,False,0.089000
v6-5__H10__S0__P6K5__E2_B7,v6-5,10,S0,P6K5,E2_B7,E2,1883,624,612,0,22,0,1237,0,0,12,47,12,32,0,0,0,0,0,53,92,467,0,0,0,0,0,0,0,511,20,212,30,228,0.331386,0.494151,1186691.837931,1259126.462070,0.011921,0.016080,0.031245,-0.019324,-0.015165,-0.039105,-0.030688,0.155047,0.182349,-0.380496,-0.515155,3.121684,False,0.087000
v6-5__H10__S0__P6K5__E2_B8,v6-5,10,S0,P6K5,E2_B8,E2,1883,627,615,0,22,0,1234,0,0,12,45,12,32,0,0,0,0,0,55,88,472,0,0,0,0,0,0,0,511,20,212,30,228,0.332979,0.476825,1127312.077549,1205097.748713,0.008331,0.013000,0.031245,-0.022914,-0.018245,-0.048055,-0.038264,0.130344,0.168322,-0.398992,-0.515735,3.157253,False,0.089000
v6-5__H10__S0__P6K5__E2_B9,v6-5,10,S0,P6K5,E2_B9,E2,1883,588,575,0,22,0,1273,0,0,13,44,13,32,0,0,0,0,0,65,89,421,0,0,0,0,0,0,0,511,20,212,30,233,0.312268,0.431689,990430.137971,1092612.488024,-0.000665,0.006151,0.031245,-0.031910,-0.025094,-0.073919,-0.058129,0.070477,0.137371,-0.462830,-0.544483,2.643170,False,0.084000
v6-5__H10__S0__P6K5__E3,v6-5,10,S0,P6K5,E3,E3,1883,689,678,0,22,0,1172,0,0,11,4286,11,0,0,0,0,0,0,0,0,307,371,0,0,0,0,0,0,511,20,212,30,258,0.365905,0.427548,1060352.578057,1435164.002684,0.004065,0.025327,0.031245,-0.027179,-0.005917,-0.063570,-0.013841,0.104731,0.224777,-0.362764,-0.519035,1.961444,False,0.087000
v6-5__H10__S0__P6K5__E4,v6-5,10,S0,P6K5,E4,E4,1883,1006,1375,0,22,0,855,0,1,16,3457,17,0,0,0,49,0,0,0,0,822,167,386,0,0,0,0,0,511,20,212,30,203,0.534254,0.665199,1880041.917174,1928027.187252,0.044674,0.046498,0.031245,0.013430,0.015254,0.020189,0.022931,0.391572,0.321326,-0.254234,-0.413410,3.761950,False,0.177000
v6-5__H10__S0__P6K5__E5,v6-5,10,S0,P6K5,E5,E5,1883,698,690,0,22,0,1163,0,0,8,2401,8,0,0,0,0,0,0,0,0,485,0,0,205,0,0,0,0,511,20,212,30,246,0.370685,0.463204,1125667.193085,1394258.396663,0.008229,0.023276,0.031245,-0.023016,-0.007968,-0.049688,-0.017202,0.130951,0.215452,-0.385737,-0.533919,2.807132,False,0.080000
v6-5__H10__S0__P6K5__E6,v6-5,10,S0,P6K5,E6,E6,1883,1032,1017,0,22,0,829,0,0,15,3475,15,0,0,0,0,0,0,0,0,390,0,0,0,627,0,0,0,511,20,212,30,178,0.548062,0.596749,1841009.074798,2049801.579818,0.043158,0.050945,0.031245,0.011913,0.019701,0.019964,0.033013,0.376319,0.342653,-0.189832,-0.426209,0.189464,False,0.177000
v6-5__H10__S0__P6K5__E7,v6-5,10,S0,P6K5,E7,E7,1883,724,708,0,22,0,1137,0,0,16,1869,16,0,0,0,0,0,0,0,0,683,0,0,0,0,25,0,0,511,20,212,30,172,0.384493,0.796676,2418371.301927,2500503.841362,0.063045,0.065506,0.031245,0.031800,0.034261,0.039916,0.043005,0.494738,0.403572,-0.213585,-0.399177,3.374470,False,0.097000
v6-5__H10__S0__P6K7__E0,v6-5,10,S0,P6K7,E0,E0,1883,858,837,0,22,0,1003,0,1,20,36,21,0,0,0,0,0,837,0,0,0,0,0,0,0,0,0,0,511,20,212,22,121,0.455656,0.698235,2329106.960319,2407649.525045,0.060281,0.062718,0.031245,0.029036,0.031473,0.041585,0.045076,0.489225,0.390535,-0.191172,-0.385841,4.075350,False,0.097000
v6-5__H10__S0__P6K7__E1_A1,v6-5,10,S0,P6K7,E1_A1,E1,1883,1040,1029,0,22,0,821,0,1,10,125,11,0,0,0,0,0,0,134,476,419,0,0,0,0,0,0,0,511,20,212,22,221,0.552310,0.301240,762249.335177,992949.345242,-0.018619,-0.000490,0.031245,-0.049864,-0.031734,-0.165529,-0.105345,-0.060835,0.105037,-0.446967,-0.568008,-0.967992,False,0.094000
v6-5__H10__S0__P6K7__E1_A10,v6-5,10,S0,P6K7,E1_A10,E1,1883,792,779,0,22,0,1069,0,0,13,84,13,0,0,0,0,0,0,25,210,544,0,0,0,0,0,0,0,511,20,212,22,202,0.420605,0.415016,1149143.622193,1365083.487092,0.009671,0.021779,0.031245,-0.021574,-0.009465,-0.051983,-0.022807,0.139494,0.208395,-0.343710,-0.501711,2.692322,False,0.084000
v6-5__H10__S0__P6K7__E1_A11,v6-5,10,S0,P6K7,E1_A11,E1,1883,749,733,0,22,0,1112,0,0,16,52,16,0,0,0,0,0,0,25,109,599,0,0,0,0,0,0,0,511,20,212,22,177,0.397770,0.488932,1438376.151457,1591104.543456,0.025486,0.032675,0.031245,-0.005759,0.001431,-0.011778,0.002926,0.256203,0.259045,-0.274448,-0.493573,3.652241,False,0.106000
v6-5__H10__S0__P6K7__E1_A12,v6-5,10,S0,P6K7,E1_A12,E1,1883,772,755,0,22,0,1089,0,0,17,51,17,0,0,0,0,0,0,27,74,654,0,0,0,0,0,0,0,511,20,212,22,146,0.409984,0.564625,1811340.578929,1886287.997099,0.041985,0.044914,0.031245,0.010741,0.013669,0.019023,0.024210,0.379441,0.314318,-0.194464,-0.438863,2.989476,False,0.083000
v6-5__H10__S0__P6K7__E1_A2,v6-5,10,S0,P6K7,E1_A2,E1,1883,954,941,0,22,0,907,0,0,13,78,13,0,0,0,0,0,0,128,296,517,0,0,0,0,0,0,0,511,20,212,22,181,0.506638,0.435661,1224780.037691,1358861.995939,0.014136,0.021456,0.031245,-0.017108,-0.009788,-0.039270,-0.022467,0.176238,0.206833,-0.299680,-0.491291,-0.558979,False,0.087000
v6-5__H10__S0__P6K7__E1_A3,v6-5,10,S0,P6K7,E1_A3,E1,1883,1094,1079,0,22,0,767,0,0,15,91,15,0,0,0,0,0,0,151,179,749,0,0,0,0,0,0,0,511,20,212,22,141,0.580988,0.513804,1624784.644258,1659774.609776,0.034174,0.035700,0.031245,0.002929,0.004456,0.005701,0.008672,0.338266,0.273650,-0.213732,-0.450361,-0.041187,False,0.108000
v6-5__H10__S0__P6K7__E1_A4,v6-5,10,S0,P6K7,E1_A4,E1,1883,767,755,0,22,0,1094,0,0,12,81,12,0,0,0,0,0,0,77,212,466,0,0,0,0,0,0,0,511,20,212,22,174,0.407329,0.401576,1127407.395110,1315527.748262,0.008337,0.019167,0.031245,-0.022908,-0.012077,-0.057045,-0.030075,0.129507,0.196185,-0.312539,-0.512474,2.450787,False,0.081000
v6-5__H10__S0__P6K7__E1_A5,v6-5,10,S0,P6K7,E1_A5,E1,1883,759,744,0,22,0,1102,0,0,15,51,15,0,0,0,0,0,0,82,111,551,0,0,0,0,0,0,0,511,20,212,22,154,0.403080,0.484594,1492274.575357,1607914.689461,0.028101,0.033427,0.031245,-0.003144,0.002182,-0.006487,0.004503,0.285070,0.263117,-0.241563,-0.488997,3.608964,False,0.104000
v6-5__H10__S0__P6K7__E1_A6,v6-5,10,S0,P6K7,E1_A6,E1,1883,1015,996,0,22,0,846,0,1,18,71,19,0,0,0,0,0,0,103,119,774,0,0,0,0,0,0,0,511,20,212,22,108,0.539033,0.576125,2126992.909582,2189632.970985,0.053638,0.055757,0.031245,0.022394,0.024513,0.038869,0.042548,0.490342,0.364076,-0.185188,-0.420114,1.166147,False,0.090000
v6-5__H10__S0__P6K7__E1_A7,v6-5,10,S0,P6K7,E1_A7,E1,1883,789,776,0,22,0,1072,0,0,13,83,13,0,0,0,0,0,0,52,213,511,0,0,0,0,0,0,0,511,20,212,22,177,0.419012,0.409275,1147435.858989,1319530.957031,0.009567,0.019381,0.031245,-0.021678,-0.011863,-0.052966,-0.028986,0.138608,0.197235,-0.344500,-0.505939,2.540554,False,0.082000
v6-5__H10__S0__P6K7__E1_A8,v6-5,10,S0,P6K7,E1_A8,E1,1883,728,714,0,22,0,1133,0,0,14,48,14,0,0,0,0,0,0,50,114,550,0,0,0,0,0,0,0,511,20,212,22,165,0.386617,0.476623,1420415.968653,1530672.239065,0.024594,0.029911,0.031245,-0.006650,-0.001334,-0.013953,-0.002799,0.250763,0.246130,-0.276216,-0.497625,3.171211,False,0.084000
v6-5__H10__S0__P6K7__E1_A9,v6-5,10,S0,P6K7,E1_A9,E1,1883,796,781,0,22,0,1065,0,0,15,52,15,0,0,0,0,0,0,54,79,648,0,0,0,0,0,0,0,511,20,212,22,128,0.422730,0.555331,1899662.994317,1951704.427430,0.045425,0.047383,0.031245,0.014181,0.016139,0.025536,0.029061,0.408087,0.325218,-0.202935,-0.447531,2.942482,False,0.110000
v6-5__H10__S0__P6K7__E2_B1,v6-5,10,S0,P6K7,E2_B1,E2,1883,725,711,0,22,0,1136,0,0,14,46,14,33,0,0,0,0,0,67,104,540,0,0,0,0,0,0,0,511,20,212,22,169,0.385024,0.472973,1410230.015488,1513547.366975,0.024084,0.029109,0.031245,-0.007161,-0.002136,-0.015140,-0.004516,0.251502,0.242769,-0.252177,-0.496096,3.386138,False,0.144000
v6-5__H10__S0__P6K7__E2_B10,v6-5,10,S0,P6K7,E2_B10,E2,1883,759,745,0,22,0,1102,0,0,14,49,14,35,0,0,0,0,0,124,116,505,0,0,0,0,0,0,0,511,20,212,22,183,0.403080,0.441370,1251910.600692,1375047.754480,0.015676,0.022294,0.031245,-0.015569,-0.008950,-0.035274,-0.020279,0.187769,0.210800,-0.294542,-0.493091,3.191899,False,0.112000
v6-5__H10__S0__P6K7__E2_B11,v6-5,10,S0,P6K7,E2_B11,E2,1883,709,695,0,22,0,1152,0,0,14,51,14,34,0,0,0,0,0,42,107,546,0,0,0,0,0,0,0,511,20,212,22,168,0.376527,0.476610,1418457.170703,1502551.617302,0.024496,0.028589,0.031245,-0.006748,-0.002655,-0.014159,-0.005571,0.249678,0.239968,-0.270237,-0.496876,3.193848,False,0.097000
v6-5__H10__S0__P6K7__E2_B12,v6-5,10,S0,P6K7,E2_B12,E2,1883,730,714,0,22,0,1131,0,0,16,52,16,36,0,0,0,0,0,24,103,587,0,0,0,0,0,0,0,511,20,212,22,180,0.387679,0.487830,1429374.204574,1569448.792890,0.025040,0.031696,0.031245,-0.006204,0.000451,-0.012718,0.000925,0.252823,0.254490,-0.269750,-0.493381,3.744524,False,0.086000
v6-5__H10__S0__P6K7__E2_B13,v6-5,10,S0,P6K7,E2_B13,E2,1883,791,778,0,22,0,1070,0,0,13,79,13,32,0,0,0,0,0,68,210,500,0,0,0,0,0,0,0,511,20,212,22,180,0.420074,0.397864,1098398.022533,1278820.963522,0.006519,0.017172,0.031245,-0.024726,-0.014072,-0.062147,-0.035370,0.116628,0.187003,-0.326796,-0.519808,2.532111,False,0.083000
v6-5__H10__S0__P6K7__E2_B14,v6-5,10,S0,P6K7,E2_B14,E2,1883,824,807,0,22,0,1037,0,0,17,57,17,38,0,0,0,0,0,78,78,651,0,0,0,0,0,0,0,511,20,212,22,120,0.437600,0.562743,1998435.594253,2066970.789288,0.049100,0.051552,0.031245,0.017856,0.020308,0.031730,0.036087,0.448363,0.345079,-0.213200,-0.433064,3.177472,False,0.136000
v6-5__H10__S0__P6K7__E2_B18,v6-5,10,S0,P6K7,E2_B18,E2,1883,756,742,0,22,0,1105,0,0,14,48,14,34,0,0,0,0,0,74,111,557,0,0,0,0,0,0,0,511,20,212,22,155,0.401487,0.481029,1458722.560167,1556819.758453,0.026483,0.031119,0.031245,-0.004761,-0.000125,-0.009898,-0.000261,0.271648,0.252220,-0.242470,-0.488997,3.592852,False,0.100000
v6-5__H10__S0__P6K7__E2_B19,v6-5,10,S0,P6K7,E2_B19,E2,1883,736,720,0,22,0,1125,0,0,16,52,16,35,0,0,0,0,0,25,106,589,0,0,0,0,0,0,0,511,20,212,22,178,0.390866,0.490658,1446898.841082,1595634.777620,0.025905,0.032879,0.031245,-0.005339,0.001634,-0.010882,0.003330,0.259504,0.259993,-0.269969,-0.491083,3.669784,False,0.099000
v6-5__H10__S0__P6K7__E2_B2,v6-5,10,S0,P6K7,E2_B2,E2,1883,720,706,0,22,0,1141,0,0,14,48,14,34,0,0,0,0,0,68,107,531,0,0,0,0,0,0,0,511,20,212,22,168,0.382369,0.472178,1406370.558934,1511560.020542,0.023889,0.029015,0.031245,-0.007355,-0.002229,-0.015577,-0.004722,0.250484,0.242353,-0.252235,-0.494930,3.344170,False,0.141000
v6-5__H10__S0__P6K7__E2_B20,v6-5,10,S0,P6K7,E2_B20,E2,1883,733,718,0,22,0,1128,0,0,15,54,15,34,0,0,0,0,0,76,107,535,0,0,0,0,0,0,0,511,20,212,22,162,0.389272,0.475673,1428360.686911,1544289.976524,0.024990,0.030542,0.031245,-0.006255,-0.000702,-0.013149,-0.001476,0.259470,0.249536,-0.243640,-0.494930,3.432460,False,0.075000
v6-5__H10__S0__P6K7__E2_B3,v6-5,10,S0,P6K7,E2_B3,E2,1883,752,738,0,22,0,1109,0,0,14,48,14,34,0,0,0,0,0,75,107,556,0,0,0,0,0,0,0,511,20,212,22,162,0.399363,0.478019,1443055.440018,1549427.778789,0.025716,0.030779,0.031245,-0.005528,-0.000465,-0.011565,-0.000973,0.265533,0.250648,-0.244493,-0.488997,3.697654,False,0.146000
v6-5__H10__S0__P6K7__E2_B4,v6-5,10,S0,P6K7,E2_B4,E2,1883,725,711,0,22,0,1136,0,0,14,46,14,33,0,0,0,0,0,67,104,540,0,0,0,0,0,0,0,511,20,212,22,169,0.385024,0.472973,1410230.015488,1513547.366975,0.024084,0.029109,0.031245,-0.007161,-0.002136,-0.015140,-0.004516,0.251502,0.242769,-0.252177,-0.496096,3.386138,False,0.079000
v6-5__H10__S0__P6K7__E2_B5,v6-5,10,S0,P6K7,E2_B5,E2,1883,725,711,0,22,0,1136,0,0,14,46,14,33,0,0,0,0,0,67,104,540,0,0,0,0,0,0,0,511,20,212,22,169,0.385024,0.472973,1410230.015488,1513547.366975,0.024084,0.029109,0.031245,-0.007161,-0.002136,-0.015140,-0.004516,0.251502,0.242769,-0.252177,-0.496096,3.386138,False,0.096000
v6-5__H10__S0__P6K7__E2_B6,v6-5,10,S0,P6K7,E2_B6,E2,1883,728,714,0,22,0,1133,0,0,14,51,14,33,0,0,0,0,0,74,104,536,0,0,0,0,0,0,0,511,20,212,22,163,0.386617,0.476015,1429578.897498,1545244.904247,0.025050,0.030586,0.031245,-0.006194,-0.000658,-0.013013,-0.001382,0.259414,0.249719,-0.243847,-0.496096,3.419505,False,0.140000
v6-5__H10__S0__P6K7__E2_B7,v6-5,10,S0,P6K7,E2_B7,E2,1883,727,713,0,22,0,1134,0,0,14,49,14,33,0,0,0,0,0,67,106,540,0,0,0,0,0,0,0,511,20,212,22,164,0.386086,0.476008,1427773.819654,1526266.682995,0.024961,0.029705,0.031245,-0.006284,-0.001539,-0.013201,-0.003234,0.258357,0.245556,-0.250507,-0.496096,3.452223,False,0.138000
v6-5__H10__S0__P6K7__E2_B8,v6-5,10,S0,P6K7,E2_B8,E2,1883,730,715,0,22,0,1131,0,0,15,49,15,34,0,0,0,0,0,66,101,548,0,0,0,0,0,0,0,511,20,212,22,172,0.387679,0.469898,1390504.044108,1497743.811597,0.023085,0.028361,0.031245,-0.008159,-0.002883,-0.017363,-0.006136,0.243487,0.239262,-0.255299,-0.496707,3.406637,False,0.098000
v6-5__H10__S0__P6K7__E2_B9,v6-5,10,S0,P6K7,E2_B9,E2,1883,718,704,0,22,0,1143,0,0,14,46,14,34,0,0,0,0,0,87,107,510,0,0,0,0,0,0,0,511,20,212,22,175,0.381306,0.450818,1293216.589357,1404079.187502,0.017961,0.023774,0.031245,-0.013284,-0.007471,-0.029466,-0.016571,0.204080,0.217746,-0.292998,-0.499647,3.138571,False,0.098000
v6-5__H10__S0__P6K7__E3,v6-5,10,S0,P6K7,E3,E3,1883,717,706,0,22,0,1144,0,0,11,4829,11,0,0,0,0,0,0,0,0,321,385,0,0,0,0,0,0,511,20,212,22,225,0.380775,0.377472,966867.551213,1304839.490061,-0.002330,0.018592,0.031245,-0.033574,-0.012653,-0.088946,-0.033520,0.052596,0.193245,-0.342847,-0.508068,1.738616,False,0.128000
v6-5__H10__S0__P6K7__E4,v6-5,10,S0,P6K7,E4,E4,1883,1143,1525,0,22,0,718,0,1,16,3459,17,0,0,0,86,0,0,0,0,945,181,399,0,0,0,0,0,511,20,212,22,144,0.607010,0.559447,1777885.038259,1872870.365777,0.040641,0.044398,0.031245,0.009397,0.013153,0.016796,0.023511,0.386880,0.313860,-0.189033,-0.407758,3.539772,False,0.133000
v6-5__H10__S0__P6K7__E5,v6-5,10,S0,P6K7,E5,E5,1883,764,748,0,22,0,1097,0,0,16,3989,16,0,0,0,0,0,0,0,0,510,0,0,238,0,0,0,0,511,20,212,22,213,0.405736,0.446583,1231069.104024,1489209.641541,0.014496,0.027954,0.031245,-0.016749,-0.003290,-0.037504,-0.007367,0.174653,0.237693,-0.338644,-0.512537,2.367740,False,0.077000
v6-5__H10__S0__P6K7__E6,v6-5,10,S0,P6K7,E6,E6,1883,1064,1049,0,22,0,797,0,0,15,3474,15,0,0,0,0,0,0,0,0,391,0,0,0,658,0,0,0,511,20,212,22,141,0.565056,0.490462,1701645.229304,1869038.187217,0.037488,0.044250,0.031245,0.006244,0.013005,0.012731,0.026516,0.350426,0.312957,-0.178073,-0.414154,-0.233768,False,0.154000
v6-5__H10__S0__P6K7__E7,v6-5,10,S0,P6K7,E7,E7,1883,863,843,0,22,0,998,0,1,19,2403,20,0,0,0,0,0,0,0,0,810,0,0,0,0,33,0,0,511,20,212,22,131,0.458311,0.649909,2145395.971728,2244755.901978,0.054267,0.057576,0.031245,0.023022,0.026332,0.035424,0.040516,0.463997,0.370776,-0.193368,-0.394309,3.677857,False,0.158000
v6-5__H20__S0__P6K3__E0,v6-5,20,S0,P6K3,E0,E0,1883,265,254,0,22,0,1596,0,0,11,13,11,0,0,0,0,0,254,0,0,0,0,0,0,0,0,0,0,511,20,212,58,410,0.140733,0.750947,1073959.654556,1395148.850327,0.004952,0.023322,0.031245,-0.026293,-0.007923,-0.035012,-0.010550,0.141121,0.217897,-0.452810,-0.561957,1.218317,False,0.063000
v6-5__H20__S0__P6K3__E1_A1,v6-5,20,S0,P6K3,E1_A1,E1,1883,698,695,0,22,0,1163,0,0,3,87,3,0,0,0,0,0,0,228,358,109,0,0,0,0,0,0,0,511,20,212,58,438,0.370685,0.388047,413640.615218,757186.505530,-0.059284,-0.019072,0.031245,-0.090529,-0.050317,-0.233293,-0.129666,-0.282032,0.008388,-0.626674,-0.663774,0.004013,False,0.077000
v6-5__H20__S0__P6K3__E1_A10,v6-5,20,S0,P6K3,E1_A10,E1,1883,423,420,0,22,0,1438,0,0,3,61,3,0,0,0,0,0,0,89,138,193,0,0,0,0,0,0,0,511,20,212,58,452,0.224642,0.366149,403496.993200,818591.123740,-0.060900,-0.013762,0.031245,-0.092144,-0.045007,-0.251658,-0.122920,-0.279269,0.032310,-0.634296,-0.619630,2.547480,False,0.077000
v6-5__H20__S0__P6K3__E1_A11,v6-5,20,S0,P6K3,E1_A11,E1,1883,375,371,0,22,0,1486,0,0,4,50,4,0,0,0,0,0,0,51,113,207,0,0,0,0,0,0,0,511,20,212,58,421,0.199150,0.502436,618468.868702,1093276.496971,-0.032719,0.006193,0.031245,-0.063963,-0.025051,-0.127306,-0.049860,-0.044982,0.140543,-0.561176,-0.598142,1.555609,False,0.099000
v6-5__H20__S0__P6K3__E1_A12,v6-5,20,S0,P6K3,E1_A12,E1,1883,480,472,0,22,0,1381,0,0,8,34,8,0,0,0,0,0,0,85,71,316,0,0,0,0,0,0,0,511,20,212,58,369,0.254912,0.713632,1199784.693703,1441369.149899,0.012690,0.025633,0.031245,-0.018555,-0.005611,-0.026001,-0.007863,0.161231,0.224974,-0.390535,-0.522225,3.291925,False,0.122000
v6-5__H20__S0__P6K3__E1_A2,v6-5,20,S0,P6K3,E1_A2,E1,1883,786,780,0,22,0,1075,0,0,6,82,6,0,0,0,0,0,0,232,332,216,0,0,0,0,0,0,0,511,20,212,58,433,0.417419,0.488294,559603.111416,990438.354725,-0.039393,-0.000665,0.031245,-0.070638,-0.031909,-0.144663,-0.065349,-0.076902,0.110751,-0.643201,-0.636152,-0.105689,False,0.095000
v6-5__H20__S0__P6K3__E1_A3,v6-5,20,S0,P6K3,E1_A3,E1,1883,790,783,0,22,0,1071,0,0,7,46,7,0,0,0,0,0,0,275,166,342,0,0,0,0,0,0,0,511,20,212,58,380,0.419543,0.616992,863279.432359,1076395.796501,-0.010126,0.005110,0.031245,-0.041371,-0.026135,-0.067053,-0.042359,0.054084,0.139193,-0.583358,-0.601239,1.970960,False,0.165000
v6-5__H20__S0__P6K3__E1_A4,v6-5,20,S0,P6K3,E1_A4,E1,1883,490,487,0,22,0,1371,0,0,3,46,3,0,0,0,0,0,0,187,160,140,0,0,0,0,0,0,0,511,20,212,58,426,0.260223,0.419302,483309.906363,881612.539339,-0.049092,-0.008685,0.031245,-0.080336,-0.039930,-0.191595,-0.095229,-0.207461,0.060953,-0.592731,-0.637328,2.871032,False,0.047000
v6-5__H20__S0__P6K3__E1_A5,v6-5,20,S0,P6K3,E1_A5,E1,1883,475,466,0,22,0,1386,0,0,9,50,9,0,0,0,0,0,0,126,131,209,0,0,0,0,0,0,0,511,20,212,58,398,0.252257,0.512327,648311.852024,1100425.037448,-0.029558,0.006647,0.031245,-0.060802,-0.024597,-0.118679,-0.048011,-0.036337,0.141631,-0.602649,-0.613664,2.142865,False,0.111000
v6-5__H20__S0__P6K3__E1_A6,v6-5,20,S0,P6K3,E1_A6,E1,1883,589,573,0,22,0,1272,0,0,16,45,16,0,0,0,0,0,0,194,98,281,0,0,0,0,0,0,0,511,20,212,58,339,0.312799,0.749631,1469970.451678,1631462.366466,0.027029,0.034468,0.031245,-0.004215,0.003223,-0.005623,0.004299,0.234478,0.262340,-0.439478,-0.470577,3.314254,False,0.091000
v6-5__H20__S0__P6K3__E1_A7,v6-5,20,S0,P6K3,E1_A7,E1,1883,486,483,0,22,0,1375,0,0,3,57,3,0,0,0,0,0,0,140,157,186,0,0,0,0,0,0,0,511,20,212,58,433,0.258099,0.426378,483630.296049,999253.894919,-0.049048,-0.000052,0.031245,-0.080292,-0.031296,-0.188313,-0.073400,-0.213845,0.100996,-0.607552,-0.593622,2.734040,False,0.079000
v6-5__H20__S0__P6K3__E1_A8,v6-5,20,S0,P6K3,E1_A8,E1,1883,482,469,0,22,0,1379,0,0,13,72,13,0,0,0,0,0,0,92,140,237,0,0,0,0,0,0,0,511,20,212,58,383,0.255975,0.556318,782035.555928,1203448.485486,-0.016877,0.012903,0.031245,-0.048121,-0.018341,-0.086500,-0.032969,0.017249,0.169428,-0.573934,-0.588546,1.637855,False,0.079000
v6-5__H20__S0__P6K3__E1_A9,v6-5,20,S0,P6K3,E1_A9,E1,1883,594,579,0,22,0,1267,0,0,15,51,15,0,0,0,0,0,0,163,86,330,0,0,0,0,0,0,0,511,20,212,58,332,0.315454,0.862084,1934114.751043,2036437.409908,0.046727,0.050469,0.031245,0.015482,0.019225,0.017959,0.022300,0.340254,0.330635,-0.435295,-0.454996,3.935858,False,0.134000
v6-5__H20__S0__P6K3__E2_B1,v6-5,20,S0,P6K3,E2_B1,E2,1883,476,464,0,22,0,1385,0,0,12,61,12,46,0,0,0,0,0,107,133,224,0,0,0,0,0,0,0,511,20,212,58,383,0.252788,0.542334,748004.520120,1122988.003070,-0.019900,0.008063,0.031245,-0.051145,-0.023182,-0.094305,-0.042745,0.002044,0.147984,-0.579005,-0.619577,1.948629,False,0.147000
v6-5__H20__S0__P6K3__E2_B10,v6-5,20,S0,P6K3,E2_B10,E2,1883,500,488,0,22,0,1361,0,0,12,60,12,52,0,0,0,0,0,156,140,192,0,0,0,0,0,0,0,511,20,212,58,396,0.265534,0.532909,743414.993157,1087088.779268,-0.020318,0.005798,0.031245,-0.051562,-0.025447,-0.096756,-0.047751,0.001424,0.138045,-0.558754,-0.601749,1.751614,False,0.097000
v6-5__H20__S0__P6K3__E2_B11,v6-5,20,S0,P6K3,E2_B11,E2,1883,394,388,0,22,0,1467,0,0,6,44,6,51,0,0,0,0,0,72,116,200,0,0,0,0,0,0,0,511,20,212,58,445,0.209241,0.426669,469390.533180,966502.895761,-0.051013,-0.002356,0.031245,-0.082258,-0.033601,-0.192791,-0.078751,-0.124870,0.103278,-0.655940,-0.671757,1.468153,False,0.085000
v6-5__H20__S0__P6K3__E2_B12,v6-5,20,S0,P6K3,E2_B12,E2,1883,341,337,0,22,0,1520,0,0,4,46,4,47,0,0,0,0,0,48,97,192,0,0,0,0,0,0,0,511,20,212,58,460,0.181094,0.388150,413255.341790,887338.404585,-0.059345,-0.008241,0.031245,-0.090589,-0.039485,-0.233387,-0.101727,-0.189073,0.073517,-0.678184,-0.677256,1.629376,False,0.081000
v6-5__H20__S0__P6K3__E2_B13,v6-5,20,S0,P6K3,E2_B13,E2,1883,493,490,0,22,0,1368,0,0,3,48,3,39,0,0,0,0,0,182,157,151,0,0,0,0,0,0,0,511,20,212,58,430,0.261816,0.420651,480847.027320,883661.217271,-0.049428,-0.008526,0.031245,-0.080672,-0.039771,-0.191780,-0.094545,-0.212646,0.060299,-0.594306,-0.631498,2.837239,False,0.147000
v6-5__H20__S0__P6K3__E2_B14,v6-5,20,S0,P6K3,E2_B14,E2,1883,617,603,0,22,0,1244,0,0,14,47,14,54,0,0,0,0,0,203,98,302,0,0,0,0,0,0,0,511,20,212,58,336,0.327669,0.808134,1816318.443935,1950107.732494,0.042183,0.047324,0.031245,0.010939,0.016079,0.013536,0.019897,0.313082,0.316355,-0.432718,-0.462725,3.564336,False,0.186000
v6-5__H20__S0__P6K3__E2_B18,v6-5,20,S0,P6K3,E2_B18,E2,1883,402,396,0,22,0,1459,0,0,6,37,6,46,0,0,0,0,0,104,109,183,0,0,0,0,0,0,0,511,20,212,58,447,0.213489,0.416202,460043.879783,932939.348802,-0.052334,-0.004794,0.031245,-0.083578,-0.036039,-0.200812,-0.086589,-0.139615,0.091316,-0.646221,-0.681778,2.060752,False,0.087000
v6-5__H20__S0__P6K3__E2_B19,v6-5,20,S0,P6K3,E2_B19,E2,1883,354,347,0,22,0,1507,0,0,7,52,7,47,0,0,0,0,0,49,102,196,0,0,0,0,0,0,0,511,20,212,58,461,0.187998,0.390588,417066.492644,886264.217253,-0.058747,-0.008324,0.031245,-0.089991,-0.039569,-0.230399,-0.101305,-0.183725,0.073810,-0.675549,-0.677033,1.555701,False,0.124000
v6-5__H20__S0__P6K3__E2_B2,v6-5,20,S0,P6K3,E2_B2,E2,1883,475,464,0,22,0,1386,0,0,11,47,11,44,0,0,0,0,0,110,133,221,0,0,0,0,0,0,0,511,20,212,58,383,0.252257,0.543717,752581.920075,1120712.824244,-0.019486,0.007921,0.031245,-0.050731,-0.023323,-0.093304,-0.042896,0.004304,0.147548,-0.579532,-0.620338,1.995669,False,0.098000
v6-5__H20__S0__P6K3__E2_B20,v6-5,20,S0,P6K3,E2_B20,E2,1883,476,465,0,22,0,1385,0,0,11,56,11,51,0,0,0,0,0,114,131,220,0,0,0,0,0,0,0,511,20,212,58,380,0.252788,0.546051,755672.287105,1148770.633701,-0.019208,0.009648,0.031245,-0.050452,-0.021597,-0.092395,-0.039550,0.003364,0.154721,-0.586839,-0.608272,1.921733,False,0.093000
v6-5__H20__S0__P6K3__E2_B3,v6-5,20,S0,P6K3,E2_B3,E2,1883,501,488,0,22,0,1360,0,0,13,61,13,50,0,0,0,0,0,126,141,221,0,0,0,0,0,0,0,511,20,212,58,385,0.266065,0.527187,705973.657730,1116634.739956,-0.023816,0.007667,0.031245,-0.055061,-0.023578,-0.104443,-0.044724,-0.012316,0.146571,-0.574523,-0.617269,2.083671,False,0.098000
v6-5__H20__S0__P6K3__E2_B4,v6-5,20,S0,P6K3,E2_B4,E2,1883,476,464,0,22,0,1385,0,0,12,61,12,46,0,0,0,0,0,107,133,224,0,0,0,0,0,0,0,511,20,212,58,383,0.252788,0.542334,748004.520120,1122988.003070,-0.019900,0.008063,0.031245,-0.051145,-0.023182,-0.094305,-0.042745,0.002044,0.147984,-0.579005,-0.619577,1.948629,False,0.094000
v6-5__H20__S0__P6K3__E2_B5,v6-5,20,S0,P6K3,E2_B5,E2,1883,476,464,0,22,0,1385,0,0,12,61,12,46,0,0,0,0,0,107,133,224,0,0,0,0,0,0,0,511,20,212,58,383,0.252788,0.542334,748004.520120,1122988.003070,-0.019900,0.008063,0.031245,-0.051145,-0.023182,-0.094305,-0.042745,0.002044,0.147984,-0.579005,-0.619577,1.948629,False,0.139000
v6-5__H20__S0__P6K3__E2_B6,v6-5,20,S0,P6K3,E2_B6,E2,1883,481,469,0,22,0,1380,0,0,12,62,12,51,0,0,0,0,0,113,136,220,0,0,0,0,0,0,0,511,20,212,58,385,0.255443,0.537308,727772.645567,1159062.590466,-0.021759,0.010272,0.031245,-0.053004,-0.020973,-0.098646,-0.039033,-0.009977,0.156602,-0.581765,-0.603390,1.628229,False,0.115000
v6-5__H20__S0__P6K3__E2_B7,v6-5,20,S0,P6K3,E2_B7,E2,1883,386,381,0,22,0,1475,0,0,5,34,5,46,0,0,0,0,0,89,106,186,0,0,0,0,0,0,0,511,20,212,58,449,0.204992,0.417577,458921.383418,929245.963290,-0.052494,-0.005067,0.031245,-0.083739,-0.036312,-0.200535,-0.086959,-0.144807,0.088655,-0.647102,-0.682945,1.797987,False,0.125000
v6-5__H20__S0__P6K3__E2_B8,v6-5,20,S0,P6K3,E2_B8,E2,1883,475,463,0,22,0,1386,0,0,12,61,12,41,0,0,0,0,0,105,128,230,0,0,0,0,0,0,0,511,20,212,58,389,0.252257,0.531000,701169.163837,1097244.447065,-0.024278,0.006445,0.031245,-0.055522,-0.024799,-0.104562,-0.046703,-0.018553,0.140399,-0.577633,-0.622793,1.693432,False,0.085000
v6-5__H20__S0__P6K3__E2_B9,v6-5,20,S0,P6K3,E2_B9,E2,1883,464,451,0,22,0,1397,0,0,13,57,13,46,0,0,0,0,0,115,129,207,0,0,0,0,0,0,0,511,20,212,58,387,0.246415,0.548541,761316.410542,1108975.215999,-0.018703,0.007187,0.031245,-0.049947,-0.024058,-0.091054,-0.043858,0.011834,0.144827,-0.577470,-0.614739,1.650503,False,0.116000
v6-5__H20__S0__P6K3__E3,v6-5,20,S0,P6K3,E3,E3,1883,524,519,0,22,0,1337,0,0,5,3355,5,0,0,0,0,0,0,0,0,103,416,0,0,0,0,0,0,511,20,212,58,421,0.278279,0.381674,600291.145285,1014179.899432,-0.034714,0.000975,0.031245,-0.065959,-0.030269,-0.172815,-0.079307,-0.040330,0.127954,-0.497249,-0.663419,1.451586,False,0.117000
v6-5__H20__S0__P6K3__E4,v6-5,20,S0,P6K3,E4,E4,1883,779,1126,0,22,0,1082,0,0,12,2811,12,0,0,0,155,0,0,0,0,401,366,359,0,0,0,0,0,511,20,212,58,362,0.413702,0.980035,1626425.150490,1484410.817717,0.034246,0.027725,0.031245,0.003002,-0.003520,0.003063,-0.003591,0.283293,0.235305,-0.439376,-0.478630,7.149530,False,0.118000
v6-5__H20__S0__P6K3__E5,v6-5,20,S0,P6K3,E5,E5,1883,526,520,0,22,0,1335,0,0,6,3282,6,0,0,0,0,0,0,0,0,243,0,0,277,0,0,0,0,511,20,212,58,410,0.279341,0.425090,726661.429716,1299158.617389,-0.021862,0.018284,0.031245,-0.053107,-0.012961,-0.124931,-0.030489,0.034973,0.197894,-0.635316,-0.678741,1.255038,False,0.131000
v6-5__H20__S0__P6K3__E6,v6-5,20,S0,P6K3,E6,E6,1883,899,883,0,22,0,962,0,0,16,3570,16,0,0,0,0,0,0,0,0,324,0,0,0,559,0,0,0,511,20,212,58,303,0.477430,0.911172,2393570.739989,2679817.202698,0.062287,0.070627,0.031245,0.031042,0.039382,0.034068,0.043221,0.403802,0.409696,-0.364315,-0.519654,0.504585,False,0.169000
v6-5__H20__S0__P6K3__E7,v6-5,20,S0,P6K3,E7,E7,1883,336,320,0,22,0,1525,0,0,16,2714,16,0,0,0,0,0,0,0,0,233,0,0,0,0,87,0,0,511,20,212,58,358,0.178439,0.852199,1718809.441562,1970999.316074,0.038209,0.048097,0.031245,0.006965,0.016852,0.008173,0.019775,0.281436,0.317121,-0.449179,-0.518743,1.436423,False,0.083000
v6-5__H20__S0__P6K5__E0,v6-5,20,S0,P6K5,E0,E0,1883,362,349,0,22,0,1499,0,0,13,14,13,0,0,0,0,0,349,0,0,0,0,0,0,0,0,0,0,511,20,212,30,341,0.192246,0.740781,1264230.874515,1452977.233675,0.016365,0.026203,0.031245,-0.014880,-0.005041,-0.020087,-0.006806,0.182263,0.228092,-0.399300,-0.536570,2.425748,False,0.073000
v6-5__H20__S0__P6K5__E1_A1,v6-5,20,S0,P6K5,E1_A1,E1,1883,752,747,0,22,0,1109,0,0,5,88,5,0,0,0,0,0,0,241,374,132,0,0,0,0,0,0,0,511,20,212,30,388,0.399363,0.330650,390958.134562,741805.533788,-0.062950,-0.020465,0.031245,-0.094194,-0.051709,-0.284876,-0.156387,-0.300011,0.005217,-0.653212,-0.672545,0.042553,False,0.084000
v6-5__H20__S0__P6K5__E1_A10,v6-5,20,S0,P6K5,E1_A10,E1,1883,507,502,0,22,0,1354,0,0,5,70,5,0,0,0,0,0,0,92,180,230,0,0,0,0,0,0,0,511,20,212,30,402,0.269251,0.339604,428679.155375,887665.825404,-0.056955,-0.008216,0.031245,-0.088200,-0.039460,-0.259714,-0.116195,-0.255715,0.062781,-0.617869,-0.600303,2.211668,False,0.118000
v6-5__H20__S0__P6K5__E1_A11,v6-5,20,S0,P6K5,E1_A11,E1,1883,457,446,0,22,0,1404,0,0,11,65,11,0,0,0,0,0,0,60,137,249,0,0,0,0,0,0,0,511,20,212,30,339,0.242698,0.451890,782339.740082,1138579.995344,-0.016850,0.009025,0.031245,-0.048095,-0.022219,-0.106430,-0.049169,0.004393,0.151431,-0.412921,-0.588091,1.736718,False,0.077000
v6-5__H20__S0__P6K5__E1_A12,v6-5,20,S0,P6K5,E1_A12,E1,1883,561,546,0,22,0,1300,0,0,15,60,15,0,0,0,0,0,0,97,89,360,0,0,0,0,0,0,0,511,20,212,30,316,0.297929,0.594756,1283850.408069,1541087.404313,0.017449,0.030394,0.031245,-0.013796,-0.000850,-0.023196,-0.001430,0.185949,0.246759,-0.420353,-0.554084,3.156780,False,0.135000
v6-5__H20__S0__P6K5__E1_A2,v6-5,20,S0,P6K5,E1_A2,E1,1883,827,814,0,22,0,1034,0,0,13,92,13,0,0,0,0,0,0,242,330,242,0,0,0,0,0,0,0,511,20,212,30,342,0.439193,0.400799,538329.526918,844331.238385,-0.041967,-0.011646,0.031245,-0.073212,-0.042891,-0.182665,-0.107013,-0.128169,0.056271,-0.659987,-0.689999,-0.012188,False,0.095000
v6-5__H20__S0__P6K5__E1_A3,v6-5,20,S0,P6K5,E1_A3,E1,1883,880,864,0,22,0,981,0,0,16,75,16,0,0,0,0,0,0,298,185,381,0,0,0,0,0,0,0,511,20,212,30,296,0.467339,0.589787,1247820.858272,1447433.324610,0.015446,0.025931,0.031245,-0.015799,-0.005313,-0.026787,-0.009008,0.175146,0.227061,-0.501047,-0.545622,1.851562,False,0.176000
v6-5__H20__S0__P6K5__E1_A4,v6-5,20,S0,P6K5,E1_A4,E1,1883,666,654,0,22,0,1195,0,1,11,86,12,0,0,0,0,0,0,206,246,202,0,0,0,0,0,0,0,511,20,212,30,339,0.353691,0.393935,549397.376362,861152.314660,-0.040617,-0.010296,0.031245,-0.071861,-0.041540,-0.182419,-0.105449,-0.163247,0.057242,-0.562464,-0.624642,1.969833,False,0.089000
v6-5__H20__S0__P6K5__E1_A5,v6-5,20,S0,P6K5,E1_A5,E1,1883,537,523,0,22,0,1324,0,0,14,61,14,0,0,0,0,0,0,138,150,235,0,0,0,0,0,0,0,511,20,212,30,311,0.285183,0.480535,855719.980542,1180149.350825,-0.010729,0.011533,0.031245,-0.041974,-0.019711,-0.087348,-0.041019,0.031302,0.162532,-0.504616,-0.574019,2.273307,False,0.117000
v6-5__H20__S0__P6K5__E1_A6,v6-5,20,S0,P6K5,E1_A6,E1,1883,640,625,0,22,0,1221,0,0,15,54,15,0,0,0,0,0,0,210,99,316,0,0,0,0,0,0,0,511,20,212,30,286,0.339883,0.650349,1402045.063465,1604930.138759,0.023671,0.033294,0.031245,-0.007573,0.002049,-0.011645,0.003151,0.223238,0.260240,-0.441619,-0.507433,3.689847,False,0.139000
v6-5__H20__S0__P6K5__E1_A7,v6-5,20,S0,P6K5,E1_A7,E1,1883,607,600,0,22,0,1254,0,0,7,80,7,0,0,0,0,0,0,155,210,235,0,0,0,0,0,0,0,511,20,212,30,356,0.322358,0.382144,517971.307236,959884.786326,-0.044521,-0.002830,0.031245,-0.075765,-0.034075,-0.198264,-0.089168,-0.180995,0.090152,-0.580020,-0.594510,2.420039,False,0.065000
v6-5__H20__S0__P6K5__E1_A8,v6-5,20,S0,P6K5,E1_A8,E1,1883,567,551,0,22,0,1294,0,1,15,77,16,0,0,0,0,0,0,106,163,282,0,0,0,0,0,0,0,511,20,212,30,286,0.301115,0.574880,1399712.977158,1686197.679561,0.023553,0.036834,0.031245,-0.007691,0.005589,-0.013379,0.009722,0.220177,0.275267,-0.394768,-0.540630,2.068607,False,0.086000
v6-5__H20__S0__P6K5__E1_A9,v6-5,20,S0,P6K5,E1_A9,E1,1883,655,639,0,22,0,1206,0,0,16,56,16,0,0,0,0,0,0,172,93,374,0,0,0,0,0,0,0,511,20,212,30,267,0.347849,0.757836,1957600.717601,2107682.529441,0.047602,0.052973,0.031245,0.016357,0.021729,0.021584,0.028672,0.364817,0.348337,-0.416847,-0.476101,3.831491,False,0.097000
v6-5__H20__S0__P6K5__E2_B1,v6-5,20,S0,P6K5,E2_B1,E2,1883,523,509,0,22,0,1338,0,0,14,60,14,43,0,0,0,0,0,114,142,253,0,0,0,0,0,0,0,511,20,212,30,294,0.277748,0.563615,1335342.514396,1604800.077214,0.020222,0.033288,0.031245,-0.011022,0.002044,-0.019556,0.003626,0.202129,0.259960,-0.384692,-0.525043,2.100626,False,0.126000
v6-5__H20__S0__P6K5__E2_B10,v6-5,20,S0,P6K5,E2_B10,E2,1883,508,496,0,22,0,1353,0,0,12,60,12,53,0,0,0,0,0,158,140,198,0,0,0,0,0,0,0,511,20,212,30,350,0.269782,0.397674,530900.406014,864212.556968,-0.042889,-0.010052,0.031245,-0.074133,-0.041297,-0.186417,-0.103846,-0.133270,0.062564,-0.658516,-0.685594,1.810749,False,0.137000
v6-5__H20__S0__P6K5__E2_B11,v6-5,20,S0,P6K5,E2_B11,E2,1883,507,492,0,22,0,1354,0,0,15,64,15,53,0,0,0,0,0,84,140,268,0,0,0,0,0,0,0,511,20,212,30,307,0.269251,0.466895,1040029.931515,1323244.032602,0.002721,0.019580,0.031245,-0.028524,-0.011665,-0.061092,-0.024984,0.112710,0.199921,-0.409135,-0.611194,2.072231,False,0.103000
v6-5__H20__S0__P6K5__E2_B12,v6-5,20,S0,P6K5,E2_B12,E2,1883,392,386,0,22,0,1469,0,0,6,46,6,52,0,0,0,0,0,44,118,224,0,0,0,0,0,0,0,511,20,212,30,381,0.208178,0.348879,425507.849241,804292.867002,-0.057440,-0.014965,0.031245,-0.088685,-0.046209,-0.254199,-0.132451,-0.175332,0.045591,-0.645146,-0.683034,1.210917,False,0.136000
v6-5__H20__S0__P6K5__E2_B13,v6-5,20,S0,P6K5,E2_B13,E2,1883,696,681,0,22,0,1165,0,4,11,84,15,45,0,0,0,0,0,217,236,228,0,0,0,0,0,0,0,511,20,212,30,346,0.369623,0.400445,603913.820430,930493.607271,-0.034312,-0.004975,0.031245,-0.065557,-0.036220,-0.163710,-0.090448,-0.122485,0.082368,-0.568074,-0.604210,2.589713,False,0.121000
v6-5__H20__S0__P6K5__E2_B14,v6-5,20,S0,P6K5,E2_B14,E2,1883,689,673,0,22,0,1172,0,0,16,51,16,56,0,0,0,0,0,223,99,351,0,0,0,0,0,0,0,511,20,212,30,265,0.365905,0.744268,1909034.137966,1998903.658789,0.045781,0.049117,0.031245,0.014537,0.017873,0.019532,0.024014,0.355181,0.330444,-0.418795,-0.486785,4.034229,False,0.137000
v6-5__H20__S0__P6K5__E2_B18,v6-5,20,S0,P6K5,E2_B18,E2,1883,528,514,0,22,0,1333,0,0,14,56,14,50,0,0,0,0,0,125,143,246,0,0,0,0,0,0,0,511,20,212,30,316,0.280404,0.438915,784774.545576,1067493.011839,-0.016639,0.004532,0.031245,-0.047883,-0.026713,-0.109095,-0.060861,0.007605,0.133461,-0.473120,-0.618690,2.217259,False,0.103000
v6-5__H20__S0__P6K5__E2_B19,v6-5,20,S0,P6K5,E2_B19,E2,1883,397,391,0,22,0,1464,0,0,6,43,6,45,0,0,0,0,0,46,118,227,0,0,0,0,0,0,0,511,20,212,30,381,0.210834,0.349757,427588.887331,805741.559621,-0.057122,-0.014842,0.031245,-0.088366,-0.046087,-0.252650,-0.131767,-0.174296,0.046172,-0.643401,-0.682264,1.285196,False,0.130000
v6-5__H20__S0__P6K5__E2_B2,v6-5,20,S0,P6K5,E2_B2,E2,1883,526,513,0,22,0,1335,0,0,13,53,13,42,0,0,0,0,0,116,144,253,0,0,0,0,0,0,0,511,20,212,30,293,0.279341,0.570155,1347636.217883,1606283.824556,0.020870,0.033354,0.031245,-0.010375,0.002110,-0.018196,0.003700,0.205862,0.260201,-0.390661,-0.514991,2.086829,False,0.092000
v6-5__H20__S0__P6K5__E2_B20,v6-5,20,S0,P6K5,E2_B20,E2,1883,525,511,0,22,0,1336,0,0,14,59,14,43,0,0,0,0,0,121,143,247,0,0,0,0,0,0,0,511,20,212,30,292,0.278810,0.560623,1296253.274972,1586983.955001,0.018126,0.032490,0.031245,-0.013118,0.001245,-0.023400,0.002221,0.190264,0.256479,-0.409323,-0.496088,2.038367,False,0.086000
v6-5__H20__S0__P6K5__E2_B3,v6-5,20,S0,P6K5,E2_B3,E2,1883,540,527,0,22,0,1321,0,0,13,53,13,47,0,0,0,0,0,134,147,246,0,0,0,0,0,0,0,511,20,212,30,298,0.286776,0.544628,1116925.046323,1388753.935677,0.007685,0.022996,0.031245,-0.023560,-0.008248,-0.043258,-0.015145,0.130353,0.213656,-0.381289,-0.533975,2.336396,False,0.069000
v6-5__H20__S0__P6K5__E2_B4,v6-5,20,S0,P6K5,E2_B4,E2,1883,523,509,0,22,0,1338,0,0,14,60,14,43,0,0,0,0,0,114,142,253,0,0,0,0,0,0,0,511,20,212,30,294,0.277748,0.563615,1335342.514396,1604800.077214,0.020222,0.033288,0.031245,-0.011022,0.002044,-0.019556,0.003626,0.202129,0.259960,-0.384692,-0.525043,2.100626,False,0.099000
v6-5__H20__S0__P6K5__E2_B5,v6-5,20,S0,P6K5,E2_B5,E2,1883,523,509,0,22,0,1338,0,0,14,60,14,43,0,0,0,0,0,114,142,253,0,0,0,0,0,0,0,511,20,212,30,294,0.277748,0.563615,1335342.514396,1604800.077214,0.020222,0.033288,0.031245,-0.011022,0.002044,-0.019556,0.003626,0.202129,0.259960,-0.384692,-0.525043,2.100626,False,0.153000
v6-5__H20__S0__P6K5__E2_B6,v6-5,20,S0,P6K5,E2_B6,E2,1883,525,511,0,22,0,1336,0,0,14,58,14,48,0,0,0,0,0,122,141,248,0,0,0,0,0,0,0,511,20,212,30,298,0.278810,0.531333,1234196.256066,1569105.795382,0.014674,0.031680,0.031245,-0.016570,0.000436,-0.031186,0.000820,0.170247,0.252979,-0.394562,-0.529933,2.050556,False,0.096000
v6-5__H20__S0__P6K5__E2_B7,v6-5,20,S0,P6K5,E2_B7,E2,1883,511,499,0,22,0,1350,0,0,12,53,12,51,0,0,0,0,0,107,137,255,0,0,0,0,0,0,0,511,20,212,30,316,0.271375,0.443012,946850.375240,1248024.641961,-0.003774,0.015457,0.031245,-0.035018,-0.015787,-0.079046,-0.035636,0.076968,0.181314,-0.454358,-0.606879,2.073023,False,0.099000
v6-5__H20__S0__P6K5__E2_B8,v6-5,20,S0,P6K5,E2_B8,E2,1883,532,519,0,22,0,1329,0,0,13,60,13,47,0,0,0,0,0,116,132,271,0,0,0,0,0,0,0,511,20,212,30,292,0.282528,0.567683,1356230.594872,1624076.632596,0.021319,0.034143,0.031245,-0.009925,0.002898,-0.017484,0.005105,0.208486,0.263796,-0.352968,-0.532090,2.175269,False,0.103000
v6-5__H20__S0__P6K5__E2_B9,v6-5,20,S0,P6K5,E2_B9,E2,1883,510,497,0,22,0,1351,0,0,13,58,13,50,0,0,0,0,0,127,135,235,0,0,0,0,0,0,0,511,20,212,30,308,0.270844,0.496252,1030615.133359,1268920.373205,0.002090,0.016625,0.031245,-0.029155,-0.014619,-0.058750,-0.029460,0.104678,0.185935,-0.511314,-0.582651,2.162160,False,0.098000
v6-5__H20__S0__P6K5__E3,v6-5,20,S0,P6K5,E3,E3,1883,566,559,0,22,0,1295,0,0,7,3356,7,0,0,0,0,0,0,0,0,110,449,0,0,0,0,0,0,511,20,212,30,339,0.300584,0.405302,755415.805575,1198293.709819,-0.019231,0.012603,0.031245,-0.050476,-0.018642,-0.124538,-0.045995,-0.005280,0.169549,-0.441038,-0.635074,1.771626,False,0.086000
v6-5__H20__S0__P6K5__E4,v6-5,20,S0,P6K5,E4,E4,1883,945,1361,0,22,0,916,0,5,18,2854,23,0,0,0,176,0,0,0,0,497,425,439,0,0,0,0,0,511,20,212,30,241,0.501859,0.943687,2287336.708769,2260662.207353,0.058953,0.058093,0.031245,0.027708,0.026849,0.029362,0.028451,0.458527,0.373162,-0.304759,-0.435124,8.525288,False,0.187000
v6-5__H20__S0__P6K5__E5,v6-5,20,S0,P6K5,E5,E5,1883,567,560,0,22,0,1294,0,0,7,3286,7,0,0,0,0,0,0,0,0,272,0,0,288,0,0,0,0,511,20,212,30,372,0.301115,0.376657,654341.677123,1212702.178460,-0.028936,0.013441,0.031245,-0.060180,-0.017804,-0.159775,-0.047268,-0.035407,0.172618,-0.604651,-0.672851,1.417520,False,0.117000
v6-5__H20__S0__P6K5__E6,v6-5,20,S0,P6K5,E6,E6,1883,756,742,0,22,0,1105,0,0,14,3048,14,0,0,0,0,0,0,0,0,331,0,0,0,411,0,0,0,511,20,212,30,269,0.401487,0.656641,1791446.016028,2180629.977099,0.041189,0.055456,0.031245,0.009944,0.024212,0.015144,0.036872,0.316118,0.356771,-0.358356,-0.546717,1.298045,False,0.149000
v6-5__H20__S0__P6K5__E7,v6-5,20,S0,P6K5,E7,E7,1883,408,390,0,22,0,1453,0,1,17,2228,18,0,0,0,0,0,0,0,0,279,0,0,0,0,111,0,0,511,20,212,30,294,0.216676,0.737995,1746358.272139,1978060.237042,0.039353,0.048356,0.031245,0.008108,0.017112,0.010987,0.023187,0.295949,0.323022,-0.469977,-0.549530,1.132767,False,0.072000
v6-5__H20__S0__P6K7__E0,v6-5,20,S0,P6K7,E0,E0,1883,549,524,0,22,0,1312,0,1,24,24,25,0,0,0,0,0,524,0,0,0,0,0,0,0,0,0,0,511,20,212,22,206,0.291556,0.895887,2286494.707874,2485313.637539,0.058926,0.065056,0.031245,0.027682,0.033812,0.030898,0.037741,0.412909,0.396638,-0.344174,-0.442985,3.251635,False,0.095000
v6-5__H20__S0__P6K7__E1_A1,v6-5,20,S0,P6K7,E1_A1,E1,1883,955,940,0,22,0,906,0,5,10,128,15,0,0,0,0,0,0,285,475,180,0,0,0,0,0,0,0,511,20,212,22,288,0.507169,0.328500,522761.408121,894601.703296,-0.043912,-0.007681,0.031245,-0.075156,-0.038926,-0.228786,-0.118495,-0.192365,0.070107,-0.552294,-0.632870,-0.024146,False,0.142000
v6-5__H20__S0__P6K7__E1_A10,v6-5,20,S0,P6K7,E1_A10,E1,1883,643,629,0,22,0,1218,0,3,11,103,14,0,0,0,0,0,0,107,237,285,0,0,0,0,0,0,0,511,20,212,22,314,0.341476,0.343618,540074.710720,996236.339898,-0.041753,-0.000261,0.031245,-0.072997,-0.031506,-0.212437,-0.091688,-0.172302,0.102992,-0.505751,-0.600824,2.026098,False,0.092000
v6-5__H20__S0__P6K7__E1_A11,v6-5,20,S0,P6K7,E1_A11,E1,1883,633,615,0,22,0,1228,0,2,16,83,18,0,0,0,0,0,0,113,170,332,0,0,0,0,0,0,0,511,20,212,22,245,0.336166,0.495966,1208130.898458,1535352.484091,0.013176,0.030128,0.031245,-0.018069,-0.001116,-0.036431,-0.002251,0.162135,0.246485,-0.360260,-0.560234,2.509050,False,0.097000
v6-5__H20__S0__P6K7__E1_A12,v6-5,20,S0,P6K7,E1_A12,E1,1883,620,603,0,22,0,1241,0,0,17,62,17,0,0,0,0,0,0,109,99,395,0,0,0,0,0,0,0,511,20,212,22,249,0.329262,0.589702,1468476.522616,1792600.894733,0.026957,0.041235,0.031245,-0.004287,0.009991,-0.007270,0.016942,0.245386,0.297524,-0.364497,-0.512338,3.226638,False,0.116000
v6-5__H20__S0__P6K7__E1_A2,v6-5,20,S0,P6K7,E1_A2,E1,1883,861,848,0,22,0,1000,0,0,13,85,13,0,0,0,0,0,0,268,312,268,0,0,0,0,0,0,0,511,20,212,22,237,0.457249,0.489886,1028561.218235,1312907.521588,0.001952,0.019026,0.031245,-0.029293,-0.012218,-0.059796,-0.024941,0.089013,0.195285,-0.411474,-0.523132,0.447677,False,0.102000
v6-5__H20__S0__P6K7__E1_A3,v6-5,20,S0,P6K7,E1_A3,E1,1883,808,792,0,22,0,1053,0,0,16,61,16,0,0,0,0,0,0,271,149,372,0,0,0,0,0,0,0,511,20,212,22,205,0.429102,0.651878,1645643.679566,1850010.805541,0.035088,0.043510,0.031245,0.003843,0.012266,0.005895,0.018816,0.311981,0.309882,-0.333958,-0.470663,2.624916,False,0.109000
v6-5__H20__S0__P6K7__E1_A4,v6-5,20,S0,P6K7,E1_A4,E1,1883,733,714,0,22,0,1128,0,5,14,93,19,0,0,0,0,0,0,222,264,228,0,0,0,0,0,0,0,511,20,212,22,255,0.389272,0.373308,654688.924782,993686.268864,-0.028900,-0.000438,0.031245,-0.060145,-0.031683,-0.161112,-0.084871,-0.099385,0.105492,-0.496897,-0.593806,2.279751,False,0.140000
v6-5__H20__S0__P6K7__E1_A5,v6-5,20,S0,P6K7,E1_A5,E1,1883,664,649,0,22,0,1197,0,0,15,64,15,0,0,0,0,0,0,193,166,290,0,0,0,0,0,0,0,511,20,212,22,226,0.352629,0.556166,1337582.363132,1677568.777934,0.020341,0.036465,0.031245,-0.010904,0.005221,-0.019605,0.009387,0.210416,0.277106,-0.334432,-0.489635,3.633922,False,0.094000
v6-5__H20__S0__P6K7__E1_A6,v6-5,20,S0,P6K7,E1_A6,E1,1883,723,706,0,22,0,1138,0,0,17,61,17,0,0,0,0,0,0,223,118,365,0,0,0,0,0,0,0,511,20,212,22,185,0.383962,0.680796,1868492.309269,2073375.082344,0.044229,0.051777,0.031245,0.012984,0.020533,0.019072,0.030160,0.370832,0.347291,-0.324513,-0.467439,3.933837,False,0.102000
v6-5__H20__S0__P6K7__E1_A7,v6-5,20,S0,P6K7,E1_A7,E1,1883,743,726,0,22,0,1118,0,4,13,105,17,0,0,0,0,0,0,178,269,279,0,0,0,0,0,0,0,511,20,212,22,258,0.394583,0.373641,751797.017484,1218667.924602,-0.019557,0.013785,0.031245,-0.050802,-0.017459,-0.135964,-0.046728,-0.035447,0.171044,-0.479519,-0.563874,2.420538,False,0.100000
v6-5__H20__S0__P6K7__E1_A8,v6-5,20,S0,P6K7,E1_A8,E1,1883,716,696,0,22,0,1145,0,5,15,74,20,0,0,0,0,0,0,180,179,337,0,0,0,0,0,0,0,511,20,212,22,223,0.380244,0.574989,1430244.459316,1783214.324105,0.025083,0.040857,0.031245,-0.006161,0.009612,-0.010715,0.016717,0.240294,0.297268,-0.325455,-0.493538,3.003841,False,0.092000
v6-5__H20__S0__P6K7__E1_A9,v6-5,20,S0,P6K7,E1_A9,E1,1883,779,747,0,22,0,1082,0,13,19,75,32,0,0,0,0,0,0,184,120,443,0,0,0,0,0,0,0,511,20,212,22,149,0.413702,0.743191,2235069.227891,2452252.484594,0.057260,0.064069,0.031245,0.026015,0.032825,0.035005,0.044167,0.452582,0.400651,-0.327772,-0.440256,3.953003,False,0.111000
v6-5__H20__S0__P6K7__E2_B1,v6-5,20,S0,P6K7,E2_B1,E2,1883,662,642,0,22,0,1199,0,4,16,73,20,58,0,0,0,0,0,166,172,304,0,0,0,0,0,0,0,511,20,212,22,219,0.351567,0.574931,1449462.368137,1740789.884250,0.026031,0.039123,0.031245,-0.005214,0.007879,-0.009068,0.013704,0.247951,0.289287,-0.341724,-0.481303,3.033026,False,0.112000
v6-5__H20__S0__P6K7__E2_B10,v6-5,20,S0,P6K7,E2_B10,E2,1883,688,674,0,22,0,1173,0,0,14,61,14,57,0,0,0,0,0,273,158,243,0,0,0,0,0,0,0,511,20,212,22,237,0.365374,0.505521,1107394.140712,1410764.946094,0.007087,0.024111,0.031245,-0.024157,-0.007134,-0.047787,-0.014112,0.122762,0.219290,-0.393614,-0.510468,3.563761,False,0.099000
v6-5__H20__S0__P6K7__E2_B11,v6-5,20,S0,P6K7,E2_B11,E2,1883,657,637,0,22,0,1204,0,5,15,73,20,56,0,0,0,0,0,135,171,331,0,0,0,0,0,0,0,511,20,212,22,247,0.348911,0.493128,1160204.841099,1468910.783433,0.010341,0.026978,0.031245,-0.020904,-0.004266,-0.042391,-0.008652,0.145169,0.232201,-0.364516,-0.564442,2.758244,False,0.188000
v6-5__H20__S0__P6K7__E2_B12,v6-5,20,S0,P6K7,E2_B12,E2,1883,534,520,0,22,0,1327,0,0,14,73,14,58,0,0,0,0,0,63,152,305,0,0,0,0,0,0,0,511,20,212,22,283,0.283590,0.433170,975042.644753,1307055.077662,-0.001748,0.018711,0.031245,-0.032993,-0.012533,-0.076166,-0.028934,0.079306,0.194683,-0.403433,-0.615606,2.073884,False,0.107000
v6-5__H20__S0__P6K7__E2_B13,v6-5,20,S0,P6K7,E2_B13,E2,1883,746,729,0,22,0,1115,0,4,13,95,17,45,0,0,0,0,0,226,258,245,0,0,0,0,0,0,0,511,20,212,22,270,0.396176,0.370365,735481.287887,1123157.355219,-0.021045,0.008073,0.031245,-0.052290,-0.023171,-0.141184,-0.062564,-0.044463,0.144821,-0.511979,-0.589146,2.557263,False,0.115000
v6-5__H20__S0__P6K7__E2_B14,v6-5,20,S0,P6K7,E2_B14,E2,1883,768,742,0,22,0,1093,0,9,17,65,26,63,0,0,0,0,0,220,121,401,0,0,0,0,0,0,0,511,20,212,22,176,0.407860,0.704410,1968660.486245,2149620.637460,0.048011,0.054410,0.031245,0.016766,0.023166,0.023802,0.032887,0.397462,0.359939,-0.303954,-0.443804,4.180823,False,0.218000
v6-5__H20__S0__P6K7__E2_B18,v6-5,20,S0,P6K7,E2_B18,E2,1883,644,630,0,22,0,1217,0,0,14,58,14,54,0,0,0,0,0,179,159,292,0,0,0,0,0,0,0,511,20,212,22,234,0.342007,0.490089,1157016.244394,1432678.189103,0.010148,0.025204,0.031245,-0.021096,-0.006041,-0.043046,-0.012325,0.143793,0.224115,-0.379005,-0.563773,3.513359,False,0.129000
v6-5__H20__S0__P6K7__E2_B19,v6-5,20,S0,P6K7,E2_B19,E2,1883,577,562,0,22,0,1284,0,0,15,68,15,55,0,0,0,0,0,91,147,324,0,0,0,0,0,0,0,511,20,212,22,275,0.306426,0.440341,1003031.944717,1329416.823209,0.000210,0.019908,0.031245,-0.031035,-0.011336,-0.070479,-0.025744,0.090101,0.200175,-0.403242,-0.615752,2.333430,False,0.174000
v6-5__H20__S0__P6K7__E2_B2,v6-5,20,S0,P6K7,E2_B2,E2,1883,670,652,0,22,0,1191,0,4,14,69,18,56,0,0,0,0,0,168,173,311,0,0,0,0,0,0,0,511,20,212,22,215,0.355815,0.578078,1466288.694596,1753505.012588,0.026851,0.039647,0.031245,-0.004393,0.008402,-0.007600,0.014535,0.253228,0.291582,-0.340118,-0.482870,3.103254,False,0.180000
v6-5__H20__S0__P6K7__E2_B20,v6-5,20,S0,P6K7,E2_B20,E2,1883,681,662,0,22,0,1180,0,4,15,69,19,57,0,0,0,0,0,181,176,305,0,0,0,0,0,0,0,511,20,212,22,212,0.361657,0.587940,1512560.714455,1822590.117639,0.029062,0.042432,0.031245,-0.002182,0.011187,-0.003712,0.019028,0.269318,0.304664,-0.314056,-0.473178,3.102846,False,0.122000
v6-5__H20__S0__P6K7__E2_B3,v6-5,20,S0,P6K7,E2_B3,E2,1883,669,654,0,22,0,1192,0,0,15,65,15,55,0,0,0,0,0,193,163,298,0,0,0,0,0,0,0,511,20,212,22,220,0.355284,0.571454,1449660.110668,1745286.911872,0.026041,0.039309,0.031245,-0.005204,0.008064,-0.009106,0.014112,0.247462,0.290030,-0.329866,-0.489754,3.754829,False,0.180000
v6-5__H20__S0__P6K7__E2_B4,v6-5,20,S0,P6K7,E2_B4,E2,1883,662,642,0,22,0,1199,0,4,16,73,20,58,0,0,0,0,0,166,172,304,0,0,0,0,0,0,0,511,20,212,22,219,0.351567,0.574931,1449462.368137,1740789.884250,0.026031,0.039123,0.031245,-0.005214,0.007879,-0.009068,0.013704,0.247951,0.289287,-0.341724,-0.481303,3.033026,False,0.106000
v6-5__H20__S0__P6K7__E2_B5,v6-5,20,S0,P6K7,E2_B5,E2,1883,662,642,0,22,0,1199,0,4,16,73,20,58,0,0,0,0,0,166,172,304,0,0,0,0,0,0,0,511,20,212,22,219,0.351567,0.574931,1449462.368137,1740789.884250,0.026031,0.039123,0.031245,-0.005214,0.007879,-0.009068,0.013704,0.247951,0.289287,-0.341724,-0.481303,3.033026,False,0.190000
v6-5__H20__S0__P6K7__E2_B6,v6-5,20,S0,P6K7,E2_B6,E2,1883,677,657,0,22,0,1184,0,4,16,72,20,58,0,0,0,0,0,179,172,306,0,0,0,0,0,0,0,511,20,212,22,219,0.359533,0.580585,1477602.295577,1815264.239764,0.027398,0.042141,0.031245,-0.003847,0.010897,-0.006626,0.018769,0.259134,0.304188,-0.319120,-0.472708,3.140219,False,0.121000
v6-5__H20__S0__P6K7__E2_B7,v6-5,20,S0,P6K7,E2_B7,E2,1883,631,612,0,22,0,1230,0,3,16,72,19,51,0,0,0,0,0,146,167,299,0,0,0,0,0,0,0,511,20,212,22,238,0.335104,0.492226,1176632.005889,1464699.182020,0.011324,0.026774,0.031245,-0.019920,-0.004470,-0.040469,-0.009082,0.150874,0.231319,-0.388009,-0.553792,2.782530,False,0.172000
v6-5__H20__S0__P6K7__E2_B8,v6-5,20,S0,P6K7,E2_B8,E2,1883,646,628,0,22,0,1215,0,5,13,72,18,47,0,0,0,0,0,156,160,312,0,0,0,0,0,0,0,511,20,212,22,221,0.343070,0.565025,1406693.383698,1698022.351730,0.023906,0.037335,0.031245,-0.007339,0.006091,-0.012989,0.010780,0.232898,0.280792,-0.347984,-0.492110,2.957173,False,0.176000
v6-5__H20__S0__P6K7__E2_B9,v6-5,20,S0,P6K7,E2_B9,E2,1883,728,708,0,22,0,1133,0,5,15,66,20,57,0,0,0,0,0,248,168,292,0,0,0,0,0,0,0,511,20,212,22,206,0.386617,0.593677,1554220.428978,1795242.407963,0.031000,0.041341,0.031245,-0.000245,0.010097,-0.000412,0.017007,0.280982,0.299057,-0.335887,-0.491285,3.222681,False,0.124000
v6-5__H20__S0__P6K7__E3,v6-5,20,S0,P6K7,E3,E3,1883,653,640,0,22,0,1208,0,0,13,4947,13,0,0,0,0,0,0,0,0,122,518,0,0,0,0,0,0,511,20,212,22,262,0.346787,0.376682,809684.639868,1270265.444284,-0.014509,0.016700,0.031245,-0.045754,-0.014545,-0.121465,-0.038613,-0.008983,0.185337,-0.391461,-0.554642,1.499849,False,0.093000
v6-5__H20__S0__P6K7__E4,v6-5,20,S0,P6K7,E4,E4,1883,965,1389,0,22,0,896,0,4,22,3708,26,0,0,0,163,0,0,0,0,507,432,450,0,0,0,0,0,511,20,212,22,168,0.512480,0.857484,2391511.476212,2526813.380152,0.062223,0.066278,0.031245,0.030979,0.035033,0.036127,0.040856,0.519979,0.416545,-0.240142,-0.428444,9.896281,False,0.277000
v6-5__H20__S0__P6K7__E5,v6-5,20,S0,P6K7,E5,E5,1883,612,605,0,22,0,1249,0,0,7,3287,7,0,0,0,0,0,0,0,0,289,0,0,316,0,0,0,0,511,20,212,22,325,0.325013,0.338469,579535.586395,1139499.318343,-0.037063,0.009082,0.031245,-0.068308,-0.022163,-0.201813,-0.065479,-0.095859,0.151193,-0.586862,-0.658611,1.335135,False,0.093000
v6-5__H20__S0__P6K7__E6,v6-5,20,S0,P6K7,E6,E6,1883,752,735,0,22,0,1109,0,0,17,3656,17,0,0,0,0,0,0,0,0,334,0,0,0,401,0,0,0,511,20,212,22,215,0.399363,0.572097,1641772.937305,2028517.284360,0.034919,0.050186,0.031245,0.003674,0.018941,0.006423,0.033109,0.293328,0.337610,-0.370325,-0.547692,1.419613,False,0.101000
v6-5__H20__S0__P6K7__E7,v6-5,20,S0,P6K7,E7,E7,1883,471,450,0,22,0,1390,0,1,20,2227,21,0,0,0,0,0,0,0,0,332,0,0,0,0,118,0,0,511,20,212,22,226,0.250133,0.787019,2067060.495532,2379878.310274,0.051555,0.061865,0.031245,0.020311,0.030620,0.025807,0.038906,0.382782,0.389305,-0.360525,-0.454874,2.020466,False,0.090000
v6-5__H25__S0__P6K3__E0,v6-5,25,S0,P6K3,E0,E0,1883,313,304,0,22,0,1548,0,0,9,22,9,0,0,0,0,0,304,0,0,0,0,0,0,0,0,0,0,511,20,212,58,440,0.166224,0.684461,860140.027679,1445438.517200,-0.010376,0.025834,0.031245,-0.041621,-0.005411,-0.060808,-0.007905,0.097540,0.228906,-0.590434,-0.562626,2.172814,False,0.077000
v6-5__H25__S0__P6K3__E1_A1,v6-5,25,S0,P6K3,E1_A1,E1,1883,796,793,0,22,0,1065,0,0,3,106,3,0,0,0,0,0,0,267,439,87,0,0,0,0,0,0,0,511,20,212,58,429,0.422730,0.462934,470145.643071,1011695.029732,-0.050908,0.000805,0.031245,-0.082152,-0.030439,-0.177460,-0.065753,-0.214489,0.109582,-0.647606,-0.677356,-0.067844,False,0.105000
v6-5__H25__S0__P6K3__E1_A10,v6-5,25,S0,P6K3,E1_A10,E1,1883,501,498,0,22,0,1360,0,0,3,60,3,0,0,0,0,0,0,126,183,189,0,0,0,0,0,0,0,511,20,212,58,437,0.266065,0.447867,468488.171429,1159489.202687,-0.051140,0.010297,0.031245,-0.082384,-0.020947,-0.183948,-0.046771,-0.209090,0.154221,-0.634972,-0.629474,2.206236,False,0.087000
v6-5__H25__S0__P6K3__E1_A11,v6-5,25,S0,P6K3,E1_A11,E1,1883,444,439,0,22,0,1417,0,0,5,51,5,0,0,0,0,0,0,115,128,196,0,0,0,0,0,0,0,511,20,212,58,428,0.235794,0.517872,501641.741925,1115186.322172,-0.046638,0.007576,0.031245,-0.077882,-0.023668,-0.150389,-0.045703,-0.103520,0.145763,-0.715818,-0.690225,1.967548,False,0.084000
v6-5__H25__S0__P6K3__E1_A12,v6-5,25,S0,P6K3,E1_A12,E1,1883,456,451,0,22,0,1405,0,0,5,36,5,0,0,0,0,0,0,120,86,245,0,0,0,0,0,0,0,511,20,212,58,429,0.242167,0.544679,561287.629580,1322440.992253,-0.039194,0.019537,0.031245,-0.070438,-0.011708,-0.129320,-0.021494,-0.088955,0.198734,-0.681222,-0.653414,2.814041,False,0.088000
v6-5__H25__S0__P6K3__E1_A2,v6-5,25,S0,P6K3,E1_A2,E1,1883,854,842,0,22,0,1007,0,0,12,109,12,0,0,0,0,0,0,301,366,175,0,0,0,0,0,0,0,511,20,212,58,398,0.453532,0.587210,675622.336907,1111361.966484,-0.026782,0.007337,0.031245,-0.058026,-0.023908,-0.098817,-0.040714,-0.018412,0.146540,-0.708004,-0.688968,0.150184,False,0.107000
v6-5__H25__S0__P6K3__E1_A3,v6-5,25,S0,P6K3,E1_A3,E1,1883,851,836,0,22,0,1010,0,0,15,78,15,0,0,0,0,0,0,359,195,282,0,0,0,0,0,0,0,511,20,212,58,342,0.451938,0.845574,1529845.537838,1813292.451799,0.029872,0.042063,0.031245,-0.001372,0.010818,-0.001623,0.012794,0.248491,0.294687,-0.477130,-0.503911,2.072718,False,0.194000
v6-5__H25__S0__P6K3__E1_A4,v6-5,25,S0,P6K3,E1_A4,E1,1883,580,575,0,22,0,1281,0,0,5,45,5,0,0,0,0,0,0,222,208,145,0,0,0,0,0,0,0,511,20,212,58,400,0.308019,0.535386,612301.228257,1170725.687807,-0.033390,0.010972,0.031245,-0.064634,-0.020272,-0.120725,-0.037865,-0.107637,0.158123,-0.645041,-0.649438,2.372573,False,0.114000
v6-5__H25__S0__P6K3__E1_A5,v6-5,25,S0,P6K3,E1_A5,E1,1883,588,579,0,22,0,1273,0,0,9,53,9,0,0,0,0,0,0,239,144,196,0,0,0,0,0,0,0,511,20,212,58,363,0.312268,0.668314,894248.023042,1313538.963772,-0.007708,0.019060,0.031245,-0.038953,-0.012184,-0.058285,-0.018231,0.059802,0.196493,-0.635792,-0.655218,3.862340,False,0.097000
v6-5__H25__S0__P6K3__E1_A6,v6-5,25,S0,P6K3,E1_A6,E1,1883,605,590,0,22,0,1256,0,0,15,53,15,0,0,0,0,0,0,241,103,246,0,0,0,0,0,0,0,511,20,212,58,339,0.321296,0.921940,1701743.017050,2066132.741614,0.037493,0.051523,0.031245,0.006248,0.020278,0.006777,0.021995,0.288208,0.334890,-0.435578,-0.498893,3.634607,False,0.100000
v6-5__H25__S0__P6K3__E1_A7,v6-5,25,S0,P6K3,E1_A7,E1,1883,580,575,0,22,0,1281,0,0,5,51,5,0,0,0,0,0,0,195,200,180,0,0,0,0,0,0,0,511,20,212,58,415,0.308019,0.511596,564991.567988,1263870.212733,-0.038756,0.016344,0.031245,-0.070000,-0.014900,-0.136828,-0.029125,-0.144299,0.182587,-0.634370,-0.616256,2.655617,False,0.148000
v6-5__H25__S0__P6K3__E1_A8,v6-5,25,S0,P6K3,E1_A8,E1,1883,572,560,0,22,0,1289,0,0,12,64,12,0,0,0,0,0,0,193,136,231,0,0,0,0,0,0,0,511,20,212,58,376,0.303771,0.689954,1053050.260470,1617654.858396,0.003585,0.033859,0.031245,-0.027660,0.002615,-0.040089,0.003789,0.115512,0.261065,-0.615028,-0.614353,3.096477,False,0.098000
v6-5__H25__S0__P6K3__E1_A9,v6-5,25,S0,P6K3,E1_A9,E1,1883,651,630,0,22,0,1210,0,6,15,55,21,0,0,0,0,0,0,216,112,302,0,0,0,0,0,0,0,511,20,212,58,305,0.345725,1.094934,2579236.977639,2877489.706536,0.067795,0.075915,0.031245,0.036550,0.044670,0.033381,0.040797,0.457115,0.439406,-0.323657,-0.434921,3.903429,False,0.114000
v6-5__H25__S0__P6K3__E2_B1,v6-5,25,S0,P6K3,E2_B1,E2,1883,612,597,0,22,0,1249,0,4,11,66,15,62,0,0,0,0,0,229,157,211,0,0,0,0,0,0,0,511,20,212,58,343,0.325013,0.796071,1551547.184555,1930347.428551,0.030877,0.046586,0.031245,-0.000368,0.015341,-0.000462,0.019271,0.253205,0.313609,-0.501510,-0.565256,3.436479,False,0.185000
v6-5__H25__S0__P6K3__E2_B10,v6-5,25,S0,P6K3,E2_B10,E2,1883,585,572,0,22,0,1276,0,0,13,61,13,60,0,0,0,0,0,266,151,155,0,0,0,0,0,0,0,511,20,212,58,382,0.310674,0.663566,952075.838943,1326774.446650,-0.003394,0.019768,0.031245,-0.034639,-0.011477,-0.052201,-0.017295,0.083749,0.199966,-0.645258,-0.637573,3.553720,False,0.200000
v6-5__H25__S0__P6K3__E2_B11,v6-5,25,S0,P6K3,E2_B11,E2,1883,477,471,0,22,0,1384,0,0,6,55,6,64,0,0,0,0,0,150,130,191,0,0,0,0,0,0,0,511,20,212,58,419,0.253319,0.545673,554032.345494,1055717.274448,-0.040059,0.003761,0.031245,-0.071303,-0.027484,-0.130670,-0.050367,-0.067138,0.131663,-0.736875,-0.732301,2.403018,False,0.153000
v6-5__H25__S0__P6K3__E2_B12,v6-5,25,S0,P6K3,E2_B12,E2,1883,417,412,0,22,0,1444,0,0,5,52,5,62,0,0,0,0,0,107,115,190,0,0,0,0,0,0,0,511,20,212,58,455,0.221455,0.417323,369416.925811,992358.896576,-0.066619,-0.000531,0.031245,-0.097864,-0.031775,-0.234504,-0.076141,-0.251643,0.106333,-0.768176,-0.725079,1.911604,False,0.101000
v6-5__H25__S0__P6K3__E2_B13,v6-5,25,S0,P6K3,E2_B13,E2,1883,610,604,0,22,0,1251,0,0,6,52,6,55,0,0,0,0,0,239,208,157,0,0,0,0,0,0,0,511,20,212,58,399,0.323951,0.584202,749233.784978,1286454.835406,-0.019789,0.017591,0.031245,-0.051033,-0.013653,-0.087356,-0.023370,-0.023827,0.188977,-0.625841,-0.619148,2.731728,False,0.140000
v6-5__H25__S0__P6K3__E2_B14,v6-5,25,S0,P6K3,E2_B14,E2,1883,690,669,0,22,0,1171,0,5,16,61,21,73,0,0,0,0,0,268,117,284,0,0,0,0,0,0,0,511,20,212,58,307,0.366437,1.072619,2415272.337321,2525947.930938,0.062950,0.066253,0.031245,0.031706,0.035008,0.029559,0.032638,0.420838,0.393556,-0.362897,-0.468453,3.997445,False,0.151000
v6-5__H25__S0__P6K3__E2_B18,v6-5,25,S0,P6K3,E2_B18,E2,1883,552,545,0,22,0,1309,0,0,7,41,7,64,0,0,0,0,0,227,133,185,0,0,0,0,0,0,0,511,20,212,58,403,0.293149,0.555692,587429.592548,961100.830839,-0.036161,-0.002743,0.031245,-0.067405,-0.033988,-0.121300,-0.061163,-0.053082,0.106261,-0.731924,-0.750158,3.618950,False,0.117000
v6-5__H25__S0__P6K3__E2_B19,v6-5,25,S0,P6K3,E2_B19,E2,1883,419,415,0,22,0,1442,0,0,4,52,4,63,0,0,0,0,0,110,111,194,0,0,0,0,0,0,0,511,20,212,58,453,0.222517,0.416852,367455.558596,1007700.284326,-0.066963,0.000531,0.031245,-0.098208,-0.030713,-0.235594,-0.073679,-0.255322,0.111157,-0.768829,-0.721687,2.067003,False,0.157000
v6-5__H25__S0__P6K3__E2_B2,v6-5,25,S0,P6K3,E2_B2,E2,1883,626,608,0,22,0,1235,0,5,13,71,18,60,0,0,0,0,0,233,165,210,0,0,0,0,0,0,0,511,20,212,58,323,0.332448,0.829385,1657160.868030,1929017.382526,0.035587,0.046536,0.031245,0.004343,0.015291,0.005236,0.018437,0.276896,0.311959,-0.469637,-0.551908,3.371075,False,0.124000
v6-5__H25__S0__P6K3__E2_B20,v6-5,25,S0,P6K3,E2_B20,E2,1883,560,546,0,22,0,1301,0,2,12,64,14,62,0,0,0,0,0,191,151,204,0,0,0,0,0,0,0,511,20,212,58,347,0.297398,0.764733,1388615.810977,1771813.384829,0.022989,0.040395,0.031245,-0.008255,0.009150,-0.010795,0.011965,0.213552,0.287638,-0.532219,-0.582466,3.519700,False,0.118000
v6-5__H25__S0__P6K3__E2_B3,v6-5,25,S0,P6K3,E2_B3,E2,1883,619,605,0,22,0,1242,0,0,14,60,14,63,0,0,0,0,0,251,149,205,0,0,0,0,0,0,0,511,20,212,58,347,0.328731,0.757569,1350075.075098,1715793.101729,0.020998,0.038083,0.031245,-0.010247,0.006839,-0.013526,0.009027,0.203421,0.277678,-0.530373,-0.592074,3.828887,False,0.130000
v6-5__H25__S0__P6K3__E2_B4,v6-5,25,S0,P6K3,E2_B4,E2,1883,612,597,0,22,0,1249,0,4,11,66,15,62,0,0,0,0,0,229,157,211,0,0,0,0,0,0,0,511,20,212,58,343,0.325013,0.796071,1551547.184555,1930347.428551,0.030877,0.046586,0.031245,-0.000368,0.015341,-0.000462,0.019271,0.253205,0.313609,-0.501510,-0.565256,3.436479,False,0.186000
v6-5__H25__S0__P6K3__E2_B5,v6-5,25,S0,P6K3,E2_B5,E2,1883,612,597,0,22,0,1249,0,4,11,66,15,62,0,0,0,0,0,229,157,211,0,0,0,0,0,0,0,511,20,212,58,343,0.325013,0.796071,1551547.184555,1930347.428551,0.030877,0.046586,0.031245,-0.000368,0.015341,-0.000462,0.019271,0.253205,0.313609,-0.501510,-0.565256,3.436479,False,0.124000
v6-5__H25__S0__P6K3__E2_B6,v6-5,25,S0,P6K3,E2_B6,E2,1883,542,529,0,22,0,1319,0,0,13,62,13,63,0,0,0,0,0,184,140,205,0,0,0,0,0,0,0,511,20,212,58,361,0.287839,0.717366,1173897.819027,1659103.130803,0.011162,0.035671,0.031245,-0.020083,0.004427,-0.027995,0.006171,0.153160,0.268513,-0.565788,-0.597998,3.523106,False,0.117000
v6-5__H25__S0__P6K3__E2_B7,v6-5,25,S0,P6K3,E2_B7,E2,1883,517,510,0,22,0,1344,0,0,7,49,7,64,0,0,0,0,0,192,134,184,0,0,0,0,0,0,0,511,20,212,58,408,0.274562,0.560615,590300.362821,980246.940403,-0.035835,-0.001380,0.031245,-0.067080,-0.032625,-0.119654,-0.058195,-0.053945,0.110718,-0.729407,-0.744798,3.073867,False,0.098000
v6-5__H25__S0__P6K3__E2_B8,v6-5,25,S0,P6K3,E2_B8,E2,1883,585,571,0,22,0,1276,0,0,14,69,14,62,0,0,0,0,0,218,141,212,0,0,0,0,0,0,0,511,20,212,58,371,0.310674,0.685979,879724.919750,1287340.873303,-0.008832,0.017640,0.031245,-0.040077,-0.013605,-0.058423,-0.019832,0.054213,0.190383,-0.651575,-0.669283,3.286528,False,0.122000
v6-5__H25__S0__P6K3__E2_B9,v6-5,25,S0,P6K3,E2_B9,E2,1883,583,572,0,22,0,1278,0,0,11,63,11,61,0,0,0,0,0,242,146,184,0,0,0,0,0,0,0,511,20,212,58,359,0.309612,0.748483,1320393.197472,1649568.635972,0.019428,0.035258,0.031245,-0.011817,0.004014,-0.015788,0.005363,0.195191,0.265755,-0.544769,-0.601496,3.235271,False,0.109000
v6-5__H25__S0__P6K3__E3,v6-5,25,S0,P6K3,E3,E3,1883,524,519,0,22,0,1337,0,0,5,3472,5,0,0,0,0,0,0,0,0,37,482,0,0,0,0,0,0,511,20,212,58,419,0.278279,0.369107,524085.345989,959734.419675,-0.043744,-0.002841,0.031245,-0.074989,-0.034086,-0.203163,-0.092347,-0.079381,0.113230,-0.552003,-0.659312,1.305720,False,0.084000
v6-5__H25__S0__P6K3__E4,v6-5,25,S0,P6K3,E4,E4,1883,785,1158,0,22,0,1076,0,0,13,3724,13,0,0,0,169,0,0,0,0,279,493,386,0,0,0,0,0,511,20,212,58,370,0.416888,0.928066,1475388.780590,1380106.262301,0.027291,0.022554,0.031245,-0.003953,-0.008691,-0.004260,-0.009364,0.240690,0.213168,-0.475108,-0.518167,7.275709,False,0.223000
v6-5__H25__S0__P6K3__E5,v6-5,25,S0,P6K3,E5,E5,1883,550,544,0,22,0,1311,0,0,6,3251,6,0,0,0,0,0,0,0,0,253,0,0,291,0,0,0,0,511,20,212,58,417,0.292087,0.357765,536425.429877,1196465.914027,-0.042202,0.012495,0.031245,-0.073447,-0.018749,-0.205294,-0.052406,-0.021964,0.174771,-0.727278,-0.684860,1.525715,False,0.147000
v6-5__H25__S0__P6K3__E6,v6-5,25,S0,P6K3,E6,E6,1883,644,628,0,22,0,1217,0,0,16,2230,16,0,0,0,0,0,0,0,0,294,0,0,0,334,0,0,0,511,20,212,58,316,0.342007,0.949133,2450773.972862,3005459.325866,0.064025,0.079161,0.031245,0.032780,0.047916,0.034537,0.050484,0.398576,0.444377,-0.416240,-0.562053,1.544050,False,0.150000
v6-5__H25__S0__P6K3__E7,v6-5,25,S0,P6K3,E7,E7,1883,279,270,0,22,0,1582,0,0,9,2206,9,0,0,0,0,0,0,0,0,164,0,0,0,0,106,0,0,511,20,212,58,396,0.148168,0.835990,1292156.087795,1825009.701977,0.017903,0.042528,0.031245,-0.013341,0.011283,-0.015959,0.013497,0.192618,0.294005,-0.455855,-0.532820,1.037685,False,0.079000
v6-5__H25__S0__P6K5__E0,v6-5,25,S0,P6K5,E0,E0,1883,483,458,0,22,0,1378,0,2,23,24,25,0,0,0,0,0,458,0,0,0,0,0,0,0,0,0,0,511,20,212,30,315,0.256506,0.950405,1819027.668920,1917109.378422,0.042291,0.046087,0.031245,0.011046,0.014843,0.011623,0.015617,0.301941,0.308283,-0.342756,-0.471432,2.258338,False,0.142000
v6-5__H25__S0__P6K5__E1_A1,v6-5,25,S0,P6K5,E1_A1,E1,1883,882,877,0,22,0,979,0,0,5,109,5,0,0,0,0,0,0,287,475,115,0,0,0,0,0,0,0,511,20,212,30,369,0.468401,0.398073,480969.714306,886877.943013,-0.049411,-0.008277,0.031245,-0.080656,-0.039521,-0.202615,-0.099281,-0.212365,0.067095,-0.664956,-0.679519,-0.030507,False,0.093000
v6-5__H25__S0__P6K5__E1_A10,v6-5,25,S0,P6K5,E1_A10,E1,1883,564,558,0,22,0,1297,0,0,6,63,6,0,0,0,0,0,0,131,209,218,0,0,0,0,0,0,0,511,20,212,30,383,0.299522,0.382629,437479.541211,934552.088449,-0.055628,-0.004675,0.031245,-0.086872,-0.035920,-0.227040,-0.093876,-0.238331,0.083622,-0.655276,-0.664884,2.175669,False,0.136000
v6-5__H25__S0__P6K5__E1_A11,v6-5,25,S0,P6K5,E1_A11,E1,1883,451,446,0,22,0,1410,0,0,5,54,5,0,0,0,0,0,0,72,142,232,0,0,0,0,0,0,0,511,20,212,30,359,0.239511,0.484860,663667.722379,1190056.454202,-0.027984,0.012119,0.031245,-0.059228,-0.019125,-0.122156,-0.039445,-0.056426,0.164230,-0.563569,-0.620251,2.016590,False,0.053000
v6-5__H25__S0__P6K5__E1_A12,v6-5,25,S0,P6K5,E1_A12,E1,1883,562,546,0,22,0,1299,0,0,16,54,16,0,0,0,0,0,0,135,102,309,0,0,0,0,0,0,0,511,20,212,30,321,0.298460,0.659082,1486398.427237,1967316.551378,0.027820,0.047961,0.031245,-0.003425,0.016717,-0.005196,0.025363,0.240241,0.323449,-0.444276,-0.557758,2.975325,False,0.099000
v6-5__H25__S0__P6K5__E1_A2,v6-5,25,S0,P6K5,E1_A2,E1,1883,918,904,0,22,0,943,0,0,14,104,14,0,0,0,0,0,0,322,381,201,0,0,0,0,0,0,0,511,20,212,30,296,0.487520,0.561206,1061154.617709,1395795.426676,0.004118,0.023355,0.031245,-0.027127,-0.007890,-0.048336,-0.014059,0.111617,0.215451,-0.492829,-0.556588,0.213114,False,0.112000
v6-5__H25__S0__P6K5__E1_A3,v6-5,25,S0,P6K5,E1_A3,E1,1883,930,914,0,22,0,931,0,0,16,77,16,0,0,0,0,0,0,391,198,325,0,0,0,0,0,0,0,511,20,212,30,256,0.493893,0.812733,1870118.398874,2044581.259278,0.044291,0.050760,0.031245,0.013047,0.019515,0.016053,0.024012,0.350698,0.338023,-0.343046,-0.476953,2.509220,False,0.182000
v6-5__H25__S0__P6K5__E1_A4,v6-5,25,S0,P6K5,E1_A4,E1,1883,656,646,0,22,0,1205,0,0,10,66,10,0,0,0,0,0,0,238,243,165,0,0,0,0,0,0,0,511,20,212,30,312,0.348380,0.512145,755452.563895,1066704.500863,-0.019228,0.004481,0.031245,-0.050472,-0.026764,-0.098551,-0.052259,-0.031553,0.129028,-0.536676,-0.611307,2.349246,False,0.097000
v6-5__H25__S0__P6K5__E1_A5,v6-5,25,S0,P6K5,E1_A5,E1,1883,612,587,0,22,0,1249,0,10,15,67,25,0,0,0,0,0,0,190,185,212,0,0,0,0,0,0,0,511,20,212,30,261,0.325013,0.686356,1615584.842957,1981893.832041,0.033767,0.048497,0.031245,0.002523,0.017252,0.003676,0.025136,0.281576,0.327530,-0.386385,-0.499047,3.045023,False,0.095000
v6-5__H25__S0__P6K5__E1_A6,v6-5,25,S0,P6K5,E1_A6,E1,1883,736,711,0,22,0,1125,0,6,19,73,25,0,0,0,0,0,0,272,133,306,0,0,0,0,0,0,0,511,20,212,30,234,0.390866,0.894963,2271283.804190,2504444.801264,0.058437,0.065622,0.031245,0.027192,0.034377,0.030384,0.038412,0.435145,0.402546,-0.337583,-0.468085,3.644508,False,0.110000
v6-5__H25__S0__P6K5__E1_A7,v6-5,25,S0,P6K5,E1_A7,E1,1883,705,684,0,22,0,1156,0,10,11,85,21,0,0,0,0,0,0,209,258,217,0,0,0,0,0,0,0,511,20,212,30,333,0.374403,0.504185,773554.736404,1213156.511482,-0.017619,0.013467,0.031245,-0.048863,-0.017778,-0.096915,-0.035260,-0.022200,0.169526,-0.494060,-0.565488,2.428953,False,0.105000
v6-5__H25__S0__P6K5__E1_A8,v6-5,25,S0,P6K5,E1_A8,E1,1883,545,525,0,22,0,1316,0,5,15,73,20,0,0,0,0,0,0,130,164,231,0,0,0,0,0,0,0,511,20,212,30,296,0.289432,0.612872,1291283.156250,1806551.596558,0.017855,0.041794,0.031245,-0.013389,0.010550,-0.021846,0.017214,0.188299,0.297778,-0.424176,-0.528968,2.592217,False,0.129000
v6-5__H25__S0__P6K5__E1_A9,v6-5,25,S0,P6K5,E1_A9,E1,1883,728,704,0,22,0,1133,0,6,18,63,24,0,0,0,0,0,0,229,127,348,0,0,0,0,0,0,0,511,20,212,30,222,0.386617,0.966488,2449719.552305,2656790.452103,0.063993,0.069987,0.031245,0.032749,0.038743,0.033884,0.040086,0.472824,0.421835,-0.278846,-0.445157,3.780588,False,0.174000
v6-5__H25__S0__P6K5__E2_B1,v6-5,25,S0,P6K5,E2_B1,E2,1883,616,594,0,22,0,1245,0,7,15,80,22,63,0,0,0,0,0,178,177,239,0,0,0,0,0,0,0,511,20,212,30,267,0.327138,0.677153,1512461.161360,1888532.736253,0.029058,0.045000,0.031245,-0.002187,0.013756,-0.003230,0.020314,0.252802,0.311918,-0.390392,-0.508316,3.251853,False,0.126000
v6-5__H25__S0__P6K5__E2_B10,v6-5,25,S0,P6K5,E2_B10,E2,1883,596,582,0,22,0,1265,0,0,14,63,14,63,0,0,0,0,0,229,168,185,0,0,0,0,0,0,0,511,20,212,30,261,0.316516,0.678565,1571268.264365,1859507.394068,0.031779,0.043880,0.031245,0.000534,0.012636,0.000787,0.018621,0.271881,0.307830,-0.391971,-0.507063,3.270452,False,0.116000
v6-5__H25__S0__P6K5__E2_B11,v6-5,25,S0,P6K5,E2_B11,E2,1883,587,568,0,22,0,1274,0,5,14,87,19,67,0,0,0,0,0,144,170,254,0,0,0,0,0,0,0,511,20,212,30,305,0.311737,0.564573,1107775.949403,1499582.467178,0.007111,0.028449,0.031245,-0.024133,-0.002796,-0.042746,-0.004952,0.133936,0.237754,-0.478022,-0.613207,2.761776,False,0.143000
v6-5__H25__S0__P6K5__E2_B12,v6-5,25,S0,P6K5,E2_B12,E2,1883,389,383,0,22,0,1472,0,0,6,55,6,64,0,0,0,0,0,52,133,198,0,0,0,0,0,0,0,511,20,212,30,399,0.206585,0.358034,332644.479011,861153.525296,-0.073370,-0.010295,0.031245,-0.104615,-0.041540,-0.292192,-0.116022,-0.231683,0.065410,-0.781104,-0.735076,1.106478,False,0.095000
v6-5__H25__S0__P6K5__E2_B13,v6-5,25,S0,P6K5,E2_B13,E2,1883,732,710,0,22,0,1129,0,12,10,79,22,56,0,0,0,0,0,259,265,186,0,0,0,0,0,0,0,511,20,212,30,309,0.388741,0.518155,875946.430826,1247878.407719,-0.009128,0.015449,0.031245,-0.040372,-0.015796,-0.077915,-0.030484,0.032428,0.179688,-0.483553,-0.576383,2.633816,False,0.135000
v6-5__H25__S0__P6K5__E2_B14,v6-5,25,S0,P6K5,E2_B14,E2,1883,771,744,0,22,0,1090,0,8,19,77,27,69,0,0,0,0,0,277,134,333,0,0,0,0,0,0,0,511,20,212,30,225,0.409453,0.922535,2306972.121998,2431043.125695,0.059580,0.063430,0.031245,0.028335,0.032185,0.030715,0.034888,0.435934,0.390667,-0.335848,-0.477812,3.938900,False,0.157000
v6-5__H25__S0__P6K5__E2_B18,v6-5,25,S0,P6K5,E2_B18,E2,1883,569,549,0,22,0,1292,0,5,15,65,20,58,0,0,0,0,0,173,172,204,0,0,0,0,0,0,0,511,20,212,30,294,0.302177,0.582541,1150358.973732,1492916.235014,0.009745,0.028131,0.031245,-0.021500,-0.003113,-0.036907,-0.005344,0.145704,0.236548,-0.471840,-0.605159,3.007365,False,0.202000
v6-5__H25__S0__P6K5__E2_B19,v6-5,25,S0,P6K5,E2_B19,E2,1883,412,406,0,22,0,1449,0,0,6,55,6,64,0,0,0,0,0,58,133,215,0,0,0,0,0,0,0,511,20,212,30,390,0.218800,0.372780,362591.732401,900568.946380,-0.067823,-0.007224,0.031245,-0.099068,-0.038469,-0.265755,-0.103194,-0.215436,0.079018,-0.761367,-0.721588,1.730391,False,0.149000
v6-5__H25__S0__P6K5__E2_B2,v6-5,25,S0,P6K5,E2_B2,E2,1883,622,600,0,22,0,1239,0,7,15,78,22,61,0,0,0,0,0,183,179,238,0,0,0,0,0,0,0,511,20,212,30,260,0.330324,0.714098,1657234.151452,1965491.004426,0.035591,0.047894,0.031245,0.004346,0.016649,0.006086,0.023315,0.290113,0.323502,-0.384627,-0.508316,3.341714,False,0.217000
v6-5__H25__S0__P6K5__E2_B20,v6-5,25,S0,P6K5,E2_B20,E2,1883,609,587,0,22,0,1252,0,7,15,72,22,59,0,0,0,0,0,180,179,228,0,0,0,0,0,0,0,511,20,212,30,246,0.323420,0.746980,1762649.598643,2109407.898288,0.040021,0.053033,0.031245,0.008777,0.021788,0.011750,0.029168,0.323285,0.348541,-0.362716,-0.468074,3.303398,False,0.124000
v6-5__H25__S0__P6K5__E2_B3,v6-5,25,S0,P6K5,E2_B3,E2,1883,605,583,0,22,0,1256,0,8,14,61,22,59,0,0,0,0,0,183,176,224,0,0,0,0,0,0,0,511,20,212,30,257,0.321296,0.726681,1761938.478949,2076602.082326,0.039992,0.051891,0.031245,0.008748,0.020646,0.012038,0.028412,0.318686,0.342507,-0.365981,-0.492102,3.388561,False,0.123000
v6-5__H25__S0__P6K5__E2_B4,v6-5,25,S0,P6K5,E2_B4,E2,1883,616,594,0,22,0,1245,0,7,15,80,22,63,0,0,0,0,0,178,177,239,0,0,0,0,0,0,0,511,20,212,30,267,0.327138,0.677153,1512461.161360,1888532.736253,0.029058,0.045000,0.031245,-0.002187,0.013756,-0.003230,0.020314,0.252802,0.311918,-0.390392,-0.508316,3.251853,False,0.186000
v6-5__H25__S0__P6K5__E2_B5,v6-5,25,S0,P6K5,E2_B5,E2,1883,616,594,0,22,0,1245,0,7,15,80,22,63,0,0,0,0,0,178,177,239,0,0,0,0,0,0,0,511,20,212,30,267,0.327138,0.677153,1512461.161360,1888532.736253,0.029058,0.045000,0.031245,-0.002187,0.013756,-0.003230,0.020314,0.252802,0.311918,-0.390392,-0.508316,3.251853,False,0.184000
v6-5__H25__S0__P6K5__E2_B6,v6-5,25,S0,P6K5,E2_B6,E2,1883,607,586,0,22,0,1254,0,7,14,74,21,62,0,0,0,0,0,177,178,231,0,0,0,0,0,0,0,511,20,212,30,257,0.322358,0.699416,1585903.220859,1993315.898172,0.032441,0.048914,0.031245,0.001197,0.017669,0.001711,0.025263,0.276574,0.331091,-0.379150,-0.486583,3.113874,False,0.180000
v6-5__H25__S0__P6K5__E2_B7,v6-5,25,S0,P6K5,E2_B7,E2,1883,567,550,0,22,0,1294,0,4,13,71,17,60,0,0,0,0,0,157,169,224,0,0,0,0,0,0,0,511,20,212,30,307,0.301115,0.544918,997150.936991,1384328.466752,-0.000198,0.022770,0.031245,-0.031442,-0.008474,-0.057701,-0.015551,0.094336,0.212931,-0.511546,-0.628742,2.717149,False,0.116000
v6-5__H25__S0__P6K5__E2_B8,v6-5,25,S0,P6K5,E2_B8,E2,1883,603,584,0,22,0,1258,0,6,13,75,19,62,0,0,0,0,0,177,166,241,0,0,0,0,0,0,0,511,20,212,30,281,0.320234,0.646509,1367442.233845,1731017.953445,0.021902,0.038718,0.031245,-0.009343,0.007474,-0.014451,0.011560,0.211200,0.283797,-0.410115,-0.531333,3.221344,False,0.181000
v6-5__H25__S0__P6K5__E2_B9,v6-5,25,S0,P6K5,E2_B9,E2,1883,602,582,0,22,0,1259,0,6,14,73,20,63,0,0,0,0,0,203,169,210,0,0,0,0,0,0,0,511,20,212,30,267,0.319703,0.704452,1659662.366815,1946050.033036,0.035696,0.047173,0.031245,0.004451,0.015928,0.006318,0.022611,0.290919,0.321277,-0.405039,-0.513612,3.414172,False,0.178000
v6-5__H25__S0__P6K5__E3,v6-5,25,S0,P6K5,E3,E3,1883,554,549,0,22,0,1307,0,0,5,3472,5,0,0,0,0,0,0,0,0,42,507,0,0,0,0,0,0,511,20,212,30,349,0.294211,0.388053,658716.237986,1099039.093062,-0.028488,0.006559,0.031245,-0.059732,-0.024685,-0.153928,-0.063613,-0.051272,0.143187,-0.447168,-0.634190,1.637300,False,0.119000
v6-5__H25__S0__P6K5__E4,v6-5,25,S0,P6K5,E4,E4,1883,870,1259,0,22,0,991,0,2,21,2987,23,0,0,0,191,0,0,0,0,326,521,412,0,0,0,0,0,511,20,212,30,289,0.462029,0.807379,1515217.048310,1530238.667667,0.029187,0.029890,0.031245,-0.002057,-0.001354,-0.002548,-0.001677,0.261995,0.245583,-0.400893,-0.487158,8.864512,False,0.157000
v6-5__H25__S0__P6K5__E5,v6-5,25,S0,P6K5,E5,E5,1883,567,560,0,22,0,1294,0,0,7,3250,7,0,0,0,0,0,0,0,0,262,0,0,298,0,0,0,0,511,20,212,30,372,0.301115,0.447178,772821.951170,1369707.289716,-0.017683,0.022019,0.031245,-0.048928,-0.009226,-0.109414,-0.020631,0.011877,0.210247,-0.537574,-0.653686,1.644775,False,0.147000
v6-5__H25__S0__P6K5__E6,v6-5,25,S0,P6K5,E6,E6,1883,1075,1059,0,22,0,786,0,0,16,3661,16,0,0,0,0,0,0,0,0,372,0,0,0,687,0,0,0,511,20,212,30,250,0.570898,0.757443,2013499.306646,2478344.389133,0.049646,0.064849,0.031245,0.018401,0.033605,0.024294,0.044366,0.357316,0.395315,-0.401092,-0.554251,0.744279,False,0.134000
v6-5__H25__S0__P6K5__E7,v6-5,25,S0,P6K5,E7,E7,1883,396,378,0,22,0,1465,0,1,17,2714,18,0,0,0,0,0,0,0,0,230,0,0,0,0,148,0,0,511,20,212,30,305,0.210303,0.804384,1633895.061579,1979116.594732,0.034574,0.048395,0.031245,0.003330,0.017150,0.004139,0.021321,0.269344,0.321795,-0.411427,-0.520707,0.961152,False,0.098000
v6-5__H25__S0__P6K7__E0,v6-5,25,S0,P6K7,E0,E0,1883,598,571,0,22,0,1263,0,1,26,29,27,0,0,0,0,0,571,0,0,0,0,0,0,0,0,0,0,511,20,212,22,220,0.317578,1.040445,2280516.101665,2507712.266170,0.058734,0.065718,0.031245,0.027490,0.034473,0.026421,0.033133,0.407687,0.396627,-0.304744,-0.465437,2.691065,False,0.111000
v6-5__H25__S0__P6K7__E1_A1,v6-5,25,S0,P6K7,E1_A1,E1,1883,1037,1021,0,22,0,824,0,4,12,158,16,0,0,0,0,0,0,337,548,136,0,0,0,0,0,0,0,511,20,212,22,234,0.550717,0.422971,802019.253220,1222742.476506,-0.015158,0.014019,0.031245,-0.046402,-0.017225,-0.109706,-0.040724,-0.020794,0.172285,-0.493218,-0.580584,-0.016101,False,0.157000
v6-5__H25__S0__P6K7__E1_A10,v6-5,25,S0,P6K7,E1_A10,E1,1883,675,663,0,22,0,1186,0,1,11,91,12,0,0,0,0,0,0,148,260,255,0,0,0,0,0,0,0,511,20,212,22,294,0.358471,0.434589,685449.034078,1175577.458995,-0.025808,0.011262,0.031245,-0.057053,-0.019983,-0.131280,-0.045981,-0.074789,0.159125,-0.476526,-0.586145,2.187000,False,0.182000
v6-5__H25__S0__P6K7__E1_A11,v6-5,25,S0,P6K7,E1_A11,E1,1883,618,598,0,22,0,1243,0,5,15,88,20,0,0,0,0,0,0,142,181,275,0,0,0,0,0,0,0,511,20,212,22,253,0.328200,0.528586,1182888.043384,1736577.657164,0.011696,0.038949,0.031245,-0.019549,0.007704,-0.036983,0.014576,0.153695,0.286653,-0.398105,-0.561216,2.359446,False,0.100000
v6-5__H25__S0__P6K7__E1_A12,v6-5,25,S0,P6K7,E1_A12,E1,1883,620,602,0,22,0,1241,0,0,18,55,18,0,0,0,0,0,0,133,115,354,0,0,0,0,0,0,0,511,20,212,22,254,0.329262,0.660476,1609822.986999,2115793.963825,0.033512,0.053253,0.031245,0.002267,0.022009,0.003433,0.033322,0.281935,0.350717,-0.386227,-0.527920,3.179087,False,0.105000
v6-5__H25__S0__P6K7__E1_A2,v6-5,25,S0,P6K7,E1_A2,E1,1883,1002,983,0,22,0,859,0,4,15,104,19,0,0,0,0,0,0,357,401,225,0,0,0,0,0,0,0,511,20,212,22,210,0.532130,0.639179,1615756.400364,1971758.332986,0.033775,0.048125,0.031245,0.002530,0.016880,0.003959,0.026409,0.301973,0.331024,-0.331281,-0.501103,0.420640,False,0.175000
v6-5__H25__S0__P6K7__E1_A3,v6-5,25,S0,P6K7,E1_A3,E1,1883,1048,1017,0,22,0,813,0,13,18,109,31,0,0,0,0,0,0,439,239,339,0,0,0,0,0,0,0,511,20,212,22,165,0.556559,0.767411,2082161.687962,2301578.224804,0.052085,0.059408,0.031245,0.020841,0.028164,0.027157,0.036700,0.427971,0.380145,-0.261327,-0.458771,2.487817,False,0.149000
v6-5__H25__S0__P6K7__E1_A4,v6-5,25,S0,P6K7,E1_A4,E1,1883,807,782,0,22,0,1054,0,11,14,91,25,0,0,0,0,0,0,272,316,194,0,0,0,0,0,0,0,511,20,212,22,203,0.428571,0.545382,1285969.035830,1660983.977691,0.017565,0.035753,0.031245,-0.013680,0.004508,-0.025083,0.008266,0.191905,0.272441,-0.325631,-0.511892,2.221187,False,0.157000
v6-5__H25__S0__P6K7__E1_A5,v6-5,25,S0,P6K7,E1_A5,E1,1883,775,753,0,22,0,1086,0,6,16,74,22,0,0,0,0,0,0,294,198,261,0,0,0,0,0,0,0,511,20,212,22,180,0.411577,0.673188,1801989.339819,2174963.570245,0.041612,0.055266,0.031245,0.010367,0.024022,0.015400,0.035684,0.352735,0.362522,-0.310244,-0.485177,3.618865,False,0.097000
v6-5__H25__S0__P6K7__E1_A6,v6-5,25,S0,P6K7,E1_A6,E1,1883,740,702,0,22,0,1121,0,19,19,75,38,0,0,0,0,0,0,222,151,329,0,0,0,0,0,0,0,511,20,212,22,131,0.392990,0.805169,2446517.699996,2708544.784237,0.063897,0.071417,0.031245,0.032652,0.040173,0.040553,0.049894,0.505651,0.431530,-0.258738,-0.442816,3.859568,False,0.071000
v6-5__H25__S0__P6K7__E1_A7,v6-5,25,S0,P6K7,E1_A7,E1,1883,781,759,0,22,0,1080,0,10,12,94,22,0,0,0,0,0,0,226,293,240,0,0,0,0,0,0,0,511,20,212,22,244,0.414764,0.480027,938999.156886,1494215.042656,-0.004348,0.028193,0.031245,-0.035592,-0.003051,-0.074147,-0.006356,0.052326,0.238161,-0.442711,-0.532399,2.423806,False,0.167000
v6-5__H25__S0__P6K7__E1_A8,v6-5,25,S0,P6K7,E1_A8,E1,1883,721,700,0,22,0,1140,0,6,15,79,21,0,0,0,0,0,0,216,192,292,0,0,0,0,0,0,0,511,20,212,22,212,0.382900,0.636375,1517794.820804,2081768.329743,0.029308,0.052072,0.031245,-0.001936,0.020827,-0.003042,0.032728,0.268227,0.349384,-0.340787,-0.479638,3.143003,False,0.107000
v6-5__H25__S0__P6K7__E1_A9,v6-5,25,S0,P6K7,E1_A9,E1,1883,815,785,0,22,0,1046,0,11,19,69,30,0,0,0,0,0,0,236,148,401,0,0,0,0,0,0,0,511,20,212,22,133,0.432820,0.847087,2589727.899745,2860236.295218,0.068095,0.075467,0.031245,0.036851,0.044222,0.043503,0.052205,0.523999,0.446940,-0.233916,-0.432624,4.011925,False,0.126000
v6-5__H25__S0__P6K7__E2_B1,v6-5,25,S0,P6K7,E2_B1,E2,1883,769,747,0,22,0,1092,0,7,15,80,22,68,0,0,0,0,0,270,199,278,0,0,0,0,0,0,0,511,20,212,22,186,0.408391,0.680123,1739528.953068,2102482.979814,0.039071,0.052793,0.031245,0.007827,0.021549,0.011508,0.031683,0.334682,0.351469,-0.330964,-0.490954,3.612917,False,0.143000
v6-5__H25__S0__P6K7__E2_B10,v6-5,25,S0,P6K7,E2_B10,E2,1883,797,773,0,22,0,1064,0,9,15,72,24,66,0,0,0,0,0,355,206,212,0,0,0,0,0,0,0,511,20,212,22,178,0.423261,0.680613,1803120.499341,2113068.882776,0.041657,0.053159,0.031245,0.010413,0.021915,0.015299,0.032198,0.357429,0.353828,-0.331473,-0.495794,3.475140,False,0.139000
v6-5__H25__S0__P6K7__E2_B11,v6-5,25,S0,P6K7,E2_B11,E2,1883,706,685,0,22,0,1155,0,6,15,88,21,78,0,0,0,0,0,203,190,292,0,0,0,0,0,0,0,511,20,212,22,233,0.374934,0.555862,1177780.214433,1667242.258498,0.011393,0.036022,0.031245,-0.019852,0.004778,-0.035714,0.008595,0.151646,0.273417,-0.389407,-0.540597,3.007227,False,0.144000
v6-5__H25__S0__P6K7__E2_B12,v6-5,25,S0,P6K7,E2_B12,E2,1883,580,561,0,22,0,1281,0,6,13,81,19,70,0,0,0,0,0,122,168,271,0,0,0,0,0,0,0,511,20,212,22,291,0.308019,0.466084,910166.819290,1415814.920459,-0.006495,0.024364,0.031245,-0.037740,-0.006881,-0.080972,-0.014763,0.057142,0.220150,-0.517667,-0.619113,2.158643,False,0.104000
v6-5__H25__S0__P6K7__E2_B13,v6-5,25,S0,P6K7,E2_B13,E2,1883,813,788,0,22,0,1048,0,11,14,91,25,60,0,0,0,0,0,279,300,209,0,0,0,0,0,0,0,511,20,212,22,217,0.431758,0.535837,1180853.946833,1586215.107779,0.011575,0.032455,0.031245,-0.019669,0.001211,-0.036708,0.002259,0.152367,0.257491,-0.364367,-0.524239,2.610350,False,0.210000
v6-5__H25__S0__P6K7__E2_B14,v6-5,25,S0,P6K7,E2_B14,E2,1883,817,779,0,22,0,1044,0,19,19,74,38,77,0,0,0,0,0,266,144,369,0,0,0,0,0,0,0,511,20,212,22,137,0.433882,0.804818,2392182.282098,2632686.128590,0.062244,0.069312,0.031245,0.030999,0.038068,0.038517,0.047300,0.485225,0.421810,-0.272608,-0.455232,4.174354,False,0.164000
v6-5__H25__S0__P6K7__E2_B18,v6-5,25,S0,P6K7,E2_B18,E2,1883,778,750,0,22,0,1083,0,12,16,71,28,69,0,0,0,0,0,281,201,268,0,0,0,0,0,0,0,511,20,212,22,210,0.413170,0.630973,1537436.852795,1896056.673211,0.030225,0.045288,0.031245,-0.001019,0.014043,-0.001616,0.022256,0.270331,0.315752,-0.320071,-0.527181,3.440468,False,0.228000
v6-5__H25__S0__P6K7__E2_B19,v6-5,25,S0,P6K7,E2_B19,E2,1883,589,569,0,22,0,1272,0,6,14,79,20,70,0,0,0,0,0,127,172,270,0,0,0,0,0,0,0,511,20,212,22,287,0.312799,0.481411,969249.456777,1489065.810695,-0.002160,0.027948,0.031245,-0.033405,-0.003297,-0.069389,-0.006849,0.079400,0.236371,-0.470715,-0.606654,2.184059,False,0.156000
v6-5__H25__S0__P6K7__E2_B2,v6-5,25,S0,P6K7,E2_B2,E2,1883,770,748,0,22,0,1091,0,7,15,74,22,66,0,0,0,0,0,272,200,276,0,0,0,0,0,0,0,511,20,212,22,185,0.408922,0.688212,1772697.782667,2084003.535021,0.040431,0.052150,0.031245,0.009186,0.020905,0.013348,0.030376,0.341379,0.347177,-0.326672,-0.490109,3.582527,False,0.220000
v6-5__H25__S0__P6K7__E2_B20,v6-5,25,S0,P6K7,E2_B20,E2,1883,769,741,0,22,0,1092,0,13,15,75,28,65,0,0,0,0,0,273,201,267,0,0,0,0,0,0,0,511,20,212,22,167,0.408391,0.707551,1873515.693522,2221371.246038,0.044423,0.056810,0.031245,0.013178,0.025565,0.018625,0.036132,0.374860,0.369451,-0.284243,-0.474124,3.431955,False,0.149000
v6-5__H25__S0__P6K7__E2_B3,v6-5,25,S0,P6K7,E2_B3,E2,1883,777,755,0,22,0,1084,0,6,16,72,22,68,0,0,0,0,0,285,198,272,0,0,0,0,0,0,0,511,20,212,22,186,0.412639,0.699186,1850109.717045,2173237.895457,0.043514,0.055208,0.031245,0.012269,0.023964,0.017548,0.034274,0.365165,0.362209,-0.309153,-0.488788,3.626963,False,0.252000
v6-5__H25__S0__P6K7__E2_B4,v6-5,25,S0,P6K7,E2_B4,E2,1883,769,747,0,22,0,1092,0,7,15,80,22,68,0,0,0,0,0,270,199,278,0,0,0,0,0,0,0,511,20,212,22,186,0.408391,0.680123,1739528.953068,2102482.979814,0.039071,0.052793,0.031245,0.007827,0.021549,0.011508,0.031683,0.334682,0.351469,-0.330964,-0.490954,3.612917,False,0.134000
v6-5__H25__S0__P6K7__E2_B5,v6-5,25,S0,P6K7,E2_B5,E2,1883,769,747,0,22,0,1092,0,7,15,80,22,68,0,0,0,0,0,270,199,278,0,0,0,0,0,0,0,511,20,212,22,186,0.408391,0.680123,1739528.953068,2102482.979814,0.039071,0.052793,0.031245,0.007827,0.021549,0.011508,0.031683,0.334682,0.351469,-0.330964,-0.490954,3.612917,False,0.144000
v6-5__H25__S0__P6K7__E2_B6,v6-5,25,S0,P6K7,E2_B6,E2,1883,760,738,0,22,0,1101,0,6,16,74,22,69,0,0,0,0,0,276,194,268,0,0,0,0,0,0,0,511,20,212,22,184,0.403611,0.696496,1794097.471165,2183040.666462,0.041295,0.055537,0.031245,0.010051,0.024293,0.014431,0.034878,0.356264,0.365584,-0.284243,-0.467793,3.586593,False,0.108000
v6-5__H25__S0__P6K7__E2_B7,v6-5,25,S0,P6K7,E2_B7,E2,1883,743,715,0,22,0,1118,0,12,16,76,28,70,0,0,0,0,0,257,185,273,0,0,0,0,0,0,0,511,20,212,22,219,0.394583,0.608749,1386654.144503,1791277.900026,0.022889,0.041182,0.031245,-0.008355,0.009937,-0.013726,0.016324,0.222965,0.297500,-0.343429,-0.532324,3.600485,False,0.215000
v6-5__H25__S0__P6K7__E2_B8,v6-5,25,S0,P6K7,E2_B8,E2,1883,769,748,0,22,0,1092,0,6,15,79,21,70,0,0,0,0,0,271,188,289,0,0,0,0,0,0,0,511,20,212,22,190,0.408391,0.671636,1710264.643412,2070402.868355,0.037851,0.051673,0.031245,0.006607,0.020428,0.009837,0.030416,0.324619,0.346031,-0.338122,-0.493616,3.553317,False,0.145000
v6-5__H25__S0__P6K7__E2_B9,v6-5,25,S0,P6K7,E2_B9,E2,1883,769,745,0,22,0,1092,0,9,15,75,24,67,0,0,0,0,0,300,196,249,0,0,0,0,0,0,0,511,20,212,22,179,0.408391,0.696863,1868802.636185,2157407.945177,0.044241,0.054674,0.031245,0.012996,0.023430,0.018649,0.033622,0.367096,0.358824,-0.339630,-0.498662,3.629877,False,0.143000
v6-5__H25__S0__P6K7__E3,v6-5,25,S0,P6K7,E3,E3,1883,617,610,0,22,0,1244,0,0,7,3473,7,0,0,0,0,0,0,0,0,50,560,0,0,0,0,0,0,511,20,212,22,282,0.327669,0.375391,751811.654612,1255880.132580,-0.019556,0.015898,0.031245,-0.050800,-0.015346,-0.135326,-0.040881,-0.039851,0.181572,-0.389848,-0.556928,1.411875,False,0.080000
v6-5__H25__S0__P6K7__E4,v6-5,25,S0,P6K7,E4,E4,1883,997,1484,0,22,0,864,0,2,23,3754,25,0,0,0,197,0,0,0,0,362,610,512,0,0,0,0,0,511,20,212,22,184,0.529474,0.874039,2164821.712562,2320590.809100,0.054925,0.060012,0.031245,0.023680,0.028767,0.027093,0.032913,0.457976,0.386898,-0.260242,-0.426827,12.227438,False,0.208000
v6-5__H25__S0__P6K7__E5,v6-5,25,S0,P6K7,E5,E5,1883,632,621,0,22,0,1229,0,0,11,4831,11,0,0,0,0,0,0,0,0,278,0,0,343,0,0,0,0,511,20,212,22,298,0.335635,0.442999,865354.736947,1440559.933950,-0.009962,0.025593,0.031245,-0.041206,-0.005651,-0.093017,-0.012756,0.041750,0.226161,-0.512692,-0.633989,1.550166,False,0.069000
v6-5__H25__S0__P6K7__E6,v6-5,25,S0,P6K7,E6,E6,1883,1133,1109,0,22,0,728,0,7,17,3681,24,0,0,0,0,0,0,0,0,378,0,0,0,731,0,0,0,511,20,212,22,180,0.601699,0.652294,1825355.264470,2291908.849408,0.042541,0.059099,0.031245,0.011297,0.027855,0.017319,0.042703,0.339025,0.375694,-0.335334,-0.531454,0.233824,False,0.135000
v6-5__H25__S0__P6K7__E7,v6-5,25,S0,P6K7,E7,E7,1883,512,490,0,22,0,1349,0,1,21,3255,22,0,0,0,0,0,0,0,0,311,0,0,0,0,179,0,0,511,20,212,22,207,0.271907,0.965448,2287023.708869,2723657.570152,0.058943,0.071830,0.031245,0.027698,0.040586,0.028690,0.042038,0.425842,0.430660,-0.312115,-0.448870,2.163316,False,0.176000
